High attention,Random,Matched random
-0.07365,-0.22609,-0.12139
-0.06262999999999996,-0.1491,-0.12825999999999993
-0.08067000000000002,-0.3247,-0.03871999999999998
-0.08860999999999997,-0.26169,-0.14595999999999998
-0.09074000000000004,-0.31179999999999997,-0.11719000000000002
-0.060759999999999925,-0.028510000000000035,-0.02790999999999999
-0.04186999999999996,-0.017279999999999962,-0.019019999999999926
-0.06479999999999997,-0.08494999999999997,-0.01757999999999993
-0.04628999999999994,-0.07782,-0.029649999999999954
-0.05508999999999997,0.0038200000000000456,-0.025560000000000027
-0.41895000000000004,-0.010929999999999995,-0.48825
-0.40900000000000003,-0.009979999999999989,-0.18847000000000003
-0.40386999999999995,-0.06633,-0.15237
-0.41147,-0.00759999999999994,-0.18009999999999993
-0.39635999999999993,-0.06535999999999997,-0.5075399999999999
-0.18122000000000005,-0.21404999999999996,-0.041630000000000056
-0.17057,-0.22282999999999997,-0.044479999999999964
-0.2116,-0.25881999999999994,-0.04003000000000001
-0.19262999999999997,-0.23324,-0.06011999999999995
-0.18114999999999992,-0.054790000000000005,-0.046049999999999924
-0.09986000000000006,-0.015490000000000004,-0.07828999999999997
-0.30982,-0.016220000000000012,-0.06509000000000009
-0.27742999999999995,-0.00544,-0.07708000000000004
-0.39252999999999993,-0.0031999999999999806,-0.10670999999999997
-0.35709,0.010060000000000069,-0.07047000000000003
-0.38756,-0.10057000000000005,-0.06886999999999999
-0.35462000000000005,-0.11795,-0.06973000000000007
-0.42884,-0.07682,-0.06670999999999994
-0.38315,-0.10258,-0.07665999999999995
-0.32208000000000003,-0.17794,-0.07543999999999995
-0.02188000000000001,-0.04613999999999996,-0.10453999999999997
-0.020610000000000017,-0.05720999999999998,-0.03520000000000001
-0.021660000000000013,-0.02473000000000003,-0.09445999999999999
-0.03593000000000002,-0.036150000000000015,-0.033239999999999936
-0.01878000000000002,-0.0017399999999999638,-0.09316000000000002
-0.40153999999999995,-0.11317999999999995,-0.19674999999999998
-0.46952,-0.17593999999999999,-0.19361000000000006
-0.44769,-0.1926,-0.22832999999999992
-0.5963700000000001,-0.15346000000000004,-0.21921999999999997
-0.40087,-0.21345999999999998,-0.19182
-0.23106000000000004,0.08532000000000006,-0.03239000000000003
-0.21582999999999997,0.07596999999999998,-0.04637999999999998
-0.24801000000000006,0.08362000000000003,-0.06083000000000005
-0.24632999999999994,0.08075999999999994,-0.05487999999999993
-0.17996,0.10107,-0.04959000000000002
-0.5872299999999999,-0.09441,-0.011819999999999942
-0.5897399999999999,-0.10912,0.021480000000000055
-0.62923,-0.04271999999999998,-0.014000000000000012
-0.6573599999999999,-0.008900000000000019,-0.006079999999999974
-0.64254,-0.0006899999999999684,0.0013100000000000334
-0.5551299999999999,-0.052100000000000035,-0.05889
-0.58153,-0.04997999999999991,-0.12596000000000007
-0.61709,-0.05315000000000003,-0.10248000000000002
-0.5798399999999999,-0.04995000000000005,-0.14947999999999995
-0.53911,-0.026780000000000026,-0.17290000000000005
0.02418000000000009,-0.12334,0.039449999999999985
0.029309999999999947,-0.05885999999999991,-0.07959000000000005
-0.012990000000000057,-0.13476,-0.07032000000000005
0.04431000000000007,-0.08982999999999997,-0.07843
0.04518,-0.04250999999999994,-0.07913000000000003
-0.41662,-0.04920000000000002,-0.30770999999999993
-0.45266,-0.03433000000000008,-0.42365
-0.5009999999999999,-0.03356999999999999,-0.41067
-0.4077299999999999,-0.035600000000000076,-0.42025999999999997
-0.47561,-0.03976000000000002,-0.45528
-0.22485,-0.01466999999999996,-0.02809000000000006
-0.1469999999999999,-0.03160000000000007,-0.016629999999999923
-0.11547999999999992,-0.014460000000000028,-0.033519999999999994
-0.23606000000000005,-0.03256999999999999,-0.016770000000000063
-0.23113000000000006,-0.06164000000000003,-0.04686999999999997
-0.021580000000000044,-0.28357,-0.012689999999999979
-0.03381999999999996,-0.25712999999999997,-0.03315000000000001
-0.024090000000000056,-0.11134999999999995,-0.01695000000000002
-0.031059999999999977,-0.11868000000000001,-0.01527999999999996
-0.027680000000000038,-0.14467999999999992,-0.024869999999999948
-0.6322,-0.08801999999999999,-0.23251
-0.57792,-0.08121,-0.2070700000000001
-0.54049,-0.05005999999999999,-0.18721
-0.63945,-0.08309,-0.20406999999999997
-0.5861000000000001,-0.07481000000000004,-0.20128000000000001
-0.011699999999999933,-0.05636000000000008,-0.01593
-0.003750000000000031,-0.07343,-0.016210000000000058
-0.008179999999999965,-0.07831999999999995,-0.05724999999999991
-0.007269999999999999,-0.09245999999999999,-0.036579999999999946
0.006290000000000018,-0.07030999999999998,-0.040429999999999966
-0.23826000000000003,-0.0349600000000001,-0.05302000000000007
-0.24378,-0.036819999999999964,-0.07186999999999999
-0.26098999999999994,-0.036109999999999975,-0.03632999999999997
-0.22422999999999993,-0.03925999999999996,-0.044989999999999974
-0.76422,-0.01472999999999991,-0.044910000000000005
-0.34551,-0.020320000000000005,-0.015199999999999991
-0.28605,-0.027310000000000056,-0.008589999999999987
-0.32685,-0.04635,-0.015649999999999942
-0.28159,-0.017220000000000013,-0.004830000000000001
-0.30089,-0.052020000000000066,0.0038399999999999546
-0.08333000000000002,-0.01436000000000004,-0.11161999999999994
-0.22515999999999992,-0.023740000000000094,-0.12834999999999996
-0.10356999999999994,-0.02411999999999992,-0.10314000000000001
-0.07157999999999998,-0.015819999999999945,-0.12648000000000004
-0.25665000000000004,-0.010340000000000016,-0.12350000000000005
-0.03586999999999996,-0.10389000000000004,-0.040080000000000005
-0.03573000000000004,-0.0938,-0.05027999999999999
-0.032930000000000015,-0.08582999999999996,-0.062080000000000024
-0.03554999999999997,-0.12056,-0.05781999999999998
-0.02613999999999994,-0.11631000000000002,-0.03027000000000002
-0.0046599999999999975,-0.01678999999999997,-0.05742000000000003
-0.16397000000000006,-0.01632,-0.05396000000000001
-0.1520999999999999,-0.01698999999999995,-0.08967999999999998
-0.03463000000000005,-0.013490000000000002,-0.08640000000000003
-0.061919999999999975,-0.014519999999999977,-0.035030000000000006
-0.009529999999999927,-0.27164999999999995,-0.04464999999999997
-0.009749999999999925,-0.30289,-0.03908999999999996
-0.008499999999999952,-0.24695999999999996,-0.040119999999999933
-0.00817000000000001,-0.24724000000000002,-0.03516000000000008
-0.005369999999999986,-0.33209,-0.040470000000000006
-0.51339,-0.07961999999999991,-0.03977000000000008
-0.53623,-0.08035999999999999,-0.044540000000000024
-0.53186,-0.07076000000000005,-0.06938
-0.5162,-0.10129999999999995,-0.048130000000000006
-0.5128600000000001,-0.08830000000000005,-0.03699000000000008
-0.18574000000000002,-0.02090000000000003,-0.004269999999999996
-0.20540999999999998,-0.006290000000000018,-0.015539999999999998
-0.18697000000000008,-0.028229999999999977,-0.008550000000000058
-0.10126999999999997,-0.01762000000000008,-0.01983999999999997
-0.19405000000000006,-0.01092000000000004,-0.01422000000000001
-0.07909,-0.12785999999999997,0.004049999999999998
-0.06923000000000001,-0.12219999999999998,0.014759999999999995
-0.07326999999999995,-0.12729999999999997,-0.035479999999999956
-0.06011,-0.10673999999999995,-0.006269999999999998
-0.08361999999999992,-0.12703999999999993,0.008319999999999994
-0.0010099999999999554,-0.05379999999999996,-0.0025300000000000322
-0.0005100000000000104,-0.048290000000000055,-0.0015100000000000113
-7.00000000000145e-05,-0.048699999999999966,-0.0042000000000000925
-0.004730000000000012,-0.04035,-0.0030600000000000627
-0.017400000000000082,-0.04572999999999994,-0.0023300000000000542
0.027249999999999996,-0.005900000000000016,0.0033800000000000496
0.005580000000000029,-0.007040000000000046,-0.003269999999999995
0.014589999999999992,-0.009190000000000031,-0.00499000000000005
0.011350000000000082,-0.028629999999999933,0.0008100000000000884
0.021670000000000078,-0.01719000000000004,0.0036599999999999966
-0.44897,-0.0393,-0.07035000000000002
-0.56023,-0.08722999999999992,-0.05416999999999994
-0.2798999999999999,-0.07129999999999992,-0.012199999999999989
-0.31952,-0.08107999999999993,-0.06520999999999999
-0.56517,-0.0694999999999999,-0.08718999999999999
-0.21441999999999994,-0.40571,-0.10658000000000001
-0.21516999999999997,-0.5100199999999999,-0.11520999999999992
-0.20026,-0.42671000000000003,-0.11019000000000001
-0.07657999999999998,-0.3236,-0.013630000000000031
-0.10888999999999993,-0.37592000000000003,-0.10348000000000002
-0.59822,-0.07589000000000001,-0.02566999999999997
-0.5920300000000001,-0.08098000000000005,-0.029850000000000043
-0.55167,-0.10060999999999998,0.0010900000000000354
-0.6075699999999999,-0.07757999999999998,-0.03010999999999997
-0.5687099999999999,-0.08723999999999998,-0.008529999999999927
-0.0025800000000000267,0.003310000000000035,0.006599999999999939
0.00380999999999998,0.013299999999999979,-0.029939999999999967
0.0005499999999999394,-0.015800000000000036,-0.03769
-0.0020799999999999708,-0.012599999999999945,0.007220000000000004
-0.02729999999999999,-0.009929999999999994,0.006769999999999943
-0.20440999999999998,-0.37609,-0.11456999999999995
-0.22547000000000006,-0.35480999999999996,-0.08240999999999998
-0.19211999999999996,-0.36808,-0.08089000000000002
-0.16293999999999997,-0.35078,-0.04176000000000002
-0.13783999999999996,-0.36206999999999995,-0.014429999999999943
0.0037200000000000566,-0.01095999999999997,0.02524000000000004
0.03462999999999994,-0.00021999999999999797,0.03350999999999993
0.08507999999999993,0.0006800000000000139,0.09565999999999997
0.01976,-0.007269999999999999,0.04076000000000002
0.08294000000000001,-0.0050200000000000244,0.05408999999999997
-0.41193,-0.12101000000000006,-0.13782000000000005
-0.47219000000000005,-0.048410000000000064,-0.05327000000000004
-0.26017999999999997,-0.09322999999999992,-0.07037000000000004
-0.09874000000000005,-0.06836999999999993,-0.031789999999999985
-0.2954,-0.048740000000000006,-0.04440999999999995
-0.02257000000000009,-0.0013900000000000023,-0.031000000000000028
-0.31376000000000004,-0.0019099999999999673,-0.03442999999999996
-0.03530999999999995,-0.006680000000000019,-0.030399999999999983
-0.018529999999999935,-0.004170000000000007,-0.03127000000000002
-0.01638000000000006,-0.010850000000000026,-0.02960000000000007
-0.11739,-0.012870000000000048,-0.10825000000000007
-0.07352000000000003,-0.021090000000000053,-0.11875000000000002
-0.23938000000000004,-0.017920000000000047,-0.11664000000000008
-0.06403999999999999,-0.01256999999999997,-0.11743999999999999
-0.061329999999999996,-0.035229999999999984,-0.11806000000000005
-0.09557000000000004,-0.013589999999999991,-0.04666999999999999
-0.09372999999999998,-0.007850000000000024,-0.04137999999999997
-0.09081000000000006,-0.005580000000000029,-0.03534999999999999
-0.0716,-0.0028599999999999737,-0.029059999999999975
-0.09409000000000001,-0.0022400000000000198,-0.04300000000000004
-0.13373000000000002,-0.37188,-0.19082
-0.32304,-0.48756,-0.17134000000000005
-0.13818999999999992,-0.41685000000000005,-0.17540999999999995
-0.14446000000000003,-0.35011000000000003,-0.29923999999999995
-0.09454000000000007,-0.52435,-0.19388000000000005
-0.16022999999999998,-0.038880000000000026,-0.09569000000000005
-0.18825999999999998,-0.06114000000000008,-0.10111999999999999
-0.2197800000000001,-0.0857,-0.10020000000000007
-0.18383000000000005,-0.06387999999999994,-0.10265000000000002
-0.13424999999999998,-0.061840000000000006,-0.10636000000000001
-0.03686999999999996,-0.08465,-0.029079999999999995
-0.02424000000000004,-0.07003000000000004,0.003709999999999991
-0.04642999999999997,-0.09950999999999999,0.0013200000000000989
-0.28237999999999996,-0.10024999999999995,0.0005500000000000504
0.011140000000000039,-0.06280999999999992,0.018970000000000042
-0.20087,-0.15913,-0.06467999999999996
-0.12777000000000005,-0.16225,-0.06635000000000002
-0.1753300000000001,-0.17155999999999993,-0.25229
-0.06235999999999997,-0.15388000000000002,-0.04107000000000005
-0.07943,-0.14781,-0.03942000000000001
-0.11380000000000001,-0.012830000000000008,-0.052769999999999984
-0.08490999999999993,-0.013630000000000031,-0.09790999999999994
-0.10686000000000007,-0.01265000000000005,-0.05568000000000006
-0.13157000000000008,-0.012730000000000019,-0.05010000000000003
-0.6832100000000001,-0.01483000000000001,-0.05527000000000004
-0.01896999999999993,0.0037599999999999856,-0.03340999999999994
-0.015569999999999973,-0.0005499999999999394,-0.03005000000000002
-0.00026999999999999247,0.006800000000000028,-0.014900000000000024
-0.035149999999999904,0.01422000000000001,-0.02682999999999991
-0.015120000000000022,0.0033800000000000496,-0.03555000000000008
-0.20232000000000006,-0.32020000000000004,-0.10468
-0.20463999999999993,-0.21724,-0.10499999999999998
-0.20874000000000004,-0.2791,-0.09922000000000009
-0.2077199999999999,-0.24485999999999997,-0.09763
-0.19416999999999995,-0.26847,-0.09639999999999993
-0.0041399999999999215,-0.45098,-0.016610000000000014
-0.021159999999999957,-0.48762,-0.016199999999999992
-0.005519999999999969,-0.46275,-0.015759999999999996
-0.007349999999999968,-0.52665,-0.01678999999999997
-0.009929999999999994,-0.4557399999999999,-0.020629999999999926
-0.00546000000000002,-0.04115000000000002,-0.006340000000000012
-0.006599999999999939,-0.005630000000000024,-0.007220000000000004
-0.002080000000000082,-0.007850000000000024,-0.006240000000000023
-0.006399999999999961,-0.013850000000000029,-0.003469999999999973
-0.007460000000000022,-0.02751999999999999,-0.05034000000000005
-0.12522999999999995,-0.05476000000000003,-0.09172999999999998
-0.13702999999999999,-0.016549999999999954,-0.12180000000000002
-0.15681,-0.008969999999999922,-0.11539999999999995
-0.13266999999999995,-0.03056000000000003,-0.1129
-0.061350000000000016,-0.057089999999999974,-0.04515999999999998
-0.034190000000000054,-0.04627999999999999,-0.05578000000000005
-0.17122000000000004,-0.019600000000000062,-0.07838
-0.19713999999999998,-0.03245999999999993,-0.06123999999999996
-0.19318999999999997,-0.006140000000000034,-0.05922000000000005
-0.11085999999999996,-0.026020000000000043,-0.07501000000000002
-0.04433000000000009,-0.4036199999999999,-0.09193000000000007
-0.19730000000000003,-0.53105,-0.09638999999999998
-0.21133999999999997,-0.41778000000000004,-0.08938999999999997
-0.26072000000000006,-0.4354,-0.09017000000000008
-0.24131000000000002,-0.6209600000000001,-0.08308000000000004
-0.18298999999999999,-0.23559000000000008,-0.07977000000000001
-0.19191999999999998,-0.20338999999999996,-0.08806000000000003
-0.18217000000000005,-0.22959999999999992,-0.09560000000000002
-0.34547000000000005,-0.21557000000000004,-0.0662600000000001
-0.16236000000000006,-0.20735000000000003,-0.07772000000000001
-0.62498,0.08228000000000002,-0.21746
-0.61185,0.006460000000000021,-0.23417
-0.5541499999999999,-0.0018799999999999928,-0.23673
-0.63674,-0.00039000000000000146,-0.22132999999999992
-0.65423,0.08001000000000003,-0.05983999999999989
-0.24649999999999994,-0.012499999999999956,-0.11436999999999997
-0.22257000000000005,-0.012190000000000034,-0.20923999999999998
-0.20933999999999997,-0.01163000000000003,-0.09594000000000003
-0.17012000000000005,-0.007610000000000006,-0.11392999999999998
-0.19762000000000002,-0.01100000000000001,-0.1624
-0.028980000000000006,-0.13199000000000005,-0.02481
-0.03281999999999996,-0.03865000000000007,-0.023540000000000005
-0.02676999999999996,-0.04642000000000002,-0.018179999999999974
-0.04752000000000001,-0.09870999999999996,-0.015409999999999924
-0.03058000000000005,-0.08792999999999995,-0.018399999999999972
-0.019869999999999943,-0.026040000000000063,-0.020449999999999968
-0.009670000000000067,-0.02676999999999996,-0.023580000000000045
-0.012510000000000021,-0.037210000000000076,-0.023249999999999993
-0.018880000000000008,-0.029340000000000033,-0.026519999999999988
-0.03649000000000002,-0.024399999999999977,-0.040160000000000085
-0.00996000000000008,-0.17289,-0.004790000000000072
-0.013900000000000023,-0.16435,-0.026860000000000106
-0.005759999999999987,-0.20945999999999998,-0.027619999999999978
-0.012280000000000069,-0.14961999999999998,-0.02559
-0.03781000000000001,-0.08606000000000003,-0.023839999999999972
-0.007000000000000006,-0.21042000000000005,-0.043440000000000034
-0.017350000000000088,-0.1887399999999999,-0.040590000000000015
-0.007809999999999984,-0.19825000000000004,-0.040369999999999906
-0.02210000000000001,-0.21113000000000004,-0.06316
-0.02794999999999992,-0.20623999999999998,-0.044239999999999946
-0.01908999999999994,-0.029469999999999996,-0.015589999999999993
-0.023399999999999976,-0.02751999999999999,-0.014559999999999906
-0.010319999999999996,-0.03195999999999999,0.00034999999999996145
-0.011440000000000006,-0.02781,-0.007359999999999922
-0.010040000000000049,-0.03917000000000004,-0.018530000000000046
-0.008319999999999994,-0.12536999999999998,-0.007469999999999977
-0.007239999999999913,-0.18586000000000003,-0.005909999999999971
-0.007509999999999906,-0.11949999999999994,-0.0034399999999999986
-0.009419999999999984,-0.07192999999999994,-0.005240000000000022
-0.00882000000000005,-0.06872,-0.010689999999999977
0.0008099999999999774,-0.027719999999999967,-0.010210000000000052
-0.05215000000000003,-0.02884999999999993,-0.007159999999999944
-0.039650000000000074,-0.034599999999999964,-0.010199999999999987
-0.04269999999999996,-0.031440000000000023,-0.01863999999999999
-0.008669999999999956,-0.03881000000000001,-0.013909999999999978
-0.4372,-0.07074999999999998,0.041200000000000014
-0.45842000000000005,-0.011089999999999933,0.037289999999999934
-0.46562,-0.01578999999999997,0.010210000000000052
-0.48966000000000004,-0.05073000000000005,-0.027349999999999985
-0.47264,-0.03266999999999998,0.000280000000000058
-0.47655999999999993,-0.021989999999999954,-0.07297999999999993
-0.40188000000000007,-0.01859999999999995,-0.061350000000000016
-0.47154000000000007,-0.012880000000000003,-0.07137000000000004
-0.5151700000000001,-0.012979999999999992,-0.07588000000000006
-0.37333,-0.01907000000000003,-0.04944000000000004
-0.17174,-0.22302,0.02588999999999997
-0.23319,-0.20909,0.047290000000000054
-0.36687000000000003,-0.18349000000000004,0.05386000000000002
-0.20664000000000005,-0.17876000000000003,0.04350999999999994
-0.36711,-0.19938999999999996,0.05349999999999999
0.01043000000000005,-0.23795,0.006730000000000014
0.012979999999999992,-0.31221,-0.0021299999999999653
-0.008079999999999976,-0.19885000000000008,0.005220000000000002
-0.014780000000000015,-0.20660999999999996,-0.007990000000000053
0.0005100000000000104,-0.2644399999999999,0.002610000000000001
-0.01793,-0.26265000000000005,-0.1297799999999999
-0.015220000000000011,-0.30103,-0.0763100000000001
-0.026980000000000004,-0.29103999999999997,-0.13149
-0.016270000000000007,-0.22650000000000003,-0.13602000000000003
-0.020930000000000004,-0.18687999999999994,-0.13705
-0.46190999999999993,-0.13116000000000005,-0.013069999999999915
-0.54385,-0.13568000000000002,-0.01195999999999997
-0.63791,-0.13659,-0.05178000000000005
-0.52039,-0.14140999999999992,-0.007070000000000021
-0.59513,-0.053549999999999986,-0.05282000000000009
-0.05066999999999999,0.005250000000000088,-0.06193000000000004
-0.017470000000000097,-0.00821000000000005,-0.0491100000000001
-0.036699999999999955,-0.005679999999999907,-0.08836
-0.10506000000000004,-9.00000000000345e-05,-0.10050999999999999
-0.04901999999999995,0.0020200000000000218,-0.08458999999999994
-0.39252999999999993,-0.004330000000000056,-0.50147
-0.45798999999999995,-0.003670000000000062,-0.48722
-0.43790000000000007,-0.0017800000000000038,-0.49314
-0.46197999999999995,-0.0024500000000000632,-0.56763
-0.64622,-0.00501000000000007,-0.5739000000000001
-0.22221000000000002,-0.04418999999999995,-0.19772
-0.20499,-0.04298999999999997,-0.17956000000000005
-0.20083000000000006,-0.04959999999999998,-0.1516200000000001
-0.23534,-0.02859999999999996,-0.21933000000000002
-0.35506000000000004,-0.02359,-0.19549000000000005
-0.34465999999999997,-0.02577000000000007,-0.10692999999999997
-0.35461999999999994,-0.029549999999999965,-0.09792000000000001
-0.32375,-0.02232999999999996,-0.07940999999999998
-0.62341,-0.039980000000000016,-0.11775999999999998
-0.33233999999999997,-0.024170000000000025,-0.06574999999999998
-0.30189,0.006229999999999958,-0.06381000000000003
-0.3188099999999999,0.005809999999999982,-0.0776699999999999
-0.15919000000000005,0.006780000000000008,-0.1806500000000001
-0.43235,2.0000000000020002e-05,-0.18956000000000006
-0.16971999999999998,-0.00043999999999999595,-0.052039999999999975
-0.022669999999999968,-0.023680000000000034,-0.020340000000000025
-0.014780000000000015,-0.021809999999999996,-0.08677000000000001
-0.005299999999999971,-0.05840000000000001,-0.03831999999999991
-0.061799999999999966,-0.020529999999999937,-0.03182000000000007
-0.00988,-0.027679999999999927,-0.02583000000000002
-0.05468000000000006,-0.16740999999999995,-0.012390000000000012
-0.07201999999999997,-0.06686000000000003,-0.01468999999999998
-0.07797999999999994,-0.32781000000000005,-0.017039999999999944
-0.1433399999999999,-0.0012300000000000644,-0.01417999999999997
-0.11385999999999996,-0.18559000000000003,0.006109999999999949
-0.04213,-0.020030000000000103,-0.05469999999999997
-0.027120000000000033,-0.015820000000000056,-0.05523
-0.01305999999999996,-0.01747999999999994,-0.04200000000000004
-0.13969999999999994,-0.016260000000000052,-0.04459999999999997
-0.035150000000000015,-0.025409999999999933,-0.07483000000000006
-0.60832,-0.023170000000000024,-0.13471999999999995
-0.49908,-0.01153000000000004,-0.15558000000000005
-0.57805,0.012909999999999977,-0.10171000000000008
-0.59287,-0.011330000000000062,-0.11050000000000004
-0.53484,0.011340000000000017,-0.12836999999999998
-0.07103000000000004,-0.008090000000000042,-0.05676000000000003
-0.28004000000000007,-0.015270000000000006,-0.07999
-0.06878000000000006,-0.035050000000000026,-0.08105000000000007
-0.33096000000000003,-0.22007999999999994,-0.07291000000000003
-0.49676000000000003,-0.25332,-0.06896000000000002
-0.30686,-0.039899999999999936,-0.07874000000000003
-0.26961999999999997,-0.04074,-0.08072000000000001
-0.2984,-0.025029999999999997,-0.10811000000000004
-0.22105000000000008,-0.04490000000000005,-0.07232000000000005
-0.29969,-0.031059999999999977,-0.021090000000000053
-0.37894000000000005,-0.015029999999999988,-0.05947999999999998
-0.3751300000000001,-0.020849999999999924,-0.07643
-0.4206000000000001,-0.011430000000000051,-0.07562000000000002
-0.39631000000000005,-0.006129999999999969,-0.07074999999999998
-0.51952,-0.017410000000000037,-0.06925000000000003
-0.07679999999999998,0.000180000000000069,0.008460000000000023
-0.16684999999999994,0.0018699999999999273,0.01471
-0.019710000000000005,0.031710000000000016,0.006290000000000018
-0.027660000000000018,-0.008440000000000003,0.016819999999999946
-0.13905,0.015350000000000086,0.00389000000000006
-0.18665999999999994,-0.011720000000000064,-0.010069999999999912
-0.20059000000000005,-0.04522999999999999,-0.011709999999999998
-0.19082,-0.07802000000000009,0.013529999999999931
-0.22441,-0.039470000000000005,-0.01683000000000001
-0.21960999999999997,-0.07769000000000004,-0.023009999999999975
-0.30349000000000004,-0.009460000000000024,-0.06560999999999995
-0.33331,-0.015050000000000008,-0.07269000000000003
-0.32406999999999997,-0.12214000000000003,-0.07401999999999997
-0.41232,-0.12915,-0.09574000000000005
-0.2318,-0.10170000000000001,-0.10253000000000001
0.0041599999999999415,-0.00275000000000003,-0.007770000000000055
-0.12187000000000003,-0.0031999999999999806,-0.0027399999999999647
0.008690000000000087,-0.03880000000000006,-0.0023499999999999632
-0.0048199999999999354,-0.003709999999999991,-0.016589999999999994
-0.0010299999999999754,-0.004630000000000023,-0.01861999999999997
-0.0031999999999999806,-0.17549000000000003,-0.03301999999999994
-0.09069000000000005,-0.17647000000000002,-0.028900000000000037
-0.43387000000000003,-0.19010000000000005,-0.03763000000000005
-0.07056000000000007,-0.17059999999999997,-0.04265000000000008
-0.43581000000000003,-0.18391999999999997,-0.022870000000000057
-0.71633,-0.0172500000000001,-0.15039000000000002
-0.6531399999999999,-0.017249999999999988,-0.15201999999999993
-0.62816,-0.026639999999999997,-0.14345000000000008
-0.5229900000000001,0.011109999999999953,-0.15778999999999999
-0.72295,-0.061819999999999986,-0.16054000000000002
-0.34075,-0.028769999999999962,-0.016920000000000046
-0.46521,-0.03713999999999995,-0.024399999999999977
-0.50369,-0.06713000000000002,-0.06608999999999998
-0.38086999999999993,-0.05711999999999995,-0.03415999999999997
-0.27348000000000006,-0.07355,-0.007059999999999955
-0.49272000000000005,-0.35353,-0.008220000000000005
-0.43052,-0.37964999999999993,-0.0041799999999999615
-0.43952,-0.35746999999999995,0.011769999999999947
-0.39224000000000003,-0.39149999999999996,-0.017369999999999997
-0.5708500000000001,-0.38532999999999995,-0.006589999999999985
-0.08770999999999995,-0.020970000000000044,-0.05336999999999992
-0.07726999999999995,-0.023500000000000076,-0.04110999999999998
-0.0829899999999999,-0.03332999999999997,-0.03582999999999992
-0.05632999999999999,-0.03258000000000005,-0.04457
-0.08828999999999998,-0.027179999999999982,-0.04910000000000003
-0.09148,-0.0014100000000000223,0.0005999999999999339
-0.10785,0.0011200000000000099,0.0005399999999999849
-0.26022,-0.0022500000000000853,-0.00043999999999999595
-0.0827,-0.003010000000000068,-0.0018099999999999783
-0.016639999999999988,-0.003430000000000044,0.007569999999999966
-0.09770000000000001,-0.35065,-0.07078000000000007
-0.19838999999999996,-0.31329000000000007,-0.09307999999999994
-0.09541,-0.33804,0.01876
-0.05998000000000003,-0.30439000000000005,0.018809999999999993
-0.07005000000000006,-0.28784,0.005859999999999976
-0.40580000000000005,-0.06579999999999997,-0.04046000000000005
-0.32442000000000004,-0.05857000000000001,-0.04037000000000002
-0.42659,-0.08506999999999998,-0.04194999999999993
-0.26295999999999997,-0.05010999999999999,-0.032989999999999964
-0.20512000000000008,-0.06329000000000007,-0.029650000000000065
-0.45162,-0.11075000000000002,-0.056439999999999935
-0.5975199999999999,-0.11329,-0.01429999999999998
-0.6019399999999999,-0.05930000000000002,-0.22944999999999993
-0.62373,-0.02068000000000003,-0.18645
-0.54431,-0.08255000000000001,-0.00041999999999997595
-0.43329,-0.02354999999999996,-0.03615999999999997
-0.45475000000000004,-0.021399999999999975,-0.03184000000000009
-0.30669,-0.025450000000000084,-0.050980000000000025
-0.43034,-0.024930000000000008,-0.01149
-0.43143,-0.02317999999999998,0.029669999999999974
-0.15918,-0.15594999999999992,-0.07430999999999999
-0.16870000000000007,-0.17659000000000002,-0.03600000000000003
-0.1461,-0.18904999999999994,-0.05296000000000001
-0.1465599999999999,-0.15682000000000007,-0.011729999999999907
-0.16274,-0.15095999999999998,-0.06790999999999991
0.005650000000000044,-0.55551,-0.006129999999999969
-0.009770000000000056,-0.73222,0.0032799999999999496
-0.02561000000000002,-0.64388,0.028859999999999997
-0.22089000000000003,-0.5243599999999999,-0.019519999999999982
0.007280000000000064,-0.64705,0.024430000000000063
-0.32818,0.00035999999999991594,0.05763000000000007
-0.43643999999999994,-0.0021199999999998997,0.011500000000000066
-0.39819,-0.008639999999999981,0.012759999999999994
-0.37723,0.0021299999999999653,0.02866000000000002
-0.34487,-0.005410000000000026,-0.02185999999999999
-0.06986999999999999,-0.018179999999999974,-0.16320999999999997
-0.12497999999999998,-0.04155000000000009,-0.18574000000000002
-0.10231000000000001,-0.019429999999999947,-0.16306999999999994
-0.18718999999999997,-0.022280000000000078,-0.12094000000000005
-0.25210999999999995,-0.00019000000000002348,-0.21123999999999998
-0.09148999999999996,-0.03181999999999996,-0.018100000000000005
-0.26234,-0.04189999999999994,-0.014070000000000027
-0.05291999999999997,-0.028800000000000048,-0.010310000000000041
-0.04854999999999998,-0.005539999999999989,-0.012920000000000043
-0.23570000000000002,-0.04181999999999997,-0.0048799999999999955
-0.008400000000000074,-0.08048999999999995,-0.016590000000000105
-0.015599999999999947,-0.07965999999999995,-0.01902999999999999
-0.010770000000000057,-0.057599999999999985,-0.018000000000000016
-0.007120000000000015,-0.06459999999999999,-0.055830000000000046
-0.017689999999999984,-0.06612000000000007,-0.020560000000000023
-0.00941000000000003,-0.10530000000000006,-0.00600999999999996
-0.14327999999999996,-0.061570000000000014,-0.010229999999999961
-0.013589999999999991,-0.0988,-0.01847999999999994
-0.05309000000000008,-0.04868000000000006,-0.016650000000000054
-0.006520000000000081,-0.09469000000000005,-0.012520000000000087
-0.07199,-0.03766000000000003,0.006119999999999903
-0.09613000000000005,-0.04914000000000007,0.009969999999999923
-0.12287000000000003,-0.05027999999999999,0.03869
-0.09954999999999992,-0.045929999999999915,0.0115900000000001
-0.12463999999999997,-0.04536000000000007,0.0009400000000000519
-0.62521,-0.0028399999999999537,-0.18616999999999995
-0.59703,-0.007950000000000013,-0.14645000000000008
-0.5894,-0.005340000000000011,-0.18178000000000005
-0.60372,-0.003909999999999969,-0.15701999999999994
-0.6639200000000001,-0.006839999999999957,-0.1321
-0.07269999999999999,-0.005610000000000004,-0.09360000000000002
-0.004289999999999905,-0.00374999999999992,-0.09706999999999999
-0.020630000000000037,-0.45348,0.04808000000000001
0.030390000000000028,-0.003750000000000031,-0.024049999999999905
-0.10121999999999998,-0.002409999999999912,-0.03260000000000007
-0.29923,-0.032789999999999986,-0.24050000000000005
-0.23834999999999995,-0.03069999999999995,-0.16596
-0.26525999999999994,-0.03110999999999997,-0.19526999999999994
-0.40037,-0.03207000000000004,-0.21760999999999997
-0.36429999999999996,-0.032909999999999995,-0.16818999999999995
-0.29514000000000007,-0.13888,-0.14065000000000005
-0.27463000000000004,-0.19249000000000005,-0.14956000000000003
-0.27381999999999995,-0.14088999999999996,-0.12593
-0.26982000000000006,-0.15329000000000004,-0.14589000000000008
-0.28618,-0.14661999999999997,-0.15664999999999996
-0.16159,-0.12678999999999996,-0.12764999999999993
-0.15595000000000003,-0.07791999999999999,-0.13624000000000003
-0.20675,-0.12212999999999996,-0.06716
-0.21694000000000002,-0.07683000000000006,-0.13166999999999995
-0.26797000000000004,-0.10838999999999999,-0.13049
-0.021400000000000086,-0.024620000000000086,-0.07813000000000003
-0.03000999999999998,-0.39579999999999993,-0.05835999999999997
-0.027660000000000018,-0.38878999999999997,-0.06001000000000001
-0.03561000000000003,-0.39677,-0.04985000000000006
-0.04722000000000004,-0.37694,-0.05730999999999997
-0.06789999999999996,-0.08787,0.0020599999999999508
-0.1754199999999999,-0.03348999999999991,0.0027600000000000957
-0.17586999999999997,-0.02919000000000005,0.0007800000000000029
-0.17115000000000002,-0.03205999999999998,0.002549999999999941
-0.17751000000000006,-0.03395999999999999,0.00022999999999995246
-0.12553999999999998,-0.3446,-0.01203999999999994
-0.14423000000000008,-0.30772,-0.028470000000000106
-0.10906000000000005,-0.3301299999999999,-0.04354999999999998
-0.11521999999999999,-0.27205,-0.025359999999999938
-0.11507,-0.27164,-0.022909999999999986
-0.56315,0.01656000000000002,-0.11180000000000001
-0.45869,0.013979999999999992,-0.09704999999999997
-0.46485000000000004,0.008390000000000009,-0.10758000000000001
-0.5428499999999999,0.015349999999999975,-0.11957999999999991
-0.45499,0.009670000000000067,-0.11378999999999995
-0.31039000000000005,-0.03637000000000001,-0.07352999999999998
-0.24583,-0.02785000000000004,-0.07081000000000004
-0.31960999999999995,-0.032220000000000026,-0.06484999999999996
-0.32497,-0.033990000000000076,-0.04292999999999991
-0.26227,-0.031850000000000045,-0.03280000000000005
-0.74343,-0.017059999999999964,-0.14490999999999998
-0.76718,-0.0022199999999999998,-0.15478999999999998
-0.80596,-0.015449999999999964,-0.11298000000000008
-0.77336,-0.02057999999999993,-0.12440000000000007
-0.74905,-0.003909999999999969,-0.14305999999999996
-0.08997,-0.45299,-0.04672999999999994
-0.07379999999999998,-0.46938,-0.07421
-0.08427999999999991,-0.45299999999999996,-0.04067999999999994
-0.10404000000000002,-0.05998000000000003,-0.046030000000000015
-0.15156000000000003,-0.45041999999999993,-0.061999999999999944
-0.60318,-0.10250000000000004,-0.11599000000000004
-0.56888,-0.07945999999999998,-0.09808000000000006
-0.6785399999999999,-0.1078,-0.09850999999999999
-0.67311,-0.08828999999999998,-0.11557000000000006
-0.70239,-0.09844999999999993,-0.10228999999999999
-0.6141099999999999,-0.20197999999999994,-0.3251799999999999
-0.68472,-0.24931999999999999,-0.1824699999999999
-0.7448,-0.25443000000000005,-0.16688000000000003
-0.60971,-0.20315000000000005,-0.08528999999999998
-0.67445,-0.24953000000000003,-0.13953000000000004
-0.005139999999999922,-0.56551,-0.0007800000000000029
-0.007759999999999989,-0.55342,0.0037400000000000766
-0.005889999999999951,-0.48595000000000005,-0.00027999999999994696
-0.007689999999999975,-0.55617,0.0019000000000000128
-0.007789999999999964,-0.44658,-0.0013499999999999623
-0.21867999999999999,-0.18039000000000005,-0.11360000000000003
-0.34462000000000004,-0.011700000000000044,-0.14393
-0.24546999999999997,-0.008429999999999938,-0.15039000000000002
-0.12905999999999995,-0.19068000000000007,-0.14115
-0.3224,-0.020460000000000034,-0.1522
-0.21244999999999992,0.009140000000000037,-0.07543999999999995
-0.14456000000000002,0.0015699999999999603,-0.01489000000000007
-0.23978,0.010560000000000014,-0.014500000000000068
-0.2373099999999999,0.006820000000000048,-0.11791999999999991
-0.10105999999999993,0.00930999999999993,-0.011059999999999959
-0.24902999999999997,-0.010759999999999992,-0.04696
-0.09529999999999994,-0.00029999999999996696,-0.06489999999999996
-0.34819,-0.015029999999999988,-0.03313999999999995
-0.37573999999999996,-0.009539999999999993,-0.05267999999999995
-0.14438000000000006,-0.0019299999999999873,-0.03058000000000005
-0.06225000000000003,-0.019179999999999975,-0.05998999999999999
-0.08387,-0.010950000000000015,-0.06390000000000007
-0.04600000000000004,-0.025550000000000073,-0.05630999999999997
-0.06729000000000007,-0.02283999999999997,-0.06218000000000001
-0.06425999999999998,-0.023340000000000027,-0.07037000000000004
-0.051999999999999935,-0.0016500000000000403,-0.12359999999999993
-0.01258999999999999,-0.02668999999999999,-0.07062999999999997
-0.07432000000000005,0.00714999999999999,-0.09892999999999996
-0.19567,-0.007440000000000002,-0.057070000000000065
0.05718000000000001,-0.03256000000000003,0.02886999999999995
0.029930000000000012,-0.27332,0.01963999999999999
0.021569999999999978,-0.26055000000000006,0.025839999999999974
0.03145000000000009,-0.19421999999999995,0.02407999999999999
0.025270000000000015,-0.23399000000000003,-0.04981000000000002
0.017739999999999978,-0.2956599999999999,0.01683000000000001
-0.64743,-0.030909999999999993,-0.0034399999999999986
-0.67378,-0.04027000000000003,-0.040549999999999975
-0.64847,-0.027170000000000027,0.0026199999999999557
-0.65754,-0.031040000000000068,0.0046800000000000175
-0.6748000000000001,-0.011560000000000015,-0.018830000000000013
-0.29575000000000007,-0.0662799999999999,-0.19211
-0.41976,-0.09137000000000006,-0.17589
-0.29842,-0.08087,-0.18547999999999998
-0.28109000000000006,-0.09031,-0.1980900000000001
-0.38995,-0.08480999999999994,-0.17332999999999998
-0.21756999999999993,-0.009120000000000017,-0.0047799999999998954
-0.22753999999999996,-0.029859999999999998,-0.0043199999999999905
-0.19689999999999996,-0.007440000000000002,-0.05892999999999993
-0.27470000000000006,-0.012229999999999963,-0.047719999999999985
-0.27093,-0.010360000000000036,-0.030729999999999924
-0.06735000000000002,-0.0636500000000001,-0.0698200000000001
-0.04737000000000002,-0.04500000000000004,-0.06013999999999997
-0.03353000000000006,-0.03137000000000001,-0.049740000000000006
-0.16473000000000004,-0.08243,-0.06329000000000007
-0.11494000000000004,-0.07695000000000007,-0.06625000000000003
-0.30393000000000003,-0.30884,-0.2212900000000001
-0.28262000000000004,-0.29567,-0.34791000000000005
-0.30173000000000005,-0.30345,-0.33841000000000004
-0.27142999999999995,-0.3259700000000001,-0.34317
-0.35384000000000004,-0.31664000000000003,-0.36784000000000006
-0.03176000000000001,-0.10376000000000007,-0.02895000000000003
-0.032420000000000004,-0.03847999999999996,-0.03233000000000008
-0.030240000000000045,-0.049270000000000036,-0.02854000000000001
-0.027669999999999972,-0.036579999999999946,-0.024889999999999968
-0.03169999999999995,-0.04033000000000009,-0.028510000000000035
-0.007539999999999991,0.00029000000000001247,-0.016280000000000072
-0.019789999999999974,-0.005070000000000019,-0.02012999999999998
-0.010820000000000052,-0.003909999999999969,-0.009029999999999982
-0.023410000000000042,-0.005099999999999993,-0.03066000000000002
0.0006399999999999739,-0.0017300000000000093,-0.011480000000000046
-0.5073099999999999,0.00025999999999992696,-0.12939
-0.48651000000000005,-0.0010700000000000154,-0.046820000000000084
-0.5425899999999999,-0.00022999999999995246,-0.04843999999999993
-0.2767299999999999,-0.09772999999999998,0.013830000000000009
-0.40896,-0.0022499999999999742,-0.09450999999999998
-0.00391000000000008,0.022639999999999993,-0.05532999999999999
-0.012399999999999967,-0.028249999999999997,-0.051039999999999974
-0.003989999999999938,0.027639999999999998,-0.058479999999999976
-0.007180000000000075,-0.27825,-0.053160000000000096
-0.08100999999999992,0.06129000000000007,-0.05542999999999998
-0.61668,-0.07450000000000001,-0.43046000000000006
-0.70812,-0.07569999999999999,-0.45842999999999995
-0.72324,-0.09526000000000001,-0.51895
-0.7122599999999999,-0.07682,-0.45183999999999996
-0.62602,-0.08031999999999995,-0.54311
-0.05135000000000001,-0.036679999999999935,-0.05823999999999996
-0.03512000000000004,-0.031039999999999957,-0.014840000000000075
-0.005770000000000053,-0.03410000000000002,0.002610000000000001
-0.04178000000000004,-0.05674999999999997,-0.04857
-0.04600000000000004,-0.030200000000000005,-0.047920000000000074
-0.30316999999999994,-0.017530000000000046,-0.09819
-0.10637000000000008,-0.022849999999999926,-0.0884600000000001
-0.049269999999999925,-0.028260000000000063,-0.03562999999999994
-0.5469999999999999,-0.010190000000000032,-0.08894999999999997
-0.049290000000000056,-0.023760000000000003,-0.04901
-0.5324199999999999,-0.05592000000000008,-0.051529999999999965
-0.18994,-0.050529999999999964,-0.062000000000000055
-0.25076,-0.08041999999999994,-0.06769999999999998
-0.19919999999999993,-0.06734000000000007,-0.04083999999999999
-0.30072999999999994,-0.05080000000000007,-0.0047399999999999665
-0.04726999999999992,-0.013979999999999992,-0.01464999999999994
-0.17928999999999995,-0.01918999999999993,-0.022780000000000022
-0.19239000000000006,-0.02045000000000008,-0.023310000000000053
-0.18645999999999996,-0.009000000000000008,-0.024959999999999982
-0.17411999999999994,-0.006240000000000023,-0.03088000000000002
-0.13521000000000005,-0.08531999999999995,-0.10070000000000001
-0.17567,-0.09624999999999995,-0.12939
-0.06425999999999998,-0.046700000000000075,-0.14449
-0.015960000000000085,-0.06457000000000002,-0.11652000000000007
-0.050960000000000005,-0.04155999999999993,-0.16135999999999995
-0.46395,-0.025739999999999985,-0.04254999999999998
-0.45092,-0.027799999999999936,-0.05496000000000001
-0.44721,-0.018979999999999997,-0.08372999999999997
-0.4546700000000001,-0.03057999999999994,-0.06012000000000006
-0.43565,-0.020669999999999966,-0.059640000000000026
-0.5148900000000001,-0.28364,-0.28932
-0.54348,-0.23496000000000006,-0.56146
-0.52302,-0.33058999999999994,-0.32837000000000005
-0.49966999999999995,-0.31118,-0.4072799999999999
-0.52329,-0.29069999999999996,-0.38587
-0.00025999999999992696,-0.05363999999999991,-0.021749999999999936
0.009769999999999945,-0.05199000000000009,0.007409999999999917
0.016569999999999974,-0.04648999999999992,-0.010059999999999958
0.006530000000000036,-0.04965000000000008,-0.015009999999999968
0.002909999999999968,-0.05183000000000004,-0.01705000000000001
-0.09032000000000007,0.010040000000000049,-0.08848
-0.09441999999999995,0.013020000000000032,-0.10809000000000002
-0.12432999999999994,-0.05626999999999993,-0.10099999999999998
-0.09163999999999994,0.003189999999999915,-0.09009999999999996
-0.08327000000000007,0.010170000000000012,-0.08661000000000008
-0.62529,-0.008380000000000054,-0.0050800000000000844
-0.13007999999999997,0.010270000000000001,-0.004129999999999967
-0.013390000000000013,-0.005560000000000009,-0.027039999999999953
-0.6045099999999999,-0.026490000000000014,-0.012499999999999956
-0.05842999999999998,0.006230000000000069,-0.010440000000000005
-0.026029999999999998,-0.05128999999999995,-0.03824000000000005
-0.024309999999999943,-0.05683000000000005,-0.05128999999999995
-0.18802000000000008,-0.03408,-0.042870000000000075
-0.01700999999999997,-0.05185000000000006,-0.03437000000000001
-0.028569999999999984,-0.04957,-0.05859000000000003
0.008770000000000056,-0.002409999999999912,-0.00763999999999998
-0.009609999999999896,0.002950000000000008,-0.035989999999999966
0.006589999999999985,-0.003940000000000055,-0.012129999999999974
0.0024600000000000177,-0.030980000000000008,-0.00768000000000002
-0.01426000000000005,-0.01644000000000001,-0.012970000000000037
-0.12531000000000003,-0.0904299999999999,-0.021730000000000027
-0.10571999999999993,-0.08112000000000008,-0.0025300000000000322
-0.12080999999999997,-0.04219000000000006,-0.005569999999999964
-0.08714,-0.053259999999999974,-0.028179999999999983
-0.11037000000000008,-0.07423999999999997,-0.023720000000000074
-0.40512000000000004,0.04622999999999999,-0.036640000000000006
-0.38427,0.023009999999999975,-0.005560000000000009
-0.44616,0.0034600000000000186,-0.04799999999999993
-0.41652,0.0025600000000000067,-0.04952000000000001
-0.36580999999999997,0.0045199999999999685,-0.027939999999999965
-0.3624799999999999,-0.0040399999999999325,-0.08270999999999995
-0.21246999999999994,-0.007990000000000053,-0.08118999999999998
-0.35878,-0.006229999999999958,-0.06881999999999999
-0.42562,-0.008560000000000012,-0.06698000000000004
-0.23213000000000006,-0.006730000000000014,-0.07268000000000008
-0.23221999999999998,-0.0478599999999999,-0.00012999999999996348
-0.32045999999999997,-0.06307999999999991,-0.02301999999999993
-0.45016,-0.06701000000000001,-0.02772999999999992
-0.5533399999999999,-0.08499000000000001,-0.015390000000000015
-0.13478,-0.24748000000000003,-0.013620000000000076
-0.42765000000000003,-0.52349,-0.45508000000000004
-0.43161000000000005,-0.44262999999999997,-0.43311000000000005
-0.45814000000000005,-0.52798,-0.45555
-0.45779,-0.50662,-0.25476
-0.40616,-0.62679,-0.44179
-0.03860000000000008,-0.06101999999999996,-0.012010000000000076
-0.028060000000000085,-0.07923999999999998,0.005429999999999935
-0.02688999999999997,-0.07018999999999997,0.005840000000000067
-0.026140000000000052,-0.07767000000000002,0.005749999999999922
-0.03927000000000003,-0.07421,-0.013820000000000054
-0.39873000000000003,-0.012739999999999974,0.0014399999999999968
-0.41934000000000005,-0.029390000000000027,-0.021079999999999988
-0.55461,-0.01939000000000002,-0.025900000000000034
-0.56843,-0.022660000000000013,-0.06896999999999998
-0.45869999999999994,-0.010399999999999965,-0.011880000000000002
-0.021689999999999987,-0.10648999999999997,-0.012429999999999941
-0.13578,0.06496999999999997,-0.01085999999999998
-0.1233200000000001,-0.01317999999999997,-0.01371
-0.23112,0.03023000000000009,-0.017040000000000055
-0.15583999999999998,0.018799999999999928,-0.01578999999999997
-0.10952000000000006,-0.02915000000000001,-0.07608999999999999
-0.13936000000000004,-0.02133000000000007,-0.06064999999999998
-0.19446000000000008,-0.01195999999999997,-0.06544000000000005
-0.14661999999999997,-0.008970000000000034,-0.05292999999999992
-0.13478999999999997,-0.012419999999999987,-0.045459999999999945
-0.027650000000000063,-0.040939999999999976,-0.01632
-0.009449999999999958,-0.05093000000000003,-0.012580000000000036
-0.04510000000000003,-0.029260000000000064,-0.01815
-0.008809999999999985,-0.042059999999999986,-0.014559999999999906
-0.022480000000000055,-0.15550000000000008,-0.011180000000000079
-0.47201999999999994,-0.06742000000000004,0.0019500000000000073
-0.48750000000000004,-0.27032,-0.032810000000000006
-0.20304,-0.09459000000000006,-0.0236900000000001
-0.16349000000000002,-0.12912,-0.016139999999999932
-0.22504999999999997,-0.29742,-0.05699999999999994
-0.54036,-0.048150000000000026,-0.06869999999999998
-0.6049500000000001,-0.047900000000000054,-0.10196000000000005
-0.31514,-0.04210999999999998,-0.06064000000000003
-0.44117999999999996,-0.05318999999999996,-0.07496000000000003
-0.51017,-0.05438999999999994,-0.08096999999999999
-0.29888000000000003,-0.07045000000000001,-0.029730000000000034
-0.31555,-0.013569999999999971,-0.022399999999999975
-0.43384999999999996,-0.0036000000000000476,-0.029750000000000054
-0.41985000000000006,-0.06940999999999997,-0.024490000000000012
-0.1972299999999999,-0.012969999999999926,-0.025029999999999997
-0.10441,-0.04132000000000002,-0.04864999999999997
-0.2545700000000001,-0.09255000000000002,-0.05710000000000004
-0.26664,-0.03798999999999997,-0.05327000000000004
-0.6126199999999999,-0.07679999999999998,-0.06333
-0.17781999999999998,-0.08687,-0.07123999999999997
-0.006909999999999972,-0.03404000000000007,-0.03275000000000006
-0.006319999999999992,-0.03121000000000007,-0.017779999999999907
-0.010589999999999988,-0.027660000000000018,-0.05269999999999997
-0.015759999999999996,-0.02747999999999995,-0.04471999999999998
-0.0036800000000000166,-0.04730999999999996,-0.010990000000000055
-0.04261999999999999,-0.05886000000000002,-0.00609000000000004
-0.0010200000000000209,-0.05892999999999993,-0.0014600000000000168
-0.0010999999999999899,-0.05613999999999997,-0.010160000000000058
-0.0023099999999999232,-0.013519999999999976,-0.008219999999999894
0.00032999999999994145,-0.05564000000000002,-0.0024000000000000687
-0.014370000000000105,-0.004830000000000001,-0.06324000000000007
-0.006789999999999963,-0.0007500000000000284,-0.054219999999999935
-0.42163,-0.01587000000000005,-0.09557000000000004
-0.012390000000000012,-0.02858000000000005,-0.08994000000000002
-0.024699999999999944,-0.013330000000000064,-0.08545999999999998
-0.25183,-0.07186000000000003,-0.02745999999999993
-0.2515400000000001,-0.06459999999999999,-0.01092000000000004
-0.35609999999999997,-0.07925000000000004,-0.019379999999999953
-0.23064000000000007,-0.056560000000000055,-0.02946000000000004
-0.23978999999999995,-0.06053999999999993,-0.01761999999999997
-0.08898000000000006,-0.21846,-0.12024000000000001
-0.30876,-0.20366000000000006,-0.10954999999999993
-0.058209999999999984,-0.14286,-0.10797999999999996
-0.17252,-0.15925999999999996,-0.10644999999999993
-0.08016999999999996,-0.08914999999999995,-0.09473999999999994
-0.41208999999999996,-0.028919999999999946,-0.08233000000000001
-0.38488999999999995,-0.07255999999999996,-0.09780999999999995
-0.42195000000000005,-0.00935000000000008,-0.07195000000000007
-0.35714999999999997,-0.02954000000000001,-0.03167999999999993
-0.13854999999999995,-0.0042200000000000015,-0.04279999999999995
-0.06295000000000006,0.005279999999999951,-0.01766000000000001
-0.02322000000000002,0.0033400000000000096,-0.021589999999999998
-0.031040000000000068,0.003410000000000024,-0.014460000000000028
-0.027249999999999996,-0.0007099999999999884,-0.025440000000000018
-0.00812999999999997,-0.002650000000000041,-0.017039999999999944
-0.56173,-0.0105900000000001,-0.09215999999999991
-0.54361,-0.008819999999999939,-0.08273000000000008
-0.594,-0.005510000000000015,-0.05774999999999997
-0.58904,-0.00710999999999995,-0.060860000000000025
-0.3236,-0.009789999999999965,-0.05797999999999992
-0.44694,-0.0014399999999999968,-0.052039999999999975
-0.48586,-0.0012199999999999989,-0.08920000000000006
-0.43905000000000005,-0.0015399999999999858,-0.14211000000000007
-0.51782,-0.0012499999999999734,-0.13927999999999996
-0.5953,-0.0046599999999999975,-0.14139000000000002
-0.35513000000000006,0.007010000000000072,-0.10511999999999999
-0.35156,-0.15271999999999997,-0.08213999999999999
-0.33721,-0.027880000000000016,-0.12111000000000005
-0.37398,-0.030370000000000008,-0.10687999999999998
-0.26030999999999993,-0.012700000000000045,-0.11134999999999995
-0.2758299999999999,-0.08015000000000005,-0.14520999999999995
-0.24945000000000006,-0.08799000000000001,-0.11987999999999999
-0.2877200000000001,-0.09192,-0.1439600000000001
-0.3287,-0.08284999999999998,-0.11402000000000001
-0.29139000000000004,-0.06436999999999993,-0.25614000000000003
-0.05440999999999996,-0.07294,-0.009339999999999904
-0.07135000000000002,-0.049270000000000036,-0.016800000000000037
-0.05681999999999998,-0.03827999999999998,-0.015919999999999934
-0.06864000000000003,-0.05647000000000002,-0.015179999999999971
-0.042729999999999935,-0.04463000000000006,-0.01371
-0.24951999999999996,-0.030079999999999996,-0.06567
-0.18664999999999998,-0.04258000000000006,-0.06714999999999993
-0.48721,-0.05093000000000003,-0.07126999999999994
-0.20823999999999998,0.0013000000000000789,-0.06874000000000002
-0.5203899999999999,-0.018429999999999946,-0.0740599999999999
-0.29601999999999995,-0.03986999999999996,-0.08260999999999996
-0.3297800000000001,-0.07312000000000007,-0.08625000000000005
-0.33282,-0.31240999999999997,-0.07230000000000003
-0.34373999999999993,-0.04933999999999994,-0.06659999999999999
-0.33285,-0.0049599999999999644,-0.10260999999999998
-0.46127,-0.03436000000000006,-0.13219999999999998
-0.29835999999999996,-0.027179999999999982,-0.15071
-0.51982,-0.018429999999999946,-0.11570999999999998
-0.5692200000000001,-0.028400000000000092,-0.11391000000000007
-0.48422000000000004,-0.01988000000000001,-0.12682000000000004
-0.40318,-0.023819999999999952,-0.021089999999999942
-0.40614999999999996,0.010129999999999972,-0.09675
-0.22465000000000002,-0.023349999999999982,0.0008500000000000174
-0.23014,-0.014590000000000103,-0.05017000000000005
-0.19645,-0.026309999999999945,-0.03256000000000003
-0.13956000000000002,-0.3179099999999999,-0.02298
-0.12851,-0.27302000000000004,-0.04196999999999995
-0.15226000000000006,-0.30529000000000006,-0.02092000000000005
-0.13522999999999996,-0.34142000000000006,-0.03839999999999999
-0.20326,-0.31916,-0.026090000000000058
-0.50802,-0.0654800000000001,-0.04358000000000006
-0.32916999999999996,-0.04981000000000002,-0.07393000000000005
-0.62343,-0.043179999999999996,-0.06708999999999998
-0.55131,-0.04589999999999994,-0.05892999999999993
-0.52285,-0.04740999999999995,-0.05347000000000002
-0.033560000000000034,-0.29964999999999997,-0.12231999999999998
-0.03638999999999992,-0.29766000000000004,-0.12630999999999992
-0.026469999999999994,-0.37941,-0.12028000000000005
-0.04108999999999996,-0.38256999999999997,-0.11099999999999999
-0.043789999999999996,-0.33529,-0.13134
-0.003010000000000068,-0.015269999999999895,-0.04468000000000005
0.0022400000000000198,-0.013170000000000015,-0.05135999999999996
0.005110000000000059,-0.013090000000000046,-0.043969999999999954
0.002569999999999961,-0.021850000000000036,-0.04590000000000005
0.021500000000000075,-0.01697000000000004,-0.03456999999999999
-0.048860000000000015,-0.40025,-0.02579000000000009
-0.03761999999999999,-0.10932000000000008,-0.025479999999999947
-0.032319999999999904,-0.5149300000000001,-0.02095999999999998
-0.03599999999999992,-0.44287000000000004,-0.02250999999999992
-0.03959999999999997,-0.40879,-0.026540000000000008
-0.020260000000000056,-0.14151000000000002,-0.061610000000000054
-0.020770000000000066,-0.14449999999999996,-0.03441000000000005
-0.019000000000000017,-0.12403999999999993,-0.059189999999999965
-0.016819999999999946,-0.09286000000000005,-0.08580999999999994
-0.007120000000000015,-0.09423000000000004,-0.06383000000000005
-0.06008999999999998,-0.29686999999999997,-0.022029999999999994
-0.062040000000000095,-0.33409999999999995,-0.025440000000000018
-0.07077999999999995,-0.20774000000000004,-0.043099999999999916
-0.07647999999999999,-0.36110999999999993,-0.03735999999999995
-0.07687999999999995,-0.19216999999999995,-0.056010000000000004
-0.02962000000000009,-0.09121000000000001,-0.04439000000000004
-0.02021000000000006,-0.09519999999999995,-0.022870000000000057
-0.11567000000000005,-0.08674000000000004,-0.052870000000000084
-0.09865999999999997,-0.09079000000000004,-0.023950000000000027
-0.014759999999999995,-0.07923000000000002,-0.04920000000000002
-0.2369,-0.04879,-0.18874999999999997
-0.1250699999999999,-0.03878999999999999,-0.18341999999999992
-0.23177999999999999,-0.03898999999999997,-0.18399
-0.1139699999999999,-0.04292000000000007,-0.16772999999999993
-0.11066999999999994,-0.03981999999999997,-0.19177999999999995
-0.23707,-0.21140000000000003,-0.14851999999999999
-0.13405999999999996,-0.16399999999999992,-0.10584000000000005
-0.04960999999999993,-0.4119,-0.09590999999999994
-0.08433999999999997,-0.13019999999999998,-0.10204999999999997
-0.019669999999999965,-0.15844000000000003,-0.12639
-0.05645,-0.19552000000000003,-0.03591
-0.04735999999999996,-0.19065,-0.03602000000000005
-0.029830000000000023,-0.18810000000000004,-0.01317999999999997
-0.07396000000000003,-0.19296000000000002,-0.036880000000000024
-0.05015000000000003,-0.20951000000000009,-0.03483000000000003
-0.07701000000000002,-0.019199999999999995,-0.08799999999999997
-0.05842000000000003,0.00021000000000004349,-0.08033000000000001
-0.11957999999999991,-0.018589999999999995,-0.08718999999999999
-0.042970000000000064,0.00012000000000000899,-0.07416
-0.09076000000000006,-0.011820000000000053,-0.09028999999999998
-0.0046800000000000175,-0.010050000000000003,0.0022299999999999542
-0.00550000000000006,0.004669999999999952,0.005039999999999933
-0.007369999999999988,0.0045600000000000085,0.0024500000000000632
-0.006950000000000012,0.0031599999999999406,0.0022900000000000142
-0.007929999999999993,0.00031000000000003247,0.003750000000000031
-0.31384,-0.010079999999999978,-0.008539999999999992
-0.34395999999999993,0.00658000000000003,-0.04359999999999997
-0.35858999999999996,0.0005600000000000049,-0.10131999999999997
-0.32556999999999997,-0.010849999999999915,-0.29247
-0.29727000000000003,-0.009070000000000022,-0.0037400000000000766
-0.60212,-0.03859000000000001,-0.56679
-0.5721100000000001,-0.04305999999999999,-0.45436000000000004
-0.6167199999999999,-0.030410000000000048,-0.42654000000000003
-0.6165700000000001,-0.026490000000000014,-0.6139700000000001
-0.61626,-0.04823999999999995,-0.48561000000000004
-0.40595,-0.47262,-0.04648999999999992
-0.45244999999999996,-0.5359400000000001,-0.024819999999999953
-0.48808,-0.50694,-0.015059999999999962
-0.49992,-0.49729999999999996,-0.011830000000000007
-0.46848999999999996,-0.4687800000000001,-0.04379999999999995
-0.2681699999999999,-0.05447999999999997,-0.058230000000000004
-0.21267999999999998,-0.09649999999999992,-0.05509999999999993
-0.23646,-0.24692999999999998,-0.06908000000000003
-0.22577999999999998,-0.52347,-0.062019999999999964
-0.17063000000000006,-0.10131999999999997,-0.05062999999999995
-0.19125999999999999,-0.01810999999999996,-0.04789999999999994
-0.0773299999999999,-0.022179999999999978,-0.049209999999999976
-0.10455999999999999,-0.015190000000000037,-0.03929000000000005
-0.18994,-0.021379999999999955,-0.06685000000000008
-0.49324,-0.014759999999999995,-0.05008000000000001
-0.52649,-0.01707000000000003,-0.40449
-0.51798,-0.0013499999999999623,-0.35111000000000003
-0.54867,-0.030710000000000015,-0.34933000000000003
-0.54989,-0.03481000000000001,-0.34531
-0.55098,-0.041650000000000076,-0.41895
-0.10797000000000001,-0.0015199999999999658,-0.01924999999999999
-0.11739,-0.014650000000000052,-0.005449999999999955
-0.14781,-0.045930000000000026,-0.036150000000000015
-0.08099999999999996,-0.034420000000000006,-0.019769999999999954
-0.10082000000000002,-0.0022300000000000653,-0.06663000000000008
-0.6387,-0.14617000000000002,-0.0022199999999999998
-0.67119,-0.03576999999999997,-0.04837999999999998
-0.62412,-0.03205999999999998,0.0025199999999999667
-0.65407,-0.03877000000000008,-0.03805999999999998
-0.6486799999999999,-0.05906,0.009140000000000037
-0.4529000000000001,-0.06276000000000004,-0.2545700000000001
-0.47823999999999994,-0.046540000000000026,-0.48522999999999994
-0.43023,-0.054159999999999986,-0.53311
-0.42335999999999996,-0.05404999999999993,-0.37683999999999995
-0.40441000000000005,-0.045680000000000054,-0.40698999999999996
-0.17371999999999999,-0.15686999999999995,-0.006510000000000016
-0.13559999999999994,-0.15499000000000007,-0.025329999999999964
-0.12820999999999994,-0.15918999999999994,-0.005939999999999945
-0.14068000000000003,-0.15332,-0.004269999999999996
-0.12741000000000002,-0.15159,-0.010440000000000005
-0.055749999999999966,-0.02912999999999999,-0.010830000000000006
-0.039370000000000016,-0.03361999999999998,-0.046760000000000024
-0.04559000000000002,-0.03251999999999999,-0.047310000000000074
-0.05398999999999998,-0.02034999999999998,-0.030549999999999966
-0.022600000000000064,-0.03008999999999995,-0.04249999999999998
-0.65899,-0.20933000000000002,-0.20718000000000003
-0.57772,-0.04879,-0.24868999999999997
-0.61973,-0.44603,-0.20538
-0.39880000000000004,-0.30977,-0.17923
-0.35736999999999997,-0.23309999999999997,-0.12925999999999993
-0.009480000000000044,0.003709999999999991,-0.015840000000000076
-0.00651999999999997,0.027119999999999922,-0.011419999999999986
-0.007780000000000009,-0.0005700000000000705,-0.009510000000000018
-0.010190000000000032,0.02029000000000003,-0.03019000000000005
-0.016160000000000063,0.01430000000000009,-0.02143000000000006
-0.0952400000000001,-0.004329999999999945,-0.0176400000000001
-0.09157000000000004,-0.006530000000000036,-0.023749999999999938
-0.11326000000000003,-0.02088000000000001,-0.10705000000000009
-0.07438,-0.01311999999999991,-0.02295999999999998
-0.08921000000000001,-0.023150000000000004,-0.01377000000000006
-0.14188,0.00931000000000004,-0.024460000000000037
-0.16446000000000005,-0.045499999999999985,-0.025460000000000038
-0.13961999999999997,-0.057579999999999965,-0.02124999999999999
-0.15430999999999995,-0.03354999999999997,-0.024309999999999943
-0.07810000000000006,-0.026129999999999987,-0.022270000000000012
-0.012809999999999988,-0.019320000000000004,-0.0038599999999999746
-0.010149999999999992,-0.016390000000000016,-0.0050400000000000444
-0.03821000000000008,-0.004569999999999963,-0.002850000000000019
-0.005979999999999985,-0.007830000000000004,-0.00710999999999995
-0.06257000000000001,-0.00541999999999998,-0.013550000000000062
-0.27314000000000005,-0.08418999999999999,-0.08200000000000007
-0.2266100000000001,-0.0722799999999999,-0.10344000000000009
-0.71417,-0.08403000000000005,-0.12408000000000008
-0.7109099999999999,-0.07665,-0.06999
-0.057640000000000025,-0.05993000000000004,-0.08224999999999993
-0.015029999999999988,-0.08521000000000001,-0.05548999999999993
-0.012250000000000094,-0.0629599999999999,-0.07055
-0.02417999999999998,-0.06435000000000002,-0.07351999999999992
-0.02037,-0.04639000000000004,-0.06394
-0.01807000000000003,-0.038270000000000026,-0.0807
-0.08897999999999995,-0.21297,-0.03264999999999996
-0.06225000000000003,-0.14439000000000002,-0.030320000000000014
-0.061960000000000015,-0.23348999999999998,-0.027450000000000085
-0.04259000000000002,-0.22071000000000007,-0.038860000000000006
-0.07204999999999995,-0.20882,-0.031950000000000034
-0.61888,-0.42962999999999996,-0.05940000000000001
-0.6055999999999999,-0.38956999999999997,-0.06923999999999997
-0.62363,-0.43836,-0.07356000000000007
-0.17882999999999993,-0.41882,-0.05670999999999993
-0.24079000000000006,-0.41766,-0.049839999999999995
-0.5631200000000001,-0.016240000000000032,-0.16064
-0.5962700000000001,-0.0043799999999999395,-0.17649000000000004
-0.59448,-0.018199999999999994,-0.20992999999999995
-0.60427,-0.011369999999999991,-0.21262999999999999
-0.45992,-0.019569999999999976,-0.17235999999999996
-0.11213000000000006,-0.15469,-0.024469999999999992
-0.12902000000000002,-0.12378999999999996,-0.02729999999999999
-0.12497000000000003,-0.1491,-0.027799999999999936
-0.44094,-0.15012999999999999,-0.02399999999999991
-0.16234000000000004,-0.11108000000000007,-0.03154000000000001
0.008460000000000023,-0.014149999999999996,-0.030370000000000008
-0.029790000000000094,-0.01685000000000003,-0.031240000000000046
0.006140000000000034,-0.021710000000000007,-0.04088000000000003
-0.012490000000000001,-0.013399999999999967,-0.05186000000000002
-0.00021999999999999797,-0.020519999999999983,-0.041789999999999994
-0.41645,-0.29152999999999996,-0.04369999999999996
-0.41061999999999993,-0.30472,-0.04122999999999999
-0.41135,-0.32567999999999997,-0.037959999999999994
-0.40529999999999994,-0.30442,-0.03643999999999992
-0.41470999999999997,-0.40579,-0.024950000000000028
-0.06846000000000008,-0.05296999999999996,-0.12031000000000003
-0.08969000000000005,-0.030520000000000103,-0.13681
-0.09206999999999999,-0.026310000000000056,-0.13358000000000003
-0.012010000000000076,-0.018369999999999997,-0.08223000000000003
-0.06918999999999997,-0.01707000000000003,-0.08618999999999999
-0.14605999999999997,-0.10433999999999999,-0.05786000000000002
-0.16532999999999998,-0.14639000000000002,-0.07123000000000002
-0.14890000000000003,-0.20120000000000005,-0.04281999999999997
-0.07686000000000004,-0.2116,-0.05137000000000003
-0.07899,-0.36994000000000005,-0.05952000000000002
-0.019610000000000016,-0.03759000000000001,-0.039140000000000064
-0.02798999999999996,-0.013970000000000038,-0.06759000000000004
-0.02261000000000002,-0.025399999999999978,-0.056950000000000056
-0.03934000000000004,-0.02957999999999994,-0.055499999999999994
-0.04086999999999996,0.010580000000000034,-0.050999999999999934
-0.10355000000000003,-0.04541000000000006,-0.13202999999999998
-0.11634999999999995,0.06407000000000007,-0.13061
-0.11168,0.0010000000000000009,-0.13900999999999997
-0.11948999999999999,0.06163999999999992,-0.12483999999999995
-0.12288999999999994,-0.02422000000000002,-0.13522
-0.24926000000000004,-0.33854000000000006,-0.027710000000000012
-0.08240999999999998,-0.55643,-0.018000000000000016
-0.06267999999999996,-0.39097000000000004,-0.02733999999999992
-0.17259000000000002,-0.5018800000000001,-0.039569999999999994
-0.07805000000000006,-0.49477999999999994,-0.03275000000000006
-0.014600000000000057,-0.012550000000000061,-0.024550000000000072
-0.20268000000000008,-0.00378999999999996,-0.06381000000000003
-0.0020999999999999908,-0.008449999999999958,-0.08792999999999995
-0.003529999999999922,-0.016549999999999954,-0.08833999999999997
-0.01983999999999997,-0.01937,-0.07711000000000001
-0.17701999999999996,-0.11834,-0.08826
-0.17629000000000006,-0.21621999999999997,-0.08088000000000006
-0.13625999999999994,-0.0756699999999999,-0.07117999999999991
-0.11069000000000007,-0.14260000000000006,-0.024450000000000083
-0.08599999999999997,-0.05667,-0.015329999999999955
-0.15370000000000006,-0.13238000000000005,0.017529999999999935
-0.61619,-0.12173,0.011759999999999993
-0.6285799999999999,-0.17952999999999997,-0.003329999999999944
-0.71673,-0.31011,-0.0190499999999999
-0.49067,-0.2493700000000001,0.04044000000000003
-0.20757000000000003,-0.19770999999999994,-0.04944000000000004
-0.18852000000000002,-0.17316999999999994,-0.05113000000000001
-0.20802999999999994,-0.11280000000000001,-0.0046800000000000175
-0.27842999999999996,-0.1719799999999999,-0.0042799999999999505
-0.33538,-0.09377000000000002,-0.030669999999999975
-0.5000399999999999,-0.008730000000000016,-0.20387999999999995
-0.49357999999999996,-0.008040000000000047,-0.19460999999999995
-0.42858,-0.010280000000000067,-0.1462
-0.45643000000000006,-0.007220000000000004,-0.1409100000000001
-0.45339,-0.010890000000000066,-0.22076000000000007
-0.23361999999999994,-0.06599,-0.06013000000000002
-0.03613999999999995,0.0037599999999999856,-0.06728999999999996
-0.03873000000000004,-0.03207000000000004,-0.06289
-0.05423,-0.09299000000000002,-0.06476000000000004
-0.04486000000000001,-0.009419999999999984,-0.06564000000000003
-0.2710600000000001,-0.37688,-0.07347000000000004
-0.10499000000000003,-0.21717999999999993,-0.08875999999999995
-0.19430999999999998,-0.30596,-0.08089999999999997
-0.12988,-0.29373000000000005,-0.07452000000000003
-0.27605999999999997,-0.18280999999999992,-0.11216999999999999
-0.01928999999999992,-0.10523000000000005,-0.023329999999999962
-0.11514000000000002,-0.09742000000000006,-0.024760000000000004
-0.017809999999999993,-0.05460000000000009,-0.02595000000000003
-0.12123000000000006,-0.16352,-0.05410999999999999
-0.01917000000000002,-0.15162999999999993,-0.01536000000000004
-0.028530000000000055,-0.032279999999999975,-0.13948000000000005
-0.024270000000000014,-0.04952999999999996,-0.13549
-0.02751999999999999,-0.04192000000000007,-0.08555999999999997
-0.02851999999999999,-0.04724000000000006,-0.14705000000000001
-0.01847999999999994,-0.05255999999999994,-0.14798
-0.01971999999999996,-0.06545000000000001,-0.123
-0.021039999999999948,-0.034660000000000024,-0.13503999999999994
-0.015240000000000031,-0.0460600000000001,-0.13798999999999995
-0.018220000000000014,-0.03240999999999994,-0.12992000000000004
-0.013700000000000045,-0.026499999999999968,-0.12949
-0.10104999999999997,-0.13815,-0.04088999999999998
-0.13057000000000007,-0.13993999999999995,-0.04907000000000006
-0.19299,-0.12043000000000004,-0.05523
-0.36576,-0.12229000000000001,-0.029349999999999987
-0.08661000000000008,-0.13291999999999993,-0.04576000000000002
-0.63371,-0.010460000000000025,0.009120000000000017
-0.25126000000000004,-0.07190000000000007,0.007489999999999997
0.00985999999999998,-0.059350000000000014,0.01043000000000005
0.020630000000000037,-0.07373000000000007,0.022830000000000017
-0.55101,-0.018469999999999986,0.018950000000000022
-0.63037,-0.26974,-0.51191
-0.6480199999999999,-0.22979000000000005,-0.52604
-0.57908,-0.20007000000000008,-0.48641999999999996
-0.57164,-0.21665999999999996,-0.49281
-0.5533,-0.19646999999999992,-0.45394
-0.22716999999999998,-0.23734,-0.03499000000000008
-0.19926999999999995,-0.28986,-0.03566999999999998
-0.2158,-0.28788,-0.03318999999999994
-0.23596000000000006,-0.27009000000000005,-0.03764000000000001
-0.19962000000000002,-0.27963000000000005,-0.03966000000000003
-0.10128999999999999,-0.01597000000000004,-0.08294000000000001
-0.24500999999999995,-0.021100000000000008,-0.042220000000000035
-0.31691,-0.017100000000000004,-0.04332999999999998
-0.3628,-0.019179999999999975,-0.03991
-0.23158,-0.016639999999999988,-0.04759000000000002
-0.09360000000000002,-0.3779600000000001,-0.0041599999999999415
-0.10237999999999992,-0.08923000000000003,-0.006639999999999979
-0.06709999999999994,-0.22944999999999993,-0.004069999999999907
-0.09401999999999999,-0.20016999999999996,-0.00490999999999997
-0.04918,-0.31897,-0.009759999999999991
-0.44921999999999995,-0.005680000000000018,-0.06037999999999999
-0.4827100000000001,-0.004649999999999932,-0.0645
-0.44292999999999993,-0.006190000000000029,-0.04793000000000003
-0.47377,-0.005950000000000011,-0.042340000000000044
-0.53819,-0.006040000000000045,-0.03322999999999998
-0.57903,-0.028669999999999973,-0.26515
-0.5359100000000001,-0.03825999999999996,-0.21566000000000007
-0.50572,-0.02664999999999995,-0.22914999999999996
-0.5683100000000001,-0.03715999999999997,-0.2533000000000001
-0.512,-0.031420000000000003,-0.19806
-0.05152000000000001,-0.027719999999999967,-0.034129999999999994
-0.21343999999999996,-0.058620000000000005,-0.028649999999999953
-0.07233999999999996,-0.06735000000000002,-0.047819999999999974
-0.06252000000000002,-0.14780000000000004,-0.031300000000000106
-0.06128,-0.12223000000000006,-0.04710000000000003
-0.18517000000000006,-0.0022900000000000142,-0.029200000000000004
-0.18131999999999993,-0.0010399999999999299,-0.003329999999999944
-0.20116,0.006800000000000028,-0.027669999999999972
-0.1445700000000001,-0.017689999999999984,-0.02638000000000007
-0.17825000000000002,-0.012950000000000017,-0.023430000000000062
-0.07455,-0.036030000000000006,-0.10177999999999998
-0.25532999999999995,-0.04357,-0.054259999999999975
-0.35287999999999997,-0.027689999999999992,-0.07058999999999993
-0.18520999999999999,-0.04036000000000006,-0.046540000000000026
-0.09829999999999994,-0.0343,-0.05701999999999996
-0.43484,-0.04255999999999993,-0.06381000000000003
-0.56924,-0.07557000000000003,-0.13676
-0.03877000000000008,-0.08544000000000007,-0.13097999999999999
-0.54659,-0.05996000000000001,-0.26644999999999996
-0.45475999999999994,-0.07847000000000004,-0.13142999999999994
-0.06691000000000003,-0.029859999999999998,-0.01937
-0.033970000000000056,-0.028789999999999982,-0.023050000000000015
-0.031730000000000036,-0.02366999999999997,-0.02200000000000002
-0.09867000000000004,-0.03497000000000006,-0.023050000000000015
-0.049919999999999964,-0.03577000000000008,-0.018419999999999992
-0.08006000000000002,-0.37623000000000006,-0.11715999999999993
-0.03264,-0.10665999999999998,-0.07349000000000006
-0.02815000000000001,-0.12246999999999997,-0.08352000000000004
-0.04348999999999992,-0.09256000000000009,-0.08827999999999991
-0.07516,-0.33027000000000006,-0.07840000000000003
-0.06925000000000003,-0.027739999999999987,-0.1897000000000001
-0.06320000000000003,-0.027549999999999963,-0.13095999999999997
-0.49089,-0.023820000000000063,-0.18160999999999994
-0.06681000000000004,-0.028159999999999963,-0.18683000000000005
-0.38671,-0.013020000000000032,-0.2034100000000001
-0.19984999999999997,-0.07894000000000001,-0.12104000000000004
-0.20157000000000003,-0.06482999999999994,-0.12700999999999996
-0.20490999999999993,-0.06157999999999997,-0.09902
-0.19324000000000008,-0.046170000000000044,-0.12331999999999999
-0.18681000000000003,-0.050529999999999964,-0.11803000000000008
-0.45708,0.0019900000000000473,-0.05496999999999996
-0.43744999999999995,0.002690000000000081,-0.1504399999999999
-0.45381,0.0022099999999999342,-0.0746
-0.47126999999999997,-0.01601000000000008,-0.06496999999999997
-0.46048,0.007709999999999995,-0.06989000000000001
-0.60097,-0.006480000000000041,-0.48549000000000003
-0.5572699999999999,-0.009979999999999989,-0.54979
-0.59985,-0.004329999999999945,-0.5882099999999999
-0.58226,-0.006849999999999912,-0.45733999999999997
-0.50981,-0.017360000000000042,-0.42688
-0.19706,-0.038880000000000026,-0.03395999999999999
-0.22889000000000004,-0.017809999999999993,-0.06111
-0.20975999999999995,-0.0018500000000000183,-0.03051999999999999
-0.07769999999999999,-0.040200000000000014,-0.03077999999999992
-0.05335000000000001,-0.04081999999999997,-0.03329000000000004
-0.048209999999999975,-0.023639999999999994,-0.020020000000000038
-0.04265999999999992,-0.027429999999999954,-0.015699999999999936
-0.021540000000000004,-0.028569999999999984,-0.016790000000000083
-0.03642999999999996,-0.02690999999999999,-0.0037199999999999456
-0.038799999999999946,-0.024270000000000014,-0.019979999999999998
-0.16613,-0.046009999999999995,-0.015650000000000053
-0.2832800000000001,-0.024760000000000004,-0.04581000000000002
-0.14534999999999998,-0.03493999999999997,-0.0021400000000000308
-0.15717000000000003,-0.0323500000000001,0.0029799999999999827
-0.14266,-0.05985000000000007,0.003469999999999973
-0.03130999999999995,-0.18723,-0.01976
-0.0242,-0.16161000000000003,-0.040179999999999993
-0.01805000000000001,-0.02041000000000004,-0.025660000000000016
-0.012800000000000034,-0.06999,-0.02756000000000003
-0.03295999999999999,-0.0046799999999999065,-0.01754
-0.06465999999999994,-0.01202000000000003,0.0014300000000000423
-0.07574999999999998,-0.009380000000000055,-0.02351000000000003
-0.08857000000000004,-0.00933000000000006,-0.09396000000000004
-0.05942000000000003,-0.004010000000000069,-0.01819000000000004
-0.06571000000000005,-0.008440000000000003,-0.007329999999999948
-0.07699999999999996,-0.13927,-0.02018999999999993
-0.19210000000000005,-0.13709000000000005,-0.035600000000000076
-0.32841,-0.23029,-0.03045999999999993
-0.29117000000000004,-0.22477000000000003,-0.019340000000000024
-0.27980000000000005,-0.15459,-0.027240000000000042
-0.008769999999999945,-0.05116999999999994,-0.012189999999999923
-0.019850000000000034,0.044520000000000004,-0.013870000000000049
-0.0043000000000000815,-0.028309999999999946,-0.009120000000000017
-0.009969999999999923,-0.02288000000000001,-0.01866000000000001
-0.013360000000000039,-0.002809999999999979,-0.005240000000000022
-0.17591999999999997,-0.18709999999999993,-0.035679999999999934
-0.136,-0.26106000000000007,-0.03547
-0.1372,-0.17144000000000004,-0.05208999999999997
-0.19560999999999995,-0.17524000000000006,-0.03485000000000005
-0.16873000000000005,-0.18267999999999995,-0.0343500000000001
-0.21029999999999993,0.0026399999999999757,-0.04735
-0.18101,-0.0012699999999999934,-0.030829999999999913
-0.18712000000000006,0.0005300000000000304,-0.02849999999999997
-0.30977,-0.0017199999999999438,-0.08743999999999996
-0.19455,-0.01483000000000001,-0.03817999999999999
-0.016900000000000026,-0.023480000000000056,-0.05881000000000003
-0.022789999999999977,-0.03350999999999993,-0.06681999999999999
-0.014940000000000064,-0.04805999999999999,-0.06872999999999996
-0.011639999999999984,-0.03777000000000008,-0.07072
-0.006619999999999959,-0.03900999999999999,-0.06645000000000001
-0.06337999999999999,-0.3033,-0.06835000000000002
-0.06974999999999998,-0.31294,-0.07638999999999996
-0.06201000000000001,-0.22728000000000004,-0.08084999999999998
-0.06772,-0.442,-0.07306999999999997
-0.055969999999999964,-0.43233,-0.07779999999999998
-0.33945000000000003,-0.09744999999999993,-0.046820000000000084
-0.29396,-0.08558999999999994,-0.062470000000000026
-0.3288500000000001,-0.07843,-0.019790000000000085
-0.34534,-0.06538,-0.05819999999999992
-0.33814999999999995,-0.07345000000000002,-0.0635699999999999
-0.49196000000000006,-0.15791,-0.013149999999999995
-0.49999,-0.16564,-0.011220000000000008
-0.4159300000000001,-0.11936000000000002,-0.016660000000000008
-0.46095,-0.12112,-0.007269999999999999
-0.44224,-0.12622,-0.05478000000000005
-0.07507999999999992,-0.02842,-0.06004999999999994
-0.09832999999999992,-0.04076000000000002,-0.07762999999999998
-0.10032000000000008,-0.03202000000000005,-0.03927000000000003
-0.10894000000000004,-0.03765000000000007,-0.04404000000000008
-0.11585999999999996,-0.04127999999999998,-0.09289999999999998
-0.013010000000000077,-0.040200000000000014,-0.01049
-0.39076,-0.034379999999999966,-0.016309999999999936
-0.01487000000000005,-0.04791000000000001,-0.01540000000000008
-0.014410000000000034,-0.036839999999999984,-0.012900000000000023
-0.009699999999999931,-0.044949999999999934,-0.016699999999999937
-0.46301000000000003,-0.11262000000000005,-0.08528999999999998
-0.43147,-0.09451999999999994,-0.24722
-0.50234,-0.08270999999999995,-0.10350999999999999
-0.51339,-0.06886000000000003,-0.26456
-0.5007699999999999,-0.10031000000000001,-0.25515
-0.04637999999999998,-0.03984999999999994,-0.08009999999999995
-0.029729999999999923,-0.027659999999999907,-0.08316999999999997
-0.03908999999999996,-0.029809999999999892,-0.04849000000000003
-0.04716000000000009,-0.05889,-0.07819000000000009
-0.041179999999999994,-0.03983999999999999,-0.07921
-0.13639999999999997,-0.23578,-0.016700000000000048
-0.43309,-0.22561999999999993,-0.017360000000000042
-0.39585000000000004,-0.26024,-0.01919000000000004
-0.40298,-0.22791000000000006,-0.019520000000000093
-0.14020999999999995,-0.27105999999999997,-0.02344999999999997
-0.27247,-0.03978000000000004,-0.026019999999999932
-0.26937,-0.05003000000000002,-0.024409999999999932
-0.04807000000000006,-0.04801,-0.018880000000000008
-0.08836,-0.03688999999999998,-0.022970000000000046
-0.25542,-0.14803,-0.026070000000000038
-0.23963999999999996,-0.11979000000000006,-0.08392
-0.05603999999999998,-0.13363999999999998,-0.10835000000000006
-0.28676999999999997,-0.12545000000000006,-0.10046
-0.02756000000000003,-0.09301999999999999,-0.059679999999999955
-0.06469999999999998,-0.10738999999999999,-0.08084000000000002
-0.5588299999999999,-0.08482,-0.08148999999999995
-0.59215,-0.08739000000000008,-0.12949
-0.57583,-0.11733000000000005,-0.14447
-0.58231,-0.06814999999999993,-0.09116000000000002
-0.62377,-0.06998000000000004,-0.19674000000000003
-0.4294899999999999,-0.02252999999999994,-0.52386
-0.40023000000000003,-0.00602999999999998,-0.49077000000000004
-0.43106,-0.01973999999999998,-0.50595
-0.43205000000000005,-0.03211000000000008,-0.26778
-0.42713999999999996,-0.009809999999999985,-0.5119199999999999
-0.44858,-0.04572999999999994,-0.46425
-0.46385000000000004,-0.043769999999999976,-0.51776
-0.5709299999999999,-0.03812000000000004,-0.5003799999999999
-0.53069,-0.0440299999999999,-0.48201999999999995
-0.52472,-0.04192999999999991,-0.44931
-0.03837999999999997,-0.005240000000000022,-0.00658000000000003
-0.05669999999999997,-0.017719999999999958,-0.026519999999999988
-0.031870000000000065,0.0025600000000000067,-0.03115000000000001
-0.05068000000000006,-0.08482,-0.014979999999999993
-0.06523000000000001,-0.012450000000000072,-0.013909999999999978
-0.73234,-0.11733000000000005,-0.058760000000000034
-0.49937,-0.11140000000000005,-0.04744999999999999
-0.044970000000000065,-0.09022999999999992,-0.049820000000000086
-0.07713999999999999,-0.09028000000000003,-0.07366000000000006
-0.025900000000000034,-0.10360000000000003,-0.06379000000000001
-0.04909999999999992,-0.053300000000000014,-0.04942000000000002
-0.041810000000000014,-0.034379999999999966,-0.04683000000000004
-0.04411999999999994,-0.04715999999999998,-0.06548999999999994
-0.05110999999999999,-0.05219000000000007,-0.05659000000000003
-0.05490000000000006,-0.06967000000000001,-0.05542999999999998
-0.2601399999999999,-0.07340999999999998,-0.008669999999999956
-0.25993,-0.08000000000000007,-0.009589999999999987
-0.26046,-0.057909999999999906,-0.016120000000000023
-0.26111000000000006,-0.11973999999999996,-0.005590000000000095
-0.25412,-0.05204999999999993,-0.00947000000000009
-0.01466999999999996,-0.06913000000000002,-0.04442999999999997
-0.0013900000000000023,-0.05970999999999993,-0.01154999999999995
-0.003469999999999973,-0.0767199999999999,-0.009419999999999984
-0.006850000000000023,-0.08391000000000004,-0.00611000000000006
-0.0030600000000000627,-0.05832999999999999,-0.03749000000000002
-0.42857,-0.03190000000000004,-0.007600000000000051
-0.4317,-0.028689999999999993,-0.013279999999999959
-0.45859000000000005,-0.032930000000000015,-0.008340000000000014
-0.66544,-0.026780000000000026,-0.010319999999999996
-0.48806,-0.039490000000000025,-0.00380999999999998
-0.04135999999999995,-0.01741999999999999,-0.03449000000000002
-0.049209999999999976,-0.011260000000000048,-0.03756999999999999
-0.03056000000000003,-0.010009999999999963,-0.029870000000000063
-0.03234999999999999,-0.010000000000000009,-0.031030000000000002
-0.030909999999999993,-0.012939999999999952,-0.04086999999999996
-0.36265000000000003,0.0007599999999999829,-0.21539000000000008
-0.33394,-0.0033999999999999586,-0.26813999999999993
-0.38535,0.0012499999999999734,-0.2642
-0.36910000000000004,0.0026799999999999047,-0.26985000000000003
-0.3287,0.003150000000000097,-0.27643000000000006
-0.19701000000000002,-0.038229999999999986,-0.007959999999999967
-0.68821,-0.05045999999999995,-0.011029999999999984
-0.21111999999999997,-0.04608000000000001,-0.008879999999999999
-0.14559999999999995,-0.03090000000000004,-0.009589999999999987
-0.5778399999999999,-0.05143999999999993,-0.0025999999999999357
-0.35826,-0.09804000000000002,-0.04732999999999998
-0.51973,-0.10035000000000005,-0.038839999999999986
-0.35414,-0.15116999999999992,-0.018630000000000035
-0.55764,-0.12163000000000002,-0.008410000000000029
-0.30572,-0.09153999999999995,-0.028220000000000023
-0.4696,-0.0973400000000001,-0.03210000000000002
-0.5056200000000001,-0.12150000000000005,-0.03986000000000001
-0.47268,-0.10994000000000004,-0.03408
-0.35797999999999996,-0.07577,-0.02029000000000003
-0.23915000000000008,-0.09741,-0.03805999999999998
-0.05120999999999998,-0.08150000000000002,-0.022440000000000015
-0.04371999999999998,-0.07210000000000005,-0.02729999999999999
-0.049270000000000036,-0.19452000000000003,-0.02919000000000005
-0.04426999999999992,-0.013739999999999974,-0.02199999999999991
-0.01538000000000006,-0.053159999999999985,-0.035660000000000025
-0.41494999999999993,-0.061409999999999965,-0.03626999999999991
-0.37785,-0.05942000000000003,-0.047250000000000014
-0.3714200000000001,-0.06565999999999994,-0.04961000000000004
-0.3448,-0.06838999999999995,-0.034619999999999984
-0.40617000000000003,-0.05403000000000002,-0.03849999999999998
-0.07778000000000007,0.011970000000000036,-0.018430000000000057
-0.11992999999999998,-0.019240000000000035,-0.03378999999999999
-0.1614,0.017299999999999982,-0.06418999999999997
-0.11802000000000001,-0.016469999999999985,-0.029999999999999916
-0.15022999999999997,0.004850000000000021,-0.01053000000000004
-0.015559999999999907,-0.02361000000000002,-0.05379999999999996
-0.023789999999999978,0.05083000000000004,-0.03824000000000005
-0.01741999999999999,-0.037150000000000016,-0.05337000000000003
-0.039080000000000004,-0.028409999999999935,-0.06874999999999998
-0.013929999999999998,-0.029189999999999938,-0.034599999999999964
-0.6173900000000001,-0.40837999999999997,-0.23672000000000004
-0.69597,-0.42283000000000004,-0.23829
-0.55649,-0.41586999999999996,-0.21611000000000002
-0.6739600000000001,-0.40652,-0.21505000000000007
-0.62283,-0.40739000000000003,-0.2046
-0.02417999999999998,-0.0032200000000000006,-0.0048599999999999755
-0.044769999999999976,-0.021849999999999925,-0.007410000000000028
0.0034399999999999986,-0.0017099999999999893,-0.009990000000000054
-0.014660000000000006,0.0034800000000000386,-0.016159999999999952
-0.02298,-0.00034999999999996145,-0.018020000000000036
-0.5057900000000001,-0.050590000000000024,-0.04502000000000006
-0.55475,-0.04966999999999999,-0.06001999999999996
-0.48142000000000007,-0.048350000000000004,-0.06567
-0.57601,-0.05561000000000005,-0.05568000000000006
-0.52465,-0.04642000000000002,-0.06540999999999997
-0.041569999999999996,-0.35192999999999997,0.015270000000000006
0.028299999999999992,-0.41598,-0.035640000000000005
-0.037959999999999994,-0.08399999999999996,-0.14005999999999996
-0.19679999999999997,-0.08440999999999999,0.019440000000000013
-0.19087999999999994,-0.055440000000000045,0.012910000000000088
0.00658000000000003,-0.05352000000000001,-0.06345999999999996
0.004750000000000032,-0.05266000000000004,-0.07721999999999996
-0.00279000000000007,-0.047820000000000085,-0.07929000000000008
-0.0018099999999999783,-0.07882999999999996,-0.06507000000000007
0.00023999999999990695,-0.057089999999999974,-0.07433000000000001
-0.62392,-0.06872999999999996,-0.0007599999999999829
-0.64086,-0.10144000000000009,0.005110000000000059
-0.66289,-0.10903000000000007,0.017040000000000055
-0.3316199999999999,-0.08431,-0.05565999999999993
-0.67907,-0.11087000000000002,0.014050000000000007
0.012279999999999958,-0.50868,0.0024799999999999267
-0.009719999999999951,-0.50746,-0.00924999999999998
0.035560000000000036,-0.51166,0.03716000000000008
0.02024999999999999,-0.48069999999999996,0.017240000000000033
-0.0020799999999999708,-0.46219,0.0009599999999999609
-0.11355000000000004,-0.009770000000000056,-0.07604
-0.11810999999999994,-0.01462999999999992,-0.08207999999999993
-0.014680000000000026,-0.013050000000000006,-0.06764000000000003
-0.005589999999999984,-0.01417999999999997,-0.07089000000000001
-0.010629999999999917,-0.010340000000000016,-0.07568999999999992
-0.25242999999999993,-0.03464999999999996,-0.07399
-0.24687000000000003,-0.04307000000000005,-0.08050000000000002
-0.23193000000000008,-0.023869999999999947,-0.07379000000000002
-0.27580000000000005,-0.038000000000000034,-0.07095000000000007
-0.25693999999999995,-0.04365000000000008,-0.06767999999999996
-0.32170999999999994,-0.002929999999999988,-0.06546999999999992
-0.32028,0.0011400000000000299,-0.06540999999999997
-0.37657000000000007,0.0017800000000000038,-0.07745000000000002
-0.36644999999999994,0.0015100000000000113,-0.05987999999999993
-0.33594,-0.0031199999999999006,-0.07663000000000009
-0.65028,-0.044499999999999984,-0.08974000000000004
-0.59814,-0.04779,-0.08559000000000005
-0.61534,-0.05008000000000001,-0.13134999999999997
-0.6443,-0.05172999999999994,-0.11163000000000001
-0.68476,-0.05775999999999992,-0.13744
-0.29435,0.003770000000000051,-0.13648000000000005
-0.32613000000000003,-0.0032999999999999696,-0.13712000000000002
-0.24224,0.002809999999999979,-0.1505200000000001
-0.24424999999999997,-0.004450000000000065,-0.11590999999999996
-0.25151999999999997,-0.0020600000000000618,-0.11420999999999992
-0.15647,-0.023009999999999975,-0.11439999999999995
-0.45896999999999993,-0.023330000000000073,-0.09210999999999991
-0.1381,0.052080000000000015,-0.06555
-0.29255,-0.035150000000000015,-0.09716000000000002
-0.13769999999999993,-0.012709999999999999,-0.09334999999999993
-0.008040000000000047,-0.02739999999999998,-0.002650000000000041
-0.006299999999999972,-0.02355000000000007,-0.0025199999999999667
-0.012970000000000037,-0.08907999999999994,-0.0020599999999999508
-0.007879999999999998,-0.034129999999999994,-0.0016500000000000403
-0.010399999999999965,-0.046070000000000055,-0.0012499999999999734
-0.56444,-0.35605,-0.18630999999999998
-0.56463,-0.3486699999999999,-0.39530999999999994
-0.5941700000000001,-0.31536,-0.08543
-0.56385,-0.32382,-0.14010999999999996
-0.5599700000000001,-0.34146999999999994,-0.10643000000000002
-0.242,-0.013319999999999999,-0.05234000000000005
-0.22419999999999995,-0.029100000000000015,-0.03508
-0.25672000000000006,-0.032220000000000026,-0.060719999999999996
-0.25546,-0.003970000000000029,-0.03362999999999994
-0.2581399999999999,-0.012769999999999948,-0.023329999999999962
-0.16960999999999993,-0.11510000000000009,-0.12532999999999994
-0.26649999999999996,-0.11774000000000007,-0.12736999999999998
-0.16744000000000003,-0.10977000000000003,-0.12335000000000007
-0.21265999999999996,-0.10913000000000006,-0.11206000000000005
-0.15385000000000004,-0.11365999999999998,-0.10692000000000002
-0.11489000000000005,-0.046929999999999916,-0.11243999999999998
-0.10597000000000001,-0.016470000000000096,-0.06874999999999998
-0.10067999999999999,-0.02304000000000006,-0.062039999999999984
-0.10014,-0.0686,-0.07431999999999994
-0.0916800000000001,-0.0583499999999999,-0.13213000000000008
-0.053159999999999985,-0.12596000000000007,-0.03565000000000007
-0.05946000000000007,-0.19194,-0.027469999999999994
-0.05008999999999997,-0.18807999999999991,-0.040470000000000006
-0.06646999999999992,-0.17445,-0.05720999999999998
-0.04774999999999996,-0.18001,-0.021050000000000013
-0.5248299999999999,0.010240000000000027,-0.2188199999999999
-0.5402399999999999,0.015579999999999927,-0.22975999999999996
-0.49088000000000004,-0.0041999999999999815,-0.23203000000000007
-0.53149,-0.0040999999999999925,-0.22935000000000005
-0.45153,0.00024999999999997247,-0.21475
-0.29561000000000004,-0.07845000000000002,-0.05493999999999999
-0.3048099999999999,-0.09213000000000005,-0.06520999999999999
-0.46536,-0.06504999999999994,-0.05674000000000001
-0.23818000000000006,-0.07012000000000007,-0.05961000000000005
-0.32103,-0.07674000000000003,-0.059209999999999985
-0.05728,-0.019809999999999994,-0.028240000000000043
-0.53377,-0.009060000000000068,-0.028999999999999915
-0.08087,-0.016089999999999938,-0.019909999999999983
-0.13773000000000002,-0.011190000000000033,0.005240000000000022
-0.07422000000000006,-0.016680000000000028,-0.025550000000000073
-0.0032600000000000406,-0.02263000000000004,-0.017059999999999964
-0.007479999999999931,-0.018260000000000054,-0.04521999999999993
-0.008939999999999948,-0.024660000000000015,-0.05005999999999999
-0.0017599999999999838,-0.01795000000000002,-0.028999999999999915
0.0027200000000000557,-0.01685000000000003,-0.03847999999999996
-0.046479999999999966,-0.24607999999999997,-0.007399999999999962
-0.044829999999999925,-0.2855,0.023410000000000042
-0.053079999999999905,-0.2721499999999999,-0.007679999999999909
-0.05791999999999997,-0.23999000000000004,0.0018000000000000238
-0.39336000000000004,-0.27471999999999996,-0.034460000000000046
-0.02906999999999993,-0.2806599999999999,-0.04043999999999992
-0.02326000000000006,-0.27142,-0.02556999999999998
-0.06503999999999999,-0.07185999999999992,-0.042080000000000006
-0.33136,-0.15302000000000004,-0.03398000000000001
-0.035270000000000024,-0.18425999999999998,-0.04525000000000001
-0.5327,-0.09414999999999996,-0.41246
-0.32566000000000006,-0.07907000000000008,-0.38994000000000006
-0.50075,-0.3409,-0.37731
-0.46354,-0.01030999999999993,-0.34885
-0.34581,-0.01654,-0.36303
-0.07262000000000002,-0.025969999999999938,-0.1392
-0.054690000000000016,-0.029290000000000038,-0.13997000000000004
-0.06860999999999995,-0.022889999999999966,-0.13356
-0.06830999999999998,-0.020339999999999914,-0.12901000000000007
-0.07218999999999998,-0.018789999999999973,-0.12695999999999996
-0.2577400000000001,-0.004449999999999954,-0.14211000000000007
-0.27737999999999996,-0.12478,-0.14344
-0.37507999999999997,-0.04398000000000002,-0.08518999999999999
-0.22765999999999997,-0.10755999999999999,-0.13176
-0.35604,-0.01093999999999995,-0.12268000000000001
-0.32799,-0.010360000000000036,-0.09836999999999996
-0.2711,-0.0007699999999999374,-0.08051999999999992
-0.377,-0.006750000000000034,-0.08597999999999995
-0.2766200000000001,-0.003920000000000035,-0.06583000000000006
-0.2702000000000001,-0.019870000000000054,-0.09800000000000009
-0.016429999999999945,-0.030039999999999956,-0.0037800000000000056
-0.03534000000000004,-0.025739999999999985,-0.007020000000000026
-0.02586999999999995,-0.028699999999999948,-0.003229999999999955
-0.03922999999999999,-0.00038000000000004697,-0.0027800000000000047
-0.03854999999999997,-0.01690999999999998,-0.005539999999999989
-0.003170000000000006,-0.016410000000000036,-0.03633999999999993
-0.0015100000000000113,0.06530999999999998,-0.04749000000000003
5.0000000000105516e-05,-0.010480000000000045,-0.0512999999999999
-0.0009199999999999209,-0.02729999999999999,-0.04952999999999996
-0.0031400000000000317,-0.28474,-0.049270000000000036
-0.008379999999999943,-0.19508000000000003,-0.03342999999999996
-0.017809999999999993,-0.15859999999999996,-0.028289999999999926
-0.014110000000000067,-0.12339,-0.024170000000000025
-0.020950000000000024,-0.16958000000000006,-0.028430000000000066
-0.007789999999999964,-0.19116,-0.02854000000000001
-0.18081999999999998,-0.03365999999999991,-0.062080000000000024
-0.13590999999999998,-0.034170000000000034,-0.04847000000000001
-0.17283000000000004,-0.013839999999999963,-0.050429999999999975
-0.15943000000000007,-0.028760000000000008,-0.04564999999999997
-0.6543000000000001,-0.01319999999999999,-0.04696
-0.2487100000000001,-0.22744999999999993,-0.03569
-0.25981,-0.17274999999999996,-0.028759999999999897
-0.28262,-0.1874,-0.03312999999999999
-0.24606000000000006,-0.17967,-0.02793000000000001
-0.27851000000000004,-0.22778999999999994,-0.03673000000000004
-0.36258,-0.20906000000000002,-0.08374999999999999
-0.39244,-0.10487999999999997,-0.09112000000000009
-0.38144,-0.1419800000000001,-0.06996999999999998
-0.32872999999999997,-0.1888399999999999,-0.10450000000000004
-0.36856999999999995,-0.11418000000000006,-0.19858999999999993
0.0011800000000000699,-0.20323000000000002,-0.019439999999999902
-0.01092000000000004,-0.15667999999999993,-0.009160000000000057
-0.05715999999999999,-0.17947999999999997,-0.028249999999999997
-0.03595999999999999,-0.21507999999999994,-0.011890000000000067
-0.05108999999999997,-0.11658999999999997,-0.01261000000000001
-0.6088899999999999,-0.19596999999999998,-0.09780999999999995
-0.60873,-0.14179000000000008,-0.08816000000000002
-0.6110099999999999,-0.1828399999999999,-0.22514999999999996
-0.62496,-0.16557,-0.09713000000000005
-0.6133,-0.14744000000000002,-0.07550000000000001
-0.73591,0.001960000000000073,-0.37715999999999994
-0.7280800000000001,-0.002990000000000048,-0.41457
-0.75408,0.00031000000000003247,-0.4109499999999999
-0.66822,-0.00027999999999994696,-0.042930000000000024
-0.7077600000000001,-0.008119999999999905,-0.4346500000000001
-0.027510000000000034,-0.5698,-0.36763
0.03973000000000004,-0.5227200000000001,-0.47716
-0.0033400000000000096,-0.3944,-0.35814999999999997
-0.51417,-0.33866,-0.3174100000000001
0.020029999999999992,-0.5202500000000001,-0.34650000000000003
-0.031730000000000036,-0.014980000000000104,-0.09105000000000008
-0.03849999999999998,-0.01715,-0.10414999999999996
-0.05678000000000005,-0.03216000000000008,-0.12870000000000004
-0.06990000000000007,-0.015880000000000005,-0.12003000000000008
-0.05227000000000004,-0.01636000000000004,-0.12906000000000006
-0.5762800000000001,-0.30237,-0.16476000000000002
-0.5815300000000001,-0.28535,-0.17382000000000009
-0.61168,-0.0884100000000001,-0.16452999999999995
-0.63367,-0.24781000000000009,-0.15471999999999997
-0.5151100000000001,-0.05195000000000005,-0.19651000000000007
-0.49744,-0.018830000000000013,-0.4448
-0.5126999999999999,-0.021050000000000013,-0.45555999999999996
-0.4609,-0.038999999999999924,-0.44419
-0.51318,-0.025109999999999966,-0.44618
-0.50625,-0.024969999999999937,-0.4285199999999999
-0.05184999999999995,-0.37084000000000006,-0.007079999999999975
-0.021669999999999967,-0.38877,-0.008519999999999972
-0.009599999999999942,-0.14209000000000005,-0.008489999999999998
-0.05076999999999998,-0.14751999999999998,-0.009730000000000016
-0.04187999999999992,-0.18274,-0.013170000000000015
-0.37054,-0.032749999999999946,-0.61156
-0.63706,-0.07606999999999997,-0.5654600000000001
-0.14669999999999994,-0.052200000000000024,-0.28742999999999996
-0.46129,-0.05125000000000002,-0.59176
-0.48280999999999996,-0.05295000000000005,-0.5191399999999999
-0.0038200000000000456,-0.0010700000000000154,-0.020360000000000045
0.005129999999999968,-0.0005300000000000304,-0.011970000000000036
-0.011969999999999925,-0.0036800000000000166,-0.009709999999999996
-0.00979999999999992,-0.0026599999999999957,-0.04896999999999996
-0.0015800000000000258,0.0011700000000000044,-0.023950000000000027
-0.37988,-0.019809999999999994,-0.01988000000000001
-0.38988,-0.031399999999999983,-0.018569999999999975
-0.38914000000000004,-0.013890000000000069,-0.012149999999999994
-0.39237,-0.013880000000000003,-0.021509999999999918
-0.3926400000000001,-0.018309999999999937,-0.010350000000000081
-0.3457300000000001,-0.07777999999999996,-0.1718400000000001
-0.22824,-0.0847,-0.14573999999999998
-0.4571200000000001,-0.07437000000000005,-0.18123
-0.4686100000000001,-0.07277,-0.18890000000000007
-0.46199999999999997,-0.03703000000000001,-0.15883000000000003
-0.43900000000000006,-0.04742000000000002,-0.030100000000000016
-0.67126,-0.003889999999999949,-0.030379999999999963
-0.40086999999999995,-0.04196,-0.03378000000000003
-0.30711,-0.012789999999999968,-0.03576999999999997
-0.26893999999999996,-0.015689999999999982,-0.028780000000000028
0.05976999999999999,-0.15442999999999996,0.08712999999999993
-0.004430000000000045,-0.17079999999999995,0.07033999999999996
0.007979999999999987,-0.14098,0.07530000000000003
-0.05408000000000002,-0.1938899999999999,0.03310000000000002
-0.011900000000000022,-0.15341000000000005,0.05317000000000005
-0.3416699999999999,-0.005569999999999964,-0.00924999999999998
-0.036030000000000006,-0.0038000000000000256,-0.043379999999999974
-0.03917999999999999,0.01081999999999994,-0.036799999999999944
-0.48436,-0.0017099999999999893,-0.007870000000000044
0.06411,-0.0008599999999999719,0.05726999999999993
-0.011830000000000007,-0.35985,-0.0023999999999999577
-0.11920999999999993,-0.4131,-0.04414999999999991
-0.02352999999999994,-0.3843,-0.044930000000000025
-0.03025,-0.3902500000000001,-0.02933999999999992
0.003730000000000011,-0.38688,-0.007369999999999988
-0.32302,-0.04066000000000003,-0.03189999999999993
-0.27466999999999997,-0.008750000000000036,-0.04497999999999991
-0.32089999999999996,-0.027529999999999943,-0.08001999999999998
-0.26949,-0.018369999999999997,-0.04376000000000002
-0.3136500000000001,-0.05567,-0.039490000000000025
-0.017000000000000015,-0.07501999999999998,-0.09897
-0.018199999999999994,-0.13883,-0.08447000000000005
-0.01824999999999999,-0.08846999999999994,-0.08448999999999995
-0.01884000000000008,-0.11560999999999999,-0.07925000000000004
-0.023890000000000078,-0.10715999999999992,-0.09048
-0.010189999999999921,-0.027059999999999973,-0.016409999999999925
-0.009610000000000007,-0.014680000000000026,-0.015790000000000082
-0.011029999999999984,0.0013699999999999823,-0.01167000000000007
-0.02414000000000005,-0.005119999999999902,-0.018730000000000024
-0.06157999999999997,-0.015350000000000086,-0.019160000000000066
-0.47080999999999995,-0.45651,-0.06864999999999999
-0.47072,-0.47243,-0.11584000000000005
-0.33724,-0.46655,-0.06774000000000002
-0.43374,-0.48205,-0.07318999999999998
-0.4531400000000001,-0.47027,-0.06961000000000006
-0.5917399999999999,-0.02198,-0.05016999999999994
-0.54308,-0.0019799999999999818,-0.13972000000000007
-0.45235000000000003,-0.005860000000000087,-0.18179
-0.51885,-0.010120000000000018,-0.522
-0.5398400000000001,-0.012749999999999928,-0.3909
-0.08302999999999994,-0.10420000000000007,-0.036880000000000024
-0.08016000000000001,-0.09863,-0.12273
-0.07618000000000003,-0.08975,-0.021540000000000004
-0.08225000000000005,-0.12755000000000005,-0.09518000000000004
-0.05893999999999999,-0.10321000000000002,-0.14371999999999996
-0.31711999999999996,-0.019459999999999922,-0.05681999999999998
-0.58949,-0.013330000000000064,-0.12702000000000002
-0.55977,-0.013820000000000054,-0.08581000000000005
-0.62629,-0.06738999999999995,-0.07807000000000008
-0.48855,-0.014079999999999981,-0.06967000000000001
-0.42072,-0.10519,-0.004449999999999954
-0.38756,-0.56716,-0.02100000000000002
-0.38105999999999995,-0.50408,-0.013109999999999955
-0.07589000000000001,-0.54623,-0.018490000000000006
-0.38613,-0.11995999999999996,-0.00602999999999998
-0.18348999999999993,-0.008670000000000067,-0.12602999999999998
-0.2257,-0.0007099999999999884,-0.11060000000000003
-0.16476000000000002,-0.006410000000000027,-0.12483999999999995
-0.14842,0.007469999999999977,-0.12135999999999991
-0.18425000000000002,-0.009990000000000054,-0.11939
-0.5323,-0.024469999999999992,-0.08375999999999995
-0.50725,-0.015680000000000027,-0.0730900000000001
-0.5113300000000001,-0.012520000000000087,-0.08217000000000008
-0.53121,-0.012539999999999996,-0.0837
-0.51787,-0.014700000000000046,-0.08002999999999993
-0.027680000000000038,-0.01580999999999999,-0.08616000000000001
-0.02593000000000001,-0.008680000000000021,-0.10294999999999999
-0.04046000000000005,-0.016429999999999945,-0.15347
-0.13373000000000002,-0.006849999999999912,-0.07259000000000004
-0.022730000000000028,-0.011619999999999964,-0.07766000000000006
-0.08312999999999993,0.014170000000000016,-0.057010000000000005
-0.19079000000000002,-0.05613000000000001,-0.06874999999999998
-0.0728399999999999,0.00827,-0.05985999999999991
-0.0822099999999999,-0.05286000000000002,-0.05228999999999995
-0.07657999999999998,0.006190000000000029,-0.06123999999999996
-0.00990000000000002,-0.14683999999999997,-0.005879999999999996
-0.026049999999999907,-0.13553000000000004,-0.00708999999999993
-0.015369999999999995,-0.19511999999999996,-0.011499999999999955
-0.01588999999999996,-0.07213000000000003,-0.009099999999999997
-0.01039000000000001,-0.18136000000000008,-0.00817000000000001
-0.0045799999999999175,-0.16884,-0.0049799999999999844
-0.0012499999999999734,-0.20206000000000002,0.00029000000000001247
-0.0036599999999999966,-0.20052999999999999,0.0010700000000000154
-0.0022699999999999942,-0.26464,0.0017399999999999638
-0.004870000000000041,-0.21684000000000003,-0.0018199999999999328
-0.5403600000000001,-0.056440000000000046,-0.04360000000000008
-0.50058,-0.03474999999999995,-0.023880000000000012
-0.49148,-0.06265999999999994,-0.026070000000000038
-0.47626999999999997,-0.07823000000000002,-0.10861999999999994
-0.5199400000000001,-0.028209999999999957,-0.03702000000000005
-0.08152000000000004,-0.06751000000000007,-0.14271999999999996
-0.10363,-0.06788000000000005,-0.11333000000000004
-0.05492999999999992,-0.07623999999999997,-0.11427999999999994
-0.04630000000000001,-0.07074000000000003,-0.12343000000000004
-0.06367,-0.07816999999999996,-0.11536999999999997
-0.19826,-0.027200000000000002,-0.10280999999999996
-0.23465000000000003,-0.040490000000000026,-0.08742000000000005
-0.72302,-0.07990999999999993,-0.08294000000000001
-0.20037000000000005,-0.05124000000000006,-0.10287999999999997
-0.59584,-0.03889000000000009,-0.08633999999999997
-0.67469,-0.012939999999999952,-0.19747000000000003
-0.64429,-0.012410000000000032,-0.13071
-0.66382,-0.0343,-0.08444999999999991
-0.66586,-0.008850000000000025,-0.12259000000000009
-0.65963,-0.009689999999999976,-0.28163000000000005
-0.14040999999999992,0.012680000000000025,-0.00649999999999995
-0.05720000000000003,0.02256999999999998,-0.0027199999999999447
-0.06514999999999993,0.023360000000000047,-0.006510000000000016
-0.05474000000000001,0.00656000000000001,-0.0030399999999999316
-0.04838999999999993,0.020279999999999965,-0.0038399999999999546
-0.007500000000000062,-0.07852999999999999,-0.01772000000000007
-0.0025500000000000522,-0.09667999999999999,-0.00886000000000009
-0.008120000000000016,-0.09616999999999998,-0.030140000000000056
-0.007349999999999968,-0.08431999999999995,-0.009469999999999978
-0.006120000000000014,-0.034440000000000026,-0.023370000000000002
-0.20589999999999997,-0.12480000000000002,-0.09809000000000001
-0.1134099999999999,-0.19071000000000005,-0.04872999999999994
-0.11712999999999996,-0.16781000000000001,-0.09916000000000003
-0.09228000000000003,-0.19985999999999993,-0.05390000000000006
-0.13084000000000007,-0.18754000000000004,-0.06491999999999998
-0.37803,0.015739999999999976,-0.014900000000000024
-0.30645,-0.05484,-0.023739999999999983
-0.38697000000000004,-0.019750000000000045,-0.015750000000000042
-0.38294,-0.011789999999999967,-0.02149000000000001
-0.40528000000000003,0.0015499999999999403,-0.019580000000000042
-0.004810000000000092,-0.58835,-0.015240000000000031
-0.43535,-0.5690999999999999,-0.07715000000000005
-0.47230999999999995,-0.5324599999999999,-0.05397999999999992
-0.43232000000000004,-0.54542,-0.035310000000000064
-0.5234300000000001,-0.48379,-0.06466000000000005
-0.07631999999999994,-0.010620000000000074,-0.058499999999999996
-0.06063000000000007,-0.01032999999999995,-0.02021000000000006
-0.08063000000000009,-0.011170000000000013,-0.05280000000000007
-0.04194999999999993,-0.005659999999999998,-0.03322999999999998
-0.049760000000000026,0.01146999999999998,-0.020950000000000024
-0.16693000000000002,-0.12278999999999995,-0.16143999999999992
-0.31471000000000005,-0.11701000000000006,-0.14170000000000005
-0.46338999999999997,-0.11014000000000002,-0.18481999999999998
-0.28614000000000006,-0.046109999999999984,-0.20936
-0.29984,-0.09799000000000002,-0.17167
-0.012319999999999998,-0.03381999999999996,0.005859999999999976
-0.03542999999999996,-0.010669999999999957,-0.035129999999999995
-0.01759999999999995,-0.04957999999999996,0.0022600000000000398
-0.026560000000000028,-0.03561000000000003,-0.0012900000000000134
-0.02811000000000008,-0.029569999999999985,-0.01601000000000008
-0.024840000000000084,-0.011460000000000026,-0.09535000000000005
0.0014199999999999768,-0.009569999999999967,-0.09732999999999992
-0.016659999999999897,-0.019519999999999982,-0.12344
-0.010749999999999926,-0.009469999999999978,-0.08423999999999998
-0.007689999999999975,-0.01485000000000003,-0.18723999999999996
-0.0049000000000000155,-0.12029000000000001,-0.0615
-0.0025399999999999867,-0.0870200000000001,-0.059069999999999956
-0.0036400000000000876,-0.06421999999999994,-0.03510000000000002
-0.003249999999999975,-0.02595000000000003,-0.033560000000000034
-0.00268999999999997,-0.059189999999999965,-0.05857000000000001
-0.4415800000000001,-0.08038999999999996,-0.08317000000000008
-0.30454000000000003,-0.12634,-0.06794
-0.35436,-0.10450999999999999,-0.08553
-0.39861,-0.13562999999999992,-0.09403000000000006
-0.38613,-0.1284200000000001,-0.08125000000000004
-0.58856,0.007280000000000064,-0.10006999999999999
-0.5422,0.02291999999999994,-0.06912000000000007
-0.58371,0.005980000000000096,-0.10313000000000005
-0.5986400000000001,0.007569999999999966,-0.010460000000000025
-0.55809,-0.004029999999999978,-0.42677
-0.447,-0.008870000000000045,0.0035999999999999366
-0.42988000000000004,-0.013080000000000092,-0.05478000000000005
-0.49468000000000006,-0.013310000000000044,-0.06814000000000009
-0.44362999999999997,-0.011199999999999988,-0.02425999999999995
-0.38685,-0.007290000000000019,0.011519999999999975
0.011929999999999996,-0.02514000000000005,-0.008199999999999985
-0.019240000000000035,-0.050879999999999925,-0.027800000000000047
-0.020179999999999976,-0.026639999999999997,-0.03366000000000002
-0.030630000000000046,-0.010589999999999988,-0.03270000000000006
-0.0032599999999999296,-0.018139999999999934,-0.013850000000000029
-0.4342600000000001,-0.013580000000000036,-0.05502000000000007
-0.40242999999999995,-0.01921000000000006,-0.043220000000000036
-0.5068300000000001,-0.01717000000000002,-0.09965000000000002
-0.2504799999999999,-0.018710000000000004,-0.04558999999999991
-0.39547,-0.02536000000000005,-0.06108999999999998
-0.3882899999999999,-0.08618999999999999,-0.05991999999999997
-0.41332,-0.10187999999999997,-0.020160000000000067
-0.41964,-0.07871000000000006,-0.02572999999999992
-0.4037299999999999,-0.06900000000000006,-0.030299999999999994
-0.41318,-0.047699999999999965,-0.03254999999999997
-0.20833000000000002,-0.0012400000000000189,-0.08380999999999994
-0.23473,-0.0021900000000000253,-0.07833000000000001
-0.15391,-0.006149999999999989,-0.09602
-0.16976999999999998,-0.009029999999999982,-0.10470000000000002
-0.15193,-0.0014399999999999968,-0.018369999999999997
-0.011909999999999976,-0.007319999999999993,0.0010399999999999299
-0.00546000000000002,-0.010220000000000007,-0.0014100000000000223
-0.006390000000000007,-0.0048000000000000265,-0.0011400000000000299
-0.009359999999999924,-0.03371999999999997,-0.003929999999999989
-0.008839999999999959,-0.0019599999999999618,-0.004569999999999963
-0.28435999999999995,-0.0016900000000000803,-0.04396
-0.17017000000000004,-0.0009600000000000719,-0.05264000000000002
-0.32411,0.0021999999999999797,-0.055910000000000015
-0.27801,0.00649999999999995,-0.06089
-0.37305,-0.0032200000000000006,-0.07156999999999991
-0.5663,-0.16229000000000005,-0.13934999999999997
-0.49846,-0.17097000000000007,-0.13013000000000008
-0.71633,-0.16879999999999995,-0.16359
-0.51159,-0.1782499999999999,-0.13361
-0.5299,-0.12337999999999993,-0.1342000000000001
-0.008890000000000065,0.011749999999999927,-0.005280000000000062
-0.04538999999999993,0.004170000000000007,-0.012169999999999903
-0.019220000000000015,0.007950000000000013,0.06383000000000005
-0.11154000000000008,0.007850000000000024,-0.03903000000000001
-0.06991999999999998,0.013379999999999947,0.010350000000000081
-0.20939999999999992,-0.044749999999999956,-0.029239999999999933
-0.31176,0.06493000000000004,0.02246999999999999
-0.20957000000000003,-0.02526000000000006,-0.030830000000000024
-0.27313999999999994,0.06298999999999999,-0.16157999999999995
-0.21264000000000005,0.07156000000000007,-0.21154000000000006
-0.017450000000000077,-0.005860000000000087,-0.03404000000000007
-0.01866000000000001,-0.024499999999999966,-0.02242999999999995
-0.02915000000000001,-0.06111,-0.02124999999999999
-0.009709999999999996,-0.10248000000000002,-0.010340000000000016
-0.004330000000000056,-0.005430000000000046,-0.010990000000000055
-0.36735000000000007,-0.04831999999999992,-0.05010000000000003
-0.48306000000000004,-0.04396,-0.03256000000000003
-0.41134999999999994,-0.03706000000000009,-0.06772999999999996
-0.44550000000000006,-0.034540000000000015,-0.051120000000000054
-0.43199000000000004,-0.01638000000000006,-0.03541000000000005
-0.0017300000000000093,-0.11926999999999999,-0.02973999999999999
-0.02796999999999994,-0.12422999999999995,-0.02947999999999995
-0.0035199999999999676,-0.08976000000000006,-0.03664999999999996
0.0013199999999999878,-0.03066000000000002,-0.03591
-0.004310000000000036,-0.026190000000000047,-0.03673000000000004
-0.06172999999999995,-0.010339999999999905,-0.08704999999999996
-0.56908,-0.003330000000000055,-0.08890999999999993
-0.43163000000000007,-0.0041399999999999215,-0.06919000000000008
-0.5471699999999999,-0.0040200000000000236,-0.00490999999999997
-0.47281,-0.005680000000000018,-0.12311000000000005
-0.34617000000000003,-0.15782000000000007,-0.00768000000000002
-0.16845,-0.12708999999999993,-0.023760000000000003
-0.14326000000000005,-0.14005,-0.029140000000000055
-0.1825,-0.15368000000000004,0.0026800000000000157
-0.47861,-0.12832999999999994,-0.022719999999999962
-0.69885,0.08640000000000003,-0.039429999999999965
-0.013589999999999991,0.14486,-0.034539999999999904
-0.21536,0.10897999999999997,-0.03678999999999999
-0.68087,0.05405000000000004,-0.028839999999999977
0.0032400000000000206,0.0337599999999999,-0.01049
-0.04314000000000007,-0.02849999999999997,-0.06808000000000003
-0.06263999999999992,-0.005820000000000047,-0.026369999999999894
-0.05715999999999999,-0.029220000000000024,-0.019600000000000062
-0.011660000000000004,-0.011739999999999973,-0.017000000000000015
-0.06298999999999999,-0.03613999999999995,-0.01795000000000002
-0.46426,0.010069999999999912,-0.13249
-0.42180999999999996,0.01312000000000002,-0.08035999999999999
-0.4295,0.08882000000000001,-0.09602
-0.41391,0.03320999999999996,-0.09727999999999992
-0.41975999999999997,0.03850000000000009,-0.09631999999999996
-0.053810000000000024,-0.03942000000000001,-0.03937999999999997
-0.11445000000000005,-0.03844000000000003,-0.010279999999999956
-0.0025300000000000322,-0.042730000000000046,-0.01041000000000003
-0.10011999999999999,-0.019259999999999944,-0.059350000000000014
-0.029830000000000023,-0.023009999999999975,-0.060919999999999974
-0.3238599999999999,-0.023329999999999962,-0.005900000000000016
-0.016979999999999995,-0.031769999999999965,-0.009359999999999924
0.0016100000000000003,-0.024129999999999985,-0.015269999999999895
0.01648000000000005,-0.03752,0.013929999999999998
-0.006249999999999978,-0.023660000000000014,-0.0021999999999999797
-0.06839000000000006,-0.10785999999999996,-0.056970000000000076
-0.14139000000000002,-0.11585000000000001,-0.07042999999999999
-0.07301000000000002,-0.11448999999999998,-0.10443000000000002
-0.11990999999999996,-0.12546000000000002,-0.09899000000000002
-0.07985000000000009,-0.12023000000000006,-0.043240000000000056
-0.1351,-0.024479999999999946,-0.006949999999999901
-0.011519999999999975,-0.009539999999999993,-0.0045799999999999175
-0.22523000000000004,-0.003469999999999973,-0.002670000000000061
-0.02090000000000003,-0.09453,-0.004390000000000005
-0.015839999999999965,0.010499999999999954,-0.005099999999999993
-0.53993,-0.03198999999999996,0.04056000000000004
-0.51061,-0.04520000000000002,0.04561000000000004
-0.53012,-0.05408999999999997,0.03881000000000001
-0.5442199999999999,-0.055259999999999976,0.07698000000000005
-0.5067200000000001,-0.04074,-0.21679000000000004
-0.09062000000000003,-0.015619999999999967,-0.06666000000000005
-0.10714999999999997,-0.02847999999999995,-0.08221
-0.13829000000000002,-0.023769999999999958,-0.07423999999999997
-0.10524999999999995,-0.029209999999999958,-0.07801000000000002
-0.33858999999999995,-0.018530000000000046,-0.09859999999999991
-0.049760000000000026,-0.1739400000000001,0.00027999999999994696
-0.05671000000000004,-0.14825,-0.005400000000000071
-0.09221999999999997,-0.09316999999999998,0.00036000000000002697
-0.03649999999999998,-0.10748999999999997,0.0029200000000000337
-0.009469999999999978,-0.20338,0.0017599999999999838
-0.02137,-0.12480000000000002,-0.10566000000000009
-0.027679999999999927,-0.10272999999999999,-0.09246999999999994
-0.05840000000000001,-0.10670000000000002,-0.10746
-0.02575000000000005,-0.10010000000000008,-0.10355000000000003
-0.01811000000000007,-0.09504000000000001,-0.09259000000000006
-0.3807,-0.07725000000000004,-0.03453000000000006
-0.36756999999999995,-0.03151999999999999,-0.04569000000000001
-0.39429,-0.02864,-0.04932000000000003
-0.37585999999999997,-0.043379999999999974,-0.04562999999999995
-0.36011999999999994,-0.11555000000000004,-0.032139999999999946
-0.27157,-0.04374,-0.03232999999999997
-0.48066999999999993,-0.05358000000000007,-0.01979999999999993
-0.41967,-0.07035999999999998,-0.023700000000000054
-0.44974000000000003,-0.055930000000000035,-0.02027000000000001
-0.35136999999999996,-0.04622000000000004,-0.08131999999999995
-0.026569999999999983,-0.007770000000000055,-0.058520000000000016
-0.06777,-0.007900000000000018,-0.05269999999999997
-0.10851999999999995,-0.006570000000000076,-0.04993000000000003
-0.02027000000000001,-0.003469999999999973,-0.04831999999999992
-0.07307000000000008,-0.010199999999999987,-0.02946000000000004
-0.19536999999999993,-0.06858999999999993,-0.01800999999999997
-0.1885,-0.07223000000000002,0.00994000000000006
-0.15193,-0.07423000000000002,-0.0008799999999999919
-0.13743000000000005,-0.0645,-0.010109999999999952
-0.16435999999999995,-0.08238999999999996,-0.033479999999999954
0.08216999999999997,-0.26044,-0.06534000000000006
0.07602999999999993,-0.2553599999999999,-0.057109999999999994
-0.05769000000000002,-0.29002000000000006,-0.05957000000000001
-0.05842999999999998,-0.18706,-0.06063000000000007
-0.08335999999999999,-0.19540000000000002,-0.05440999999999996
-0.51559,-0.04431000000000007,-0.03205000000000002
-0.6898200000000001,-0.04364000000000001,-0.030510000000000037
-0.67193,-0.04290000000000005,-0.027059999999999973
-0.66208,-0.07257999999999998,-0.040000000000000036
-0.66388,-0.05201,-0.026639999999999997
-0.15381,-0.44645,-0.15032999999999996
-0.34307,-0.48508000000000007,-0.10614000000000001
-0.44984999999999997,-0.48158,-0.13127999999999995
-0.12156,-0.56837,-0.09748000000000001
-0.39044,-0.54207,-0.10997000000000001
0.0013999999999999568,-0.15550000000000008,-0.021649999999999947
-0.25701000000000007,-0.09809000000000001,-0.025430000000000064
-0.04137000000000002,-0.14906000000000008,-0.01821000000000006
-0.0024899999999999922,-0.1361,-0.04266000000000003
-0.030710000000000015,-0.13097999999999999,-0.01994000000000007
-0.10031000000000001,-0.19114999999999993,-0.001060000000000061
-0.09658,-0.21689999999999998,0.005639999999999978
-0.032179999999999986,-0.21842000000000006,0.0011600000000000499
-0.11116999999999999,-0.50874,0.013249999999999984
-0.10089999999999999,-0.52295,-0.0001100000000000545
-0.46673,-0.05014000000000007,-0.03288000000000002
-0.4547300000000001,-0.06069000000000002,-0.05239000000000005
-0.45916,-0.03554999999999997,-0.03990000000000005
-0.47107999999999994,-0.04661000000000004,-0.04254999999999998
-0.49141999999999997,-0.034129999999999994,-0.03852
-0.38321000000000005,-0.07933999999999997,-0.032789999999999986
-0.38554999999999995,-0.06947999999999999,-0.059840000000000004
-0.35458999999999996,-0.15978000000000003,-0.03254999999999997
-0.38833000000000006,-0.08026,-0.04747000000000001
-0.33947000000000005,-0.026090000000000058,-0.04510000000000003
-0.47234,-0.038860000000000006,-0.017410000000000037
-0.44448,-0.04093000000000002,-0.016100000000000003
-0.50036,-0.038020000000000054,-0.013040000000000052
-0.46863999999999995,-0.03736000000000006,-0.017630000000000035
-0.4561200000000001,-0.04305000000000003,-0.017240000000000033
-0.18883000000000005,-0.00041000000000002146,-0.020610000000000017
-0.17292999999999992,0.026699999999999946,-0.035129999999999995
-0.11912999999999996,0.08858999999999995,-0.04228999999999994
-0.11241000000000001,0.007990000000000053,-0.02210000000000001
-0.11526000000000003,0.04246000000000005,-0.022710000000000008
-0.021639999999999993,-0.21846999999999994,-0.014560000000000017
-0.040159999999999973,0.035129999999999995,-0.02132999999999996
-0.03915999999999997,0.036150000000000015,-0.04620000000000002
-0.020869999999999944,0.0525000000000001,-0.021159999999999957
-0.08370999999999995,-0.1885,-0.0017199999999999438
-0.05575000000000008,-0.005689999999999973,-0.02648000000000006
-0.2673,-0.003469999999999973,-0.025989999999999958
-0.019449999999999967,-0.0031999999999999806,-0.030100000000000016
-0.29832000000000003,-0.003469999999999973,-0.007709999999999995
-0.30710000000000004,-0.007800000000000029,-0.03974999999999995
-0.38609000000000004,0.03108999999999995,-0.11285
-0.40146999999999994,0.014500000000000068,-0.15003999999999995
-0.42655,0.014880000000000004,-0.14757999999999993
-0.38835000000000003,0.03754000000000002,-0.07601999999999998
-0.38111,0.012240000000000029,-0.09323000000000004
-0.5148699999999999,-0.18325999999999998,-0.056660000000000044
-0.6577299999999999,-0.32287000000000005,-0.14619000000000004
-0.67138,-0.23561999999999994,-0.07064999999999999
-0.66971,-0.32565000000000005,-0.16227000000000003
-0.64742,-0.31665999999999994,-0.09374000000000005
-0.41528,-0.05445,-0.07245000000000001
-0.43127000000000004,-0.05464000000000002,-0.07530999999999999
-0.66344,-0.05796000000000001,-0.025229999999999975
-0.52808,-0.046800000000000064,-0.036679999999999935
-0.42024999999999996,-0.049449999999999994,-0.05323
-0.65724,-0.04635,-0.34736999999999996
-0.67455,-0.029710000000000014,-0.18211
-0.6730400000000001,-0.0464,-0.35785
-0.64605,-0.035989999999999966,-0.38776000000000005
-0.66589,-0.024399999999999977,-0.42133
-0.0037000000000000366,-0.009539999999999993,-0.010660000000000003
0.0005100000000000104,-0.010660000000000003,-0.1216299999999999
-0.011300000000000088,-0.006709999999999994,-0.0016900000000000803
0.010780000000000012,-0.007399999999999962,-0.22636
-0.010009999999999963,-0.00988,-0.015469999999999984
-0.14685000000000004,-0.42944000000000004,-0.06113999999999997
-0.15281,-0.4686,-0.09414999999999996
-0.14698,-0.025249999999999995,-0.06684000000000001
-0.17974999999999997,-0.45524,-0.07128000000000001
-0.09160000000000001,-0.46362000000000003,-0.07186999999999999
0.011310000000000042,-0.08604,-0.009220000000000006
-0.04471999999999998,-0.0668899999999999,-0.011780000000000013
-0.35827,-0.09965000000000002,-0.01152999999999993
-0.45256,-0.08956000000000008,-0.010249999999999981
0.012440000000000007,-0.07072,-0.01036999999999999
-0.48952000000000007,-0.030159999999999965,-0.09635000000000005
-0.5095099999999999,-0.06518000000000002,-0.09110999999999991
-0.5124,-0.05005999999999999,-0.11326999999999998
-0.51124,-0.06694,-0.08410000000000006
-0.51705,-0.04973000000000005,-0.10831999999999997
-0.06870999999999994,-0.08039999999999992,-0.04132999999999998
-0.47853999999999997,-0.04822000000000004,-0.06206999999999996
-0.48162999999999995,-0.08483000000000007,-0.05553999999999992
-0.09822999999999993,-0.13141000000000003,-0.07562999999999998
-0.07956999999999992,-0.05332999999999999,-0.04911999999999994
-0.07199,-0.020079999999999987,-0.017429999999999946
-0.04352,-0.01862000000000008,-0.06244000000000005
-0.08801000000000003,-0.05379999999999996,-0.09845999999999999
-0.04647000000000001,-0.015710000000000002,-0.018770000000000064
-0.06157999999999997,-0.05857000000000001,-0.061489999999999934
-0.030789999999999984,-0.0038600000000000856,-0.03180000000000005
-0.02522000000000002,0.0005299999999999194,-0.03569
0.0008900000000000574,0.00038000000000004697,-0.07182999999999995
-0.02139000000000002,-0.004170000000000007,-0.047640000000000016
-0.023370000000000002,-0.0009700000000000264,-0.02854000000000001
-0.63954,-0.0041200000000000125,-0.5321400000000001
-0.62377,-0.011190000000000033,-0.62955
-0.6270800000000001,0.010759999999999992,-0.59769
-0.5898699999999999,-0.003210000000000046,-0.5585499999999999
-0.60317,0.010660000000000003,-0.58738
-0.13780000000000003,-0.16395000000000004,-0.02088000000000001
-0.07519999999999993,-0.30054000000000003,-0.049899999999999944
-0.19379000000000002,-0.09484000000000004,-0.033949999999999925
-0.14226000000000005,-0.20014999999999994,-0.040939999999999976
-0.11303000000000007,-0.11898999999999993,-0.02041000000000004
-0.05606999999999995,-0.14052999999999993,-0.06316999999999995
-0.09623999999999999,-0.13856999999999997,-0.03462999999999994
-0.04979,-0.13994000000000006,0.03646000000000005
-0.06733999999999996,-0.16627999999999998,0.03709000000000007
-0.08767999999999998,-0.17669999999999997,0.0403
-0.46973,-0.005580000000000029,0.016240000000000032
-0.44406,-0.014020000000000032,-0.00017000000000000348
-0.50241,0.005560000000000009,-0.03998999999999997
-0.39572000000000007,-0.0040999999999999925,0.011839999999999962
-0.46765999999999996,-0.0011200000000000099,0.032970000000000055
-0.041240000000000054,-0.030179999999999985,-0.007530000000000037
-0.047050000000000036,-0.03155999999999992,-0.012340000000000018
-0.03422999999999998,-0.03161999999999998,0.0007599999999999829
-0.14731000000000005,-0.024520000000000097,-0.0021900000000000253
-0.056640000000000024,-0.028260000000000063,-0.003410000000000024
-0.05158000000000007,-0.00880000000000003,-0.08162999999999998
-0.08407000000000009,-0.012760000000000105,-0.09059000000000006
-0.05784,-0.024469999999999992,-0.06655999999999995
-0.037760000000000016,-0.0024200000000000887,-0.08052999999999999
-0.047880000000000034,-0.030159999999999965,-0.07447000000000004
-0.5864900000000001,-0.004530000000000034,-0.036680000000000046
-0.60189,-0.003430000000000044,-0.026650000000000063
-0.64202,-0.004049999999999998,-0.07272
-0.6033900000000001,-0.005360000000000031,-0.06291000000000002
-0.5748800000000001,-0.0049200000000000355,-0.03378999999999999
-0.26561,-0.05319000000000007,-0.018889999999999962
-0.20334999999999992,-0.03283999999999998,-0.07822999999999991
-0.17991999999999997,-0.04466999999999999,-0.08340999999999998
-0.34748999999999997,-0.03773000000000004,-0.08975999999999995
-0.37660000000000005,-0.04725999999999997,-0.07084999999999997
-0.016759999999999997,-0.00817000000000001,-0.0008100000000000884
-0.020460000000000034,-0.02141000000000004,-0.023050000000000015
-0.06340999999999997,-0.05748000000000009,-0.02252999999999994
-0.65513,-0.03261999999999998,0.0017700000000000493
-0.022360000000000047,-0.020299999999999985,0.009950000000000014
-0.21436999999999995,-0.059640000000000026,-0.035679999999999934
-0.15573000000000004,-0.013070000000000026,-0.03857999999999995
-0.4054,-0.03261000000000003,-0.03817999999999999
-0.33313000000000004,-0.030610000000000026,-0.03486
-0.31766000000000005,0.016190000000000038,-0.03761000000000003
-0.045950000000000046,-0.011450000000000071,-0.05364000000000002
-0.04601999999999995,-0.010600000000000054,-0.026029999999999998
-0.047760000000000025,-0.006400000000000072,-0.04524000000000006
-0.04191999999999996,-0.02124999999999999,-0.04625000000000001
-0.054199999999999915,-0.009660000000000002,-0.04727999999999999
-0.45233999999999996,-0.11111000000000004,-0.07479999999999998
-0.40935,-0.07350000000000001,-0.01902999999999999
-0.41725999999999996,-0.09950999999999999,-0.016290000000000027
-0.33279000000000003,-0.15034999999999998,-0.024130000000000096
-0.42804000000000003,-0.09331,-0.06335999999999997
-0.27747,-0.09393000000000007,-0.24996000000000007
-0.29430999999999996,-0.09511999999999998,-0.27066999999999997
-0.03775000000000006,-0.06858999999999993,-0.21123000000000003
-0.22243999999999997,-0.060390000000000055,-0.07123000000000002
-0.021050000000000013,-0.05017000000000005,-0.011709999999999998
-0.04557,0.004670000000000063,-0.11195
-0.020750000000000046,-0.010039999999999938,-0.05783000000000005
-0.03313999999999995,-0.006960000000000077,-0.0635
-0.07531999999999994,-0.013650000000000051,-0.07501000000000002
-0.07351000000000008,-0.010889999999999955,-0.09915000000000007
0.0009599999999999609,-0.0393,0.01637999999999995
0.00875999999999999,-0.05370000000000008,0.01471
-0.0008700000000000374,-0.05116999999999994,0.003629999999999911
0.011349999999999971,-0.05742999999999998,-0.01485000000000003
0.012429999999999941,-0.05599999999999994,0.005279999999999951
-0.08991000000000005,-0.026800000000000046,-0.23301000000000005
-0.06129000000000007,-0.03398000000000001,-0.22033999999999998
-0.06025999999999998,-0.014880000000000004,-0.21917999999999993
-0.07635999999999998,-0.00817000000000001,-0.21851999999999994
-0.06469000000000003,-0.013919999999999932,-0.21375
-0.5712900000000001,-0.0007300000000000084,-0.18159000000000003
-0.50658,-0.003230000000000066,-0.49783999999999995
-0.55638,-0.0030000000000000027,-0.4677
-0.52275,-0.0016200000000000658,-0.47266
-0.5477799999999999,-0.0041400000000000325,-0.46368000000000004
-0.29479,-0.06879000000000002,-0.08135999999999999
-0.26868000000000003,-0.07669999999999999,-0.06988000000000005
-0.33311,-0.012130000000000085,-0.08401000000000003
-0.2914800000000001,-0.04194999999999993,-0.23392000000000002
-0.25808,-0.06901999999999997,-0.06711999999999996
-0.50135,-0.12348999999999999,-0.44118999999999997
-0.49681000000000003,-0.15824000000000005,-0.46015000000000006
-0.51583,-0.1516900000000001,-0.37029999999999996
-0.37168,-0.14992000000000005,-0.47170999999999996
-0.57094,-0.11512999999999995,-0.5301800000000001
-0.14268999999999998,-0.005850000000000022,-0.007970000000000033
-0.09777999999999998,-0.005809999999999982,-0.021039999999999948
-0.15327000000000002,-0.0049799999999999844,-0.0030800000000000827
-0.0868199999999999,-0.03968000000000005,-0.00710999999999995
-0.09577999999999998,-0.06392999999999993,-0.007969999999999922
-0.02182000000000006,-0.008240000000000025,-0.005160000000000053
-0.030549999999999966,-0.014959999999999973,-0.006789999999999963
-0.014070000000000027,-0.008360000000000034,-0.0025100000000000122
-0.015569999999999973,-0.009800000000000031,-0.005939999999999945
-0.041020000000000056,-0.013569999999999971,-0.007200000000000095
-0.23832999999999993,-0.07916000000000001,-0.22100999999999993
-0.31755,-0.08122999999999991,-0.048250000000000015
-0.6704300000000001,-0.06613999999999998,-0.24108000000000007
-0.6140399999999999,-0.060289999999999955,-0.017100000000000004
-0.4493,-0.07300000000000006,0.00609000000000004
-0.55697,-0.36946,-0.28731000000000007
-0.6045499999999999,-0.49944000000000005,-0.3097
-0.52617,-0.38196,-0.14905000000000002
-0.32677,-0.37065,-0.22938000000000003
-0.41820999999999997,-0.46339,-0.20040999999999998
-0.019100000000000006,-0.06307000000000007,-0.007050000000000001
-0.02146999999999999,-0.07333,-0.03215000000000001
-0.02021000000000006,-0.07586999999999999,-0.02234999999999998
-0.030259999999999954,-0.05789999999999995,-0.02859999999999996
-0.007530000000000037,-0.07316999999999996,-0.0013400000000000079
-0.007600000000000051,-0.12863999999999998,-0.06129000000000007
-0.01030999999999993,-0.10939999999999994,-0.06513000000000002
-0.009770000000000056,-0.11298000000000008,-0.06839000000000006
-0.06128,-0.07825000000000004,-0.07139999999999991
-0.008850000000000025,-0.08386000000000005,-0.06523000000000001
-0.014190000000000036,-0.04156000000000004,-0.01039000000000001
-0.0042200000000000015,-0.03447,-0.009589999999999987
-0.021079999999999988,-0.026490000000000014,-0.016210000000000058
-0.021540000000000004,-0.042179999999999995,-0.00990000000000002
-0.02434000000000003,-0.04010999999999998,-0.012730000000000019
-0.018160000000000065,-0.09681000000000006,-0.07934000000000008
-0.03664999999999996,-0.13885000000000003,-0.10224999999999995
-0.018809999999999993,-0.09699999999999998,-0.07217000000000007
-0.03351000000000004,-0.07264999999999999,-0.10602
-0.011329999999999951,-0.05386999999999997,-0.06657999999999997
-0.4124899999999999,-0.005549999999999944,-0.28898999999999997
-0.54866,-0.0045999999999999375,-0.20022000000000006
-0.4185,-0.0043199999999999905,-0.21586000000000005
-0.55094,-0.005469999999999975,-0.21908000000000005
-0.4179799999999999,-0.005789999999999962,-0.23856
-0.009840000000000071,-0.11651,0.0014399999999999968
-0.017939999999999956,-0.12812999999999997,0.0024800000000000377
0.0013400000000000079,-0.10616999999999999,0.00766
-0.018379999999999952,-0.1158800000000001,-0.003949999999999898
-0.009539999999999993,-0.10909000000000002,-0.008549999999999947
-0.008789999999999965,-0.02100000000000002,-0.010070000000000023
-0.006220000000000003,-0.04843999999999993,-0.011369999999999991
-0.006360000000000032,-0.07015000000000005,0.00014999999999998348
-0.006460000000000021,-0.08587999999999996,-0.015009999999999968
-0.010690000000000088,-0.06363000000000008,-0.016859999999999986
-0.46911,-0.07711999999999997,-0.0014400000000001079
-0.01972000000000007,-0.06912999999999991,0.014399999999999968
-0.50678,-0.05342999999999998,0.012189999999999923
-0.02033000000000007,-0.0646699999999999,0.010059999999999958
-0.021359999999999935,-0.05005999999999999,0.01149
-0.2931999999999999,-0.007280000000000064,-0.10141
-0.28606,-0.08989000000000003,-0.06281999999999999
-0.25229999999999997,0.010270000000000001,-0.06652000000000002
-0.3014800000000001,-0.08381000000000005,-0.08652000000000004
-0.3112299999999999,-0.0023800000000000487,-0.11325999999999992
-0.27692000000000005,-0.03501999999999994,-0.07562000000000002
-0.26317,-0.03917999999999999,-0.031200000000000006
-0.31988000000000005,-0.03356999999999999,-0.030140000000000056
-0.39358000000000004,-0.03854000000000002,-0.04679999999999995
-0.1763,-0.08381000000000005,-0.00495000000000001
-0.021830000000000016,-0.032280000000000086,-0.03778999999999999
-0.12183,-0.030970000000000053,-0.027800000000000047
-0.12094999999999989,-0.021459999999999924,-0.04312999999999989
0.011239999999999917,-0.01485000000000003,-0.036190000000000055
-0.005049999999999999,-0.003290000000000015,-0.04576000000000002
-0.07925000000000004,-0.03181999999999996,-0.08774000000000004
-0.08016999999999996,-0.03088000000000002,-0.07867999999999997
-0.08185999999999993,-0.030179999999999985,-0.05933999999999995
-0.06840999999999997,-0.014929999999999999,-0.07856999999999992
-0.045499999999999985,-0.009629999999999916,-0.02686999999999995
-0.23922999999999994,-0.00380999999999998,-0.0011999999999999789
-0.25925999999999993,-0.0032599999999999296,-0.08899999999999997
-0.24547999999999992,-0.006809999999999983,-0.09315999999999991
-0.18030000000000002,-0.0044600000000000195,-0.015449999999999964
-0.26986,-0.0047000000000000375,-0.04608000000000001
-0.28891999999999995,-0.08147000000000004,-0.13959999999999995
-0.11260000000000003,-0.06228,-0.0013900000000000023
-0.13885000000000003,-0.07569000000000004,-0.004349999999999965
-0.15871999999999997,-0.41857,-0.005539999999999989
-0.14473000000000003,-0.09672999999999998,-0.02037
-0.05005999999999999,-0.024900000000000033,-0.011499999999999955
-0.04461000000000004,-0.025209999999999955,-0.029349999999999987
-0.05918000000000001,-0.027429999999999954,-0.015800000000000036
-0.05007000000000006,-0.019039999999999946,-0.027410000000000045
-0.043850000000000056,-0.027120000000000033,-0.05789
-0.03809000000000007,-0.0014999999999999458,-0.027610000000000023
-0.20445000000000002,0.0027800000000000047,-0.03593000000000002
-0.16017000000000003,0.00027999999999994696,-0.044050000000000034
-0.046009999999999995,0.003869999999999929,-0.04128999999999994
-0.29033999999999993,-0.003190000000000026,-0.04352999999999996
-0.5852200000000001,-0.1386900000000001,-0.005349999999999966
-0.6543100000000001,-0.029569999999999985,-0.021720000000000073
-0.5529999999999999,-0.019540000000000002,-0.023639999999999994
-0.65063,-0.10697000000000001,-0.03353000000000006
-0.61646,-0.1452199999999999,-0.02039000000000002
-0.056379999999999986,-0.05588000000000004,-0.17547999999999997
-0.044420000000000015,-0.1956199999999999,-0.15849000000000002
-0.03554999999999997,-0.06730000000000003,-0.16230999999999995
-0.07430000000000003,-0.01625999999999994,-0.05993999999999999
-0.026120000000000032,-0.19813999999999998,-0.15553000000000006
-0.27949999999999997,-0.007830000000000004,-0.1331
-0.26456,-0.03759999999999997,-0.08935000000000004
-0.2664599999999999,-0.006510000000000016,-0.10287999999999997
-0.26979,-0.08123000000000002,-0.11845000000000006
-0.24488,-0.00831000000000004,-0.07933000000000001
-0.35351999999999995,-0.008180000000000076,-0.01676999999999995
-0.44706,-0.006489999999999996,-0.022209999999999952
-0.48184000000000005,-0.019220000000000015,-0.00387000000000004
-0.30413,-0.006870000000000043,-0.01432
-0.51613,-0.012739999999999974,-0.016689999999999983
-0.15633999999999992,-0.14215,-0.006799999999999917
-0.07057000000000002,-0.15503999999999996,-0.006170000000000009
-0.30612000000000006,-0.14290000000000003,-0.029769999999999963
-0.3977200000000001,-0.09955999999999998,-0.016410000000000036
-0.06522000000000006,-0.12196999999999991,-0.01485000000000003
-0.261,0.0044000000000000705,-0.04231000000000007
-0.34231999999999996,-0.01711000000000007,-0.045030000000000014
-0.32502,-0.008740000000000081,-0.05388999999999999
-0.21855000000000002,0.0037800000000000056,-0.04634000000000005
-0.25805,0.011130000000000084,-0.023890000000000078
-0.03917999999999999,-0.13696000000000008,-0.016000000000000014
-0.15895000000000004,-0.17454999999999998,-0.018960000000000088
-0.15847999999999995,-0.19611999999999996,-0.029100000000000015
-0.16717000000000004,-0.17237999999999998,-0.015470000000000095
-0.16347,-0.14190999999999998,-0.016800000000000037
-0.06486000000000003,-0.06642999999999999,-0.06730999999999998
-0.23858999999999997,-0.039040000000000075,-0.09699999999999998
-0.059029999999999916,-0.06752000000000002,-0.08412999999999993
-0.08245000000000002,-0.05665999999999993,-0.09960000000000002
-0.34726000000000007,-0.060230000000000006,-0.1438600000000001
-0.11107,-0.12100999999999995,-0.014290000000000025
-0.18423,-0.22608000000000006,-0.03209000000000006
-0.11487999999999998,-0.18574000000000002,-0.01428000000000007
-0.062039999999999984,-0.12614999999999998,-0.03473999999999999
-0.27205,-0.19165,-0.09441
-0.05237999999999998,-0.012570000000000081,-0.019830000000000014
-0.05510999999999999,-0.01468999999999998,-0.006789999999999963
-0.05406,-0.01207999999999998,-0.02182000000000006
-0.04537000000000002,-0.011099999999999999,-0.02146999999999999
-0.04357,-0.011719999999999953,-0.01051000000000002
-0.28081999999999996,-0.021069999999999922,-0.05886999999999998
-0.33758,-0.029710000000000014,-0.06539000000000006
-0.25270000000000004,-0.02800999999999998,-0.05959000000000003
-0.23397,-0.02564999999999995,-0.057520000000000016
-0.31809,-0.023599999999999954,-0.05293999999999999
-0.57141,-0.56907,-0.30476000000000003
-0.56329,-0.44641999999999993,-0.28118999999999994
-0.57036,-0.56378,-0.25587000000000004
-0.45415,-0.42339000000000004,-0.2247
-0.54718,-0.59429,-0.22161999999999993
-0.02505999999999997,-0.06480999999999992,-0.039309999999999956
-0.018769999999999953,-0.06905000000000006,-0.07575999999999994
-0.02407999999999999,-0.060149999999999926,-0.06953999999999994
-0.022660000000000013,-0.053649999999999975,-0.10516000000000003
-0.12448999999999999,-0.06762999999999997,-0.09843000000000002
-0.55891,-0.07196000000000002,-0.1149
-0.63204,-0.08357999999999999,-0.11530000000000007
-0.66171,-0.06931999999999994,-0.11019000000000001
-0.57965,-0.07399999999999995,-0.09992000000000001
-0.62981,-0.08011999999999997,-0.13073
-0.11504000000000003,-0.18973000000000007,-0.010180000000000078
-0.28551000000000004,-0.18208000000000002,-0.19712000000000007
-0.12731000000000003,-0.12871,-0.05571000000000004
-0.13844999999999996,-0.1373000000000001,-0.06169999999999998
-0.29993000000000003,-0.16959000000000002,-0.08126
-0.46691,-0.04461000000000004,-0.08984999999999999
-0.50847,-0.05674999999999997,-0.12304000000000004
-0.53842,-0.07040000000000002,-0.09909000000000001
-0.29551000000000005,-0.014059999999999961,-0.08615000000000006
-0.3266199999999999,-0.02886999999999995,-0.08151999999999993
-0.11055000000000004,-0.005390000000000006,-0.37707
-0.10924999999999996,-0.009319999999999995,-0.3791199999999999
-0.04536999999999991,-0.0039000000000000146,-0.2742
-0.08826999999999996,-0.01083999999999996,-0.20670999999999995
-0.015900000000000025,0.01314000000000004,-0.31342000000000003
-0.18442000000000003,-0.000140000000000029,-0.07333
-0.49448,-0.004989999999999939,-0.06625999999999999
-0.26934,0.0033600000000000296,-0.04635999999999996
-0.60711,-0.0010200000000000209,-0.01434000000000002
-0.23282999999999998,-0.003510000000000013,0.011820000000000053
-0.1471300000000001,-0.5223800000000001,-0.02017000000000002
-0.1594,-0.58649,-0.03872000000000009
-0.15160000000000007,-0.58236,-0.02368999999999999
-0.16233000000000009,-0.52332,-0.03856000000000004
-0.14683000000000002,-0.59568,-0.026919999999999944
-0.013050000000000006,0.0012600000000000389,-0.04466000000000003
-0.018440000000000012,-0.005689999999999973,-0.03939999999999999
-0.012830000000000008,0.0018899999999999473,-0.03884999999999994
-0.017430000000000057,-0.0048800000000001065,-0.04979
-0.013799999999999923,0.0010499999999999954,-0.04681000000000002
-0.12003999999999992,-0.08186000000000004,-0.03289999999999993
-0.15747,-0.07741999999999993,-0.03033000000000008
-0.08217000000000008,-0.36637999999999993,-0.029610000000000025
-0.15746000000000004,-0.11146,-0.030360000000000054
-0.12136999999999998,0.002929999999999988,-0.008070000000000022
-0.65734,-0.06422000000000005,-0.04959999999999998
-0.66179,-0.05008000000000001,-0.02410000000000001
-0.63639,-0.07321,-0.006990000000000052
-0.6732199999999999,-0.08850000000000002,-0.025679999999999925
-0.67257,-0.08150000000000002,-0.010579999999999923
-0.51189,-0.16981000000000002,-0.45223
-0.48064000000000007,-0.23068,-0.19585000000000008
-0.5418,-0.16854999999999998,-0.55413
-0.51081,-0.19642000000000004,-0.07956000000000008
-0.49799,-0.24844,-0.53771
-0.42413,-0.04288000000000003,-0.13549
-0.43667999999999996,-0.007020000000000026,-0.22624999999999995
-0.4382299999999999,-0.039040000000000075,-0.13356999999999997
-0.46602,-0.01193999999999995,-0.26315999999999995
-0.41181,-0.0042200000000000015,-0.25429
-0.5044900000000001,-0.053730000000000055,-0.55449
-0.51525,-0.07882999999999996,-0.56228
-0.5527799999999999,-0.06654000000000004,-0.5104199999999999
-0.42128999999999994,-0.05728,-0.48292
-0.53515,-0.060639999999999916,-0.47437999999999997
-0.50362,-0.01587000000000005,-0.18938
-0.52901,-0.026350000000000096,-0.1636200000000001
-0.44741,-0.021419999999999995,-0.16157999999999995
-0.5341400000000001,-0.029409999999999936,-0.14343000000000006
-0.45898999999999995,-0.028569999999999984,-0.1562699999999999
-0.017670000000000075,-0.25759999999999994,-0.0009900000000000464
-0.021579999999999933,-0.08119999999999994,-0.013129999999999975
-0.03562999999999994,-0.09022000000000008,-0.016579999999999928
0.012299999999999978,-0.08872000000000002,-0.010330000000000061
-0.027270000000000016,-0.08979000000000004,-0.009510000000000018
-0.36697,-0.02193999999999996,-0.08600999999999992
-0.32349000000000006,-0.020090000000000052,-0.09916000000000003
-0.36795999999999995,-0.021280000000000077,-0.06921999999999995
-0.45282,-0.020429999999999948,-0.11141000000000001
-0.36380999999999997,-0.025660000000000016,-0.0887
-0.005049999999999999,-0.07228000000000001,-0.024909999999999988
-0.005650000000000044,-0.07514999999999994,-0.02597000000000005
-0.006690000000000085,-0.03859000000000001,-0.04735
-0.01805000000000001,-0.04916000000000009,-0.06103999999999998
-0.010420000000000096,-0.016780000000000017,-0.041730000000000045
-0.6241699999999999,-0.01152999999999993,-0.04969000000000001
-0.66306,-0.002950000000000008,-0.03272000000000008
-0.58116,-0.026140000000000052,-0.015589999999999993
-0.5202100000000001,-0.024679999999999924,-0.03308
-0.50179,-0.002589999999999981,0.019869999999999943
-0.007530000000000037,-0.06379000000000001,-0.06325000000000003
-0.011120000000000019,-0.08289000000000002,-0.061799999999999966
-0.010379999999999945,-0.09233999999999998,-0.07325999999999999
-0.011460000000000026,-0.0801900000000001,-0.06581999999999999
-0.011660000000000004,-0.09304999999999997,-0.04537000000000002
-0.5484899999999999,-0.062039999999999984,-0.04140999999999995
-0.5408,-0.07930000000000004,-0.05640999999999996
-0.56247,-0.08318999999999999,-0.03588000000000002
-0.5796699999999999,-0.038430000000000075,-0.08843000000000001
-0.5274699999999999,-0.08538999999999997,0.0034400000000001096
-0.59826,-0.06323999999999996,-0.3363499999999999
-0.69815,-0.09909000000000001,-0.35678
-0.52367,-0.050329999999999986,-0.37798
-0.57328,-0.04515000000000002,-0.31072999999999995
-0.60809,-0.05789999999999995,-0.29158000000000006
-0.19952999999999999,-0.006940000000000057,-0.16564
-0.22832000000000008,-0.008429999999999938,-0.19795000000000007
-0.10870000000000002,-0.005489999999999995,-0.15065000000000006
-0.18072999999999995,-0.012149999999999994,-0.17506
-0.17679,-0.00988,-0.14946000000000004
-0.38492000000000004,-0.006879999999999997,-0.39763000000000004
-0.38109000000000004,0.0033600000000000296,-0.40284
-0.48849,-0.010310000000000041,-0.38644999999999996
-0.39852,-0.010689999999999977,-0.34426
-0.5623800000000001,-0.00721000000000005,-0.33824
-0.04127999999999998,-0.02429999999999999,-0.037880000000000025
-0.026469999999999994,0.009669999999999956,-0.06718000000000002
-0.04932000000000003,-0.03051999999999999,-0.07078000000000007
-0.08733999999999997,-0.03933999999999993,-0.013809999999999989
-0.16514000000000006,0.0012199999999999989,-0.05223
0.004870000000000041,-0.017819999999999947,-0.10921999999999998
-0.009139999999999926,-0.004570000000000074,-0.10183999999999993
0.0010900000000000354,-0.020589999999999997,-0.08936
-0.006610000000000005,-0.02361000000000002,-0.09175
0.021460000000000035,-0.0040599999999999525,-0.07761999999999991
-0.29833999999999994,0.01907000000000003,-0.14179999999999993
-0.2574200000000001,0.0041400000000000325,-0.11536000000000002
-0.27798,-0.0121,-0.11445000000000005
-0.27998,-0.009500000000000064,-0.11284000000000005
-0.28517000000000003,-0.034949999999999926,-0.13346999999999998
-0.51445,-0.05771000000000004,-0.08206999999999998
-0.44719,-0.04740999999999995,-0.12070000000000003
-0.46787,-0.07640999999999998,-0.03922999999999999
-0.48964,-0.03991,-0.11089000000000004
-0.51302,-0.06121999999999994,-0.08456999999999992
-0.32345999999999997,-0.16867,-0.06984999999999997
-0.31009999999999993,-0.005469999999999975,-0.04022999999999999
-0.46921999999999997,-0.013329999999999953,-0.08714
-0.32594,-0.16604000000000008,-0.07570999999999994
-0.35868,-0.023430000000000062,-0.08566999999999991
-0.04478000000000004,-0.07313999999999998,-0.014129999999999976
-0.04310999999999998,-0.08489999999999998,-0.02363000000000004
-0.036760000000000015,-0.07944999999999991,-0.030469999999999997
-0.03655000000000008,-0.07596999999999998,-0.028160000000000074
-0.01307999999999998,-0.07045999999999997,-0.07111999999999996
-0.0015600000000000058,-0.014490000000000003,-0.06391999999999998
-0.009440000000000004,-0.014000000000000012,-0.06698000000000004
-0.0008200000000000429,-0.01648000000000005,-0.07459000000000005
-0.005349999999999966,-0.01429999999999998,-0.04844999999999999
-0.010569999999999968,-0.018079999999999985,-0.05959000000000003
-0.01928999999999992,-0.022560000000000024,-0.005749999999999922
-0.00983999999999996,-0.03305999999999998,-0.0010699999999999044
-0.011309999999999931,-0.08006999999999997,-0.0022400000000000198
-0.020159999999999956,-0.021360000000000046,0.003290000000000015
-0.016700000000000048,-0.036230000000000095,-0.008110000000000062
-0.35224999999999995,-0.05676000000000003,-0.18360999999999994
-0.39792000000000005,-0.06503000000000003,-0.18130000000000002
-0.3873599999999999,0.06127000000000005,-0.15774999999999995
-0.5374099999999999,-0.028800000000000048,-0.16508999999999996
-0.49972999999999995,0.04565999999999992,-0.20268999999999993
-0.44747000000000003,-0.048760000000000026,-0.023800000000000043
-0.42786,-0.03983999999999999,-0.02561000000000002
-0.45108000000000004,-0.038880000000000026,-0.02373000000000003
-0.44042000000000003,-0.04316000000000009,-0.009650000000000047
-0.42672,-0.049960000000000004,0.00490999999999997
-0.5929800000000001,-0.058089999999999975,-0.014100000000000001
-0.6063099999999999,-0.039390000000000036,-0.009609999999999896
-0.66362,-0.020569999999999977,-0.01258999999999999
-0.6119,0.010549999999999948,-0.011619999999999964
-0.58551,0.03019000000000005,-0.012469999999999981
-0.06079000000000001,-0.13085999999999998,-0.08855000000000002
-0.06879000000000002,-0.16973000000000005,-0.14264
-0.05059999999999998,-0.006800000000000028,-0.09177999999999997
-0.1010899999999999,-0.04369000000000001,-0.11573
-0.13475000000000004,-0.025989999999999958,-0.13066
-0.32369000000000003,-0.03937999999999997,-0.08208000000000004
-0.3235199999999999,-0.05396999999999996,-0.10210999999999992
-0.35834,-0.05636000000000008,-0.11440000000000006
-0.33575999999999995,-0.04049999999999998,-0.06377
-0.32280999999999993,-0.061429999999999985,-0.10849999999999993
-0.5910299999999999,-0.24046,-0.05125000000000002
-0.56502,-0.26598,-0.03645999999999994
-0.61033,-0.27956000000000003,-0.04712000000000005
-0.5562199999999999,-0.31679,-0.07047999999999999
-0.5459499999999999,-0.41268,-0.10011999999999999
-0.03550999999999993,-0.07771000000000006,-0.022499999999999964
-0.013419999999999987,-0.07235000000000003,-0.01805000000000001
-0.04136000000000006,-0.07310000000000005,-0.031050000000000022
-0.04086000000000001,-0.08701999999999999,-0.03372000000000008
-0.025249999999999995,-0.07772000000000001,-0.06853999999999993
-0.046009999999999995,-0.26136000000000004,-0.07543999999999995
-0.15019000000000005,-0.14610999999999996,-0.07838
-0.15486,-0.14447999999999994,-0.05269999999999997
-0.02697000000000005,-0.23987000000000003,-0.07572999999999996
-0.10899000000000003,-0.33118000000000003,-0.08628000000000002
-0.12146000000000001,-0.02636000000000005,-0.02729999999999999
-0.27386999999999995,-0.016680000000000028,-0.07113999999999998
-0.24092000000000002,-0.04292000000000007,-0.07799
-0.25665000000000004,-0.18681999999999999,-0.06878000000000006
-0.07379999999999998,-0.04074,-0.05736999999999992
-0.10899999999999999,-0.12839999999999996,-0.03756999999999999
-0.07887999999999995,-0.15056999999999998,-0.04483999999999999
-0.10070000000000001,-0.16538000000000008,-0.035130000000000106
-0.09482999999999997,-0.16363000000000005,-0.025069999999999926
-0.10009000000000001,-0.17993000000000003,-0.03510000000000002
-0.02361000000000002,-0.31847000000000003,-0.02678999999999998
-0.019630000000000036,-0.29389,-0.0018799999999999928
-0.04518999999999995,-0.06215000000000004,-0.026070000000000038
-0.038309999999999955,-0.35248,-0.021869999999999945
-0.03473000000000004,-0.35662000000000005,-0.0019900000000000473
-0.35731999999999997,-0.3781,-0.30870999999999993
-0.59642,-0.5741700000000001,-0.28037
-0.56232,-0.41575,-0.29706
-0.58883,-0.42615000000000003,-0.28035
-0.5816699999999999,-0.40654,-0.2952699999999999
-0.10811000000000004,-0.009160000000000057,-0.012700000000000045
-0.09526999999999997,-0.015580000000000038,-0.012820000000000054
-0.07655999999999996,-0.018669999999999964,-0.02890999999999999
-0.05793000000000004,-0.028529999999999944,-0.02861999999999998
-0.08218999999999999,-0.052180000000000004,-0.01717000000000002
-0.46771999999999997,-0.002870000000000039,-0.02971999999999997
-0.45627,0.012210000000000054,-0.06774000000000002
-0.45776999999999995,0.013149999999999995,-0.05960999999999994
-0.45323,0.01373000000000002,-0.03245999999999993
-0.53428,0.010129999999999972,-0.002949999999999897
-0.06028,-0.01815,-0.09550000000000003
-0.06340999999999997,-0.016410000000000036,-0.09538999999999997
-0.05564000000000002,-0.015050000000000008,-0.10887000000000002
-0.030370000000000008,-0.012960000000000083,-0.06120000000000003
-0.034419999999999895,-0.016129999999999978,-0.10978999999999994
-0.28448000000000007,-0.014869999999999939,-0.003150000000000097
-0.22000000000000008,-0.010529999999999928,-0.007950000000000013
-0.22086000000000006,-0.00943000000000005,0.0
-0.19374999999999998,-0.02192000000000005,0.00048000000000003595
-0.24124,-0.020549999999999957,0.007079999999999975
-0.014819999999999944,-0.07089999999999996,-0.02399999999999991
-0.0036000000000000476,-0.09447000000000005,-0.042200000000000015
-0.009739999999999971,-0.06652999999999998,-0.03761999999999999
-0.008589999999999987,-0.07850999999999997,-0.02744000000000002
-0.006869999999999932,-0.03635999999999995,-0.013959999999999972
-0.22475,-0.02100000000000002,-0.08204999999999996
-0.20506999999999997,-0.019870000000000054,-0.12009999999999998
-0.18783000000000005,-0.016820000000000057,-0.014500000000000068
-0.22309999999999997,-0.021279999999999966,-0.06723999999999997
-0.20343999999999995,-0.018900000000000028,-0.19235999999999998
-0.39474,-0.012619999999999965,-0.23343000000000003
-0.38843000000000005,-0.00019999999999997797,-0.13656000000000001
-0.3317,-0.02425999999999995,-0.23294000000000004
-0.34458,-0.016759999999999997,-0.15578000000000003
-0.31426000000000004,-0.05345999999999995,-0.16707000000000005
-0.27205999999999997,-0.01859999999999995,-0.06701999999999997
-0.27493,-0.019589999999999996,-0.061999999999999944
-0.28844000000000003,-0.030909999999999993,-0.05874999999999997
-0.25616,-0.018839999999999968,-0.05123999999999995
-0.24551999999999996,-0.020950000000000024,-0.056989999999999985
-0.09393999999999991,-0.02131000000000005,-0.07338999999999996
-0.04543000000000008,-0.017100000000000004,-0.07989000000000002
-0.05323,-0.012900000000000023,-0.07780999999999993
-0.06457999999999997,-0.01055000000000006,-0.09506999999999999
-0.08638999999999997,-0.01207999999999998,-0.07489999999999997
-0.02858000000000005,-0.008099999999999996,-0.07128000000000001
-0.02967999999999993,-0.021710000000000007,-0.07607999999999993
-0.043930000000000025,-0.0016000000000000458,-0.07406000000000001
-0.02184000000000008,-0.006340000000000012,-0.06889
-0.46631,-0.006830000000000003,-0.08134999999999992
-0.03720000000000001,0.01693,-0.02356999999999998
-0.04196,0.017529999999999935,-0.019380000000000064
-0.02436000000000005,0.011299999999999977,-0.017739999999999978
-0.0756,-0.03638999999999992,-0.02194000000000007
-0.03389000000000009,0.05818000000000001,-0.02084000000000008
-0.51978,-0.03869999999999996,-0.05110999999999999
-0.50091,-0.02732000000000001,-0.05127999999999999
-0.51406,-0.08026,-0.12997999999999998
-0.51176,-0.08833000000000002,-0.02627999999999997
-0.4739,-0.012929999999999997,-0.12520999999999993
-0.26632,-0.03684999999999994,-0.004249999999999976
-0.01102000000000003,-0.033399999999999985,-0.011360000000000037
-0.011129999999999973,-0.03015000000000001,-0.06296000000000002
-0.005209999999999937,-0.026700000000000057,-0.05737999999999999
-0.0050800000000000844,-0.03243000000000007,-0.05808000000000002
-0.63864,-0.054259999999999975,-0.30335
-0.5792200000000001,-0.06608000000000003,-0.2894
-0.58891,-0.042239999999999944,-0.23345000000000005
-0.6035200000000001,-0.0640400000000001,-0.32521
-0.59073,-0.06814999999999993,-0.30893000000000004
-0.23975999999999997,-0.00825000000000009,-0.16598999999999997
-0.21150999999999998,-0.009299999999999975,-0.16631000000000007
-0.34207,-0.054420000000000024,-0.14269999999999994
-0.21413000000000004,-0.05027999999999999,-0.06738
-0.3628699999999999,-0.01057000000000008,-0.16359999999999997
-0.01824999999999999,-0.00766,-0.19095000000000006
-0.06369000000000002,-0.005639999999999978,-0.04364999999999997
-0.06459999999999999,-0.011789999999999967,-0.01985999999999999
-0.05922000000000005,-0.009889999999999954,-0.031079999999999997
-0.03381000000000001,-0.006440000000000001,-0.043930000000000025
-0.42374999999999996,-0.010240000000000027,-0.04671000000000003
-0.20314999999999994,-0.05492000000000008,-0.041610000000000036
-0.5328600000000001,-0.02597000000000005,-0.04913000000000001
-0.05341000000000007,-0.018079999999999985,-0.041750000000000065
-0.4515,-0.04042000000000001,-0.04391999999999996
-0.048109999999999986,-0.062039999999999984,-0.09511000000000003
-0.18186000000000002,-0.05635000000000001,-0.10414000000000001
-0.05166000000000004,-0.07271000000000005,-0.09706000000000004
-0.19086999999999998,-0.08550000000000002,-0.08074000000000003
-0.08057999999999998,-0.07940000000000003,-0.09487000000000001
-0.21447000000000005,-0.05156000000000005,-0.021680000000000033
-0.25282000000000004,-0.012759999999999994,-0.0036199999999999566
-0.27779,-0.010109999999999952,0.005220000000000002
-0.2542,-0.0482999999999999,-0.0025999999999999357
-0.25903999999999994,-0.06879000000000002,-0.021029999999999993
-0.2497600000000001,-0.08816000000000002,-0.10139000000000009
-0.09937999999999991,-0.11270999999999998,-0.09329999999999994
-0.71648,-0.10599000000000003,-0.07543
-0.28362,-0.11324000000000001,-0.06308999999999998
-0.09043999999999996,-0.08867999999999998,-0.09689999999999999
-0.015710000000000002,-0.14734999999999998,-0.006730000000000014
-0.01375000000000004,-0.18996000000000002,-0.005560000000000009
-0.01739999999999997,-0.15586,-0.005750000000000033
-0.019059999999999966,-0.10770000000000002,-0.00651999999999997
-0.028349999999999986,-0.13050000000000006,-0.0042200000000000015
-0.30924000000000007,-0.54029,-0.1200500000000001
-0.017469999999999986,-0.5868800000000001,-0.0736
-0.4055700000000001,-0.5656399999999999,-0.11682000000000003
-0.38969,-0.53215,-0.08194000000000001
-0.31884,-0.51952,-0.10826999999999998
-0.26627,-0.025249999999999995,0.016369999999999996
-0.22453999999999996,0.009560000000000013,0.06633999999999995
-0.29619,-0.029530000000000056,0.029340000000000033
-0.22892,-0.0042999999999999705,0.02359
-0.27313,-0.025469999999999993,0.08442000000000005
-0.43199,-0.5955999999999999,-0.16774999999999995
-0.44804000000000005,-0.55959,-0.12318000000000007
-0.42957,-0.56266,-0.15725
-0.36102,-0.5498,-0.11721999999999999
-0.43366999999999994,-0.53372,-0.21631
-0.011909999999999976,-0.31466000000000005,-0.12805999999999995
-0.014100000000000001,-0.25345000000000006,-0.12655000000000005
-0.08055000000000001,-0.41568000000000005,-0.10685
-0.015469999999999984,-0.19121999999999995,-0.12062000000000006
-0.026079999999999992,-0.43097,-0.09416999999999998
-0.74155,-0.03800999999999999,-0.06944000000000006
-0.72137,-0.03640999999999994,-0.06608999999999998
-0.73105,-0.03593000000000002,-0.04454999999999998
-0.4805,-0.048639999999999906,-0.1451
-0.73234,-0.04256000000000004,-0.017100000000000004
-0.0044799999999999285,0.014900000000000024,-0.0039799999999999836
-0.0037299999999999,-0.0018900000000000583,-0.004629999999999912
-0.008789999999999965,-0.08928000000000003,-0.0011099999999999444
-0.00600999999999996,-0.09806000000000004,-0.0023100000000000342
-0.02407999999999999,-0.03796999999999995,0.0009900000000000464
-0.019139999999999935,-0.1568799999999999,-0.013909999999999978
-0.19062,-0.17309999999999992,-0.00941000000000003
-0.2613000000000001,-0.17171000000000003,-0.18894
-0.18935999999999997,-0.17076000000000002,-0.04621999999999993
-0.009850000000000025,-0.15577000000000008,-0.04176000000000002
-0.34004,-0.5965400000000001,-0.07504
-0.31958,-0.49292,-0.06542000000000003
-0.36454999999999993,-0.40793,-0.06420999999999999
-0.31713,-0.44553999999999994,-0.05960999999999994
-0.27292000000000005,-0.39292000000000005,-0.07171000000000005
-0.09146999999999994,-0.08362000000000003,-0.08706999999999998
-0.11885000000000001,-0.09059000000000006,-0.08850999999999998
-0.13807000000000003,-0.10119999999999996,-0.09882999999999997
-0.15549000000000002,-0.08228999999999997,-0.09321000000000002
-0.14656999999999998,-0.12700999999999996,-0.08435999999999999
-0.44372,-0.04788999999999999,-0.06525000000000003
-0.567,-0.050350000000000006,-0.07074999999999998
-0.53898,-0.023189999999999933,-0.05836000000000008
-0.18083000000000005,-0.027619999999999978,-0.032360000000000055
-0.51111,-0.024399999999999977,-0.038209999999999966
-0.014390000000000014,0.010999999999999899,-0.02915000000000001
-0.007709999999999995,-0.01746000000000003,-0.04726000000000008
0.013789999999999969,-0.008360000000000034,-0.009220000000000006
-0.023820000000000063,0.0020400000000000418,-0.04891000000000001
0.009120000000000017,-0.025020000000000042,0.007259999999999933
-0.07982,-0.14583999999999997,-0.11501000000000006
-0.06706999999999996,-0.16491,-0.09775999999999996
-0.07790000000000008,-0.20390999999999992,-0.09976000000000007
-0.08940999999999999,-0.18692999999999993,-0.11316999999999999
-0.08850999999999998,-0.1789599999999999,-0.09887000000000001
-0.46085999999999994,-0.0998,-0.22205999999999992
-0.47278000000000003,-0.05337000000000003,-0.18524000000000007
-0.5371999999999999,-0.046520000000000006,-0.17659000000000002
-0.45572999999999997,-0.10062000000000004,-0.21899999999999997
-0.50112,-0.15258000000000005,-0.1693699999999999
-0.09028999999999998,-0.011649999999999938,-0.02261000000000002
-0.042200000000000015,-0.010610000000000008,-0.012249999999999983
-0.03656999999999999,-0.013490000000000002,-0.010419999999999985
-0.012770000000000059,-0.012240000000000029,-0.007349999999999968
-0.04030999999999996,-0.003170000000000006,-0.007469999999999977
-0.06593000000000004,-0.13289000000000006,-0.08796999999999999
-0.05481999999999998,-0.11492000000000002,-0.11143000000000003
-0.06951000000000007,-0.10977999999999999,-0.06637000000000004
-0.06884000000000001,-0.12649999999999995,-0.06389999999999996
-0.06794999999999995,-0.13017,-0.07018999999999997
-0.48451000000000005,-0.013340000000000019,-0.04482000000000008
-0.36122,-0.012909999999999977,-0.025819999999999954
-0.3084300000000001,-0.014660000000000006,-0.01318000000000008
-0.48872,-0.1759400000000001,-0.025579999999999936
-0.31314,-0.023580000000000045,-0.007360000000000033
-0.026479999999999948,-0.2859999999999999,-0.027209999999999956
-0.025660000000000016,-0.3184800000000001,-0.017369999999999997
-0.019079999999999986,-0.34503000000000006,-0.01205999999999996
-0.029650000000000065,-0.31035999999999997,-0.031220000000000026
-0.026580000000000048,-0.3196,-0.01149
-0.07316999999999996,-0.04276000000000002,-0.07126999999999994
-0.34581000000000006,-0.050000000000000044,-0.033950000000000036
-0.38525999999999994,-0.03844000000000003,-0.04919999999999991
-0.34248999999999996,-0.03451000000000004,-0.09150999999999998
-0.34087,-0.05072999999999994,-0.053219999999999934
-0.07586000000000004,-0.007430000000000048,-0.09426000000000001
-0.10555999999999999,-0.012460000000000027,-0.09698000000000007
-0.026459999999999928,-0.011380000000000057,-0.08382
-0.029429999999999956,-0.006819999999999937,-0.009050000000000002
-0.0014600000000000168,-0.0047399999999999665,-0.0009700000000000264
-0.2425099999999999,-0.0794999999999999,-0.0764999999999999
-0.18608000000000002,-0.038290000000000046,-0.016959999999999975
-0.18081000000000003,-0.0664800000000001,-0.08226
-0.25181,-0.07257000000000002,-0.08692
-0.12960000000000005,-0.10046,-0.10629
-0.65275,-0.36004,-0.16059
-0.6679499999999999,-0.34184,-0.13124999999999998
-0.60375,-0.27854,-0.2569300000000001
-0.6514800000000001,-0.39583,-0.20538
-0.6462999999999999,-0.40182,-0.16277999999999992
-0.01375000000000004,-0.1743800000000001,-0.04559000000000002
-0.03269,-0.24656,-0.031460000000000043
-0.020079999999999987,-0.25325,-0.03298000000000001
-0.10219999999999996,-0.3211299999999999,-0.045439999999999925
-0.013859999999999983,-0.3159599999999999,-0.031850000000000045
-0.005709999999999993,-0.10443000000000002,-0.0045200000000000795
-0.6754399999999999,-0.02635999999999994,-0.010789999999999966
-0.035310000000000064,-0.030870000000000064,-0.005900000000000016
-0.55131,-0.050549999999999984,-0.021599999999999953
-0.02842,-0.04866999999999999,-0.007419999999999982
-0.06653999999999993,-0.06174999999999997,-0.07953999999999994
-0.1149,-0.04311000000000009,-0.07551999999999992
-0.09967999999999999,-0.051059999999999994,-0.07476000000000005
-0.10054999999999992,-0.07627000000000006,-0.07521
-0.10601000000000005,-0.11053999999999997,-0.07269999999999999
-0.19591000000000003,-0.0045399999999999885,-0.024249999999999994
-0.03267999999999993,-0.006740000000000079,-0.040470000000000006
-0.52579,-0.02169999999999994,-0.029320000000000013
-0.2173400000000001,-0.014109999999999956,-0.02135000000000009
-0.47583999999999993,-0.01201999999999992,-0.030159999999999965
-0.30155,-0.43282999999999994,-0.06885999999999992
-0.09766999999999992,-0.40795000000000003,-0.14944999999999997
-0.09577000000000002,-0.43062,-0.05883000000000005
-0.051409999999999956,-0.43673,-0.06362999999999996
-0.09363999999999995,-0.43513999999999997,-0.14329999999999998
-0.03748000000000007,-0.15181999999999995,-0.030140000000000056
-0.03864000000000001,-0.1563,-0.03754000000000002
-0.04357999999999995,-0.1503899999999999,-0.026569999999999983
-0.048370000000000024,-0.15974999999999995,-0.027270000000000016
-0.047069999999999945,-0.15676999999999996,-0.03979999999999995
-0.03420000000000001,-0.02134999999999998,-0.08426
-0.03988000000000003,-0.03759000000000001,-0.07667000000000002
-0.031420000000000003,-0.11346,-0.06246000000000007
-0.043969999999999954,-0.04276000000000002,-0.07089000000000001
-0.042830000000000035,-0.015409999999999924,-0.07003999999999999
-0.28691999999999995,-0.006379999999999941,-0.10544999999999993
-0.24297999999999997,-0.02389999999999992,-0.10655000000000003
-0.26907000000000003,-0.012279999999999958,-0.14506000000000008
-0.28210999999999997,-0.02365000000000006,-0.12749
-0.26910999999999996,-0.010589999999999988,-0.16079999999999994
-0.44238000000000005,-0.005879999999999996,-0.03747
-0.55857,-0.006610000000000005,-0.044009999999999994
-0.56897,-0.014550000000000063,-0.04249000000000003
-0.47385000000000005,-0.006020000000000025,-0.028789999999999982
-0.46588,-0.014469999999999983,-0.05184999999999995
-0.009669999999999956,-0.038309999999999955,-0.015700000000000047
-0.017800000000000038,-0.05364000000000002,-0.055480000000000085
-0.030980000000000008,-0.03017000000000003,-0.06115999999999999
-0.027669999999999972,-0.012479999999999936,-0.014100000000000001
-0.030669999999999975,-0.020199999999999996,-0.05742000000000003
-0.010730000000000017,-0.23453000000000002,-0.15052
-0.014090000000000047,-0.033070000000000044,-0.14386
-0.00770000000000004,-0.07550000000000001,-0.14056000000000002
-0.009220000000000006,-0.22340000000000004,-0.14246000000000003
-0.006120000000000014,-0.06755,-0.17398999999999998
-0.023989999999999956,0.003129999999999966,-0.03478000000000003
-0.02057999999999993,-0.005689999999999973,-0.03593999999999997
-0.02956000000000003,0.026859999999999995,-0.03810999999999998
-0.024390000000000023,0.03243000000000007,-0.04332999999999998
-0.04956000000000005,0.02088000000000001,-0.04440999999999995
-0.04995000000000005,0.00544,-0.01436000000000004
-0.03975000000000006,0.005120000000000013,-0.01756000000000002
-0.040669999999999984,0.0019700000000000273,-0.01201999999999992
-0.03674999999999995,0.0010700000000000154,-0.05094999999999994
-0.035540000000000016,-0.024190000000000045,-0.017880000000000007
-0.06011,-0.015220000000000011,-0.07454000000000005
-0.07689000000000001,-0.03437000000000001,-0.06445999999999996
-0.06725000000000003,-0.026650000000000063,-0.08617000000000008
-0.05812000000000006,-0.14081,-0.06345
-0.06072999999999995,-0.03461000000000003,-0.05133999999999994
-0.022769999999999957,-0.00886000000000009,-0.05971000000000004
-0.01929000000000003,-0.05120999999999998,-0.05525000000000002
-0.027599999999999958,-0.019809999999999994,-0.06463999999999992
-0.01607000000000003,-0.09988999999999992,-0.060920000000000085
-0.011889999999999956,-0.07358000000000009,-0.06079000000000001
0.02389999999999992,-0.13078999999999996,0.027309999999999945
0.008619999999999961,-0.16189999999999993,0.048699999999999966
0.016660000000000008,-0.27037999999999995,0.042850000000000055
0.031849999999999934,-0.43757999999999997,0.03025
0.021639999999999993,-0.21638999999999997,0.008579999999999921
-0.09144000000000008,-0.0034199999999999786,0.014229999999999965
-0.09338000000000002,-0.020710000000000006,-0.011329999999999951
-0.030950000000000033,-0.01990000000000003,-0.012199999999999989
-0.11617,-0.00782000000000005,-0.032950000000000035
-0.03771000000000002,0.005070000000000019,-0.06044000000000005
-0.04844000000000004,-0.003730000000000011,-0.09745000000000004
-0.04567999999999994,-0.006440000000000001,-0.10173999999999994
-0.02288000000000001,-0.005499999999999949,-0.050630000000000064
-0.03637999999999997,-0.0023199999999999887,-0.11202000000000001
-0.056439999999999935,-0.002449999999999952,-0.11063999999999996
-0.38607,-0.028919999999999946,-0.17283000000000004
-0.37549,-0.029340000000000033,-0.16449999999999998
-0.43278000000000005,-0.03240999999999994,-0.13333000000000006
-0.3178500000000001,-0.028239999999999932,-0.0998500000000001
-0.35785,-0.025939999999999963,-0.1146100000000001
-0.47374000000000005,-0.14530999999999994,-0.17615000000000003
-0.46159,-0.11140000000000005,-0.14924000000000004
-0.45494999999999997,-0.10399000000000003,-0.15960999999999992
-0.042970000000000064,-0.08450999999999997,-0.14916000000000007
-0.3815700000000001,-0.11534999999999995,-0.11360999999999999
-0.65126,-0.02603000000000011,-0.10882999999999998
-0.67033,-0.021989999999999954,-0.17876000000000003
-0.6325999999999999,-0.021809999999999996,-0.10198999999999991
-0.63372,-0.02141000000000004,-0.09916999999999998
-0.63713,-0.005260000000000042,-0.10862000000000005
-0.07604,-0.5090700000000001,-0.028530000000000055
-0.12775000000000003,-0.5423399999999999,-0.028220000000000023
-0.10218000000000005,-0.5219400000000001,-0.054380000000000095
-0.10446,-0.5179799999999999,-0.026370000000000005
-0.11131999999999997,-0.52292,-0.03962999999999994
-0.007359999999999922,0.0012999999999999678,-0.07567999999999997
-0.01721000000000006,0.0011499999999999844,-0.08152999999999999
-0.005759999999999987,0.0019699999999999163,-0.06412000000000007
-0.022710000000000008,0.0040000000000000036,-0.06489
-0.020710000000000006,0.0010100000000000664,-0.06311
-0.03852,-0.18384,-0.1064099999999999
-0.019059999999999966,-0.14177000000000006,-0.06569999999999998
-0.19794999999999996,-0.18552000000000002,-0.09867000000000004
-0.25937,-0.14702000000000004,-0.08423999999999998
-0.16251000000000004,-0.13649999999999995,-0.09627000000000008
0.03298000000000001,-0.006979999999999986,0.032239999999999935
0.01798999999999995,-0.006520000000000081,0.01476999999999995
0.07499,-0.006030000000000091,0.07063999999999993
0.03643999999999992,-0.007580000000000031,-0.02758000000000005
0.15293,-0.007239999999999913,0.14088
-0.09974000000000005,-0.26463000000000003,-0.11365000000000003
-0.08104999999999996,-0.17567,-0.13198999999999994
-0.08184000000000002,-0.28589,-0.08716999999999997
-0.045869999999999966,-0.27007000000000003,-0.1429999999999999
-0.11034,-0.42475000000000007,-0.10293999999999992
-0.26491,0.04170000000000007,-0.1829599999999999
-0.23838000000000004,0.02971999999999997,-0.1743
-0.23765000000000003,-0.051569999999999894,-0.16357
-0.2770100000000001,0.04306999999999994,-0.16574
-0.22826000000000002,-0.07550999999999997,-0.16715999999999998
-0.022680000000000033,-0.039549999999999974,-0.13327
-0.03508,-0.024530000000000052,-0.14629999999999999
-0.018349999999999977,-0.020140000000000047,-0.15400000000000003
-0.25216000000000005,0.003589999999999982,-0.21578000000000008
-0.05125999999999997,-0.05632999999999999,-0.17984999999999995
-0.09422999999999992,-0.12222999999999995,-0.040470000000000006
-0.09340000000000004,-0.08222000000000007,-0.03343000000000007
-0.08679000000000003,-0.15039999999999998,-0.05347000000000002
-0.20340999999999998,-0.1598900000000001,-0.011719999999999953
-0.16205000000000003,-0.13191999999999993,-0.006910000000000083
-0.1403000000000001,-0.011349999999999971,-0.07102000000000008
-0.1343700000000001,-0.009319999999999995,-0.061880000000000046
-0.11126999999999998,-0.003450000000000064,-0.08916999999999997
-0.12412000000000001,-0.003369999999999984,-0.07002000000000008
-0.12493999999999994,-0.012919999999999932,-0.06567
-0.05537000000000003,-0.13007000000000002,-0.12440000000000007
-0.047209999999999974,-0.06940999999999997,-0.12553999999999998
-0.0416200000000001,-0.10073999999999994,-0.13248000000000004
-0.059860000000000024,-0.08455000000000001,-0.12552000000000008
-0.049449999999999994,-0.09650000000000003,-0.10298000000000007
-0.63709,-0.029189999999999938,-0.16849999999999998
-0.64449,-0.03549000000000002,-0.19311
-0.68442,-0.041509999999999936,-0.17061000000000004
-0.65283,-0.16706999999999994,-0.1721600000000001
-0.68356,-0.03800999999999999,-0.17604999999999993
-0.27252,-0.014579999999999926,-0.06369000000000002
-0.40415,-0.027059999999999973,-0.057540000000000036
-0.24305,-0.023049999999999904,-0.06303999999999998
-0.37133000000000005,-0.02149000000000001,-0.055970000000000075
-0.29202000000000006,-0.012839999999999963,-0.06217000000000006
-0.004090000000000038,-0.11761999999999995,-0.08137000000000005
-0.0180300000000001,-0.11931999999999998,-0.08811000000000002
-0.015310000000000046,-0.11013000000000006,-0.08853
-0.01866000000000001,-0.11588999999999994,-0.08682000000000001
-0.020029999999999992,-0.11346,-0.08784000000000003
-0.035760000000000014,0.09950000000000003,-0.01863999999999999
-0.03355000000000008,0.10158,-0.021730000000000027
-0.03717999999999999,0.09928000000000003,-0.01464999999999994
-0.035250000000000004,0.10037000000000007,-0.020749999999999935
-0.05618999999999996,0.10147000000000006,-0.01876
-0.024900000000000033,0.005720000000000058,-0.05509000000000008
-0.020529999999999937,0.010050000000000003,-0.05113999999999996
-0.02017000000000002,-0.003049999999999997,-0.055849999999999955
-0.01707000000000003,5.999999999994898e-05,-0.06115000000000004
-0.03366000000000002,-0.0008399999999999519,-0.06101000000000001
-0.07277999999999996,-0.06892999999999994,-0.08762999999999999
-0.05942999999999998,-0.029469999999999996,-0.06674999999999998
-0.06352000000000002,-0.021749999999999936,-0.07762999999999998
-0.05837999999999999,-0.008530000000000038,-0.06630999999999998
-0.03073999999999999,0.009959999999999969,-0.03858000000000006
-0.01648000000000005,-0.03147999999999995,-0.012410000000000032
-0.01902999999999999,-0.026100000000000012,-0.02942
-0.02041000000000004,-0.030179999999999985,-0.031420000000000003
-0.006280000000000063,-0.0232,-0.0049600000000000755
-0.009730000000000016,-0.022789999999999977,-0.005410000000000026
-0.46761,-0.02203999999999995,-0.13860000000000006
-0.43833,-0.02510000000000001,-0.08079999999999998
-0.37228000000000006,-0.023460000000000036,-0.11528000000000005
-0.45659,-0.01810999999999996,-0.15861000000000003
-0.30001,-0.04377000000000009,-0.04842000000000002
-0.48828999999999995,-0.12649,-0.42112999999999995
-0.44973,-0.22255000000000003,-0.42705
-0.47225999999999996,-0.12918000000000007,-0.42093
-0.4638999999999999,-0.20279999999999998,-0.42458999999999997
-0.41757,-0.13656000000000001,-0.38573999999999997
-0.12441000000000002,-0.029279999999999973,-0.14323000000000008
-0.12754,-0.014459999999999917,-0.11939
-0.29967999999999995,-0.006000000000000005,-0.15747999999999995
-0.13868000000000003,-0.03356999999999999,-0.13971
-0.05481999999999998,-0.025070000000000037,-0.09484000000000004
-0.23295,-0.0005100000000000104,-0.22619999999999996
-0.42400000000000004,-0.0015100000000000113,-0.27182000000000006
-0.23324,-0.005549999999999944,-0.15952
-0.27868999999999994,-0.0003500000000000725,-0.14315999999999995
-0.24936000000000003,-0.00014999999999998348,-0.18184
-0.07683999999999991,0.0031200000000000117,-0.059559999999999946
-0.08553,0.008360000000000034,-0.054910000000000014
-0.3333900000000001,0.011750000000000038,-0.05351000000000006
-0.33226,-0.0016300000000000203,-0.059009999999999896
-0.44111,0.01102000000000003,-0.053259999999999974
-0.07462999999999997,7.00000000000145e-05,-0.15961000000000003
-0.05389999999999995,-0.02289999999999992,-0.15134999999999998
-0.03473999999999999,0.07695999999999992,-0.015539999999999998
-0.025490000000000013,0.06445000000000001,-0.16458000000000006
-0.10858999999999996,0.05147999999999997,-0.12171999999999994
-0.11327999999999994,-0.018940000000000068,-0.006559999999999899
-0.13990999999999998,0.03536000000000006,-0.013940000000000063
-0.13224999999999998,0.00019000000000002348,0.018650000000000055
-0.11560999999999999,0.04858999999999991,-0.0014499999999999513
-0.11024,-0.01083999999999996,0.02623999999999993
-0.0032400000000000206,-0.032220000000000026,-0.06726999999999994
-0.0037599999999999856,-0.03573000000000004,-0.07194999999999996
-0.00495000000000001,-0.014359999999999928,-0.08884999999999998
-0.0015899999999999803,-0.027939999999999965,-0.07849000000000006
-0.005029999999999979,-0.024560000000000026,-0.08338000000000001
-0.01313999999999993,-0.03561000000000003,-0.04981000000000002
-0.03249999999999997,-0.03956000000000004,-0.09638999999999998
-0.023880000000000012,-0.036290000000000044,-0.05371999999999999
-0.028730000000000033,-0.02556999999999998,-0.052020000000000066
-0.01303999999999994,-0.048370000000000024,-0.09482000000000002
-0.45385999999999993,0.011950000000000016,-0.1724
-0.39239,0.010800000000000032,-0.10097
-0.36571999999999993,0.01269000000000009,-0.08443999999999996
-0.39494000000000007,0.02668999999999999,-0.20828000000000002
-0.38303,0.047680000000000056,-0.20640000000000003
-0.09677999999999998,-0.05331000000000008,-0.029000000000000026
-0.05799999999999994,-0.05884999999999996,-0.0824999999999999
-0.26844999999999997,-0.04697000000000007,-0.08404999999999996
-0.12268999999999997,-0.06118999999999997,-0.07059000000000004
-0.06864999999999999,-0.03386,-0.07867000000000002
-0.24670999999999998,-0.04217000000000004,-0.09128000000000003
-0.23795999999999995,-0.021299999999999986,-0.07311999999999996
-0.2583000000000001,-0.013699999999999934,-0.09035000000000004
-0.22688999999999993,0.051140000000000074,-0.08104999999999996
-0.25056,-0.21558,-0.06843999999999995
-0.5546800000000001,-0.07732000000000006,-0.06050999999999995
-0.6477,-0.07174000000000003,-0.19757000000000002
-0.6092299999999999,-0.07247999999999999,-0.11107999999999996
-0.43754000000000004,-0.054259999999999975,-0.20818000000000003
-0.5088600000000001,-0.06579999999999997,-0.18179
-0.31227000000000005,-0.03764000000000001,-0.15659
-0.3245,-0.04328999999999994,-0.034680000000000044
-0.23568,-0.10370000000000001,0.0002300000000000635
-0.2954,-0.04254999999999998,0.00039000000000000146
-0.2996,-0.09945000000000004,-0.09431
-0.10031999999999996,-0.0029399999999999427,-0.027710000000000012
-0.14864,-0.023619999999999974,-0.28005
-0.10303000000000007,-0.04622000000000004,-0.19008000000000003
-0.09226999999999996,-0.024170000000000025,-0.04523999999999995
-0.07599,-0.02622000000000002,-0.03059999999999996
-0.50294,-0.053100000000000036,-0.02137
-0.43762999999999996,-0.05500000000000005,-0.01715
-0.49713,-0.06572999999999996,-0.016920000000000046
-0.38078,-0.04563000000000006,-0.013399999999999967
-0.6179699999999999,-0.10236,-0.018389999999999906
-0.14112000000000002,-0.01377000000000006,-0.005390000000000006
-0.10753999999999997,-0.016730000000000023,-0.00981999999999994
-0.2246999999999999,-0.014780000000000015,-0.010579999999999923
-0.25453000000000003,-0.011099999999999999,-0.007909999999999973
-0.1524899999999999,-0.012680000000000025,-0.015619999999999967
-0.011129999999999973,-0.06916,-0.052730000000000055
-0.01258999999999999,-0.04915000000000003,-0.05145999999999995
-0.007410000000000028,-0.06563999999999992,-0.04913000000000001
-0.005489999999999995,-0.07694999999999996,-0.053240000000000065
-0.013929999999999998,-0.05618999999999996,-0.07074000000000003
-0.45602000000000004,-0.08545000000000003,-0.13723000000000007
-0.41106999999999994,-0.10521000000000003,-0.13276
-0.26917,-0.010800000000000032,-0.13116000000000005
-0.37892,-0.09082000000000001,-0.13251999999999997
-0.38831000000000004,-0.0414500000000001,-0.10348000000000002
-0.05779999999999996,-0.016290000000000027,-0.08282999999999996
-0.10390999999999995,-0.015309999999999935,-0.08828999999999998
-0.06808000000000003,-0.014129999999999976,-0.08457000000000003
-0.07827000000000006,0.0025600000000000067,-0.08630000000000004
-0.04603999999999997,-0.007809999999999984,-0.06818000000000002
-0.0474,-0.18462999999999996,-0.028329999999999966
-0.006349999999999967,-0.1249300000000001,-0.0020799999999999708
-0.017809999999999993,-0.12722999999999995,-0.029490000000000016
-0.03839999999999999,-0.15554,-0.019079999999999986
-0.06545999999999996,-0.18982999999999994,-7.00000000000145e-05
-0.05381999999999998,0.005099999999999993,-0.029919999999999947
-0.036169999999999924,0.005820000000000047,-0.022270000000000012
-0.04143999999999992,0.0013199999999999878,-0.023709999999999898
-0.04033000000000009,0.002910000000000079,-0.022340000000000027
-0.03637000000000001,-0.0006399999999999739,-0.02326000000000006
-0.04718,-0.006630000000000025,-0.10762000000000005
-0.036860000000000004,-0.004209999999999936,-0.10765999999999998
-0.005469999999999975,0.0009600000000000719,-0.09355000000000002
-0.04160000000000008,-0.0036200000000000676,-0.10619
0.0007400000000000739,0.0009000000000000119,-0.08438000000000001
-0.06649000000000005,-0.09040000000000004,-0.009230000000000071
-0.06535999999999997,-0.08438000000000001,-0.003230000000000066
-0.06346000000000007,-0.08982999999999997,-0.01540000000000008
-0.57385,-0.12085999999999997,-0.01039000000000001
0.002850000000000019,-0.08200999999999992,0.0007800000000000029
-0.35763999999999996,-0.026040000000000063,-0.34389000000000003
-0.37244999999999995,-0.12802999999999998,-0.37322999999999995
-0.41148,-0.12533000000000005,-0.4537
-0.35311000000000003,-0.01324000000000003,-0.3670800000000001
-0.43601,-0.12813999999999992,-0.45273
-0.44932000000000005,-0.20076000000000005,-0.07985000000000009
-0.5378799999999999,-0.1346900000000001,-0.08549999999999991
-0.20201000000000002,-0.23514999999999997,-0.09385999999999994
-0.31749000000000005,-0.14534000000000002,-0.07841000000000009
-0.18757999999999997,-0.20038,-0.08672999999999997
-0.62756,-0.010639999999999983,-0.01992000000000005
-0.64992,-0.01750000000000007,-0.0017000000000000348
-0.63445,-0.007750000000000035,-0.005830000000000002
-0.63981,-0.003410000000000024,-0.040939999999999976
-0.58524,-0.019689999999999985,-0.0023299999999999432
-0.000160000000000049,-0.027980000000000005,-0.05258000000000007
-0.002610000000000001,-0.049780000000000046,-0.08596999999999999
-0.0009400000000000519,-0.05532999999999999,-0.05637000000000003
-0.0013500000000000734,-0.055580000000000074,-0.05800000000000005
-0.0012099999999999334,-0.04834000000000005,-0.08812999999999993
-0.74398,-0.5669500000000001,-0.25586999999999993
-0.7119800000000001,-0.34155,-0.23424
-0.7993100000000001,-0.51369,-0.2736200000000001
-0.7439,-0.41159999999999997,-0.2467600000000001
-0.76606,-0.48608999999999997,-0.22985999999999995
-0.021540000000000004,-0.09354999999999991,-0.007730000000000015
-0.027839999999999976,-0.03866999999999998,0.013360000000000039
-0.02167999999999992,-0.06986000000000003,0.0011200000000000099
-0.03399999999999992,-0.10010000000000008,-0.030259999999999954
-0.03459000000000001,-0.07138,-0.008530000000000038
-0.48866,-0.03000999999999998,-0.10217999999999994
-0.47019,-0.010770000000000057,-0.09675999999999996
-0.48565,-0.03425,-0.09833999999999998
-0.45643000000000006,-0.033869999999999956,-0.08917000000000008
-0.43364,-0.03420000000000001,-0.09625000000000006
-0.47478,-0.012340000000000018,-0.17245
-0.49274999999999997,-0.011159999999999948,-0.14168000000000003
-0.45654,-0.01629999999999998,-0.08348
-0.47374,-0.006869999999999932,-0.18661000000000005
-0.48318999999999995,-0.010589999999999988,-0.15193999999999996
-0.34785999999999995,-0.03387000000000007,-0.2508499999999999
-0.2764000000000001,-0.021440000000000015,-0.22359000000000007
-0.38065000000000004,-0.03508,-0.28393
-0.43806999999999996,-0.040240000000000054,-0.28598
-0.37922,-0.033399999999999985,-0.37174999999999997
-0.33588000000000007,-0.31295000000000006,-0.09433999999999998
-0.2696900000000001,-0.27254,-0.08586000000000005
-0.24486000000000008,-0.32186000000000003,-0.0787500000000001
-0.66937,-0.2819900000000001,-0.14395000000000002
-0.25405999999999995,-0.27408,-0.1127499999999999
-0.15302000000000004,-0.13027999999999995,-0.12900999999999996
-0.14105,-0.08483000000000007,-0.1415099999999999
-0.14307000000000003,-0.023480000000000056,-0.10297999999999996
-0.12655000000000005,-0.10906000000000005,-0.12136000000000002
-0.12824999999999998,-0.31371000000000004,-0.11183999999999994
-0.43402999999999997,-0.09404000000000001,-0.10250000000000004
-0.41685000000000005,-0.10155999999999998,-0.13696000000000008
-0.42546999999999996,-0.09216000000000002,-0.1016999999999999
-0.44164,-0.007319999999999993,-0.07580999999999993
-0.38811000000000007,-0.10532999999999992,-0.07318000000000002
-0.014019999999999921,-0.35307999999999995,-0.04955999999999994
-0.015289999999999915,-0.35927,-0.03137000000000001
-0.44916,-0.3712000000000001,-0.05245
-0.56644,-0.36472000000000004,-0.08411000000000002
-0.45871999999999996,-0.40702000000000005,-0.04135
-0.76658,-0.04624000000000006,-0.6561
-0.7135699999999999,-0.04493999999999998,-0.6733399999999999
-0.70967,-0.04730999999999996,-0.69891
-0.70042,-0.06479999999999997,-0.6443
-0.71885,-0.04792999999999992,-0.67138
-0.04308000000000001,-0.026209999999999956,-0.04825999999999997
-0.03428999999999993,-0.032849999999999935,-0.009599999999999942
-0.020670000000000077,-0.07270999999999994,-0.027290000000000036
-0.07864000000000004,-0.02817000000000003,-0.025460000000000038
-0.05659000000000003,-0.023480000000000056,-0.028610000000000024
-0.133,-0.09018999999999999,-0.0020199999999999108
-0.5390900000000001,-0.26385000000000003,-0.003310000000000035
-0.19557999999999998,-0.22916999999999998,-0.009619999999999962
-0.16605000000000003,-0.22697,-0.003030000000000088
-0.53767,-0.3994,-0.006530000000000036
-0.013930000000000109,-0.011129999999999973,-0.021050000000000013
-0.013929999999999998,-0.022070000000000034,-0.029839999999999978
-0.01206000000000007,-0.017650000000000055,-0.04022999999999999
-0.010780000000000012,-0.01972000000000007,-0.02644000000000002
-0.012340000000000018,-0.020889999999999964,-0.03003
-0.4092,-0.07340000000000002,-0.25719000000000003
-0.40047000000000005,-0.05676999999999999,-0.2753000000000001
-0.41677,-0.02639999999999998,-0.2693899999999999
-0.42438000000000003,-0.05254000000000003,-0.27666
-0.54691,-0.009110000000000062,-0.31466000000000005
-0.05780999999999992,-0.09845999999999999,0.0001300000000000745
-0.04437000000000002,-0.23268999999999995,-0.007690000000000086
-0.0738700000000001,-0.11375999999999997,0.0021499999999999853
-0.07845999999999997,-0.31126,0.003610000000000002
-0.05676999999999999,-0.15920999999999996,-0.0043599999999999195
-0.13976999999999995,-0.04278000000000004,-0.11080000000000001
-0.19286000000000003,-0.27974999999999994,-0.09463999999999995
-0.14825,-0.2097,-0.10788999999999993
-0.06479000000000001,-0.12329000000000001,-0.08525000000000005
-0.09535000000000005,-0.008299999999999974,-0.06760999999999995
-0.34426,-0.49329000000000006,-0.08972999999999998
-0.33687,-0.12935000000000008,-0.1518600000000001
-0.33921999999999997,-0.027980000000000005,-0.08894999999999997
-0.36735000000000007,-0.0384000000000001,-0.1005600000000001
-0.39285000000000003,-0.32599,-0.14944999999999997
-0.00818999999999992,-0.48356,-0.008589999999999987
-0.00873999999999997,-0.50148,-0.00492999999999999
-0.005360000000000031,-0.49095999999999995,-0.04471999999999998
-0.005190000000000028,-0.5083899999999999,-0.009499999999999953
-0.017079999999999984,-0.48207,-0.00824999999999998
-0.09609000000000001,-0.63842,-0.16517000000000004
-0.1040700000000001,-0.60222,-0.16197000000000006
-0.10089999999999999,-0.6766300000000001,-0.17053000000000007
-0.0968,-0.70143,-0.11616000000000004
-0.09474000000000005,-0.67393,-0.16227000000000003
-0.38117999999999996,-0.009299999999999975,-0.22202999999999995
-0.38387,0.0012100000000000444,-0.23510999999999993
-0.36310000000000003,-0.0008799999999999919,-0.20649000000000006
-0.32011,-0.000260000000000038,-0.22343999999999997
-0.36777,-0.006190000000000029,-0.17503000000000002
-0.08947000000000005,-0.008399999999999963,-0.06427000000000005
-0.07553999999999994,-0.008889999999999953,-0.06496999999999997
-0.09941,-0.014949999999999908,-0.06518000000000002
-0.09244000000000008,-0.009199999999999986,-0.05535000000000001
-0.07664000000000004,-0.017850000000000033,-0.07435999999999998
-0.2395799999999999,-0.023789999999999978,-0.1512699999999999
-0.19087999999999994,-0.015000000000000013,-0.17633
-0.20439000000000007,-0.020930000000000004,-0.1371
-0.25311000000000006,-0.024949999999999917,-0.17964000000000002
-0.1925,-0.015329999999999955,-0.14732999999999996
-0.034170000000000034,-0.029079999999999995,-0.012990000000000057
-0.03591999999999995,-0.029349999999999987,-0.011340000000000017
-0.02906999999999993,-0.029299999999999993,0.004430000000000045
-0.025839999999999974,-0.028880000000000017,-0.0014199999999999768
-0.027599999999999958,-0.03244999999999998,0.00021999999999999797
0.0006000000000000449,-0.050880000000000036,-0.027129999999999987
0.007369999999999988,-0.09172999999999998,0.005729999999999902
-0.0017300000000000093,-0.03573000000000004,-0.01546000000000003
0.004290000000000016,-0.14765000000000006,-0.014619999999999966
-0.0005499999999999394,-0.040120000000000045,-0.01741999999999999
-0.42121,-0.018440000000000012,-0.02307999999999999
-0.2242099999999999,-0.021090000000000053,-0.03022999999999998
-0.5142899999999999,-0.023700000000000054,-0.03986000000000001
-0.37337999999999993,-0.018850000000000033,-0.007399999999999962
-0.23180999999999996,-0.018839999999999968,-0.0020599999999999508
-0.11978999999999995,-0.13942,-0.09133000000000002
-0.08717999999999992,-0.08860000000000001,-0.06994999999999996
-0.13754,-0.12158999999999998,-0.08552000000000004
-0.06889999999999996,-0.07656000000000007,-0.0863799999999999
-0.03106999999999993,-0.09416999999999998,-0.07953999999999994
-0.19882,0.00036000000000002697,-0.2196499999999999
-0.23615999999999993,-0.005759999999999987,-0.19611
-0.20508000000000004,0.008030000000000093,-0.1976000000000001
-0.20078000000000007,-0.018299999999999983,-0.19782
-0.19631999999999994,-0.000520000000000076,-0.24624999999999997
-0.17974,-0.04164000000000001,-0.06408999999999998
-0.18752999999999997,-0.0907,-0.050389999999999935
-0.21226999999999996,-0.05618999999999996,-0.04742999999999997
-0.22965000000000002,-0.04541000000000006,-0.05598000000000003
-0.32399,-0.08099,-0.1372000000000001
-0.49735,0.0012099999999999334,-0.031000000000000028
-0.43569,-0.0012599999999999278,-0.02798999999999996
-0.34924999999999995,0.0018799999999999928,-0.024880000000000013
-0.50091,-0.0024200000000000887,-0.015029999999999988
-0.5969800000000001,0.0006000000000000449,-0.02978000000000003
0.00019000000000002348,0.004789999999999961,-0.0007700000000000484
0.0009599999999999609,0.002870000000000039,-0.0034800000000000386
-0.002990000000000048,0.004350000000000076,-0.0008200000000000429
-0.0041800000000000725,0.005449999999999955,-0.008020000000000027
-0.008009999999999962,0.012769999999999948,-0.00492999999999999
-0.006099999999999994,-0.02510000000000001,-0.011770000000000058
-0.0048200000000000465,-0.006320000000000103,-0.009020000000000028
-0.0014300000000000423,-0.00714999999999999,-0.0030000000000000027
-0.49195,-0.02422000000000002,-0.008110000000000062
-0.005070000000000019,-0.025419999999999998,-0.00391000000000008
-0.08152000000000004,-0.010720000000000063,-0.06789
-0.13084000000000007,-0.016410000000000036,-0.11335000000000006
-0.04379999999999995,-0.0434199999999999,-0.05252000000000001
-0.04187999999999992,-0.01744000000000001,-0.06633999999999995
-0.05190000000000006,-0.007409999999999917,-0.06225000000000003
-0.24212999999999996,-0.02304000000000006,0.00266999999999995
-0.14644000000000001,-0.04104999999999992,0.00034000000000000696
0.012310000000000043,-0.007589999999999986,0.0005300000000000304
0.00268999999999997,-0.021589999999999998,0.0025100000000000122
-0.07917000000000007,-0.042239999999999944,-0.0007500000000000284
-0.03711999999999993,-0.62636,-0.061799999999999966
-0.010460000000000025,-0.64533,-0.06632000000000005
-0.04149000000000003,-0.59779,-0.061410000000000076
-0.13522,-0.5312300000000001,-0.08106999999999998
-0.020519999999999983,-0.58257,-0.08057999999999998
-0.47368,-0.05008999999999997,-0.07201000000000002
-0.40130999999999994,-0.03383999999999998,-0.1028
-0.42876000000000003,-0.044989999999999974,-0.005720000000000058
-0.31223999999999996,-0.033050000000000024,-0.11229999999999996
-0.49563999999999997,-0.01216000000000006,-0.16488000000000003
-0.15019000000000005,-0.018449999999999966,-0.005410000000000026
-0.38754,-0.08537000000000006,-0.007090000000000041
-0.023560000000000025,-0.016959999999999975,-0.02575000000000005
-0.017280000000000073,-0.023249999999999993,-0.008890000000000065
-0.017570000000000086,-0.009360000000000035,0.0013999999999999568
-0.01088,-0.13883999999999996,-0.0747500000000001
-0.19365,-0.1604,-0.09053
-0.23295999999999994,-0.1281500000000001,-0.08603000000000005
-0.19240999999999997,-0.11988999999999994,-0.07357999999999998
-0.01144999999999996,-0.11969000000000007,-0.0816
-0.03652999999999995,-0.06509999999999994,-0.030749999999999944
-0.047049999999999925,-0.054770000000000096,-0.053239999999999954
-0.5155799999999999,-0.06625999999999999,-0.009429999999999938
-0.27440999999999993,-0.0786,-0.03369999999999995
-0.027569999999999983,-0.05391999999999997,-0.014579999999999926
-0.06361000000000006,-0.022399999999999975,-0.11136000000000001
-0.09155999999999997,-0.024959999999999982,-0.11798999999999993
-0.07028000000000001,-0.017910000000000093,-0.08157000000000003
-0.08255000000000001,-0.013660000000000005,-0.08798000000000006
-0.08923999999999999,-0.01649999999999996,-0.08650000000000002
-0.14987000000000006,-0.005410000000000026,-0.08378000000000008
-0.14644000000000001,-0.005630000000000024,-0.05337999999999998
-0.14904000000000006,-0.00712999999999997,-0.054869999999999974
-0.14976,-0.005009999999999959,-0.034640000000000004
-0.16157,-0.006179999999999963,-0.05884999999999996
-0.019179999999999975,-0.032239999999999935,-0.028279999999999972
-0.013449999999999962,-0.0232,-0.027270000000000016
-0.012309999999999932,-0.01307999999999998,-0.027799999999999936
-0.014129999999999976,-0.02259,-0.026739999999999986
-0.014699999999999935,-0.02124999999999999,-0.02635999999999994
-0.028380000000000072,-0.023480000000000056,-0.04243000000000008
-0.026510000000000034,-0.029940000000000078,-0.037819999999999965
-0.038429999999999964,-0.009469999999999978,-0.07633999999999996
-0.030240000000000045,-0.014550000000000063,-0.04220999999999997
-0.02756000000000003,0.019160000000000066,-0.04149999999999998
0.009600000000000053,-0.04340999999999995,-0.02249000000000001
0.02898999999999996,-0.03982000000000008,-0.0018399999999999528
0.029730000000000034,-0.04654999999999998,-0.0026199999999999557
-0.51973,-0.04759000000000002,-0.014530000000000043
0.020510000000000028,-0.050839999999999996,-0.01088
-0.013270000000000004,-0.36929,-0.029920000000000058
-0.01167000000000007,-0.11202999999999996,-0.016220000000000012
-0.025819999999999954,-0.38995,-0.029799999999999938
-0.01044999999999996,-0.37677000000000005,-0.01647999999999994
-0.011789999999999967,-0.05352000000000001,-0.030399999999999983
-0.28824000000000005,-0.01165000000000005,-0.042220000000000035
-0.32011,-0.00947000000000009,-0.017650000000000055
-0.29763000000000006,-0.12719000000000003,-0.04029000000000005
-0.16814000000000007,-0.06442999999999999,-0.04429000000000005
-0.2996,-0.08582000000000001,-0.023229999999999973
-0.58234,-0.011369999999999991,-0.10187999999999997
-0.46065999999999996,-0.0013600000000000279,-0.11436999999999997
-0.5357999999999999,-0.020240000000000036,-0.10114999999999996
-0.46648999999999996,-0.014510000000000023,-0.10270999999999997
-0.46508999999999995,-0.02098,-0.12212
-0.03620000000000001,-0.021560000000000024,-0.12496000000000007
-0.024599999999999955,-0.03573000000000004,-0.0992599999999999
-0.02528000000000008,-0.023129999999999984,-0.12752000000000008
-0.037739999999999996,-0.03710000000000002,-0.1089
-0.03290000000000004,-0.017209999999999948,-0.12003000000000008
-0.0024800000000000377,-0.45568000000000003,-0.08830000000000005
-0.004349999999999965,-0.42687,-0.05249999999999999
7.999999999996898e-05,-0.49803000000000003,-0.04052
0.0005800000000000249,-0.43023999999999996,-0.07869999999999999
-0.004550000000000054,-0.40346000000000004,-0.08035000000000003
0.02061999999999997,-0.024359999999999937,0.025819999999999954
-0.02293999999999996,-0.01849999999999996,0.027490000000000014
-0.09513000000000005,-0.021340000000000026,0.014969999999999928
0.0023799999999999377,-0.013939999999999952,0.04586000000000001
0.0031400000000000317,-0.024469999999999992,0.05676999999999999
-0.003630000000000022,-0.013339999999999907,-0.024480000000000057
-0.013490000000000002,0.042039999999999966,-0.04962000000000011
-0.02018999999999993,0.03571000000000002,-0.03913
-0.031830000000000025,0.047149999999999914,-0.04411999999999994
-0.01882000000000006,-0.01805000000000001,-0.028980000000000006
-0.08570999999999995,-0.5527,-0.07690999999999992
-0.08257000000000003,-0.43399,-0.08417000000000008
-0.06159999999999999,-0.41385,-0.08416999999999997
-0.09981000000000007,-0.48629999999999995,-0.07769999999999999
-0.06420999999999999,-0.39337,-0.07748
-0.19655,-0.005750000000000033,-0.12060000000000004
-0.30052,-0.013650000000000051,-0.15249999999999997
-0.17001999999999995,-0.014860000000000095,-0.14215999999999995
-0.17447000000000001,-0.01593,-0.12768999999999997
-0.18408999999999998,-0.01158999999999999,-0.10319999999999996
-0.17465999999999993,-0.07254000000000005,-0.04296999999999995
-0.05347000000000002,-0.12957000000000007,-0.04400000000000004
-0.11236000000000002,-0.16574999999999995,-0.054500000000000104
-0.08675,-0.07055999999999996,-0.044499999999999984
-0.08140999999999998,-0.11697000000000002,-0.03873000000000004
-0.0009000000000000119,-0.15017999999999998,0.0010099999999999554
-0.005070000000000019,-0.44214,-0.0008200000000000429
-0.003310000000000035,-0.1341199999999999,-0.004429999999999934
-0.002869999999999928,-0.06051999999999991,-0.00757999999999992
-0.012070000000000025,-0.11243999999999998,-0.009589999999999987
-0.15673000000000004,-0.06881999999999999,-0.13626000000000005
-0.20453999999999994,-0.07130999999999998,0.041890000000000094
0.022110000000000074,-0.058209999999999984,0.03322000000000003
-0.2009899999999999,-0.06271000000000004,0.061450000000000005
-0.17929000000000006,-0.06555,-0.09345999999999999
-0.39540999999999993,-0.041810000000000014,-0.04031999999999991
-0.43882999999999994,-0.046659999999999924,-0.03118999999999994
-0.51454,-0.055970000000000075,-0.017649999999999944
-0.48195000000000005,-0.03698000000000001,-0.033600000000000074
-0.4378000000000001,-0.06418000000000001,-0.03061999999999998
-0.022400000000000087,-0.13946000000000003,0.00264999999999993
-0.019179999999999975,-0.09172999999999998,0.0019900000000000473
-0.02790999999999999,-0.12557000000000007,0.0049600000000000755
-0.023270000000000013,-0.08023999999999998,-0.0006000000000000449
-0.014610000000000012,-0.11019000000000001,0.0022599999999999287
-0.5818399999999999,-0.46640000000000004,-0.027730000000000032
-0.59879,-0.27263000000000004,-0.057190000000000074
-0.53956,-0.32292999999999994,-0.03915999999999997
-0.48811,-0.3518899999999999,-0.12024000000000001
-0.5007999999999999,-0.21485999999999994,-0.02903
-0.48761000000000004,-0.12658999999999998,-0.07444000000000006
-0.66284,-0.17796,-0.05898999999999999
-0.49522,-0.10392000000000001,0.030959999999999988
-0.6243,-0.11809000000000003,-0.07923999999999998
-0.48003999999999997,-0.12283,-0.06011
0.003790000000000071,-0.019120000000000026,-0.04257999999999995
-0.01851999999999998,-0.13901999999999992,-0.11004000000000003
-0.07471000000000005,-0.19420000000000004,-0.09686000000000006
-0.59585,-0.013499999999999956,-0.06379999999999997
0.05678000000000005,-0.013610000000000011,-0.040039999999999965
-0.03761000000000003,-0.035009999999999986,-0.11516000000000004
-0.058539999999999925,-0.03154999999999997,-0.09831999999999996
-0.0359799999999999,-0.033620000000000094,-0.10065999999999997
-0.03186,-0.030689999999999995,-0.10867000000000004
-0.04194000000000009,-0.031889999999999974,-0.06307000000000007
-0.019949999999999912,-0.07543,-0.12313999999999992
-0.05710000000000004,-0.02776999999999996,-0.11482000000000003
0.0046599999999999975,-0.041039999999999965,-0.10893999999999993
-0.46483,-0.12458000000000002,-0.11392000000000002
-0.02517999999999998,-0.07206000000000001,-0.11020000000000008
-0.014929999999999999,-0.005340000000000011,-0.011029999999999984
-0.4426,-0.00934999999999997,-0.007869999999999933
-0.018460000000000032,-0.010800000000000032,-0.003290000000000015
-0.42179,-0.005049999999999999,-0.005329999999999946
-0.015690000000000093,-0.05184,-0.010660000000000003
-0.05437000000000003,-0.12619000000000002,-0.01690999999999998
-0.07016,-0.11660000000000004,0.007310000000000039
-0.57192,-0.12088999999999994,-0.015759999999999996
-0.05944000000000005,-0.12507999999999997,-0.016730000000000023
-0.09520000000000006,-0.11183999999999994,-0.031950000000000034
-0.14080000000000004,-0.010000000000000009,-0.06964999999999999
-0.11329,-0.006129999999999969,-0.042059999999999986
-0.09992999999999996,-0.013370000000000104,-0.06950999999999996
-0.06544000000000005,-0.00990000000000002,-0.06632000000000005
-0.12602999999999998,-0.00759999999999994,-0.07360999999999995
-0.44174,-0.06623000000000001,-0.2067
-0.42156,-0.07133,-0.11605999999999994
-0.43044,-0.07071000000000005,-0.15225
-0.45047,-0.06559999999999999,-0.07408999999999999
-0.5507500000000001,-0.06501999999999997,-0.20961000000000007
-0.018359999999999932,-0.06037999999999999,-0.22622999999999993
-0.011140000000000039,-0.022159999999999958,-0.18477999999999994
-0.015689999999999982,-0.021279999999999966,-0.20734999999999992
-0.036009999999999986,-0.03964000000000001,-0.19048999999999994
-0.02088000000000001,-0.023859999999999992,-0.20099
-0.16425,-0.03945999999999994,0.005410000000000026
-0.18764000000000003,-0.03839999999999999,-0.0018099999999999783
-0.26005,-0.033970000000000056,0.0019399999999999418
-0.24090999999999996,-0.03985000000000005,0.006060000000000065
-0.18256000000000006,-0.03344999999999998,-0.008560000000000012
-0.07811000000000001,-0.003610000000000002,-0.1371
-0.06281000000000003,-0.028730000000000033,-0.12963999999999998
-0.03305999999999998,-0.01905000000000001,-0.10399000000000003
-0.05255999999999994,-0.012399999999999967,-0.14917999999999998
0.0009899999999999354,-0.0131,-0.07828999999999997
-0.09098000000000006,-0.0016100000000000003,-0.0027000000000000357
-0.06894,-0.010169999999999901,-0.0041799999999999615
-0.10719000000000001,0.006100000000000105,-0.009870000000000045
-0.05500000000000005,0.01817000000000002,-0.009760000000000102
-0.10874000000000006,0.0018899999999999473,-0.004589999999999983
-0.06191000000000002,-0.03942000000000001,-0.06115999999999999
-0.06969999999999998,-0.0012100000000000444,-0.07276000000000005
-0.05693999999999999,0.005639999999999978,-0.04945999999999995
-0.10977000000000003,-0.0044800000000000395,-0.08394000000000001
-0.08958999999999995,-0.015160000000000062,-0.06508999999999998
-0.37625999999999993,-0.006240000000000023,-0.14576
-0.43640999999999996,-0.031480000000000063,-0.15588999999999997
-0.42317000000000005,-0.02915000000000001,-0.18341000000000007
-0.40423,-0.028739999999999988,-0.12299000000000004
-0.4384100000000001,-0.03482000000000007,-0.1478100000000001
-0.57677,0.005709999999999993,-0.17698000000000003
-0.585,0.00651999999999997,-0.22028999999999999
-0.59,0.007939999999999947,-0.14018999999999993
-0.47474,0.0033599999999999186,-0.13622
-0.5752999999999999,0.004389999999999894,-0.20204
-0.50908,-0.04204999999999992,-0.09151000000000009
-0.50173,-0.038390000000000035,-0.17274
-0.50714,-0.0025100000000000122,-0.17217000000000005
-0.49433,-0.023849999999999927,-0.17615000000000003
-0.31251000000000007,-0.015780000000000016,-0.0011400000000000299
-0.013910000000000089,-0.09045999999999998,-0.007360000000000033
-0.010769999999999946,-0.09353,-0.010249999999999981
-0.01641999999999999,-0.10841,-0.014909999999999979
-0.015519999999999978,-0.15881,-0.02145000000000008
-0.01660000000000006,-0.13388,-0.028390000000000026
-0.03634999999999999,-0.027210000000000067,-0.011229999999999962
-0.033459999999999934,-0.031000000000000028,-0.019949999999999912
-0.03573000000000004,-0.03627999999999998,-0.023380000000000067
-0.013050000000000006,-0.0027999999999999137,-0.008009999999999962
-0.02980000000000005,-0.03906999999999994,-0.008140000000000036
-0.31951999999999997,-0.06784000000000001,0.000280000000000058
-0.27788999999999997,-0.16842000000000001,-0.0016300000000000203
-0.26722,-0.16694999999999993,-0.003589999999999982
-0.29557999999999995,-0.1256799999999999,0.009890000000000065
-0.28155,-0.10802,0.004489999999999994
-0.17095000000000005,-0.09375,-0.10219999999999996
-0.32980999999999994,-0.10158,-0.041139999999999954
-0.37049,-0.09349000000000007,-0.027689999999999992
-0.40801000000000004,-0.10032999999999992,-0.04797000000000007
-0.38582000000000005,-0.10021999999999998,-0.009400000000000075
-0.1300199999999999,-0.01214000000000004,-0.03966999999999998
-0.19641999999999993,-0.11726999999999999,-0.04313
-0.13698,-0.014330000000000065,-0.036170000000000035
-0.11473999999999995,0.006750000000000034,-0.03306999999999993
-0.18680999999999992,-0.0048000000000000265,-0.03183999999999998
-0.05822000000000005,-0.09834999999999994,-0.41718
-0.15460999999999991,-0.11145000000000005,-0.40152999999999994
-0.65116,-0.10965000000000003,-0.41558000000000006
-0.52469,-0.06097000000000008,-0.30323
-0.5738399999999999,-0.09506000000000003,-0.3020299999999999
-0.24339,-0.1703,-0.15453000000000006
-0.34198000000000006,-0.017410000000000037,-0.1882600000000001
-0.30123000000000005,0.0035200000000000786,-0.12485000000000002
-0.16311999999999993,-0.00930999999999993,-0.15422000000000002
-0.26810999999999996,-0.01696999999999993,-0.14629999999999999
-0.15957999999999994,-0.17191999999999996,-0.021849999999999925
-0.36688999999999994,-0.17267,-0.027179999999999982
-0.31818,-0.09942000000000006,-0.02371000000000001
-0.12984000000000007,-0.1667599999999999,-0.04360000000000008
-0.14342,-0.1405599999999999,-0.027939999999999965
-0.2940400000000001,-0.16655999999999993,-0.14916000000000007
-0.23390999999999995,-0.08772000000000002,-0.21423999999999999
-0.29252,-0.16080000000000005,-0.23644999999999994
-0.26349999999999996,-0.10764000000000007,-0.14617999999999998
-0.24324999999999997,-0.12520999999999993,-0.23033000000000003
-0.024679999999999924,0.0014600000000000168,-0.028739999999999988
-0.017529999999999935,-0.0045999999999999375,-0.03132999999999997
-0.024370000000000003,-0.007209999999999939,-0.030810000000000004
-0.02212000000000003,0.005539999999999989,-0.038980000000000015
-0.02134999999999998,0.008700000000000041,-0.04624000000000006
-0.55028,-0.29286,-0.26707000000000003
-0.67663,-0.29967,-0.2496299999999999
-0.42064999999999997,-0.29725,-0.29040999999999995
-0.5243500000000001,-0.31314,-0.26565000000000005
-0.6367,-0.31268000000000007,-0.33172
-0.05228999999999995,-0.011599999999999944,-0.03427999999999998
-0.51035,0.0005600000000000049,-0.03922999999999999
-0.054240000000000066,-0.04912000000000005,-0.030500000000000083
-0.06591999999999998,-0.022680000000000033,-0.025469999999999993
-0.48635,-0.009809999999999985,-0.028229999999999977
-0.05388999999999999,-0.03897000000000006,-0.09467999999999999
-0.07506000000000002,-0.031649999999999956,-0.10373999999999994
-0.08082999999999996,-0.03420000000000001,-0.09499999999999997
-0.06655999999999995,-0.03467000000000009,-0.12976999999999994
-0.04881000000000002,-0.027310000000000056,-0.09726000000000001
-0.41561,-0.07080000000000009,-0.37890999999999997
-0.44814,-0.45791,-0.47136
-0.33953,-0.10603000000000007,-0.37749999999999995
-0.42288,-0.09138999999999997,-0.30730999999999997
-0.23800999999999994,-0.03423999999999994,-0.2759799999999999
0.0042799999999999505,-0.08965000000000001,0.012839999999999963
-0.003329999999999944,-0.07821999999999996,0.01102000000000003
-0.0019400000000000528,-0.08514,0.013610000000000011
-0.0030599999999999516,-0.08782999999999996,0.012149999999999994
-0.015710000000000002,-0.08618999999999999,0.0027999999999999137
-0.03735999999999995,-0.03605999999999998,-0.16042999999999996
-0.03300000000000003,-0.03515999999999997,-0.14462000000000008
-0.04805000000000004,-0.043159999999999976,-0.15045000000000008
-0.06538,-0.06445999999999996,-0.15517999999999998
-0.44804,-0.06842999999999999,-0.16504000000000008
-0.27227,-0.07801999999999998,-0.13919000000000004
-0.26558000000000004,0.0011299999999999644,-0.12647000000000008
-0.11377999999999999,-0.0013199999999999878,-0.11102000000000001
-0.30540999999999996,-0.07967000000000002,-0.16996
-0.22689000000000004,-0.06635999999999997,-0.13688
-0.2314299999999999,-0.12334,-0.019939999999999958
-0.21797,-0.02429999999999999,-0.012310000000000043
-0.22457000000000005,-0.018490000000000006,-0.1640600000000001
-0.31825000000000003,-0.010539999999999994,-0.011839999999999962
-0.46116000000000007,-0.0041399999999999215,-0.031850000000000045
-0.08336999999999994,-0.039650000000000074,-0.12073
-0.33506,-0.05375999999999992,-0.11601000000000006
-0.06428,-0.09887000000000001,-0.12298999999999993
-0.18359999999999999,-0.05132000000000003,-0.12641000000000002
-0.24932999999999994,-0.06336999999999993,-0.09410999999999992
-0.33231999999999995,-0.03661000000000003,-0.09494000000000002
-0.01676999999999995,-0.03010999999999997,-0.07016
-0.12241000000000002,-0.022179999999999978,-0.07780000000000009
-0.030020000000000047,-0.030000000000000027,-0.08850999999999998
-0.21962000000000004,-0.02732000000000001,-0.08289000000000002
-0.23304000000000002,-0.53088,-0.02173999999999998
-0.28052,-0.51885,-0.024190000000000045
-0.25156999999999996,-0.49374,-0.016669999999999963
-0.25687000000000004,-0.19540000000000002,-0.01683000000000001
-0.2623,-0.28255,-0.017689999999999984
-0.46374000000000004,-0.058130000000000015,-0.07249000000000005
-0.08731999999999995,-0.05891000000000002,-0.07152000000000003
-0.47795999999999994,-0.05681000000000003,-0.09472999999999998
-0.4651,-0.020299999999999985,-0.07416
-0.4618,-0.037069999999999936,-0.07304999999999995
-0.62005,-0.00014999999999998348,-0.025309999999999944
-0.59251,-0.0034199999999999786,-0.018959999999999977
-0.59015,-0.0005499999999999394,-0.0036399999999999766
-0.62435,-0.0016500000000000403,-0.006520000000000081
-0.42706,-0.0015300000000000313,-0.009469999999999978
-0.09706999999999999,-0.0035999999999999366,-0.06737000000000004
-0.09514,-0.012619999999999965,-0.06496000000000002
-0.08347000000000004,-0.0016200000000000658,-0.05471999999999999
-0.09021000000000001,-0.003250000000000086,-0.05961000000000005
-0.09421999999999997,-0.008029999999999982,-0.08861999999999992
-0.01088,-0.03450999999999993,-0.013809999999999989
-0.013939999999999952,-0.042220000000000035,-0.012979999999999992
-0.010770000000000057,-0.03417999999999999,-0.013430000000000053
-0.008259999999999934,-0.04640999999999995,-0.02134999999999998
-0.007529999999999926,-0.02438000000000007,-0.012289999999999912
-0.06491000000000002,-0.3802399999999999,-0.13751999999999998
-0.10028999999999999,-0.33001,-0.13699000000000006
-0.07358999999999993,-0.08935000000000004,-0.11972999999999989
-0.09957000000000005,-0.2855,-0.15020999999999995
-0.07523999999999997,-0.08977000000000002,-0.14461999999999997
-0.16902000000000006,-0.017730000000000024,-0.04636000000000007
-0.21960000000000002,-0.011390000000000011,-0.024799999999999933
-0.12001000000000006,-0.008199999999999985,-0.027220000000000022
-0.11146,-0.013390000000000013,-0.039429999999999965
-0.10864000000000007,-0.0007200000000000539,-0.051530000000000076
-0.3841399999999999,-0.14450999999999992,-0.047699999999999965
-0.4813299999999999,-0.06337000000000004,-0.05526999999999993
-0.3764900000000001,-0.17820000000000003,-0.08277000000000001
-0.43003,-0.15460000000000007,-0.06702000000000008
-0.27198,-0.034519999999999995,-0.06975999999999993
-0.10125000000000006,0.0010799999999999699,-0.14290000000000003
-0.12039999999999995,-0.011900000000000022,-0.13324999999999998
-0.23197,-0.0019400000000000528,-0.17821999999999993
-0.06935000000000002,-0.004550000000000054,-0.13278999999999996
-0.09576999999999991,0.0012500000000000844,-0.11827999999999994
-0.6070899999999999,-0.31699,-0.15098999999999996
-0.58972,-0.32358999999999993,-0.16147999999999996
-0.5235,-0.32968,-0.13354
-0.48039999999999994,-0.14084000000000008,-0.22582999999999998
-0.24519999999999997,-0.12461999999999995,-0.13837999999999995
-0.15366999999999997,-0.024839999999999973,-0.051629999999999954
-0.20909,-0.0020599999999999508,-0.04198999999999997
-0.13244,0.017710000000000004,-0.06679999999999997
-0.14900999999999998,-0.059759999999999924,-0.059169999999999945
-0.15274999999999994,-0.00492999999999999,-0.050249999999999906
-0.31634000000000007,-0.017209999999999948,-0.17818
-0.06742000000000004,-0.01680999999999999,-0.14225
-0.34199,-0.03279999999999994,-0.13705
-0.0947,-0.018460000000000032,-0.14124000000000003
-0.25145000000000006,-0.013599999999999945,-0.09983000000000009
-0.2863500000000001,-0.5591,-0.05286000000000002
-0.34914,-0.09413000000000005,-0.10307
-0.47473999999999994,-0.5334000000000001,-0.30011
-0.3127,-0.5253699999999999,-0.08401999999999998
-0.40232,-0.11524999999999996,-0.09413000000000005
-0.58047,-0.54107,-0.30777999999999994
-0.5303800000000001,-0.36685,-0.19047000000000003
-0.62284,-0.30235,-0.45058999999999994
-0.56128,-0.3426600000000001,-0.29663000000000006
-0.5528500000000001,-0.2983,-0.20462000000000002
-0.05442999999999998,-0.09927000000000008,-0.018649999999999944
-0.042300000000000004,-0.09648000000000001,-0.019689999999999985
-0.05445,-0.027329999999999965,-0.014650000000000052
-0.02328000000000008,0.0024199999999999777,-0.04683000000000004
-0.03322000000000003,-0.009689999999999976,-0.004490000000000105
-0.10030000000000006,-0.26898,0.0019899999999999363
-0.054930000000000034,-0.14332999999999996,-0.005280000000000062
-0.07085000000000008,-0.06517000000000006,0.0045799999999999175
-0.041690000000000005,-0.13298999999999994,-0.008979999999999988
-0.06154000000000004,-0.41635,-0.0014100000000000223
-0.04654999999999998,-0.01189999999999991,-0.06035999999999997
-0.046560000000000046,0.018020000000000036,-0.05963000000000007
-0.019730000000000025,-0.026160000000000072,-0.05898000000000003
-0.016100000000000003,0.023880000000000012,-0.05658999999999992
-0.013419999999999987,-0.022780000000000022,-0.05237999999999998
-0.2000099999999999,-0.05545,-0.04442999999999997
-0.38017,-0.028530000000000055,-0.02068000000000003
-0.45150999999999997,-0.04703999999999997,-0.07052999999999998
-0.20797999999999994,-0.04492000000000007,-0.03310999999999997
-0.25889000000000006,-0.04956000000000005,-0.02823000000000009
-0.34843,-0.19006999999999996,-0.06986999999999999
-0.38266,-0.23564000000000007,-0.029939999999999967
-0.49267000000000005,-0.22019999999999995,-0.07791000000000003
-0.5513399999999999,-0.1894,-0.08094999999999997
-0.36793,-0.19199,-0.08289999999999997
-0.007879999999999998,-0.17413,-0.016179999999999972
-0.13556,-0.15213,-0.01576999999999995
-0.1372199999999999,-0.16044999999999998,-0.01301999999999992
-0.13227,-0.1269,-0.023480000000000056
-0.19311999999999996,-0.16504000000000008,-0.25673999999999997
-0.34471000000000007,-0.15493999999999997,-0.019000000000000017
-0.5515300000000001,-0.18928999999999996,-0.09877999999999998
-0.25283,-0.10226000000000002,0.08948
-0.47609,-0.14892000000000005,-0.08928000000000003
-0.41440000000000005,-0.15432999999999997,-0.016260000000000052
-0.21542000000000006,-0.03501999999999994,-0.005750000000000033
-0.5679399999999999,-0.041710000000000025,-0.010440000000000005
-0.54391,-0.05969000000000002,-0.010249999999999981
-0.49591,-0.045030000000000014,-0.00041999999999997595
-0.46676000000000006,-0.04144999999999999,-0.0022199999999999998
-0.06911,-0.017919999999999936,-0.09610999999999992
-0.03905000000000003,-0.05636999999999992,-0.09357000000000004
-0.05298000000000003,-0.023839999999999972,-0.08752000000000004
-0.0494,-0.07755000000000001,-0.09122999999999992
-0.03181999999999996,-0.04086999999999996,-0.07594000000000001
-0.37646999999999997,-0.05726000000000009,-0.11975999999999998
-0.32225000000000004,-0.03915999999999997,-0.03880000000000006
-0.40704000000000007,-0.03325,-0.11738000000000004
-0.20205000000000006,-0.042320000000000024,-0.05622000000000005
-0.3189000000000001,-0.039630000000000054,-0.13956000000000002
-0.008769999999999945,-0.024969999999999937,0.0009000000000000119
-0.62614,-0.011499999999999955,-0.004650000000000043
-0.050919999999999965,-0.01419999999999999,-0.0048399999999999554
-0.01812999999999998,-0.010589999999999988,-0.003630000000000022
-0.6103799999999999,-0.01662000000000008,-0.004969999999999919
-0.67771,-0.07506999999999997,-0.08055000000000001
-0.68003,-0.07774000000000003,-0.06312000000000006
-0.68126,-0.08140999999999998,-0.0645699999999999
-0.6922,-0.06977999999999995,-0.06013000000000002
-0.671,-0.07069000000000003,-0.06943999999999995
-0.32204,0.0015199999999999658,-0.12292999999999998
-0.3131400000000001,0.0030799999999999716,-0.051000000000000045
-0.39169,-0.007800000000000029,-0.043440000000000034
-0.6063400000000001,-0.012720000000000065,-0.09091000000000005
-0.44049000000000005,0.0010499999999999954,-0.01699000000000006
-0.6937300000000001,0.016139999999999932,-0.15870000000000006
-0.72506,0.015750000000000042,-0.24486000000000008
-0.63172,0.015009999999999968,-0.19352999999999998
-0.64435,0.00605,-0.18198999999999999
-0.69523,0.016450000000000076,-0.19813999999999998
-0.05318999999999996,-0.03453000000000006,-0.06865999999999994
-0.035089999999999955,-0.04651000000000005,-0.08148
-0.05800000000000005,-0.03977000000000008,-0.06605000000000005
-0.09014,-0.03868000000000005,-0.06442000000000003
-0.013959999999999972,-0.04144999999999999,-0.07450000000000001
-0.13853000000000004,-0.007099999999999995,-0.07169000000000003
-0.04958000000000007,-0.012310000000000043,-0.049310000000000076
-0.029209999999999958,-0.019459999999999922,-0.05315000000000003
-0.029930000000000012,-0.014540000000000108,-0.06231999999999993
-0.03922000000000003,-0.014349999999999974,-0.045560000000000045
-0.05218999999999996,-0.10497000000000001,-0.028609999999999913
-0.05343999999999993,-0.10722999999999994,-0.024889999999999968
-0.05233999999999994,-0.09343999999999997,-0.038270000000000026
-0.0817,-0.11176999999999992,-0.05174999999999996
-0.042039999999999966,-0.08535999999999999,-0.06738
-0.3697,-0.019429999999999947,-0.03693999999999997
-0.32978,-0.022480000000000055,-0.03788999999999998
-0.36173999999999995,-0.023499999999999965,-0.03599999999999992
-0.35999000000000003,-0.018450000000000077,-0.033400000000000096
-0.36784,-0.021260000000000057,-0.04754999999999998
-0.15615,-0.06423000000000001,-0.14534000000000002
-0.14533000000000007,-0.08174999999999999,-0.15197000000000005
-0.34968,-0.04188000000000003,-0.15401999999999993
-0.1768200000000001,-0.05945999999999996,-0.1467400000000001
-0.22616999999999998,-0.051469999999999905,-0.18330000000000002
-0.46733,-0.13441000000000003,-0.29034000000000004
-0.48145999999999994,-0.14825,-0.39363999999999993
-0.47857000000000005,-0.19864000000000004,-0.37028000000000005
-0.47093,-0.14298,-0.3274
-0.44921999999999995,-0.13578,-0.2970299999999999
-0.06815000000000004,-0.028739999999999988,-0.03068000000000004
-0.03127000000000002,-0.05541000000000007,-0.01527999999999996
-0.015630000000000033,-0.026169999999999916,-0.007759999999999989
-0.027039999999999953,-0.018979999999999997,-0.00988
-0.02942,-0.02346999999999999,-0.010949999999999904
-0.08738999999999997,-0.018360000000000043,-0.006399999999999961
-0.00927,-0.030490000000000017,-0.006750000000000034
-0.020340000000000025,-0.010840000000000072,-0.009720000000000062
-0.08555000000000001,-0.02200000000000002,-0.006209999999999938
-0.009739999999999971,-0.006929999999999992,-0.007469999999999977
-0.04106999999999994,-0.09292999999999996,-0.13641999999999999
-0.029469999999999996,-0.1915,-0.15861999999999998
-0.03871000000000002,-0.07998000000000005,-0.13732
-0.051429999999999976,-0.07195000000000007,-0.1372
-0.03237000000000001,-0.0626500000000001,-0.06456000000000006
-0.03581000000000001,-0.10392000000000001,-0.05995000000000006
-0.57365,-0.09781999999999991,-0.05964999999999998
-0.048410000000000064,-0.10809000000000002,-0.05121000000000009
-0.35788999999999993,-0.10346,-0.03964999999999996
-0.13087000000000004,-0.11286000000000007,-0.06395000000000006
-0.60725,-0.35979000000000005,-0.03248999999999991
-0.56323,-0.2794,-0.04703999999999997
-0.4861,-0.38228000000000006,-0.02512000000000003
-0.5850599999999999,-0.22540000000000004,-0.02776999999999996
-0.59091,-0.37607,-0.03747
-0.14806000000000008,-0.30479999999999996,-0.12978
-0.45091,-0.30552,-0.11851999999999996
-0.19912999999999992,-0.29284999999999994,-0.16010999999999997
-0.19721,-0.3084699999999999,-0.12863999999999998
-0.17881000000000002,-0.29952,-0.10465000000000002
-0.56813,-0.018750000000000044,-0.005670000000000064
-0.5464600000000001,-0.005009999999999959,-0.01748000000000005
-0.55657,-0.027040000000000064,-0.019650000000000056
-0.54095,-0.006920000000000037,-0.08426
-0.51268,-0.018000000000000016,-0.08052999999999999
-0.061470000000000025,-0.027079999999999993,-0.0005300000000000304
-0.07162999999999997,-0.0020200000000000218,0.005610000000000004
-0.05348000000000008,-0.003110000000000057,-0.021600000000000064
-0.049740000000000006,-0.029220000000000024,-0.0008900000000000574
-0.06877999999999995,-0.02856000000000003,-0.006279999999999952
-0.59927,-0.022499999999999964,-0.61981
-0.66021,-0.04468000000000005,-0.63981
-0.4209299999999999,-0.03372999999999993,-0.62287
-0.59317,-0.03165999999999991,-0.62005
-0.6553,-0.04461000000000004,-0.23741999999999996
-0.01931000000000005,-0.09973999999999994,-0.054810000000000025
-0.00656000000000001,-0.11568999999999996,-0.060329999999999995
-0.019510000000000027,0.01544000000000001,-0.07411000000000001
-0.018390000000000017,-0.0028799999999999937,-0.059209999999999985
-0.012130000000000085,-0.009190000000000031,-0.07218000000000002
-0.09336,-0.34129999999999994,-0.05157999999999996
-0.09284999999999999,-0.31992999999999994,-0.054300000000000015
-0.10092000000000001,-0.21526999999999996,-0.05593999999999999
-0.06055999999999995,-0.25367000000000006,-0.0587399999999999
-0.11953000000000003,-0.3086399999999999,-0.04863000000000006
-0.028159999999999963,-0.02365000000000006,-0.08538000000000001
-0.031159999999999966,-0.019240000000000035,-0.07516
-0.023110000000000075,-0.03552999999999995,-0.07678000000000007
-0.14539000000000002,-0.021910000000000096,-0.08245000000000002
-0.70031,-0.013839999999999963,-0.08677000000000001
-0.50085,-0.03813999999999995,-0.020889999999999964
-0.49909,-0.027370000000000005,-0.021079999999999988
-0.49977,-0.04059999999999997,-0.009319999999999995
-0.5295300000000001,-0.03232999999999997,-0.0049000000000000155
-0.41191,0.008299999999999974,-0.016819999999999946
-0.54833,-0.0015899999999999803,-0.01745999999999992
-0.56208,-0.003970000000000029,-0.09804999999999997
-0.59887,-0.0030200000000000227,-0.04891000000000001
-0.52647,-0.0017899999999999583,-0.022360000000000047
-0.57852,-0.0036200000000000676,-0.018100000000000005
-0.06409000000000009,-0.08389000000000002,-0.062329999999999997
-0.029770000000000074,-0.08662999999999998,-0.04192000000000007
-0.03212000000000004,-0.07399,-0.054220000000000046
-0.020490000000000008,-0.08179000000000003,-0.029320000000000013
0.0011700000000000044,-0.09787000000000001,-0.023190000000000044
-0.56311,0.00039999999999995595,-0.42987
-0.60469,-0.019219999999999904,-0.39454999999999996
-0.5605100000000001,-0.0008699999999999264,-0.39285000000000003
-0.5510999999999999,-0.006979999999999986,-0.5143599999999999
-0.50665,-0.009060000000000068,-0.35522999999999993
-0.25400999999999996,-0.03766999999999998,-0.010220000000000007
-0.3435499999999999,-0.03686999999999996,-0.007349999999999968
-0.25988999999999995,-0.03170000000000006,0.01108000000000009
-0.29980000000000007,-0.026799999999999935,-0.012820000000000054
-0.3184100000000001,-0.06634000000000007,-0.017450000000000077
-0.09599000000000002,-0.040690000000000004,-0.08767000000000003
-0.16589999999999994,-0.02307999999999999,-0.062429999999999986
-0.23420999999999992,-0.026109999999999967,-0.08549999999999991
-0.25119,-0.06946000000000008,-0.07199999999999995
-0.061269999999999936,-0.09180999999999995,-0.0872099999999999
-0.41185000000000005,-0.26844,-0.5137400000000001
-0.41472,-0.33445,-0.25876999999999994
-0.37042,-0.25861999999999996,-0.5099500000000001
-0.36532,-0.33304,-0.43412
-0.35335,-0.33499999999999996,-0.46408
-0.07238,-0.021930000000000005,-0.15883000000000003
-0.07275000000000009,-0.02194000000000007,-0.11359000000000008
-0.06305000000000005,-0.00719000000000003,-0.09392
-0.06664000000000003,-0.022580000000000044,-0.10991000000000006
-0.07264999999999999,-0.010160000000000058,-0.10169000000000006
-0.01754,-0.03852,-0.00814999999999999
-0.0022699999999999942,-0.03744999999999998,-0.01197999999999999
-0.02091999999999994,-0.03763000000000005,-0.009979999999999989
-0.24083,-0.04689999999999994,-0.007050000000000001
-0.0026000000000000467,-0.03334999999999999,-0.009650000000000047
-0.12824000000000002,-0.036069999999999935,-0.12945000000000007
-0.3136500000000001,-0.051730000000000054,-0.20310000000000006
-0.12891000000000008,-0.042260000000000075,-0.20035999999999998
-0.11492999999999998,-0.06279999999999997,-0.20250999999999997
-0.12412000000000001,-0.03562999999999994,-0.19927000000000006
-0.39102000000000003,-0.026109999999999967,-0.004270000000000107
-0.50644,-0.04522000000000004,-0.0028200000000000447
-0.17257,-0.04917000000000005,0.0015699999999999603
-0.41859,-0.03125,-0.12372000000000005
-0.4865,-0.012580000000000036,-0.09999000000000002
-0.25261999999999996,-0.14261000000000001,-0.24756
-0.23032999999999992,-0.0671799999999999,-0.28718
-0.21345999999999998,-0.04728999999999994,-0.26442
-0.32908000000000004,-0.10401000000000005,-0.28936000000000006
-0.20129000000000008,-0.04820000000000002,-0.2651800000000001
-0.11092000000000002,-0.04879,-0.005600000000000049
-0.08649999999999991,-0.0004899999999999904,-0.009419999999999984
-0.10438999999999998,-0.04557,-0.0039799999999999836
-0.11963999999999997,-0.03581999999999996,-0.07003000000000004
-0.10663,0.0010099999999999554,-0.005210000000000048
-0.13361,-0.21140000000000003,-0.07516999999999996
-0.031140000000000057,-0.23459000000000008,-0.07223999999999997
-0.10046999999999995,-0.20540999999999998,-0.06350999999999996
-0.13851999999999998,-0.22135000000000005,-0.08404
-0.07959000000000005,-0.42397999999999997,-0.07830999999999999
-0.06577,-0.16186,-0.06264999999999998
-0.05524000000000007,0.004090000000000038,-0.025940000000000074
-0.02456999999999998,0.003670000000000062,-0.08427999999999991
-0.05065999999999993,0.009830000000000005,-0.09846999999999995
-0.08762000000000003,0.009070000000000022,-0.08698000000000006
-0.22660000000000002,-0.010199999999999987,-0.027660000000000018
-0.15643000000000007,-0.007440000000000002,-0.048819999999999975
-0.24213000000000007,-0.010039999999999938,-0.04435
-0.14137,-0.008450000000000069,0.01647999999999994
-0.16442999999999997,-0.00992000000000004,-0.018000000000000016
0.0019299999999999873,-0.07708000000000004,-0.030649999999999955
-0.0041200000000000125,-0.09006999999999998,-0.11613000000000007
-0.014639999999999986,-0.11399000000000004,-0.09836
-0.009809999999999985,-0.05528999999999995,-0.037129999999999996
-0.006890000000000063,-0.08888999999999991,-0.053059999999999996
-0.08572000000000002,-0.010759999999999992,-0.13666999999999996
-0.07479999999999998,-0.010750000000000037,-0.44776
-0.05170000000000008,0.013630000000000031,-0.42024000000000006
-0.09914,-0.022849999999999926,-0.15076999999999996
-0.10272999999999999,-0.015100000000000002,-0.14166
0.004369999999999985,-0.30801999999999996,-0.021830000000000016
-0.024009999999999976,-0.33786000000000005,-0.032199999999999895
-0.03371999999999997,-0.3618499999999999,0.028120000000000034
0.0013900000000000023,-0.03595000000000004,-0.02595000000000003
-0.010599999999999943,-0.30923,-0.0044399999999999995
-0.06142000000000003,-0.08721000000000001,-0.12583
-0.05308999999999997,-0.06833,-0.1633199999999999
-0.36224,-0.09164000000000005,-0.13480999999999999
-0.05890999999999991,-0.05608999999999997,-0.14751999999999998
-0.05860999999999994,-0.05115999999999998,-0.26825999999999994
-0.005539999999999989,-0.27623999999999993,-0.0017699999999999383
-0.004209999999999936,-0.11282000000000003,-0.0016300000000000203
0.0008599999999999719,-0.27197000000000005,0.0013100000000000334
-0.00541999999999998,-0.33581000000000005,-0.005539999999999989
-0.006460000000000021,-0.25645000000000007,-0.0039000000000000146
-0.07168000000000008,-0.007979999999999987,-0.09570000000000001
-0.08416999999999997,-0.0047200000000000575,-0.07972000000000001
-0.10575000000000001,-0.00766,-0.13072000000000006
-0.08689999999999998,-0.008040000000000047,-0.08187999999999995
-0.06003999999999998,-0.006879999999999997,-0.05056000000000005
-0.10619999999999996,-0.04459000000000002,-0.13141000000000003
-0.16881000000000002,-0.054810000000000025,-0.16701
-0.05156000000000005,-0.056849999999999956,-0.14012000000000002
-0.30204,-0.0655699999999999,-0.1592
-0.08419999999999994,-0.05186999999999997,-0.14720999999999995
-0.029449999999999976,-0.07252000000000003,-0.03701999999999994
-0.04379999999999995,-0.07897999999999994,-0.03242999999999996
-0.009179999999999966,-0.07967000000000002,-0.01315999999999995
-0.04342999999999997,-0.03972000000000009,-0.022950000000000026
-0.030420000000000003,-0.07979999999999998,-0.012279999999999958
-0.37083,-0.13756999999999997,-0.17535999999999996
-0.35452000000000006,-0.28345,-0.09715000000000007
-0.38820999999999994,-0.13799000000000006,-0.15047999999999995
-0.41239000000000003,-0.06982,-0.18170000000000008
-0.36065,-0.06464000000000003,-0.17620999999999998
-0.019490000000000007,-0.03491,-0.04793999999999998
-0.01605000000000001,-0.03752,-0.04702000000000006
-0.03656000000000004,-0.029390000000000027,-0.05025000000000002
-0.019199999999999995,-0.04447000000000001,-0.04857
-0.01929000000000003,-0.05601999999999996,-0.05174999999999996
-0.0482999999999999,-0.12980999999999998,-0.03425999999999996
-0.06724999999999992,-0.10092000000000001,-0.0040399999999999325
-0.04401999999999995,-0.06267,-0.04738999999999993
-0.08321999999999996,-0.06835000000000002,-0.058459999999999956
-0.11934,-0.07992999999999995,-0.03404000000000007
-0.026329999999999965,-0.0005899999999999794,-0.09226999999999996
-0.00941000000000003,0.0009500000000000064,-0.09323999999999999
-0.05449999999999999,-0.01594999999999991,-0.09885
-0.015599999999999947,-0.006349999999999967,-0.09675999999999996
-0.01689000000000007,-0.007709999999999995,-0.10614999999999997
-0.04883000000000004,-0.20977,-0.05123
-0.05791000000000002,-0.22309999999999997,-0.03750999999999993
-0.03617999999999999,-0.05419000000000007,-0.03517999999999999
-0.027899999999999925,-0.21158999999999994,-0.04076999999999997
-0.04574,0.04296,-0.04252
-0.12629,-0.050410000000000066,-0.04439000000000004
-0.10197999999999996,-0.03327000000000002,-0.05740000000000001
-0.07376000000000005,-0.031950000000000034,-0.05367999999999995
-0.13841000000000003,-0.03506000000000009,-0.048779999999999935
-0.11341999999999997,-0.07828000000000002,-0.05791999999999997
-0.027240000000000042,-0.006129999999999969,-0.02846000000000004
-0.029140000000000055,-0.006750000000000034,-0.02151000000000003
-0.02202000000000004,-0.005689999999999973,-0.01750000000000007
-0.028469999999999995,-0.007469999999999977,-0.024680000000000035
-0.017290000000000028,-0.006309999999999927,-0.026229999999999976
-0.01717000000000002,-0.046969999999999956,0.009399999999999964
-0.026370000000000005,-0.018669999999999964,0.006349999999999967
-0.020790000000000086,-0.029550000000000076,0.008869999999999933
-0.43425,-0.021340000000000026,0.005580000000000029
-0.28020999999999996,-0.012260000000000049,0.005830000000000002
-0.52785,-0.015939999999999954,-0.10181000000000007
-0.52897,0.004369999999999985,-0.07399
-0.5641499999999999,-0.007260000000000044,-0.07506000000000002
-0.47540000000000004,-0.0019099999999999673,-0.06351000000000007
-0.37881,-0.019979999999999998,-0.06508000000000003
-0.13485999999999998,-0.10308000000000006,-0.055339999999999945
-0.3048599999999999,-0.13666,-0.12437999999999994
-0.08060999999999996,-0.16639000000000004,-0.046499999999999986
-0.0779700000000001,-0.10315000000000007,-0.11704999999999999
-0.08489000000000002,-0.12253999999999998,-0.03915999999999997
-0.11594000000000004,-0.05468000000000006,-0.01585000000000003
-0.09999000000000002,-0.0015700000000000713,-0.01994000000000007
-0.08920000000000006,-0.013379999999999947,-0.015920000000000045
-0.14775000000000005,-0.06283000000000005,-0.02145000000000008
-0.14917000000000002,-0.03471999999999997,-0.02573000000000003
-0.34481000000000006,-0.017859999999999987,-0.04036000000000006
-0.1610600000000001,-0.011900000000000022,-0.026349999999999985
-0.12831000000000004,-0.013010000000000077,-0.012149999999999994
-0.42569999999999997,-0.0012699999999999934,-0.03749999999999998
-0.21333000000000002,0.005950000000000011,-0.04188999999999998
-0.30577,-0.02230999999999994,-0.08334999999999992
-0.14215,-0.007070000000000021,-0.07392999999999994
-0.15892000000000006,-0.13121000000000005,-0.07245000000000001
-0.09266999999999992,-0.08778000000000008,-0.0743299999999999
-0.06777,-0.029899999999999927,-0.08584999999999998
-0.03322999999999998,-0.03264,-0.04132000000000002
-0.02944000000000002,-0.030650000000000066,-0.05382999999999993
-0.01939000000000002,-0.04369999999999996,-0.08896000000000004
-0.02560999999999991,-0.02642,-0.08739999999999992
-0.019280000000000075,-0.009530000000000038,-0.06215000000000004
-0.36671,-0.29312000000000005,-0.07989000000000002
-0.36484000000000005,-0.14093,-0.08760999999999997
-0.39964999999999995,-0.3725400000000001,-0.13015
-0.32491000000000003,-0.01756000000000002,-0.10470000000000002
-0.29003,-0.33594999999999997,-0.09367999999999999
-0.22911000000000004,-0.09178000000000008,-0.08828999999999998
-0.36662999999999996,-0.10460000000000003,-0.07557000000000003
-0.30165999999999993,-0.1149699999999999,-0.06428999999999996
-0.21286000000000005,-0.06608999999999998,-0.057030000000000025
-0.2504599999999999,-0.06620000000000004,-0.061309999999999976
-0.5504800000000001,-0.03986999999999996,-0.10851
-0.53555,-0.01977999999999991,-0.13480999999999999
-0.53396,-0.043359999999999954,-0.05852999999999997
-0.50793,-0.03569,-0.10531000000000001
-0.55162,-0.03485000000000005,-0.05599999999999994
-0.6196200000000001,-0.052489999999999926,-0.03593000000000002
-0.49871,-0.06372999999999995,-0.23110999999999993
-0.38703999999999994,-0.06802000000000008,-0.06242000000000003
-0.4326900000000001,-0.03694999999999993,-0.12487000000000004
-0.48284999999999995,-0.06157999999999997,-0.1295599999999999
-0.011639999999999984,-0.12256999999999996,-0.050370000000000026
-0.008870000000000045,-0.11402999999999996,-0.05718000000000001
-0.009619999999999962,-0.17020000000000002,-0.08811000000000002
-0.01151000000000002,-0.15006999999999993,-0.05996000000000001
-0.01205999999999996,-0.12066999999999994,-0.05489999999999995
-0.14575000000000005,-0.04711999999999994,-0.17345
-0.11583999999999994,-0.06581000000000004,-0.07750999999999997
-0.13073,-0.04028999999999994,-0.18025000000000002
-0.11847000000000008,-0.02949999999999997,-0.09727000000000008
-0.17801999999999996,-0.048839999999999995,-0.16152
-0.03900999999999999,-0.004169999999999896,-0.005799999999999916
-0.038779999999999926,-0.0022900000000000142,-0.037639999999999896
-0.042200000000000015,-0.0020599999999999508,-0.035169999999999924
-0.02191999999999994,-0.00380999999999998,-0.003889999999999949
-0.03058000000000005,-0.0042200000000000015,-0.021079999999999988
-0.02695000000000003,0.0044399999999999995,0.016619999999999968
-0.028120000000000034,0.005250000000000088,-0.010230000000000072
-0.03654000000000002,0.00387000000000004,-0.009029999999999982
-0.007970000000000033,-0.012119999999999909,0.014610000000000012
-0.03542000000000001,0.011890000000000067,-0.016190000000000038
0.012149999999999994,-0.1363399999999999,-0.02076
-0.006350000000000078,-0.17725999999999997,-0.04569000000000001
-0.0027399999999999647,-0.052729999999999944,-0.03315999999999997
-0.03761999999999999,-0.07193000000000005,-0.045420000000000016
-0.007939999999999947,-0.07535000000000003,-0.04166000000000003
-0.21299999999999997,-0.0049000000000000155,-0.06838999999999995
-0.24526000000000003,-0.006879999999999997,-0.06157999999999997
-0.21974000000000005,-0.007000000000000006,-0.059780000000000055
-0.24320000000000008,-0.007050000000000001,-0.052830000000000044
-0.20983000000000007,-0.007440000000000002,-0.060530000000000084
-0.33339,-0.015750000000000042,0.02422000000000002
-0.28144,-0.011249999999999982,0.022239999999999926
-0.3998400000000001,-0.009449999999999958,-0.07212000000000007
-0.30781000000000003,-0.02144999999999997,0.02450999999999992
-0.40529,-0.009780000000000011,0.030200000000000005
-0.11584000000000005,-0.024760000000000004,0.0011999999999999789
-0.3479,-0.010569999999999968,0.007830000000000004
-0.47331,-0.0042200000000000015,0.006889999999999952
-0.15086999999999995,-0.006440000000000001,0.0006700000000000594
-0.011480000000000046,-0.006469999999999976,9.999999999998899e-05
-0.63779,-1.999999999990898e-05,-0.06838
-0.4734299999999999,-0.0010700000000000154,-0.21863999999999995
-0.62344,0.006460000000000021,-0.037900000000000045
-0.47348,-0.0023300000000000542,-0.58645
-0.6355700000000001,-0.004210000000000047,-0.03956000000000004
-0.029259999999999953,-0.01197999999999999,-0.04532000000000003
-0.016120000000000023,-0.01541999999999999,-0.01055000000000006
-0.017669999999999964,-0.012699999999999934,-0.03242999999999996
-0.010460000000000025,-0.016129999999999978,-0.018349999999999977
-0.020540000000000003,-0.01474999999999993,-0.028750000000000053
-0.14952,-0.02514000000000005,-0.024460000000000037
-0.09011000000000002,-0.031240000000000046,0.006109999999999949
-0.44132,-0.0262,-0.007440000000000002
-0.14242999999999995,-0.026209999999999956,-0.02468999999999999
-0.59595,-0.025370000000000004,0.015580000000000038
-0.19771000000000005,-0.05156000000000005,-0.007229999999999959
-0.29291999999999996,-0.022599999999999953,-0.008519999999999972
-0.15787000000000007,-0.05033999999999994,-0.014589999999999992
-0.013379999999999947,-0.014290000000000025,-0.007209999999999939
-0.19145999999999996,-0.043340000000000045,-0.008499999999999952
-0.31006,-0.05884999999999996,-0.03764000000000001
-0.4645099999999999,-0.06850999999999996,-0.026659999999999906
-0.45742999999999995,-0.06750999999999996,-0.044359999999999955
-0.39232,-0.09231999999999996,-0.04913999999999996
-0.44307,-0.07447000000000004,-0.0494
-0.48735,-0.5014799999999999,-0.12378
-0.5014400000000001,-0.22932999999999992,-0.020970000000000044
-0.49102,-0.31201,-0.03638000000000008
-0.5330900000000001,-0.26114000000000004,-0.15172000000000008
-0.50198,-0.19072,-0.03627999999999998
-0.011839999999999962,-0.027469999999999994,-0.028449999999999975
-0.014440000000000008,-0.026880000000000015,-0.04249000000000003
-0.01305999999999996,-0.03326999999999991,-0.014999999999999902
-0.018020000000000036,-0.02973999999999999,-0.046620000000000106
-0.013440000000000007,-0.03693000000000002,-0.03310999999999997
-0.08068000000000008,-0.5634699999999999,0.029100000000000015
-0.12629,-0.5775699999999999,0.09697999999999996
-0.052529999999999966,-0.5625,0.028880000000000017
-0.06274999999999997,-0.55251,-0.005789999999999962
-0.08265,-0.52855,0.00270999999999999
-0.09011000000000002,-0.02254999999999996,-0.13534999999999997
-0.04325000000000001,-0.019649999999999945,-0.13389000000000006
-0.08745999999999998,-0.010770000000000057,-0.01476999999999995
-0.06849000000000005,-0.009990000000000054,-0.08489000000000002
-0.31588000000000005,-0.0013199999999999878,-0.08459000000000005
-0.10605000000000009,-0.3164,-0.09615000000000007
-0.12231000000000003,-0.31687999999999994,-0.09814999999999996
-0.04110999999999998,-0.31327000000000005,-0.07678999999999991
-0.09362000000000004,-0.30711,-0.09822000000000009
-0.09331999999999996,-0.2712,-0.08389999999999997
-0.13058000000000003,-0.15008999999999995,-0.025939999999999963
-0.04210999999999998,-0.38320999999999994,-0.018930000000000002
-0.05395000000000005,-0.17006,-0.03332999999999997
-0.034660000000000024,-0.31965,-0.04100999999999999
-0.03813,-0.22792,-0.024009999999999976
-0.19592999999999994,-0.4519,-0.14511999999999992
-0.1711999999999999,-0.44860999999999995,-0.09376999999999991
-0.21594999999999998,-0.4567,-0.16759000000000002
-0.21954000000000007,-0.48686,-0.18394
-0.20538999999999996,-0.36795,-0.04483999999999999
-0.0022799999999999487,-0.018689999999999984,-0.010539999999999994
-0.0020000000000000018,-0.012700000000000045,-0.009869999999999934
-0.0016199999999999548,-0.015210000000000057,-0.011120000000000019
-0.0038200000000000456,-0.018100000000000005,-0.009379999999999944
-0.0040400000000000436,-0.02033000000000007,-0.0024600000000000177
-0.18780999999999992,-0.10609000000000002,-0.04025000000000001
-0.15980000000000005,-0.13366,-0.029770000000000074
-0.08718000000000004,-0.11909999999999998,-0.02414000000000005
-0.10446,-0.10826999999999998,-0.031710000000000016
-0.15229000000000004,-0.09855999999999998,-0.054300000000000015
-0.2797799999999999,-0.11526999999999998,-0.08321999999999996
-0.28300000000000003,-0.13343000000000005,-0.07035999999999998
-0.29716,-0.06332000000000004,-0.06336999999999993
-0.4401999999999999,-0.11291000000000007,-0.0940399999999999
-0.14180000000000004,-0.09616000000000002,-0.08252000000000004
-0.49843000000000004,-0.06577,-0.042990000000000084
-0.5681700000000001,-0.06264000000000003,-0.09870000000000001
-0.14728000000000008,-0.06933999999999996,-0.06254000000000004
-0.15910999999999997,-0.062390000000000057,-0.06823999999999997
-0.25186,-0.05842999999999998,-0.09036
-0.24495999999999996,-0.04596,-0.044420000000000015
-0.32936999999999994,-0.006299999999999972,-0.058149999999999924
-0.23317,-0.06569000000000003,-0.029959999999999987
-0.23380999999999996,0.00378999999999996,-0.028789999999999982
-0.23446,-0.011140000000000039,-0.02593000000000001
-0.20760999999999996,-0.05459000000000003,-0.03425999999999996
-0.19852000000000003,-0.017819999999999947,-0.027750000000000052
-0.19463000000000008,-0.03195999999999999,-0.03143000000000007
-0.09243000000000001,-0.019570000000000087,-0.026960000000000095
-0.20325000000000004,-0.018769999999999953,-0.035580000000000056
-0.22703000000000007,-0.015449999999999964,-0.06838
-0.21133999999999997,-0.03256999999999999,-0.07172999999999996
-0.25722999999999996,-0.06674000000000002,-0.08328000000000002
-0.25981999999999994,-0.018939999999999957,-0.07177
-0.18655,0.008750000000000036,-0.08249000000000006
-0.5911900000000001,-0.0909899999999999,-0.39326000000000005
-0.61253,-0.006530000000000036,-0.32519
-0.61337,-0.09106999999999998,-0.22105999999999992
-0.60593,-0.08875999999999995,-0.27552
-0.6101300000000001,-0.07108000000000003,-0.27412000000000003
-0.27268000000000003,0.0012800000000000589,-0.08905000000000007
-0.28593999999999997,-0.00992000000000004,-0.14318999999999993
-0.28217000000000003,0.0023600000000000287,-0.11725000000000008
-0.47664,-0.0005500000000000504,-0.12341000000000002
-0.3165199999999999,0.0035000000000000586,-0.09845999999999999
-0.044709999999999916,-0.006669999999999954,-0.014819999999999944
-0.02850000000000008,-0.019550000000000067,-0.02155000000000007
-0.41175000000000006,-0.1481699999999999,-0.01988000000000001
-0.029970000000000052,-0.13852999999999993,-0.020040000000000058
-0.015029999999999988,0.0007700000000000484,-0.018530000000000046
-0.26697000000000004,-0.34868999999999994,-0.02568999999999999
-0.4122,-0.3236399999999999,-0.023890000000000078
-0.35869999999999996,-0.20554000000000006,-0.013679999999999914
-0.35106999999999994,-0.18177,-0.01802999999999999
-0.30061999999999994,-0.34267000000000003,-0.004409999999999914
-0.13671,-0.10948000000000002,-0.03168000000000004
-0.14155000000000006,-0.10927999999999993,-0.029880000000000018
-0.16064,-0.12112,-0.04583000000000004
-0.16015999999999997,-0.09994999999999998,-0.04435
-0.16186999999999996,-0.11176999999999992,-0.05230999999999997
-0.5717300000000001,-0.07133,-0.10441
-0.51124,-0.07672000000000001,-0.11495
-0.58798,-0.042340000000000044,-0.10317999999999994
-0.45521999999999996,-0.07506999999999997,-0.10179000000000005
-0.5423,-0.07454000000000005,-0.10853999999999997
-0.5307200000000001,-0.23910999999999993,-0.07594999999999996
-0.5232699999999999,-0.27852,-0.04815999999999998
-0.53277,-0.27435,-0.09216999999999997
-0.52457,-0.26086,-0.05391000000000001
-0.5319499999999999,-0.23345000000000005,-0.060860000000000025
-0.02130999999999994,-0.06847999999999999,-0.014739999999999975
-0.008380000000000054,-0.07228999999999997,-0.12875999999999999
-0.012129999999999974,-0.06867000000000001,-0.018349999999999977
-0.007769999999999944,-0.10082000000000002,-0.020930000000000004
-0.015720000000000067,-0.07384000000000002,-0.01417999999999997
-0.009730000000000016,-0.012709999999999999,-0.017839999999999967
0.01254999999999995,-0.09065000000000001,-0.008430000000000049
0.009990000000000054,-0.08846999999999994,-0.07125999999999999
-0.007419999999999982,-0.035250000000000004,-0.013579999999999925
0.0029200000000000337,-0.01265000000000005,0.013020000000000032
-0.5593299999999999,-0.019979999999999998,-0.31853999999999993
-0.4756,-0.03678999999999999,-0.0975100000000001
-0.46004,-0.02399999999999991,-0.09603000000000006
-0.48416000000000003,-0.044479999999999964,-0.14948000000000006
-0.49520000000000003,-0.03817999999999999,-0.26582000000000006
-0.64667,-0.005179999999999962,-0.6576899999999999
-0.54026,-0.02795000000000003,-0.5656399999999999
-0.7505000000000001,0.0022900000000000142,-0.6769700000000001
-0.64876,0.0008700000000000374,-0.6523699999999999
-0.55816,-0.006220000000000003,-0.40988
-0.10487000000000002,-0.08497999999999994,-0.14381999999999995
-0.05347000000000002,-0.08091999999999999,-0.1640100000000001
-0.19665,-0.08457999999999999,-0.14046999999999998
-0.04193999999999998,-0.1493899999999999,-0.11245000000000005
-0.04240999999999995,-0.42741,-0.11490999999999996
-0.35063,-0.019609999999999905,-0.07279999999999998
-0.3782500000000001,-0.02450999999999992,-0.10404000000000002
-0.39264999999999994,-0.08106000000000002,-0.04566999999999999
-0.27927,-0.07690000000000008,-0.25172000000000005
-0.14341000000000004,-0.00497000000000003,-0.27464
-0.52002,-0.03835999999999995,-0.08962000000000003
-0.52108,-0.05345,-0.11671999999999993
-0.53898,-0.02856000000000003,-0.10158
-0.5587500000000001,-0.019019999999999926,-0.10519
-0.53218,-0.02851999999999999,-0.08404999999999996
-0.01922999999999997,-0.42683000000000004,-0.0045399999999999885
-0.013290000000000024,-0.37455,-0.0011700000000000044
-0.004769999999999941,-0.35601,-0.00044999999999995044
-0.04184999999999994,-0.37707999999999997,0.0025500000000000522
-0.022700000000000053,-0.44579,-0.0038799999999999946
-0.56893,-0.045829999999999926,-0.49421000000000004
-0.57976,-0.047839999999999994,-0.53887
-0.60541,-0.06118999999999997,-0.51065
-0.5276099999999999,-0.05832000000000004,-0.44225
-0.56951,-0.05248000000000008,-0.51156
-0.5354599999999999,-0.012170000000000014,-0.17733
-0.5509299999999999,-0.011989999999999945,-0.15664
-0.53629,-0.015490000000000004,-0.1806500000000001
-0.5360400000000001,-0.02432000000000001,-0.17459999999999998
-0.51524,-0.02141000000000004,-0.18581999999999999
-0.004230000000000067,-0.02083999999999997,0.007460000000000022
0.0013000000000000789,-0.10238999999999998,0.013000000000000012
0.015179999999999971,-0.035579999999999945,0.012229999999999963
-0.12346000000000001,-0.03200999999999998,-0.09684999999999999
-0.002769999999999939,-0.031159999999999966,-0.10709999999999997
-0.14440000000000008,0.003530000000000033,0.00044999999999995044
-0.5397099999999999,-0.01440000000000008,0.0010100000000000664
-0.6147,-0.00535999999999992,-0.0010899999999999244
-0.6477900000000001,-0.0001300000000000745,0.0018500000000000183
-0.63687,-0.0020299999999999763,0.0006699999999999484
-0.2450199999999999,-0.08865999999999996,-0.08907999999999994
-0.24912,-0.08887999999999996,-0.09101999999999999
-0.29472,-0.09740000000000004,-0.08252999999999999
-0.4917000000000001,-0.0815499999999999,-0.05022000000000004
-0.30540999999999996,-0.09857000000000005,-0.07616
-0.27271,-0.052180000000000004,-0.061450000000000005
-0.24139,0.0030599999999999516,-0.07685999999999993
-0.18220999999999998,-0.23216000000000003,-0.05168000000000006
-0.15320999999999996,-0.04042000000000001,-0.06118999999999997
-0.19349000000000005,0.06313000000000002,-0.10955000000000004
-0.06942999999999999,-0.01580999999999999,-0.05864999999999998
-0.06885999999999992,-0.010610000000000008,-0.023889999999999967
-0.15019000000000005,-0.017820000000000058,-0.05903999999999998
-0.04366000000000003,-0.021789999999999976,-0.04414000000000007
-0.0504,-0.011989999999999945,-0.07416
-0.03149000000000002,-0.25340000000000007,-0.06774999999999998
-0.024680000000000035,-0.24209999999999998,-0.07091000000000003
-0.03436000000000006,-0.26871,-0.06436000000000008
-0.09531,-0.15343000000000007,-0.06717000000000006
-0.03563000000000005,-0.32463,-0.07352000000000003
-0.36663999999999997,-0.07068999999999992,-0.5379
-0.40676999999999996,-0.13354,-0.54003
-0.32969000000000004,-0.22431,-0.54208
-0.31865999999999994,-0.15766000000000002,-0.56531
-0.30401,-0.14246999999999999,-0.21198000000000006
-0.16979,0.0010499999999999954,-0.12696000000000007
-0.15388000000000002,0.0013199999999999878,-0.12756
-0.12243000000000004,0.0012999999999999678,-0.16017000000000003
-0.10282999999999998,0.0008299999999999974,-0.15844000000000003
-0.13942,-0.00042999999999993044,-0.14476
-0.54318,-0.00723000000000007,-0.28208
-0.5246,-0.02078000000000002,-0.24256999999999995
-0.5762700000000001,-0.022260000000000058,-0.25502
-0.49032000000000003,-0.019689999999999985,-0.22402
-0.48585,-0.019159999999999955,-0.22338999999999998
-0.5075000000000001,-0.013639999999999985,-0.059209999999999985
-0.3889,-0.011660000000000004,-0.03824000000000005
-0.50394,-0.011230000000000073,-0.04689999999999994
-0.55322,-0.010220000000000007,-0.04366000000000003
-0.41342999999999996,-0.012929999999999997,-0.03371000000000002
-0.48751000000000005,-0.43471000000000004,-0.05138000000000009
-0.42638999999999994,-0.46870999999999996,-0.0882099999999999
-0.44520000000000004,-0.36518,-0.041770000000000085
-0.52606,-0.43071,-0.06753000000000009
-0.45952,-0.43201,-0.053300000000000014
-0.050470000000000015,-0.03161999999999998,-0.06040000000000001
-0.07278000000000007,-0.03864999999999996,-0.03212999999999999
-0.11953000000000003,-0.033889999999999976,-0.06827000000000005
-0.06380999999999992,-0.034190000000000054,-0.017299999999999982
-0.3865200000000001,-0.034050000000000025,-0.09940000000000004
-0.15670000000000006,-0.008519999999999972,-0.09223000000000003
-0.17432000000000003,-0.004410000000000025,-0.1467400000000001
-0.16847999999999996,-0.0033999999999999586,-0.05564000000000002
-0.20492,-0.009780000000000011,-0.055400000000000005
-0.12293999999999994,-0.007050000000000001,-0.0631799999999999
-0.42569999999999997,-0.019379999999999953,-0.021560000000000024
-0.31281000000000003,-0.010610000000000008,-0.037129999999999996
-0.3943199999999999,-0.011289999999999911,-0.04619999999999991
-0.27127,-0.01423999999999992,-0.03605999999999998
-0.25476,-0.013530000000000042,-0.03539999999999999
-0.40025,-0.035209999999999964,-0.20099999999999996
-0.33872,-0.02534000000000003,-0.19579000000000002
-0.33222000000000007,-0.03332999999999997,-0.19242000000000004
-0.42733999999999994,-0.04020999999999997,-0.21497
-0.35361999999999993,-0.037759999999999905,-0.22931
-0.2903800000000001,0.08501000000000003,-0.17021000000000008
-0.42965,0.07557999999999998,-0.11591999999999991
-0.3658600000000001,-0.009870000000000045,-0.10820000000000007
-0.28052999999999995,-0.021519999999999984,-0.15932999999999997
-0.2783899999999999,0.07909,-0.15628999999999993
-0.21663,-0.08294999999999997,-0.32241999999999993
-0.20006999999999997,-0.09084999999999999,-0.2857099999999999
-0.22802,-0.053549999999999986,-0.2399199999999999
-0.21641999999999995,-0.21147000000000005,-0.33633
-0.33043000000000006,-0.19669999999999999,-0.29613000000000006
-0.029299999999999993,-0.03903000000000001,-0.050429999999999975
-0.032220000000000026,-0.018380000000000063,-0.05374000000000001
-0.11663000000000001,-0.018940000000000068,-0.14404000000000006
-0.025009999999999977,-0.02302000000000004,-0.05791000000000002
-0.00782000000000005,-0.04869000000000001,-0.06663000000000008
-0.14206999999999992,-0.41947999999999996,-0.010719999999999952
-0.17132000000000003,-0.38644999999999996,-0.019620000000000082
-0.16645,-0.41402999999999995,-0.009700000000000042
-0.14654,-0.41722,-0.009929999999999994
-0.15191,-0.34318000000000004,-0.009869999999999934
-0.36282000000000003,-0.10757000000000005,-0.028510000000000035
-0.36485,-0.06318000000000001,-0.01326000000000005
-0.41319000000000006,-0.05336999999999992,-0.017710000000000004
-0.3577499999999999,-0.03936000000000006,-0.047839999999999994
-0.35126,-0.07562000000000002,0.006920000000000037
-0.018930000000000002,-0.03228999999999993,-0.015700000000000047
-0.030299999999999994,-0.025229999999999975,-0.008309999999999929
-0.016939999999999955,-0.030870000000000064,-0.010529999999999928
-0.036169999999999924,-0.02088000000000001,-0.013599999999999945
-0.039039999999999964,-0.0047800000000000065,-0.05010999999999999
-0.012519999999999976,-0.07773000000000008,-0.006629999999999914
-0.009469999999999978,-0.08216999999999997,-0.006319999999999992
-0.009869999999999934,-0.016619999999999968,-0.01532
-0.011989999999999945,-0.07991999999999999,-0.005120000000000013
-0.013369999999999993,-0.016229999999999967,-0.006079999999999974
-0.04357,-0.003330000000000055,-0.021160000000000068
-0.026660000000000017,-0.004249999999999976,-0.00029000000000001247
-0.045499999999999985,-0.0038199999999999346,-0.009149999999999991
-0.02066000000000001,-0.0020999999999999908,-0.017139999999999933
-0.027040000000000064,-0.003709999999999991,-0.011689999999999978
-0.11303999999999992,-0.021540000000000004,-0.13032
-0.10492999999999997,-0.050490000000000035,-0.12887000000000004
-0.16542,-0.025370000000000004,-0.054359999999999964
-0.27293999999999996,-0.024389999999999912,-0.136
-0.11412999999999995,-0.05777999999999994,-0.11563000000000001
-0.63782,0.028200000000000003,-0.12278999999999995
-0.73916,0.0023199999999999887,-0.16602000000000006
-0.66005,0.06836999999999993,-0.18355
-0.62757,0.020999999999999908,-0.12750000000000006
-0.70308,0.13514000000000004,-0.17297000000000007
-0.53394,-0.39635999999999993,-0.006449999999999956
-0.63949,-0.4075000000000001,-0.0041200000000000125
-0.64369,-0.40264999999999995,-0.011170000000000013
-0.5901700000000001,-0.4418500000000001,-0.013720000000000065
-0.7114699999999999,-0.41345999999999994,-0.009979999999999989
-0.61678,-0.24101000000000006,-0.32014
-0.45486999999999994,-0.22709999999999997,-0.13773000000000002
-0.46565,-0.22759000000000007,-0.11558000000000002
-0.51797,-0.18392000000000008,-0.14742
-0.42773,-0.16923,-0.17332999999999998
-0.54595,-0.05667,-0.19630999999999998
-0.5985,-0.0019799999999999818,-0.20779000000000003
-0.55942,-0.0005300000000000304,-0.27953000000000006
-0.61078,-0.0050200000000000244,-0.19174999999999998
-0.7284499999999999,-0.004409999999999914,-0.28967
-0.0450600000000001,-0.07759000000000005,-0.07049000000000005
-0.03626000000000007,-0.06639000000000006,-0.13449
-0.03620000000000001,-0.06264000000000003,-0.13434999999999997
-0.03582999999999992,-0.06633999999999995,-0.12185999999999997
-0.03056000000000003,-0.06742999999999999,-0.12490000000000001
-0.23354999999999992,-0.0662100000000001,-0.0857699999999999
-0.2923,-0.051960000000000006,-0.06468000000000007
-0.16466000000000003,-0.05510999999999999,-0.10119
-0.049839999999999995,-0.06275999999999993,-0.10260000000000002
-0.24292000000000002,-0.05159999999999998,-0.13069999999999993
-0.37302,-0.005310000000000037,-0.009690000000000087
-0.32560999999999996,0.00602999999999998,-0.01468999999999998
-0.010270000000000001,0.008399999999999963,-0.02683000000000002
-0.05797000000000008,0.008539999999999992,-0.024820000000000064
-0.07413999999999998,0.005380000000000051,-0.010090000000000043
-0.12014999999999998,-0.13276,-0.15588999999999997
-0.2802,-0.1178499999999999,-0.0675
-0.20589000000000002,-0.060980000000000034,-0.14407999999999999
-0.36256999999999995,-0.06913999999999998,-0.1284099999999999
-0.09198000000000006,-0.05997999999999992,-0.10818000000000005
0.0020499999999999963,-0.5794600000000001,0.01920999999999995
-0.0030200000000000227,-0.59457,-0.010650000000000048
-0.0015199999999999658,-0.5476,-0.004369999999999985
-0.006139999999999923,-0.44114999999999993,-0.024849999999999928
0.006259999999999932,-0.52522,-0.012319999999999998
-0.46097000000000005,-0.23453999999999997,-0.04292000000000007
-0.43864,-0.24332999999999994,-0.04318999999999995
-0.46888,-0.13047999999999993,-0.03283999999999998
-0.5177499999999999,-0.052570000000000006,-0.042279999999999984
-0.2187,-0.10516999999999999,-0.023380000000000067
-0.17625999999999997,-0.10987000000000002,-0.14737
-0.14929000000000003,-0.11195999999999995,-0.11801000000000006
-0.15830999999999995,-0.1015299999999999,-0.10175000000000001
-0.14790999999999999,-0.11134999999999995,-0.08837000000000006
-0.16335,-0.10528000000000004,-0.14395000000000002
-0.35287,-0.0037000000000000366,-0.18076000000000003
-0.37602,-0.020050000000000012,-0.17647000000000002
-0.46198999999999996,0.0018299999999999983,-0.16749999999999998
-0.4941,0.01377000000000006,-0.17405000000000004
-0.48668999999999996,-0.010589999999999988,-0.18008999999999997
-0.20513000000000003,0.0008599999999999719,-0.057719999999999994
-0.11987999999999999,-0.0017000000000000348,-0.035089999999999955
-0.09409000000000001,0.003030000000000088,-0.08114999999999994
-0.24519999999999997,-0.005269999999999997,-0.10221999999999998
-0.09958,0.0026599999999999957,-0.08113000000000004
-0.19035000000000002,-0.07111,-0.032769999999999966
-0.047900000000000054,-0.06999,-0.022669999999999968
-0.13728000000000007,-0.07497999999999994,-0.02919000000000005
-0.16931000000000007,-0.08687,-0.03076000000000001
-0.11982999999999999,-0.07987999999999995,-0.024109999999999965
0.005840000000000067,-0.031749999999999945,-0.03077999999999992
0.012109999999999954,-0.06611999999999996,-0.017800000000000038
0.01044999999999996,-0.0383,-0.03854000000000002
0.008630000000000027,-0.06275999999999993,-0.010909999999999975
0.006489999999999996,-0.04638999999999993,-0.017219999999999902
-0.03361000000000003,-0.07206000000000001,-0.030200000000000005
-0.04093000000000002,-0.047760000000000025,-0.056969999999999965
-0.06979999999999997,-0.061350000000000016,-0.08778999999999992
-0.03874999999999995,-0.042910000000000004,-0.08828999999999998
-0.04110999999999998,-0.02314000000000005,-0.07203999999999999
-0.42471000000000003,-0.03195999999999999,0.004610000000000003
-0.43594000000000005,-0.03612000000000004,0.025399999999999978
-0.46932,-0.07119999999999993,0.012719999999999954
-0.51993,-0.06496000000000002,0.014090000000000047
-0.50158,-0.07872000000000001,0.010009999999999963
-0.5644800000000001,-0.03809000000000007,-0.28276999999999997
-0.68069,-0.027449999999999974,-0.33715000000000006
-0.64883,-0.05085000000000006,-0.34887
-0.58712,-0.02514000000000005,-0.34739
-0.60821,-0.039329999999999976,-0.34306000000000003
-0.49235,-0.04642000000000002,-0.06951000000000007
-0.48589000000000004,-0.05410999999999999,-0.052080000000000015
-0.49878999999999996,-0.05564000000000002,-0.10892999999999997
-0.40604,-0.056030000000000024,-0.04217000000000004
-0.45177000000000006,-0.04688999999999999,-0.024859999999999993
-0.08565,-0.0009099999999999664,-0.11104000000000003
-0.06428,-0.0020000000000000018,-0.09539999999999993
-0.10567000000000004,-0.006120000000000014,-0.10508000000000006
-0.09536999999999995,-0.0013100000000000334,-0.10097999999999996
-0.06158000000000008,0.0023600000000000287,-0.12108000000000008
-0.012609999999999899,-0.010090000000000043,-0.010419999999999985
-0.14622999999999997,-0.06410000000000005,-0.014029999999999987
-0.02029000000000003,-0.009510000000000018,-0.018349999999999977
-0.20137000000000005,-0.009149999999999991,-0.015959999999999974
-0.15290000000000004,-0.013900000000000023,-0.012009999999999965
-0.25698,-0.006400000000000072,-0.05223
-0.23887000000000003,-0.00378999999999996,-0.05800000000000005
-0.57524,-0.04525000000000001,-0.054609999999999936
-0.23551999999999995,0.004969999999999919,-0.08001000000000003
-0.23659000000000008,0.001100000000000101,-0.0928
-0.12121000000000004,-0.06972,-0.30408
-0.28002000000000005,-0.07063999999999993,-0.044540000000000024
-0.2082900000000001,-0.06336999999999993,-0.05796000000000001
-0.15539000000000003,-0.07574000000000003,-0.30562
-0.19956000000000007,-0.07832000000000006,-0.04182000000000008
-0.26961,-0.04499999999999993,-0.12138000000000004
-0.22860000000000003,-0.02525999999999995,-0.08539000000000008
-0.40537000000000006,-0.04229000000000005,-0.08592
-0.43196999999999997,-0.02756000000000003,-0.021129999999999982
-0.42913000000000007,-0.04105000000000003,-0.1705500000000001
-0.41352,-0.47967,-0.11015999999999992
-0.17733,-0.24446,-0.10829999999999995
-0.50898,-0.2439,-0.11273999999999995
-0.5083599999999999,-0.32889,-0.14252999999999993
-0.39609,-0.32591000000000003,-0.09638999999999998
-0.40432,-0.042320000000000024,-0.03909000000000007
-0.39998,-0.06868000000000007,-0.04239000000000004
-0.43296,-0.16620000000000001,-0.05292999999999992
-0.45593000000000006,-0.06445000000000001,-0.06906000000000001
-0.38402000000000003,-0.06642000000000003,-0.04794999999999994
-0.2541,-0.15276,0.0015500000000000513
-0.46263000000000004,-0.06056000000000006,0.018509999999999915
-0.26818999999999993,-0.13927999999999996,-0.029449999999999976
-0.27271,-0.003990000000000049,-0.017979999999999996
-0.24899000000000004,-0.17469,0.007739999999999969
-0.11299000000000003,-0.003550000000000053,-0.07779999999999998
-0.21418000000000004,0.004510000000000014,-0.16291999999999995
-0.11760999999999999,0.0030399999999999316,-0.14952
-0.11398999999999992,0.007570000000000077,-0.05469999999999997
-0.28283,-0.009299999999999975,-0.11248999999999998
-0.06642000000000003,-2.999999999997449e-05,-0.02102000000000004
-0.049209999999999976,-0.04225000000000001,-0.01689000000000007
-0.05291000000000001,-0.027780000000000027,-0.027370000000000005
-0.07057000000000002,0.0037200000000000566,-0.023470000000000102
-0.05341999999999991,-0.08630000000000004,-0.02079999999999993
-0.043990000000000085,-0.003030000000000088,0.0016299999999999093
-0.38569,0.003170000000000006,0.0007500000000000284
-0.013469999999999982,0.005700000000000038,-0.003170000000000006
-0.52056,0.009809999999999985,0.005889999999999951
-0.57385,0.021540000000000004,-0.005220000000000002
-0.28787000000000007,-0.009149999999999991,-0.07612000000000008
-0.43814000000000003,-0.01471,-0.09325000000000006
-0.44172,-0.016780000000000017,-0.08194999999999997
-0.41230999999999995,-0.022730000000000028,-0.08421999999999996
-0.37259,-0.015160000000000062,-0.07450999999999997
-0.010319999999999996,0.007059999999999955,-0.11853999999999998
0.006180000000000074,-0.006429999999999936,-0.0030599999999999516
-0.0021699999999998942,-0.011120000000000019,-0.1282899999999999
-0.026549999999999963,0.0018700000000000383,0.02195999999999998
0.006959999999999966,0.0009699999999999154,0.03134999999999999
-0.6000000000000001,0.00717000000000001,-0.11687000000000003
-0.49402000000000007,-0.05542999999999998,-0.10528000000000004
-0.60248,0.0011200000000000099,-0.118
-0.5271699999999999,0.0008899999999999464,-0.11871999999999994
-0.56154,-0.007519999999999971,-0.12184000000000006
-0.03739999999999999,-0.021199999999999997,-0.0011800000000000699
-0.06094999999999995,-0.018369999999999997,0.005489999999999995
0.0010700000000000154,-0.02666999999999997,0.0011600000000000499
-0.04871000000000003,-0.02693000000000001,0.010759999999999992
-0.06996000000000002,-0.019019999999999926,-0.005879999999999996
-0.09899000000000002,-0.06640999999999997,-0.04029000000000005
-0.10754000000000008,-0.040039999999999965,-0.08360000000000001
-0.18661000000000005,-0.039019999999999944,-0.12231000000000003
-0.10048999999999997,-0.005410000000000026,-0.0383
-0.08728999999999998,-0.07516,-0.05503000000000002
-0.037860000000000005,-0.00878000000000001,-0.0052000000000000934
-0.34706000000000004,-0.007489999999999997,-0.014920000000000044
-0.03915000000000002,-0.013630000000000031,-0.011450000000000071
-0.025460000000000038,-0.012810000000000099,-0.011390000000000011
-0.026059999999999972,-0.013070000000000026,-0.011319999999999997
-0.4071199999999999,-0.3095,-0.04799999999999993
-0.36041,-0.32833999999999997,-0.02246999999999999
-0.06276000000000004,-0.32230000000000003,-0.019199999999999995
-0.05390000000000006,-0.31549000000000005,-0.03867000000000009
-0.051449999999999996,-0.28791999999999995,-0.026019999999999932
-0.01860000000000006,0.007450000000000068,-0.014000000000000012
-0.014530000000000043,-0.023680000000000034,-0.019979999999999998
-0.017299999999999982,-0.03677000000000008,-0.03626999999999991
-0.019020000000000037,-0.0011499999999999844,-0.03054000000000001
-0.012530000000000041,-0.013279999999999959,-0.025619999999999976
-0.64108,-0.0018599999999999728,-0.09514
-0.56681,0.01651999999999998,-0.08162999999999998
-0.6446799999999999,0.007390000000000008,-0.11170999999999998
-0.56686,0.005220000000000002,-0.12070000000000003
-0.63197,-0.003430000000000044,-0.10563
-0.45819,-0.04249000000000003,-0.30255
-0.52339,-0.03587999999999991,-0.32269000000000003
-0.43845,-0.026249999999999996,-0.30311999999999995
-0.43447,-0.03070000000000006,-0.2803300000000001
-0.4206,-0.021560000000000024,-0.2598499999999999
-0.6556,-0.003190000000000026,-0.022719999999999962
-0.55517,-0.014160000000000061,-0.009850000000000025
-0.52689,-0.01649999999999996,-0.006240000000000023
-0.6118300000000001,-0.006319999999999992,-0.009700000000000042
-0.53399,-0.016449999999999965,-0.0041200000000000125
-0.049000000000000044,-0.0706,-0.011179999999999968
-0.06279999999999997,-0.09036999999999995,-0.008870000000000045
-0.05308999999999997,-0.09826000000000001,-0.012709999999999999
-0.11315000000000008,-0.08713000000000004,-0.02903
-0.12878,-0.10858000000000001,-0.015560000000000018
-0.10241999999999996,-0.08832000000000007,-0.02861999999999998
0.0011599999999999389,-0.10066999999999993,-0.028890000000000082
-0.007310000000000039,-0.09584000000000004,-0.034420000000000006
-0.02760000000000007,-0.10856999999999994,-0.32106
-0.016199999999999992,-0.09711999999999998,-0.30498000000000003
-0.052790000000000004,-0.10214000000000001,-0.054260000000000086
-0.060760000000000036,-0.037739999999999996,-0.12819999999999998
-0.09891000000000005,-0.07586999999999999,-0.16731000000000007
-0.04962,-0.010850000000000026,-0.14742
-0.08740999999999999,-0.01535999999999993,-0.06767999999999996
-0.011809999999999987,-0.10410999999999992,-0.045700000000000074
-0.0046200000000000685,-0.06481999999999999,-0.06808000000000003
-0.0038000000000000256,-0.09943000000000002,-0.03308
-0.0025700000000000722,0.01698999999999995,-0.016040000000000054
-0.016249999999999987,0.006759999999999988,-0.04009000000000007
-0.027800000000000047,-0.10807,-0.03624000000000005
-0.06503000000000003,-0.14369999999999994,-0.03869
-0.04154000000000002,-0.12156,-0.022260000000000058
-0.03538000000000008,-0.10128000000000004,-0.08323000000000003
-0.04219000000000006,-0.11161999999999994,-0.010090000000000043
-0.35455000000000003,-0.006440000000000001,-0.17956000000000005
-0.28019000000000005,-0.0029799999999999827,-0.17749000000000004
-0.36327,-0.0016000000000000458,-0.19330999999999998
-0.16413,-0.005260000000000042,-0.19767999999999997
-0.21897999999999995,-0.005589999999999984,-0.17713999999999996
-0.018320000000000003,-0.3328399999999999,-0.005750000000000033
-0.23189000000000004,-0.24244,-0.010029999999999983
-0.017979999999999996,-0.49244000000000004,-0.019890000000000074
-0.015630000000000033,-0.34326,-0.011950000000000016
-0.010619999999999963,-0.30103,-0.008900000000000019
-0.054180000000000006,-0.01966000000000001,-0.03542999999999996
-0.04771000000000003,-0.015190000000000037,-0.02944000000000002
-0.07055999999999996,-0.02020999999999995,-0.04954999999999998
-0.0291300000000001,-0.019449999999999967,-0.02711000000000008
-0.10687999999999998,-0.023920000000000052,-0.06369000000000002
-0.07450999999999997,-0.11082000000000003,-0.030409999999999937
-0.06469999999999998,-0.11280999999999997,-0.02189999999999992
-0.16629000000000005,-0.09209999999999996,-0.02697000000000005
-0.22940000000000005,-0.13620999999999994,-0.020750000000000046
-0.17872,-0.08796999999999999,-0.024660000000000015
-0.41919000000000006,-0.12212,-0.11248000000000002
-0.28154,-0.10785999999999996,-0.12637999999999994
-0.379,-0.13963000000000003,-0.07726
-0.39782000000000006,-0.16197000000000006,-0.15683000000000002
-0.45010000000000006,-0.15718999999999994,-0.17126000000000008
0.11412999999999995,-0.03264,0.15784999999999993
0.09992000000000001,0.0025199999999999667,0.15139999999999998
0.10328999999999999,0.01156999999999997,0.14851999999999999
-0.06463999999999992,0.0005900000000000905,-0.009029999999999982
-0.1028,-0.02193999999999996,-0.015029999999999988
-0.03831999999999991,0.14581,-0.010519999999999974
-0.020809999999999995,0.15007000000000004,-0.010210000000000052
-0.034129999999999994,0.14266999999999996,-0.00662000000000007
-0.013789999999999969,-0.021589999999999998,0.003290000000000015
-0.024840000000000084,-0.024660000000000015,-0.006720000000000059
-0.5826899999999999,-0.020519999999999983,-0.20682999999999996
-0.59824,-0.04954000000000003,-0.22264000000000006
-0.56805,-0.019059999999999966,-0.21130000000000004
-0.60254,-0.016759999999999997,-0.20909999999999995
-0.52808,-0.04198999999999997,-0.13756999999999997
0.0015999999999999348,-0.01417999999999997,0.0008599999999999719
0.0019500000000000073,-0.007209999999999939,-0.0016999999999999238
0.0014500000000000624,-0.012390000000000012,0.0013500000000000734
-0.0012199999999999989,-0.01654,-0.005280000000000062
0.0022300000000000653,-0.016720000000000068,-0.0015799999999999148
-0.24631999999999998,-0.09245000000000003,0.025560000000000027
-0.2076,-0.06369000000000002,0.05453000000000008
-0.2201200000000001,-0.05835000000000001,0.04796999999999996
-0.19180999999999993,-0.09114999999999995,0.029630000000000045
-0.22998999999999992,-0.20016999999999996,0.056600000000000095
-0.20783000000000001,-0.46098000000000006,0.07326999999999995
0.023349999999999982,-0.44378000000000006,0.07777
-0.26541,-0.44841999999999993,0.07950999999999997
-0.32915000000000005,-0.4442400000000001,-0.011720000000000064
-0.25501999999999997,-0.44487,0.07791000000000003
-0.11559000000000008,-0.30517000000000005,-0.017100000000000004
-0.25722,-0.30657,-0.03782999999999992
-0.10719000000000001,-0.34728999999999993,-0.04474
-0.2682899999999999,-0.36029,-0.05243999999999993
-0.10050999999999999,-0.15299000000000007,-0.02499999999999991
-0.16638000000000008,-0.22116999999999998,-0.049270000000000036
-0.39626000000000006,-0.15379999999999994,-0.06464999999999999
-0.07110000000000005,-0.21056000000000008,-0.06576000000000004
-0.42934999999999995,-0.15849999999999997,-0.058499999999999996
-0.48391,-0.17593000000000003,-0.06911
-0.67772,-0.008029999999999982,-0.33868
-0.66173,-0.0050000000000000044,-0.32831
-0.66391,-0.021050000000000013,-0.2664000000000001
-0.61416,-0.016959999999999975,-0.24277000000000004
-0.7437,-0.017140000000000044,-0.63792
-0.16108,-0.43870000000000003,-0.08858999999999995
-0.14461999999999997,-0.43643999999999994,-0.06689
-0.14859999999999995,-0.44577,-0.08263999999999994
-0.14017000000000002,-0.5141,-0.07101000000000002
-0.15083999999999997,-0.50458,-0.07828000000000002
-0.46636,-0.08249000000000006,-0.17589
-0.4497,-0.06640999999999997,-0.015050000000000008
-0.44012000000000007,-0.057499999999999996,-0.03774000000000011
-0.4630699999999999,-0.07496999999999998,-0.035639999999999894
-0.45385999999999993,-0.06625000000000003,-0.013929999999999998
-0.06938,-0.10765000000000002,-0.07177
-0.18172,-0.12024000000000001,-0.07677999999999996
-0.07115000000000005,-0.05562,-0.07264999999999999
-0.18023999999999996,-0.08345999999999998,-0.07240000000000002
-0.018849999999999922,-0.11461999999999994,-0.008889999999999953
0.010220000000000007,-0.004409999999999914,-0.008260000000000045
0.008669999999999956,-0.012699999999999934,-0.0040200000000000236
0.007120000000000015,-0.023379999999999956,-0.0038199999999999346
0.0008299999999999974,-0.01831000000000005,-0.012210000000000054
0.005589999999999984,-0.007919999999999927,-0.058010000000000006
-0.63473,0.03194999999999992,-0.29003999999999996
-0.62653,0.07072,-0.29473000000000005
-0.6349099999999999,0.008220000000000005,-0.16701
-0.6364799999999999,0.08999999999999997,-0.13323999999999991
-0.62222,0.08886000000000005,-0.08138999999999996
-0.030730000000000035,-0.018510000000000026,-0.07438
-0.05343999999999993,-0.04763000000000006,-0.08707999999999994
-0.03746000000000005,-0.009690000000000087,-0.10816000000000003
-0.03814000000000006,-0.05019000000000007,-0.06203000000000003
-0.08055999999999996,-0.01046999999999998,-0.058479999999999976
-0.03637000000000001,-0.06905000000000006,-0.029920000000000058
-0.018120000000000025,-0.10714999999999997,-0.03385000000000005
-0.04125000000000001,-0.1350300000000001,-0.041590000000000016
-0.026229999999999976,-0.11701000000000006,-0.03924000000000005
-0.04030999999999996,-0.15242999999999995,-0.03010999999999997
-0.009939999999999949,-0.034420000000000006,-0.05808000000000002
-0.029790000000000094,-0.042970000000000064,-0.11382000000000003
-0.17967999999999995,-0.05320999999999998,-0.08019999999999994
-0.03381000000000001,-0.03887000000000007,-0.06230000000000002
-0.03542999999999996,-0.04962,-0.09016999999999997
-0.01146999999999998,-0.22968,-0.09956999999999994
0.03361999999999998,-0.01036999999999999,0.009020000000000028
-0.06830000000000003,-0.23865000000000003,-0.07971000000000006
0.07216,-0.018569999999999975,0.01301999999999992
-0.010339999999999905,-0.27043000000000006,0.010050000000000003
-0.6615,-0.04497999999999991,-0.03059999999999996
-0.70556,-0.05005999999999999,-0.019490000000000007
-0.68699,-0.025760000000000005,-0.019240000000000035
-0.68649,-0.03980000000000006,-0.027129999999999987
-0.65559,-0.01937,-0.031100000000000017
-0.5617000000000001,-0.50299,-0.25411000000000006
-0.5546899999999999,-0.6974199999999999,-0.019499999999999962
-0.55976,-0.69391,-0.007469999999999977
-0.5733400000000001,-0.38549,-0.011170000000000013
-0.5684199999999999,-0.49298000000000003,-0.22314
-0.043769999999999976,-0.018979999999999997,-0.08010000000000006
-0.05301,-0.011909999999999976,-0.04410999999999998
-0.07450000000000001,-0.039590000000000014,-0.030670000000000086
-0.12753000000000003,-0.03060000000000007,-0.06686999999999999
-0.11914000000000002,-0.04086999999999996,-0.05725000000000002
-0.012510000000000021,-0.08610000000000007,-0.060309999999999975
-0.039939999999999976,-0.051899999999999946,-0.06050999999999995
-0.02970000000000006,-0.06935999999999998,-0.05700000000000005
-0.028290000000000037,-0.08733000000000002,-0.06593000000000004
-0.02575000000000005,-0.053039999999999976,-0.05398000000000003
-0.05223,-0.013270000000000004,-0.16523
-0.14270000000000005,-0.008120000000000016,-0.19740000000000002
-0.59663,-0.008080000000000087,-0.20541999999999994
-0.11320000000000008,0.0030200000000000227,-0.11418000000000006
-0.12964999999999993,-0.0047199999999999465,-0.057639999999999914
-0.36029999999999995,-0.02324000000000004,-0.06833
-0.33220000000000005,-0.016679999999999917,-0.040179999999999993
-0.31516999999999995,-0.020930000000000004,-0.03544000000000003
-0.35268,-0.017960000000000087,-0.09537000000000007
-0.23028000000000004,-0.06462999999999997,-0.05183000000000004
-0.11716000000000004,-0.02471000000000001,-0.15786
-0.10574000000000006,-0.011159999999999948,-0.09526000000000001
-0.10231000000000001,-0.016199999999999992,-0.10936000000000001
-0.11391999999999991,-0.02068000000000003,-0.16203999999999996
-0.10821000000000003,-0.0160300000000001,-0.16463000000000005
-0.33121,-0.07301999999999997,-0.07684000000000002
-0.38494000000000006,-0.05665999999999993,-0.10952000000000006
-0.18467,-0.06908000000000003,-0.08687
-0.43535999999999997,-0.04415999999999998,-0.12085999999999997
-0.19301000000000001,-0.05779999999999996,-0.1296400000000001
-0.015660000000000007,-0.016820000000000057,-0.013569999999999971
-0.06692999999999993,-0.016129999999999978,-0.04203000000000001
-0.030830000000000024,-0.01480999999999999,-0.03454999999999997
-0.04948999999999992,-0.01438000000000006,-0.06342999999999999
-0.033889999999999976,-0.015270000000000006,-0.05538999999999994
-0.48386999999999997,-0.040669999999999984,-0.045829999999999926
-0.21397,-0.037390000000000034,-0.13376
-0.39985000000000004,-0.014720000000000066,-0.12251000000000001
-0.4843,-0.10782000000000003,-0.12551999999999996
-0.46597,-0.024270000000000014,-0.11099000000000003
-0.45454000000000006,-0.27742999999999995,-0.05741000000000007
-0.4589,-0.34159000000000006,-0.43673999999999996
-0.43427,-0.31465999999999994,-0.03215000000000001
-0.56031,-0.27569,-0.46974
-0.44809999999999994,-0.21901000000000004,-0.16967999999999994
-0.45846999999999993,-0.003889999999999949,-0.027819999999999956
-0.50816,-0.012089999999999934,-0.0129999999999999
-0.5123500000000001,-0.010249999999999981,-0.024909999999999988
-0.51229,-0.03917000000000004,-0.049510000000000054
-0.48228,-0.025269999999999904,-0.02800999999999998
-0.25281,-0.009739999999999971,-0.26539999999999997
-0.12224000000000002,-0.018349999999999977,-0.25960000000000005
-0.13708999999999993,-0.02864,-0.2579199999999999
-0.18375000000000008,-0.01809000000000005,-0.2638400000000001
-0.12229000000000001,-0.014510000000000023,-0.23182999999999998
-0.0023199999999999887,0.029810000000000003,-0.06176999999999999
-0.02080000000000004,-0.027980000000000005,-0.08681000000000005
-0.010820000000000052,-0.022540000000000004,-0.032260000000000066
-0.0021400000000000308,-0.007469999999999977,-0.04414000000000007
-0.0023999999999999577,-0.02678999999999998,-0.016369999999999996
-0.07900999999999991,-0.16569,-0.09253999999999996
-0.03463000000000005,-0.20911999999999997,-0.07518000000000002
-0.08527000000000007,-0.14180000000000004,-0.07022000000000006
-0.09519999999999995,-0.17963000000000007,-0.07187999999999994
-0.035540000000000016,-0.14354999999999996,-0.11601000000000006
-0.43046000000000006,0.0028599999999999737,-0.09194999999999998
-0.48762999999999995,-0.024939999999999962,-0.06353999999999993
-0.49372999999999995,-0.0048599999999999755,-0.07138999999999995
-0.48985,-0.01193999999999995,-0.08310000000000006
-0.48961,-0.0025399999999999867,-0.06891000000000003
-0.15359,-0.38351,-0.027290000000000036
-0.1584500000000001,-0.4103,-0.022700000000000053
-0.17206999999999995,-0.46603,-0.052529999999999966
-0.16183000000000003,-0.44638000000000005,-0.04312000000000005
-0.17123,-0.41836,-0.019749999999999934
-0.2856000000000001,0.03317999999999999,-0.07672000000000001
-0.31355,0.02800999999999998,-0.09172999999999998
-0.5153300000000001,0.03025,-0.10955999999999999
-0.24042000000000008,-0.02424000000000004,-0.05891000000000002
-0.25085999999999997,-0.00810999999999995,-0.08655999999999997
-0.19528999999999996,-0.01746000000000003,-0.05823999999999996
-0.26565000000000005,-0.022789999999999977,-0.13092000000000004
-0.15903999999999996,-0.026120000000000032,-0.11163000000000001
-0.22637000000000007,-0.04909999999999992,-0.10270000000000001
-0.19023999999999996,-0.024889999999999968,-0.11092000000000002
-0.40807,-0.09428000000000003,-0.06633999999999995
-0.19777999999999996,-0.09233000000000002,-0.06491000000000002
-0.37594000000000005,-0.08357999999999999,-0.10284000000000004
-0.30413,-0.07708000000000004,-0.04358000000000006
-0.39665000000000006,-0.08441999999999994,-0.023419999999999996
-0.14032999999999995,-0.27714000000000005,-0.13353000000000004
-0.66164,-0.06439000000000006,-0.16596999999999995
-0.55006,-0.42662,-0.10114000000000001
-0.6714899999999999,-0.16055999999999993,-0.15718999999999994
-0.59977,-0.49249000000000004,-0.09106000000000003
-0.50832,-0.14589999999999992,-0.12529999999999997
-0.48290999999999995,-0.1905,-0.10954999999999993
-0.45848,-0.13284000000000007,-0.14500000000000002
-0.49393,-0.26143000000000005,-0.0843799999999999
-0.45924000000000004,-0.19940999999999998,-0.09265999999999996
-0.012159999999999949,-0.03263000000000005,-0.025949999999999918
-0.018410000000000037,-0.21243,-0.06321999999999994
-0.005789999999999962,-0.03364999999999996,-0.02737999999999996
-0.01100000000000001,-0.033279999999999976,-0.031000000000000028
-0.009620000000000073,-0.02660999999999991,-0.02532000000000001
-0.04901999999999995,-0.23685,-0.04250999999999994
-0.09360000000000002,-0.21572999999999998,-0.017810000000000104
-0.05498999999999998,-0.24241999999999997,-0.03873000000000004
-0.06467,-0.24839999999999995,-0.03308999999999995
-0.03636000000000006,-0.22421000000000002,-0.04466000000000003
-0.014229999999999965,-0.01216000000000006,-0.04200999999999999
-0.02363000000000004,-0.33642999999999995,-0.06820000000000004
-0.016200000000000103,-0.35229999999999995,-0.04064000000000001
-0.014740000000000086,-0.32149999999999995,-0.05843000000000009
-0.013619999999999965,-0.005900000000000016,-0.04175999999999991
-0.49068,-0.0029599999999999627,-0.03873000000000004
-0.47883999999999993,-0.0019700000000000273,-0.018449999999999966
-0.48134000000000005,-0.0036800000000000166,-0.013980000000000103
-0.49117000000000005,-0.031059999999999977,-0.021050000000000013
-0.50184,-0.004770000000000052,-0.025379999999999958
-0.57299,0.005730000000000013,-0.09284000000000003
-0.14608999999999994,-0.05186000000000002,-0.07562000000000002
0.00014999999999998348,-0.05144000000000004,-0.04503999999999997
-0.056459999999999955,0.0029000000000000137,0.01656000000000002
-0.08834999999999993,-0.009870000000000045,-0.03705999999999998
-0.10465000000000002,-0.03904999999999992,-0.017689999999999984
-0.09856999999999994,-0.03152999999999995,-0.004029999999999978
-0.06594,-0.03710000000000002,0.004569999999999963
-0.06336999999999993,-0.0023499999999999632,-0.011249999999999982
-0.09044999999999992,-0.09838000000000002,-0.013249999999999984
-0.06211,0.022730000000000028,-0.13059999999999994
-0.057130000000000014,0.016270000000000007,-0.13585000000000003
-0.05286000000000002,0.02514000000000005,-0.10243000000000002
-0.06113999999999997,0.022789999999999977,-0.13622
-0.06342999999999999,0.028260000000000063,-0.11058000000000001
-0.015140000000000042,-0.04447000000000001,-0.04661000000000004
-0.01656000000000002,-0.03991,-0.04352
-0.18682999999999994,-0.024190000000000045,-0.043789999999999996
-0.10156999999999994,-0.07045000000000001,-0.04884999999999995
-0.09860999999999998,-0.06384000000000001,-0.07377999999999996
-0.01746000000000003,-0.026919999999999944,-0.044949999999999934
-0.017650000000000055,-0.02192000000000005,-0.02912999999999999
-0.01746000000000003,-0.07838,-0.031440000000000023
-0.03691999999999995,-0.052729999999999944,-0.029189999999999938
-0.017140000000000044,-0.08337000000000006,-0.028349999999999986
-0.01597000000000004,-0.2896,-0.07026999999999994
-0.013210000000000055,-0.41669999999999996,-0.061960000000000015
-0.022820000000000062,-0.31063999999999997,-0.08064000000000004
-0.02255000000000007,-0.3112599999999999,-0.07318000000000002
-0.01847999999999994,-0.38732,-0.061429999999999985
-0.47392000000000006,-0.02468999999999999,-0.03561000000000003
-0.48756,-0.021320000000000006,-0.036270000000000024
-0.5644199999999999,-0.01672999999999991,-0.08936
-0.5642199999999999,-0.13176999999999994,-0.16889999999999994
-0.57783,-0.010380000000000056,-0.17877999999999994
-0.17081000000000002,-0.026270000000000016,-0.04821999999999993
-0.16744000000000003,-0.024859999999999993,-0.021500000000000075
-0.18369999999999997,-0.02675000000000005,-0.06247999999999998
-0.16688999999999998,-0.04351000000000005,-0.15816999999999992
-0.16872999999999994,-0.029000000000000026,-0.06336999999999993
-0.27153000000000005,-0.02254999999999996,-0.29906
-0.25422,-0.017240000000000033,-0.013539999999999996
-0.33382999999999996,-0.10311000000000003,-0.024889999999999968
-0.28436000000000006,-0.10263999999999995,-0.13955000000000006
-0.23006000000000004,-0.02684999999999993,-0.03424000000000005
-0.20933000000000002,-0.018240000000000034,-0.04944000000000004
-0.049229999999999996,-0.02127000000000001,-0.05131999999999992
-0.04577000000000009,-0.01705000000000001,-0.035090000000000066
-0.20192999999999994,-0.033519999999999994,-0.031340000000000034
-0.012169999999999903,-0.023720000000000074,-0.027289999999999925
-0.025800000000000045,-0.12319000000000002,-0.028179999999999983
-0.0371800000000001,-0.15759999999999996,-0.041000000000000036
-0.02697000000000005,-0.17576000000000003,-0.0398400000000001
-0.028840000000000088,-0.13197000000000003,-0.023990000000000067
-0.62629,-0.15874,-0.042749999999999955
-0.43678,-0.040959999999999996,0.0011499999999999844
-0.44511,-0.04293999999999998,-0.012130000000000085
-0.42606000000000005,-0.04205000000000003,0.003269999999999995
-0.42569,-0.03974,-0.003009999999999957
-0.42291000000000006,-0.04192999999999991,-0.008720000000000061
-0.53284,-0.16906,-0.22034999999999993
-0.54983,-0.18560999999999994,-0.16596
-0.59152,-0.10875000000000001,-0.19381000000000004
-0.52756,-0.10165999999999997,-0.26009000000000004
-0.62574,-0.13942,-0.27014000000000005
-0.18547999999999998,-0.16730999999999996,-0.019969999999999932
-0.12592000000000003,-0.45522,-0.04154000000000002
-0.030849999999999933,-0.16445999999999994,-0.03387999999999991
-0.2753399999999999,-0.16847999999999996,-0.018079999999999985
-0.23842000000000008,-0.25944,-0.010220000000000007
-0.05902000000000007,-0.007160000000000055,-0.10228000000000004
-0.07536999999999994,-0.006240000000000023,-0.07069999999999999
-0.11919000000000002,-0.005369999999999986,-0.07874999999999999
-0.09201999999999999,-0.006469999999999976,-0.06693000000000005
-0.05638999999999994,-0.005369999999999986,-0.08396999999999999
-0.45347000000000004,-0.05735999999999997,-0.05103000000000002
-0.43627000000000005,-0.04579999999999995,-0.03871000000000002
-0.3407,-0.0413,-0.027129999999999987
-0.57995,-0.039389999999999925,-0.03217000000000003
-0.36826000000000003,-0.010740000000000083,-0.026760000000000006
-0.67875,-0.03639999999999999,-0.19499
-0.71615,-0.05244000000000004,-0.18433999999999995
-0.6538200000000001,-0.07866000000000006,-0.17911
-0.6368,-0.0921900000000001,-0.19608000000000003
-0.6044799999999999,-0.09165999999999996,-0.12029000000000001
0.013739999999999974,-0.07021999999999995,-0.07170999999999994
-0.016820000000000057,-0.06306999999999996,0.02022999999999997
-0.09288000000000007,-0.014950000000000019,-0.06516
-0.07130000000000003,-0.03783000000000003,-0.17874999999999996
0.007489999999999997,-0.07154000000000005,-0.08864000000000005
-0.15003,-0.003990000000000049,-0.058439999999999936
-0.12966,-0.010639999999999983,-0.08514999999999995
-0.07556000000000007,-0.005310000000000037,-0.07200000000000006
-0.20836,-0.004090000000000038,-0.08628999999999998
-0.06750999999999996,-0.0045199999999999685,-0.08794000000000002
-0.57162,-0.23090999999999995,-0.0512800000000001
-0.61378,-0.22140000000000004,-0.05079
-0.5761499999999999,-0.11941000000000002,-0.04094999999999993
-0.57635,-0.29441000000000006,-0.046560000000000046
-0.44271999999999995,-0.1047499999999999,-0.03715999999999997
-0.11064000000000007,-0.01915,-0.06320000000000003
-0.1609299999999999,-0.01258999999999999,-0.022189999999999932
-0.13293,-0.014589999999999992,-0.04149000000000003
-0.21214,-0.014490000000000003,-0.058069999999999955
-0.20778999999999992,-0.01487000000000005,-0.05811999999999995
-0.015329999999999955,-0.03237000000000001,-0.029939999999999967
-0.014450000000000074,-0.034090000000000065,-0.015680000000000027
-0.051610000000000045,-0.03381999999999996,-0.028299999999999992
-0.01632,-0.02353000000000005,-0.03982999999999992
-0.044520000000000004,0.0024999999999999467,-0.03640999999999994
-0.009889999999999954,-0.005599999999999938,-0.04177999999999993
-0.008120000000000016,-0.005170000000000008,-0.034050000000000025
-0.025289999999999924,-0.011190000000000033,-0.04474
-0.00880000000000003,-0.015979999999999994,-0.04638000000000009
-0.006460000000000021,-0.005519999999999969,-0.04639000000000004
-0.28847,-0.08679000000000003,-0.27108
-0.35253,-0.10053999999999996,-0.23543000000000003
-0.28647,-0.11687000000000003,-0.25034
-0.29784,-0.14351999999999998,-0.22248999999999997
-0.2787799999999999,-0.12394000000000005,-0.1826399999999999
-0.02819000000000005,-0.09529999999999994,-0.035719999999999974
-0.020649999999999946,-0.08843000000000001,-0.043889999999999985
-0.010209999999999941,-0.10357000000000005,-0.04508999999999996
-0.09074000000000004,-0.08792,-0.04932000000000003
-0.022259999999999946,-0.24328000000000005,-0.07560999999999996
-0.6184100000000001,-0.02733999999999992,-0.08793000000000006
-0.6197699999999999,-0.033420000000000005,-0.05086999999999997
-0.61093,0.07389000000000001,-0.18102000000000007
-0.6075900000000001,0.056640000000000024,-0.06805000000000005
-0.62153,0.07039000000000006,-0.06716999999999995
-0.34674000000000005,-0.018339999999999912,-0.04583999999999999
-0.3779,-0.018530000000000046,-0.05162
-0.33891000000000004,-0.01536000000000004,-0.04171999999999998
-0.40263000000000004,-0.022689999999999988,-0.05706
-0.3768699999999999,-0.02344999999999997,-0.048189999999999955
