High attention,Random,Matched random
-0.31400000000000006,-0.1955,-0.0046800000000000175
-0.30296,-0.15727000000000002,-0.008769999999999945
-0.2355799999999999,-0.13839,-0.006689999999999974
-0.5932900000000001,-0.21507999999999994,-0.21772000000000002
-0.15497000000000005,-0.18777999999999995,-0.03280000000000005
-0.6293,-0.14257000000000009,-0.18315000000000003
-0.57514,-0.29857,-0.26927
-0.5644899999999999,-0.15652999999999995,-0.2662399999999999
-0.59475,-0.12708000000000008,-0.16127999999999998
-0.5394999999999999,-0.11456,-0.22588999999999992
-0.40190000000000003,-0.07553999999999994,-0.12722
-0.49011000000000005,-0.07282,-0.11567000000000005
-0.45031000000000004,-0.07740000000000002,-0.15256999999999998
-0.43677000000000005,-0.07299999999999995,-0.11959000000000009
-0.39307,-0.06655999999999995,-0.11785999999999996
-0.35917,-0.42717000000000005,-0.06918999999999997
-0.38193,-0.38412999999999997,-0.04957999999999996
-0.46015999999999996,-0.39808,-0.05009999999999992
-0.5156799999999999,-0.40254,-0.07485999999999993
-0.3600500000000001,-0.41056000000000004,-0.05376000000000003
-0.52769,-0.46543,-0.39189000000000007
-0.53112,-0.46253,-0.32433
-0.52057,-0.46648,-0.31279999999999997
-0.50053,-0.46807999999999994,-0.29663000000000006
-0.49934999999999996,-0.44933999999999996,-0.32821
-0.20083000000000006,-0.31414,-0.12705
-0.09040000000000004,-0.12852999999999992,-0.0826
-0.08733999999999997,-0.22052000000000005,-0.11324999999999996
-0.12532999999999994,-0.15959,-0.10785999999999996
-0.08804000000000001,-0.2863,-0.09242000000000006
-0.37306000000000006,-0.06516,-0.09997
-0.53463,-0.06818000000000002,-0.043440000000000034
-0.42044000000000004,-0.07669000000000004,-0.04261000000000004
-0.40864999999999996,-0.06659000000000004,-0.13854999999999995
-0.47108000000000005,-0.07013000000000003,-0.1400800000000001
-0.51331,-0.17371999999999999,-0.12082000000000004
-0.5468500000000001,-0.16715999999999998,-0.1406900000000001
-0.58507,-0.20575,-0.13887000000000005
-0.5613999999999999,-0.19832000000000005,-0.13632
-0.6828700000000001,-0.20420000000000005,-0.09088000000000007
-0.7356499999999999,0.03952,-0.12335999999999991
-0.66959,0.012209999999999943,-0.11343000000000003
-0.67563,0.0700400000000001,-0.10597000000000001
-0.8139399999999999,-0.01797000000000004,-0.15442
-0.74962,0.09682999999999997,-0.13822999999999996
-0.02463000000000004,-0.10885,-0.014639999999999986
0.0018899999999999473,-0.12021000000000004,-0.007539999999999991
-0.004789999999999961,-0.052790000000000004,-0.022519999999999984
-0.006290000000000018,-0.03078000000000003,-0.02870000000000006
0.00046000000000001595,-0.05559999999999998,-0.014959999999999973
-0.24496000000000007,-0.05789,-0.25151999999999997
-0.21250000000000002,-0.10683999999999994,-0.26908999999999994
-0.22709999999999997,-0.07404999999999995,-0.21765999999999996
-0.23970000000000002,-0.050529999999999964,-0.19972
-0.30873000000000006,-0.07284999999999997,-0.25096000000000007
-0.56633,-0.43191999999999997,-0.43513
-0.54978,-0.45424999999999993,-0.20603000000000005
-0.52225,-0.41999,-0.11812
-0.52557,-0.44064,-0.09811999999999999
-0.5555,-0.46665999999999996,-0.14898999999999996
-0.65682,-0.04193000000000002,-0.2447499999999999
-0.61657,-0.03858000000000006,-0.26425
-0.55873,-0.050529999999999964,-0.27235
-0.63794,-0.032810000000000006,-0.29438
-0.5422,-0.04798999999999998,-0.25558000000000003
-0.55867,-0.10624,-0.14471999999999996
-0.4877699999999999,-0.060370000000000035,-0.1033599999999999
-0.5766199999999999,-0.06101999999999996,-0.07682
-0.5689199999999999,-0.06123000000000001,-0.08633999999999997
-0.49696,-0.08365,-0.11036000000000001
-0.034030000000000005,-0.22785999999999995,-0.20601000000000003
-0.03805999999999998,-0.31721,-0.20609999999999995
-0.060780000000000056,-0.18028,-0.1959200000000001
-0.14527999999999996,-0.22086000000000006,-0.21009
-0.02632000000000001,-0.23980999999999997,-0.22253
-0.70993,-0.46512999999999993,-0.19208999999999998
-0.7055400000000001,-0.08654000000000006,-0.15485000000000004
-0.6996800000000001,-0.45125999999999994,-0.20096000000000003
-0.67372,-0.45058,-0.19259000000000004
-0.70231,-0.51948,-0.24483
-0.67055,-0.07330999999999999,-0.25936000000000003
-0.6611,-0.07909,-0.17800000000000005
-0.61892,-0.08168999999999993,-0.26421000000000006
-0.6128800000000001,-0.28286999999999995,-0.19417000000000006
-0.6013299999999999,-0.06367,-0.28330999999999995
-0.3614200000000001,-0.05784,-0.08300000000000007
-0.36554,-0.06467,-0.09600999999999993
-0.27393,-0.056400000000000006,-0.08677000000000001
-0.34833000000000003,-0.05579999999999996,-0.07615000000000005
-0.39403,-0.04375999999999991,-0.08787999999999996
-0.67663,-0.10770999999999997,-0.07999
-0.68032,-0.07324000000000008,-0.09316999999999998
-0.63198,-0.09872000000000003,-0.06759000000000004
-0.67845,-0.06330999999999998,-0.06887999999999994
-0.65272,-0.07167000000000001,-0.07869000000000004
-0.21865999999999997,-0.05247000000000002,-0.04196
-0.09732000000000007,-0.05188000000000004,-0.024290000000000034
-0.20753999999999995,-0.01030999999999993,-0.03925000000000001
-0.30408,-0.06051999999999991,-0.03876000000000002
-0.20608000000000004,-0.07727000000000006,-0.03974
-0.04557,-0.11430000000000007,-0.0351800000000001
-0.55489,-0.11587000000000003,-0.03625999999999996
-0.34812999999999994,-0.11381999999999992,-0.032769999999999966
-0.33416999999999997,-0.20902999999999994,-0.03164
-0.025760000000000005,-0.1791600000000001,-0.03481000000000001
-0.61059,-0.054649999999999976,-0.21137000000000006
-0.56105,-0.42221,-0.21033000000000002
-0.63222,-0.40336000000000005,-0.09976999999999991
-0.6046100000000001,-0.39195,-0.20751000000000008
-0.6415299999999999,-0.3911,-0.20271000000000006
-0.34612999999999994,-0.5890299999999999,-0.08963999999999994
-0.29867999999999995,-0.64625,-0.0639599999999999
-0.33653999999999995,-0.67114,-0.11194000000000004
-0.31244000000000005,-0.31077,-0.06978000000000006
-0.33826999999999996,-0.68723,-0.061450000000000005
-0.37256,-0.02167999999999992,-0.20257000000000003
-0.4085,-0.28086999999999995,-0.19028
-0.64028,-0.0008200000000000429,-0.23241
-0.48583000000000004,-0.48315,-0.23126000000000002
-0.6569100000000001,-0.38292000000000004,-0.2247300000000001
-0.68172,-0.043240000000000056,-0.24380999999999997
-0.48223000000000005,-0.09325000000000006,-0.07211000000000001
-0.6741,-0.035129999999999995,-0.06336000000000008
-0.6086499999999999,-0.04433000000000009,-0.24124999999999996
-0.46119,-0.05891000000000002,-0.08299999999999996
-0.6871700000000001,-0.09996000000000005,-0.08818999999999999
-0.7030000000000001,-0.10509000000000002,-0.14685000000000004
-0.6924899999999999,-0.10097999999999996,-0.10070999999999997
-0.6625099999999999,-0.07467000000000001,-0.09170999999999996
-0.6719200000000001,-0.10944999999999994,-0.09928000000000003
-0.16015000000000001,-0.03071999999999997,-0.09891000000000005
-0.6165400000000001,-0.029590000000000005,-0.09818000000000005
-0.65827,-0.02735999999999994,-0.10885
-0.6722899999999999,-0.03161999999999998,-0.08997
-0.17242999999999997,-0.03071999999999997,-0.10875000000000001
-0.48261999999999994,-0.018859999999999988,-0.10625999999999991
-0.33421,-0.013850000000000029,-0.12065999999999999
-0.5476300000000001,-0.01413999999999993,-0.11015000000000008
-0.57358,-0.05308999999999997,-0.14849999999999997
-0.53041,-0.05007000000000006,-0.12502000000000002
-0.41275999999999996,-0.07318999999999998,-0.21999000000000002
-0.25432,-0.07577999999999996,-0.15488000000000002
-0.19258999999999993,-0.11112,-0.17791999999999997
-0.5335,-0.06992999999999994,-0.26588999999999996
-0.43889999999999996,-0.07621,-0.17425000000000002
-0.02324000000000004,-0.55971,-0.03167000000000009
-0.0413,-0.49987999999999994,-0.028919999999999946
-0.022760000000000002,-0.47478,-0.02527999999999997
-0.016579999999999928,-0.46629,-0.01415999999999995
-0.015759999999999996,-0.5016400000000001,-0.009560000000000013
-0.67079,-0.09251999999999994,-0.22976000000000008
-0.66885,-0.10644000000000009,-0.31796
-0.6099000000000001,-0.12278999999999995,-0.31142000000000003
-0.67964,-0.08360000000000001,-0.30996
-0.7432,-0.10943999999999998,-0.28755
-0.50745,-0.12248000000000003,-0.08916999999999997
-0.5893200000000001,-0.11601000000000006,-0.08323000000000003
-0.55828,-0.51298,-0.07345999999999997
-0.5684899999999999,-0.11690999999999996,-0.13359999999999994
-0.42591999999999997,-0.13166999999999995,-0.08438999999999997
-0.030200000000000005,-0.50282,0.02285999999999999
-0.04549000000000003,-0.49410999999999994,0.0024199999999999777
-0.032179999999999986,-0.49153,0.012419999999999987
-0.16730999999999996,-0.49299999999999994,-0.010499999999999954
-0.04237000000000002,-0.6130599999999999,-0.008660000000000001
-0.43326,-0.01317999999999997,-0.07121
-0.43313999999999997,-0.02800999999999998,-0.07591999999999999
-0.42506,-0.013090000000000046,-0.04259999999999997
-0.42800999999999995,-0.009059999999999957,-0.03584999999999994
-0.4315,-0.005519999999999969,-0.048250000000000015
-0.04035999999999995,-0.21484000000000003,-0.03917999999999999
-0.021340000000000026,-0.15903,-0.03778999999999999
-0.03537000000000001,-0.57505,-0.039100000000000024
-0.03310000000000002,-0.57329,-0.03312999999999999
-0.030329999999999968,-0.63336,-0.04018999999999995
-0.45729999999999993,-0.012749999999999928,-0.1135799999999999
-0.30686,-0.00988,-0.09631
-0.47378,-0.014419999999999988,-0.09863999999999995
-0.42442,-0.00988,-0.08028999999999997
-0.45025000000000004,-0.02588999999999997,-0.10626999999999998
-0.58737,-0.13558000000000003,-0.027919999999999945
-0.59182,-0.5647599999999999,-0.02678999999999998
-0.56352,-0.14841000000000004,-0.07939000000000007
-0.60943,-0.12436999999999998,-0.048370000000000024
-0.5751299999999999,-0.12149999999999994,-0.07914999999999994
-0.40206000000000003,-0.15583000000000002,-0.44861
-0.47015999999999997,-0.11813000000000007,-0.5644899999999999
-0.31981000000000004,-0.14352999999999994,-0.52596
-0.48017,-0.11914999999999998,-0.55946
-0.32262,-0.07887,-0.38658
0.00867999999999991,-0.64282,-0.13182000000000005
0.008589999999999987,-0.47724999999999995,-0.07455
0.0022300000000000653,-0.46692000000000006,-0.008340000000000014
0.03528999999999993,-0.56831,-0.030240000000000045
0.01812999999999998,-0.5739099999999999,-0.054240000000000066
-0.46632000000000007,-0.14037,-0.08752000000000004
-0.3779799999999999,-0.17224000000000006,-0.07390999999999992
-0.19129000000000007,-0.11777000000000004,-0.14387000000000005
-0.41523000000000004,-0.13114000000000003,-0.07603000000000004
-0.29206,-0.17687000000000008,-0.06499999999999995
-0.41091,-0.48084,-0.11195999999999995
-0.4057900000000001,-0.45737000000000005,-0.1199
-0.43203,-0.5172399999999999,-0.13635000000000008
-0.39122999999999997,-0.46806,-0.09935000000000005
-0.4163,-0.5643499999999999,-0.10913000000000006
-0.59571,-0.13129999999999997,-0.08689999999999998
-0.50935,-0.29194,-0.07689999999999997
-0.5350300000000001,-0.17010000000000003,-0.14096000000000009
-0.5692200000000001,-0.26307,-0.14532
-0.54043,-0.21693000000000007,-0.14732
-0.7405700000000001,-0.042200000000000015,-0.01809000000000005
-0.7378,-0.03826000000000007,-0.01541999999999999
-0.60992,-0.02864,-0.016249999999999987
-0.73973,-0.03277000000000008,-0.016220000000000012
-0.74685,-0.03550000000000009,-0.018199999999999994
-0.35607,-0.020160000000000067,-0.15878000000000003
-0.48368,-0.020199999999999996,-0.16410999999999998
-0.22943999999999998,-0.03515999999999997,-0.16374999999999995
-0.27098999999999995,-0.008690000000000087,-0.1483
-0.25139999999999996,-0.03201999999999994,-0.08564000000000005
-0.66657,-0.44271000000000005,-0.017920000000000047
-0.6486000000000001,-0.31636,-0.021140000000000048
-0.64561,-0.40918,-0.025799999999999934
-0.7062900000000001,-0.34414999999999996,-0.06140000000000001
-0.65361,-0.43609,-0.01688999999999996
-0.5452600000000001,-0.61098,-0.09281000000000006
-0.5849799999999999,-0.58118,-0.07482
-0.6092500000000001,-0.54294,-0.0916800000000001
-0.57789,-0.6348499999999999,-0.07715000000000005
-0.55545,-0.5664199999999999,-0.08187
-0.65153,-0.11970999999999998,-0.007809999999999984
-0.5230699999999999,-0.023700000000000054,0.00043999999999999595
-0.37122,-0.11117999999999995,0.004709999999999992
-0.39235,-0.10050000000000003,-0.019560000000000022
-0.6865999999999999,-0.04019000000000006,-0.014249999999999985
-0.16605999999999999,-0.10216999999999998,-0.12236000000000002
-0.28181,-0.12125999999999992,-0.09584999999999999
-0.22075,-0.1089199999999999,-0.02179999999999993
-0.09840000000000004,-0.12069000000000007,-0.0629900000000001
-0.18210000000000004,-0.37312999999999996,-0.013560000000000016
-0.49009,-0.03615999999999997,-0.06861000000000006
-0.59571,-0.017730000000000024,-0.21787999999999996
-0.5322800000000001,-0.031299999999999994,-0.0706
-0.72255,-0.015589999999999993,-0.05349000000000004
-0.53988,-0.03229000000000004,-0.04801
-0.17188000000000003,-0.038329999999999975,-0.02146999999999999
-0.59067,-0.04279999999999995,-0.04352
-0.5079,-0.257,-0.030449999999999977
-0.62592,-0.10868,-0.033580000000000054
-0.6175,-0.45286000000000004,-0.026860000000000106
-0.5440499999999999,-0.22955000000000003,-0.26113
-0.5580799999999999,-0.15066999999999997,-0.23833000000000004
-0.46364,-0.24808999999999992,-0.08767000000000003
-0.5349200000000001,-0.22665000000000002,-0.14578000000000002
-0.48105000000000003,-0.15098,-0.08577000000000001
-0.58728,-0.02018999999999993,-0.19706999999999997
-0.60792,-0.10643000000000002,-0.21103000000000005
-0.61331,-0.08532000000000006,-0.19701999999999997
-0.62185,-0.09616000000000002,-0.14424000000000003
-0.62098,-0.029120000000000035,-0.24076999999999993
-0.60076,-0.017249999999999988,-0.19787
-0.55587,-0.012920000000000043,-0.32016
-0.6127400000000001,-0.014639999999999986,-0.35068999999999995
-0.58781,-0.01307999999999998,-0.24807
-0.64412,-0.012050000000000005,-0.32475999999999994
-0.52877,-0.02019000000000004,-0.19572
-0.3678,-0.024739999999999984,-0.1840900000000001
-0.15716000000000008,-0.01316000000000006,-0.16194000000000008
-0.40964999999999996,-0.04574999999999996,-0.17143999999999993
-0.54559,0.006329999999999947,-0.18805000000000005
-0.4532299999999999,-0.059430000000000094,-0.08050000000000002
-0.44034000000000006,-0.031139999999999946,-0.08276000000000006
-0.23801000000000005,-0.023380000000000067,-0.07366000000000006
-0.23769000000000007,-0.03172000000000008,-0.07479000000000002
-0.44799,-0.05062999999999995,-0.06646000000000007
-0.62642,-0.48138000000000003,-0.23875000000000002
-0.63613,-0.12850000000000006,-0.2723
-0.63656,-0.12235000000000007,-0.26903999999999995
-0.65815,-0.12873,-0.26586
-0.6173299999999999,-0.08964000000000005,-0.27079
-0.057699999999999974,-0.6147,-0.022279999999999966
-0.31762999999999997,-0.5180499999999999,-0.008179999999999965
-0.2053299999999999,-0.58518,0.0019000000000000128
-0.21109,-0.53258,-0.008319999999999994
-0.14037999999999995,-0.6151,0.0031200000000000117
-0.03772000000000009,-0.017939999999999956,-0.017390000000000017
-0.027650000000000063,-0.019359999999999933,-0.012190000000000034
-0.026919999999999944,-0.024579999999999935,-0.009629999999999916
-0.62085,-0.018080000000000096,-0.0020200000000000218
-0.65879,-0.022280000000000078,-0.021199999999999997
-0.007140000000000035,-0.3045899999999999,-0.003750000000000031
-0.012359999999999927,-0.29203,-0.0045799999999999175
-0.04196999999999995,-0.40841,-0.002889999999999948
-0.02846000000000004,-0.26800999999999997,-0.005220000000000002
-0.11212,-0.18742000000000003,-0.0009599999999999609
-0.49063999999999997,-0.009279999999999955,-0.46753999999999996
-0.50225,-0.019379999999999953,-0.47393
-0.57654,-0.02205999999999997,-0.49543
-0.48075999999999997,-0.020320000000000005,-0.4670599999999999
-0.46809,-0.021770000000000067,-0.46071
-0.33738,-0.08836999999999995,-0.19202000000000008
-0.70011,-0.10067999999999999,-0.15644000000000002
-0.71199,-0.005190000000000028,-0.14161999999999997
-0.69305,-0.09189999999999998,-0.16191
-0.31928,-0.09491000000000005,-0.08230000000000004
-0.56703,-0.07107999999999992,-0.08640000000000003
-0.25788,-0.06355999999999995,-0.018000000000000016
-0.21443,-0.07455999999999996,-0.0047599999999999865
-0.19172,-0.03726000000000007,-0.013959999999999972
-0.5381,-0.06722000000000006,-0.005179999999999962
-0.041020000000000056,-0.5549200000000001,-0.16504000000000008
-0.08191000000000004,-0.20561999999999991,-0.19993000000000005
-0.05264000000000002,-0.41817000000000004,-0.11348999999999998
-0.04229000000000005,-0.19371000000000005,-0.15283999999999998
-0.05337000000000003,-0.21611999999999998,-0.17979
-0.7323999999999999,-0.21697,-0.011329999999999951
-0.72182,-0.20208000000000004,-0.011859999999999982
-0.69685,-0.19562000000000002,-0.019199999999999995
-0.73088,-0.20318999999999998,-0.015110000000000068
-0.73478,-0.23963999999999996,-0.017039999999999944
-0.49434999999999996,-0.46221000000000007,-0.16310999999999998
-0.57143,-0.46742999999999996,-0.14117000000000002
-0.25983999999999996,-0.47148999999999996,-0.18538999999999994
-0.28288,-0.47828,-0.17815999999999999
-0.30787999999999993,-0.48597999999999997,-0.10380999999999996
-0.11540000000000006,-0.12746000000000002,-0.18217000000000005
-0.68565,-0.26017999999999997,-0.21453
-0.24517,-0.23093000000000008,-0.18367
-0.04565999999999992,-0.14715,-0.17967999999999995
-0.10419999999999996,-0.12990000000000002,-0.21014
-0.31714,-0.00032999999999994145,-0.017979999999999996
-0.18813000000000002,-0.66774,-0.023619999999999974
-0.25642,-0.54325,-0.022739999999999982
-0.25098,-0.7356,-0.020009999999999972
-0.23205999999999993,-0.010050000000000003,-0.021649999999999947
-0.51961,-0.005390000000000006,-0.18622000000000005
-0.51464,-0.00492999999999999,-0.5291299999999999
-0.52,-0.0023299999999999432,-0.32814
-0.5025499999999999,-0.005709999999999993,-0.48683999999999994
-0.47789000000000004,-0.004210000000000047,-0.47237
-0.08449000000000007,-0.66275,-0.04956000000000005
-0.0996499999999999,-0.52589,-0.0470799999999999
-0.09323999999999999,-0.37410999999999994,-0.05837999999999999
-0.08701000000000003,-0.59643,-0.05160000000000009
-0.10792999999999997,-0.52028,-0.05196999999999996
-0.39269,-0.02371000000000001,-0.07955000000000001
-0.39481,-0.057559999999999945,-0.09872000000000003
-0.36014,-0.019889999999999963,-0.08457999999999999
-0.4511200000000001,-0.08580999999999994,-0.08906999999999998
-0.33165,-0.027150000000000007,-0.08284000000000002
-0.42200000000000004,0.005410000000000026,-0.07666000000000006
-0.39965000000000006,0.0050200000000000244,-0.09615000000000007
-0.46792999999999996,0.007770000000000055,-0.09062999999999999
-0.43923999999999996,-0.010360000000000036,-0.08489999999999998
-0.40737,-0.06449000000000005,-0.09423999999999999
-0.6246700000000001,-0.05947000000000002,-0.18811
-0.66671,-0.049919999999999964,-0.18767
-0.6497599999999999,-0.06185000000000007,-0.1950099999999999
-0.61801,-0.044540000000000024,-0.17867
-0.63188,-0.04469999999999996,-0.18286999999999998
-0.5325,-0.29852,-0.13724000000000003
-0.5585600000000001,-0.32045,-0.15306000000000008
-0.47373,-0.36075,-0.14790000000000003
-0.49988999999999995,-0.2797900000000001,-0.11215999999999993
-0.49193999999999993,-0.28062,-0.14350999999999992
-0.39940000000000003,-0.005970000000000031,-0.06096999999999997
-0.38402,-0.0022600000000000398,-0.05359999999999998
-0.39392,-0.003290000000000015,-0.06167
-0.40445,-0.008029999999999982,-0.06830999999999998
-0.37412999999999996,-0.01144999999999996,-0.04730999999999996
-0.51837,-0.06956000000000007,-0.14198999999999995
-0.5465200000000001,-0.06407000000000007,-0.1374200000000001
-0.56132,-0.027079999999999993,-0.16054000000000002
-0.5074,-0.058580000000000076,-0.128
-0.50516,-0.02751999999999999,-0.1501
-0.39719000000000004,-0.25531000000000004,-0.04390000000000005
-0.50037,-0.29854,-0.04147999999999996
-0.4865999999999999,-0.32669000000000004,-0.04013
-0.5013000000000001,-0.3198,-0.044560000000000044
-0.48612,-0.3625900000000001,-0.04752000000000001
-0.52062,-0.03212999999999999,-0.08610999999999991
-0.5366799999999999,-0.03833999999999993,-0.07685999999999993
-0.45365,-0.014490000000000003,-0.06903999999999999
-0.53427,-0.038020000000000054,-0.08438999999999997
-0.53179,-0.023880000000000012,-0.08549999999999991
-0.6171300000000001,-0.16306999999999994,-0.23809000000000002
-0.65413,-0.15486,-0.57422
-0.56829,-0.09699000000000002,-0.5630200000000001
-0.62761,-0.13779999999999992,-0.40430000000000005
-0.59029,-0.14731000000000005,-0.57664
-0.07550000000000001,-0.2217,-0.030980000000000008
-0.17067,-0.25868,-0.02969999999999995
-0.0796,-0.21379000000000004,-0.026210000000000067
-0.08190000000000008,-0.25295999999999996,-0.022110000000000074
-0.06509999999999994,-0.20353,-0.02971999999999997
-0.04634000000000005,-0.02948000000000006,-0.009199999999999986
-0.02681,-0.34014,-0.031180000000000097
-0.023519999999999985,-0.09711999999999998,-0.01607000000000003
-0.3507199999999999,-0.022989999999999955,-0.03772999999999993
-0.02648000000000006,-0.06994,-0.13328000000000007
-0.49256,-0.21914,-0.03228999999999993
-0.50464,-0.18523999999999996,-0.029920000000000058
-0.132,-0.25773,-0.03156000000000003
-0.43789,-0.34359000000000006,-0.07477999999999996
-0.47373,-0.23736999999999997,-0.030510000000000037
-0.60887,-0.09227000000000007,-0.10238999999999998
-0.61729,-0.10779000000000005,-0.08755999999999997
-0.46904999999999997,-0.08514,-0.05135999999999996
-0.60459,-0.07714999999999994,-0.10936999999999997
-0.48614999999999997,-0.0646500000000001,-0.07833999999999997
-0.52596,-0.16705000000000003,-0.08635999999999999
-0.48219,-0.16451000000000005,-0.08955999999999997
-0.5558700000000001,-0.18125000000000002,-0.08240999999999998
-0.55971,-0.19221,-0.05147999999999997
-0.51266,-0.16927000000000003,-0.06952999999999998
-0.15590000000000004,-0.1258800000000001,-0.11154000000000008
-0.29927000000000004,-0.06196999999999997,-0.07952000000000004
-0.17911999999999995,-0.24217,-0.11444999999999994
-0.3492400000000001,-0.15087000000000006,-0.0622100000000001
-0.22166999999999992,-0.09110000000000007,-0.08601999999999999
-0.11719000000000002,-0.3527,-0.30813999999999997
-0.09880999999999995,-0.37173999999999996,-0.03320999999999996
-0.13170000000000004,-0.16585000000000005,-0.0232
-0.12873,-0.10502,-0.010639999999999983
-0.1569600000000001,-0.45156999999999997,-0.06597000000000008
-0.007119999999999904,-0.17563000000000006,-0.005689999999999973
-0.007159999999999944,-0.08731,-0.0020000000000000018
-0.0030799999999999716,-0.07439999999999991,-0.005579999999999918
-0.005720000000000058,-0.06801999999999997,-0.010319999999999996
-0.007480000000000042,-0.31528999999999996,-0.010230000000000072
-0.05661000000000005,-0.07003000000000004,-0.06428999999999996
-0.07400000000000007,-0.07344000000000006,-0.054930000000000034
-0.05632000000000004,-0.06994999999999996,-0.05513000000000001
-0.052669999999999995,-0.06977,-0.05501
-0.06639000000000006,-0.06164999999999998,-0.06093000000000004
-0.14237,-0.03090000000000004,-0.12141000000000002
-0.08539000000000008,-0.02700999999999998,-0.13391000000000008
-0.03217000000000003,-0.029280000000000084,-0.10301000000000005
-0.08965000000000001,-0.03370000000000006,-0.10801000000000005
-0.050839999999999996,-0.05667,-0.08016000000000001
-0.38103,-0.5018199999999999,-0.19726
-0.23607999999999996,-0.46428,-0.18462
-0.39464,-0.48832000000000003,-0.19226999999999994
-0.4113,-0.47991,-0.24234999999999995
-0.24865000000000004,-0.48153,-0.18195000000000006
-0.18362,-0.058539999999999925,-0.010480000000000045
-0.21096000000000004,-0.06371000000000004,-0.023170000000000024
-0.19891999999999999,-0.05994999999999995,-0.006120000000000014
-0.1670299999999999,-0.06789999999999996,-0.019279999999999964
-0.05413000000000001,-0.08391000000000004,-0.012730000000000019
-0.44708000000000003,-0.09608000000000005,-0.0524
-0.4486,-0.123,-0.05468000000000006
-0.42695000000000005,-0.08426,-0.04471000000000003
-0.42094,-0.05308999999999997,-0.056499999999999995
-0.4212499999999999,-0.04459999999999997,-0.05010999999999999
-0.30105000000000004,-0.68356,-0.14778000000000002
-0.2579100000000001,-0.56334,-0.13780000000000003
-0.25898,-0.67156,-0.12054999999999993
-0.5604,-0.65554,-0.14790999999999999
-0.26583999999999997,-0.68351,-0.13656999999999997
-0.09545999999999999,-0.48958999999999997,-0.10109999999999997
-0.09494000000000002,-0.43834000000000006,-0.010950000000000015
-0.35283,-0.48635999999999996,-0.10331000000000001
0.019379999999999953,-0.49017000000000005,-0.012199999999999989
0.00936999999999999,-0.45292999999999994,-0.0010899999999999244
-0.08910000000000007,-0.7247600000000001,-0.011700000000000044
-0.13285000000000002,-0.7096199999999999,-0.011390000000000011
-0.12563000000000002,-0.70915,-0.017859999999999987
-0.19182,-0.69831,-0.01892999999999989
-0.24995,-0.74519,-0.05371999999999999
-0.7377100000000001,-0.06690000000000007,-0.5192100000000001
-0.7401599999999999,-0.061859999999999915,-0.7662199999999999
-0.74309,-0.07840000000000003,-0.42206999999999995
-0.49049999999999994,-0.06485000000000007,-0.43906
-0.62702,-0.06916,-0.37875000000000003
-0.6202399999999999,-0.03695000000000004,-0.09650000000000003
-0.76383,-0.07216,-0.10987999999999998
-0.70533,-0.06801999999999997,-0.10641
-0.31262,0.04313,-0.012190000000000034
-0.63506,-0.04235,-0.11320999999999992
-0.63194,-0.08723999999999998,-0.5357399999999999
-0.5625100000000001,-0.07687,-0.57816
-0.6100300000000001,-0.08254000000000006,-0.57565
-0.5738099999999999,-0.11199999999999999,-0.5761799999999999
-0.52226,-0.11812,-0.52702
-0.37864,-0.36888999999999994,-0.023169999999999913
-0.38691,-0.15152,-0.026550000000000074
-0.39510999999999996,-0.07445000000000002,-0.017240000000000033
-0.39832,-0.39820999999999995,-0.037309999999999954
-0.39585000000000004,-0.46325000000000005,-0.01705000000000001
-0.61107,-0.24602000000000002,-0.15417000000000003
-0.4380799999999999,-0.25114000000000003,-0.17570999999999992
-0.5571699999999999,-0.24136000000000002,-0.2038399999999999
-0.5626200000000001,-0.24340000000000006,-0.24842000000000009
-0.64845,-0.10929,-0.21814999999999996
-0.25863,-0.006510000000000016,-0.02155000000000007
-0.26807000000000003,-0.009020000000000028,-0.033009999999999984
-0.25550000000000006,-0.005749999999999922,-0.03204000000000007
-0.25597000000000003,-0.0029199999999999227,-0.03569
-0.25372000000000006,-0.01709000000000005,-0.033460000000000045
-0.11851999999999996,-0.014049999999999896,-0.13859
-0.2308,-0.03599000000000008,-0.14856999999999998
-0.25978999999999997,-0.018220000000000014,-0.1570299999999999
-0.59024,-0.009190000000000031,-0.16112000000000004
-0.2532,-0.01474999999999993,-0.16793999999999998
-0.56593,-0.5644199999999999,-0.08926999999999996
-0.55057,-0.54311,-0.13920999999999994
-0.52168,-0.6134599999999999,-0.08609000000000011
-0.5884800000000001,-0.51834,-0.08487
-0.56251,-0.42538999999999993,-0.06728999999999996
-0.4174,-0.060920000000000085,-0.25359
-0.26600999999999997,-0.1931299999999999,-0.22023000000000004
-0.2589,-0.06533,-0.13261
-0.32666000000000006,-0.05513999999999997,-0.26350000000000007
-0.26517,-0.17425000000000002,-0.21614
-0.46040999999999993,-0.3006399999999999,-0.06037999999999999
-0.66177,-0.30538,-0.07737000000000005
-0.47284,-0.27861,-0.060370000000000035
-0.5211,-0.29616,-0.06453999999999993
-0.51705,-0.3035399999999999,-0.08430000000000004
-0.57142,-0.17515999999999998,-0.03722000000000003
-0.6261099999999999,-0.1532300000000001,-0.01911000000000007
-0.5636399999999999,-0.11037999999999992,-0.047579999999999956
-0.5747599999999999,-0.23921000000000003,-0.051509999999999945
-0.56212,-0.08401999999999998,-0.013410000000000033
-0.26653000000000004,-0.34207000000000004,-0.12702000000000002
-0.21262999999999999,-0.41552999999999995,-0.11153000000000002
-0.20879999999999999,-0.43857999999999997,-0.10733999999999999
-0.50143,-0.38106,-0.11946000000000001
-0.21941999999999995,-0.38617,-0.11260999999999999
-0.22760000000000002,-0.10648000000000002,-0.10523000000000005
-0.12849999999999995,-0.055709999999999926,-0.12471999999999994
-0.12811000000000006,-0.04888999999999999,-0.07044000000000006
-0.30171000000000003,-0.11492999999999998,-0.12009000000000003
-0.09904999999999997,-0.08906999999999998,-0.07749000000000006
-0.19306,-0.39581,-0.013530000000000042
-0.17975999999999992,-0.38481,-0.01684999999999992
-0.12590999999999997,-0.37351,-0.009630000000000027
-0.42151,-0.33748999999999996,-0.03751000000000004
-0.20357000000000003,-0.32626,-0.005560000000000009
-0.37318000000000007,-0.52913,-0.012380000000000058
-0.3678199999999999,-0.43243,-0.15827999999999998
-0.33892999999999995,-0.43579999999999997,-0.03110999999999997
-0.51271,-0.44573000000000007,-0.05642999999999998
-0.40308,-0.49404,-0.044050000000000034
-0.65077,-0.031609999999999916,-0.07097999999999993
-0.62032,-0.01917000000000002,-0.21867000000000003
-0.61183,-0.023519999999999985,-0.07384999999999997
-0.58521,-0.029349999999999987,-0.019179999999999975
-0.60188,-0.02424000000000004,-0.08431
-0.030039999999999956,-0.01833000000000007,0.006460000000000021
-0.05459999999999998,-0.0008000000000000229,0.004630000000000023
-0.26993,-0.01871999999999996,0.0041999999999999815
-0.42261000000000004,-0.022379999999999955,0.004170000000000007
-0.38939999999999997,-0.012859999999999983,0.0036199999999999566
-0.69048,-0.41433,-0.46262000000000003
-0.7225199999999999,-0.38237,-0.3945599999999999
-0.7089799999999999,-0.16564,-0.31933999999999996
-0.65893,-0.3971300000000001,-0.26095
-0.36980999999999997,-0.4110999999999999,-0.39782000000000006
-0.05526000000000009,-0.011539999999999995,-0.10270000000000001
-0.47596000000000005,-0.028079999999999994,-0.10502
-0.05035999999999996,-0.015620000000000078,-0.11479000000000006
-0.046050000000000035,-0.012299999999999978,-0.08020000000000005
-0.06352999999999998,-0.021729999999999916,-0.09675
-0.31135,-0.42081999999999997,-0.08104
-0.30610000000000004,-0.34024,-0.012930000000000108
-0.29553000000000007,-0.3170200000000001,-0.04818
-0.48602,-0.30212000000000006,-0.12788
-0.26857999999999993,-0.28332999999999997,-0.023270000000000013
-0.6559900000000001,-0.42079999999999995,-0.029650000000000065
-0.6746300000000001,-0.47162,-0.022560000000000024
-0.63734,-0.46992,-0.030689999999999995
-0.67164,-0.40328,-0.004789999999999961
-0.68824,-0.44365999999999994,0.006819999999999937
-0.14695999999999998,-0.29901,-0.12195
-0.27059,-0.18586000000000003,-0.14123999999999992
-0.07868999999999993,-0.25659999999999994,-0.08721999999999996
-0.19101,-0.26172000000000006,-0.055359999999999965
-0.09811999999999999,-0.20672999999999997,-0.11634
-0.57296,-0.02527999999999997,-0.0022800000000000598
-0.68658,-0.034070000000000045,-0.003409999999999913
-0.66395,-0.03703999999999996,-0.026120000000000032
-0.69189,-0.023009999999999975,-0.0047399999999999665
-0.5752999999999999,-0.015530000000000044,-0.03309999999999991
-0.6128500000000001,-0.009149999999999991,-0.015370000000000106
-0.2997000000000001,-0.029669999999999974,0.0006899999999999684
-0.60689,-0.012499999999999956,-0.0019500000000000073
-0.54898,-0.019919999999999938,-0.0033400000000000096
-0.35819,-0.0021899999999999142,0.01206000000000007
-0.19784000000000002,-0.027310000000000056,-0.11278999999999995
-0.22302999999999995,-0.014840000000000075,-0.12273
-0.18456000000000006,-0.04210999999999998,-0.12257000000000007
-0.2843399999999999,-0.015720000000000067,-0.13205
-0.26086,-0.045379999999999976,-0.13115999999999994
-0.45635,-0.0011299999999999644,-0.1048
-0.46159,-0.018979999999999997,-0.10026999999999997
-0.4707,-0.015940000000000065,-0.12385000000000002
-0.46517000000000003,0.008709999999999996,-0.04205000000000003
-0.44294,0.004290000000000016,-0.04933999999999994
-0.29246000000000005,-0.60871,-0.12183
-0.17081999999999997,-0.62039,-0.16454999999999997
-0.17704999999999993,-0.5831799999999999,-0.12156
-0.25018000000000007,-0.60032,-0.14490999999999998
-0.14481,-0.55185,-0.14960000000000007
-0.57689,-0.03612000000000004,-0.04308000000000001
-0.53005,-0.05837000000000003,-0.07884000000000002
-0.5423899999999999,-0.04136000000000006,-0.06940000000000002
-0.41347999999999996,-0.04121000000000008,-0.08946999999999994
-0.54541,-0.028220000000000023,-0.10228999999999999
-0.11043000000000003,-0.11239999999999994,-0.049799999999999955
-0.053850000000000064,-0.09642000000000006,-0.08988000000000007
-0.07472999999999996,-0.0973099999999999,-0.037309999999999954
-0.11673,-0.09714,-0.031079999999999997
-0.10180999999999996,-0.09980999999999995,-0.03325
-0.48144000000000003,-0.07635999999999998,-0.03795000000000004
-0.47165999999999997,-0.08683999999999992,-0.045640000000000014
-0.48798,-0.06591999999999998,-0.022350000000000092
-0.47333000000000003,-0.09782999999999997,-0.18156000000000005
-0.61402,-0.07820000000000005,-0.13273000000000001
-0.16416000000000008,-0.09347000000000005,-0.01909000000000005
-0.15927999999999998,-0.038329999999999975,-0.05413000000000001
-0.1653699999999999,-0.029650000000000065,-0.01629999999999998
-0.16671999999999998,-0.10411999999999999,-0.018769999999999953
-0.17545,-0.0988,-0.02398
-0.71161,-0.3015,-0.20858
-0.61281,-0.28635999999999995,-0.19796999999999998
-0.48511,-0.30279,-0.19498000000000004
-0.7342599999999999,-0.28449,-0.20068999999999992
-0.60232,-0.29189,-0.19581000000000004
-0.60678,-0.29322000000000004,-0.09141999999999995
-0.6250199999999999,-0.34948,-0.23214
-0.58295,-0.20321999999999996,-0.22009999999999996
-0.63405,-0.46934999999999993,-0.11997999999999998
-0.62693,-0.27249,-0.08443999999999996
-0.48105999999999993,-0.08209,-0.013869999999999938
-0.56797,-0.08911999999999998,-0.01968000000000003
-0.53734,-0.1056999999999999,-0.0040400000000000436
-0.47586000000000006,-0.25309000000000004,-0.014929999999999999
-0.42596,-0.06930000000000003,-0.014589999999999992
-0.18084,0.0028799999999999937,-0.08787999999999996
-0.19973000000000007,-0.02900999999999998,-0.08284000000000002
-0.24824999999999997,-0.005099999999999993,-0.10097999999999996
-0.16912000000000005,-0.003269999999999995,-0.08456000000000008
-0.22930000000000006,-0.003149999999999986,-0.12350000000000005
-0.34340000000000004,-0.3104100000000001,-0.15720999999999996
-0.41348000000000007,-0.22297,-0.16069
-0.47256999999999993,-0.19305000000000005,-0.1622
-0.39483,-0.30208,-0.16759000000000002
-0.37427,-0.25485,-0.15208
-0.53939,-0.06940000000000002,-0.03978000000000004
-0.54583,-0.05702000000000007,-0.4705
-0.5332600000000001,-0.07417000000000007,-0.049919999999999964
-0.54869,-0.04255999999999993,-0.05015999999999998
-0.5406299999999999,-0.04934000000000005,-0.07291000000000003
-0.15741000000000005,-0.15413999999999994,-0.06054000000000004
-0.14027999999999996,-0.2177699999999999,-0.04824000000000006
-0.11975999999999998,-0.22714999999999996,-0.05530999999999997
-0.14583000000000002,-0.25228000000000006,-0.06457999999999997
-0.14933999999999992,-0.21686000000000005,-0.0680099999999999
-0.02023000000000008,-0.03373999999999999,-0.029370000000000007
-0.44845999999999997,-0.03215000000000001,-0.03125
-0.07608000000000004,-0.03425,0.05901000000000001
-0.0008299999999999974,-0.03439000000000003,-0.0006200000000000649
-0.026229999999999976,-0.034439999999999915,-0.003129999999999966
-0.64663,-0.04182000000000008,-0.037719999999999976
-0.6459199999999999,-0.04496,-0.03727999999999998
-0.6589400000000001,-0.04625000000000001,-0.04969000000000001
-0.6800900000000001,-0.14185999999999999,-0.021029999999999993
-0.60999,-0.06606999999999996,0.00040999999999991044
-0.6717900000000001,-0.07537000000000005,-0.3172400000000001
-0.6355,-0.02340999999999993,-0.53538
-0.62985,-0.04862,-0.16483000000000003
-0.70059,-0.03486,-0.45294999999999996
-0.61602,-0.06229000000000007,-0.14083999999999997
-0.20795999999999992,-0.48722,-0.36185
-0.22509,-0.45383999999999997,-0.4021699999999999
-0.21289000000000002,-0.42209,-0.36514
-0.21388000000000007,-0.39486000000000004,-0.25067000000000006
-0.3781,-0.35036999999999996,-0.38588999999999996
-0.14604000000000006,-0.023270000000000013,-0.07737000000000005
-0.10707,-0.05025999999999997,-0.055300000000000016
-0.34974000000000005,-0.03566999999999998,-0.09704000000000002
-0.20465,-0.04035999999999995,-0.06620000000000004
-0.38215,-0.08733000000000002,-0.06089
-0.61235,-0.22137000000000007,-0.25976999999999995
-0.28642,-0.2508,-0.01756000000000002
-0.62307,-0.30294999999999994,-0.24087999999999998
-0.35495,-0.3108000000000001,-0.26047
-0.64103,-0.21521999999999997,-0.25037
-0.73312,-0.008139999999999925,-0.10254000000000008
-0.7611199999999999,-0.010310000000000041,-0.09987999999999997
-0.7856799999999999,-0.009519999999999973,-0.09819
-0.77189,-0.0121,-0.09636
-0.76495,-0.0034399999999999986,-0.08133000000000001
-0.20790999999999993,0.00385000000000002,-0.25303999999999993
-0.15632000000000001,0.010260000000000047,-0.20345000000000002
-0.49477,-0.032159999999999966,-0.17364000000000002
-0.20694,-0.02395999999999998,-0.23464000000000007
-0.5004,0.021210000000000062,-0.21348
-0.55955,-0.07633000000000001,-0.5818800000000001
-0.47202000000000005,-0.07525000000000004,-0.57908
-0.57451,-0.029279999999999973,-0.58589
-0.5036700000000001,-0.07169000000000003,-0.15642
-0.59467,-0.06721999999999995,-0.55877
-0.46230000000000004,-0.22451999999999994,-0.032950000000000035
-0.46373999999999993,-0.33230000000000004,-0.04133999999999993
-0.52264,-0.33163999999999993,-0.05386999999999997
-0.34534999999999993,-0.21653,-0.05493999999999999
-0.52538,-0.33442000000000005,-0.05886000000000002
-0.76559,-0.05650999999999995,-0.12146000000000001
-0.73767,-0.01091999999999993,-0.32482
-0.6529499999999999,-0.03878000000000004,-0.06391000000000002
-0.7489699999999999,-0.055360000000000076,-0.26517999999999997
-0.76314,-0.017449999999999966,-0.07356000000000007
-0.50857,-0.1938399999999999,-0.031239999999999934
-0.61114,-0.1783800000000001,-0.036680000000000046
-0.62834,-0.16161000000000003,-0.009720000000000062
-0.6387499999999999,-0.11380000000000001,-0.010719999999999952
-0.57475,-0.16612000000000005,-0.012669999999999959
-0.049860000000000015,-0.03304000000000007,-0.03843999999999992
-0.07365999999999995,-0.19657999999999998,-0.03337000000000001
-0.10394000000000003,0.00656000000000001,-0.034070000000000045
-0.04585000000000006,-0.0030999999999999917,-0.032260000000000066
-0.037310000000000065,-0.18125000000000002,-0.024050000000000016
-0.16279,-0.0027399999999999647,-0.004669999999999952
-0.14275000000000004,-0.0008799999999999919,-0.021440000000000015
-0.13971,-0.00941000000000003,-0.14224000000000003
-0.06742999999999999,-0.005950000000000011,-0.028189999999999937
-0.11293000000000009,-0.016019999999999923,-0.11701000000000006
-0.22915000000000008,-0.20577999999999996,-0.028340000000000032
-0.34314,-0.2299,0.016120000000000023
-0.20454000000000006,-0.19749000000000005,0.013029999999999986
-0.49550999999999995,-0.25682000000000005,0.015589999999999993
-0.4179299999999999,-0.10218000000000005,0.015270000000000006
-0.11445000000000005,-0.7013199999999999,-0.011430000000000051
-0.04561000000000004,-0.57611,-0.05213000000000001
-0.10771000000000008,-0.72105,-0.05248000000000008
-0.10130000000000006,-0.69905,-0.056640000000000024
-0.06258000000000008,-0.7073499999999999,-0.0615
-0.10577000000000003,-0.10569000000000006,-0.06252999999999997
-0.10118999999999989,-0.11858999999999997,-0.05479999999999996
-0.239,-0.11073,-0.046969999999999956
-0.24359000000000008,-0.12832,-0.04333000000000009
-0.23627999999999993,-0.10672000000000004,-0.08966999999999992
-0.32369000000000003,-0.07436999999999994,-0.02634000000000003
-0.66084,-0.09092,-0.016309999999999936
-0.61324,-0.08475999999999995,-0.024720000000000075
-0.59969,-0.05571000000000004,-0.030669999999999975
-0.59741,-0.08152000000000004,-0.0030999999999999917
-0.5353300000000001,-0.10844999999999994,-0.45763000000000004
-0.61361,0.00988,-0.50964
-0.56469,0.011229999999999962,-0.46448
-0.5456700000000001,0.00041000000000002146,-0.48569
-0.60734,0.0045600000000000085,-0.49281
-0.05396000000000001,-0.049410000000000065,-0.013809999999999989
-0.05881999999999998,-0.18964999999999999,-0.031000000000000028
-0.05003999999999997,-0.15344999999999998,-0.01798999999999995
-0.054319999999999924,-0.026510000000000034,-0.031139999999999946
-0.05452000000000001,-0.02292000000000005,-0.011660000000000004
0.006419999999999981,-0.49894,-0.004469999999999974
0.008889999999999953,-0.56583,-0.00026999999999999247
0.006980000000000097,-0.6015600000000001,-0.05571999999999999
0.0009700000000000264,-0.68894,-0.07650999999999997
0.0036599999999999966,-0.6752,-0.06828000000000001
-0.33997999999999995,-0.33113000000000004,-0.02688999999999997
-0.27066999999999997,-0.35950000000000004,-0.008889999999999953
-0.14327999999999996,-0.3355,-0.023109999999999964
-0.09837000000000007,-0.34513999999999995,-0.026490000000000014
-0.32915000000000005,-0.36160000000000003,-0.007539999999999991
-0.37248000000000003,-0.11582999999999999,-0.1008500000000001
-0.45711,-0.13917000000000002,-0.11008000000000007
-0.61851,-0.14473999999999998,-0.07845999999999997
-0.61422,-0.14515999999999996,-0.03702000000000005
-0.6106,-0.26217999999999997,-0.04054000000000002
-0.55165,-0.25310999999999995,-0.03295999999999999
-0.5812900000000001,-0.27693,-0.04031000000000007
-0.5721400000000001,-0.21093000000000006,-0.046130000000000004
-0.43967,-0.22317999999999993,-0.049939999999999984
-0.59097,-0.25505,-0.04237000000000002
-0.6349400000000001,-0.11845000000000006,-0.16605000000000003
-0.62819,-0.11464000000000008,-0.17101999999999995
-0.6418600000000001,-0.11009999999999998,-0.15226000000000006
-0.65279,-0.14320999999999995,-0.17584
-0.44664000000000004,-0.19601999999999997,-0.16961000000000004
-0.5918,0.0046399999999999775,-0.014919999999999933
-0.25390999999999997,-0.025519999999999987,-0.013519999999999976
-0.33423,-0.018649999999999944,-0.011890000000000067
-0.56053,0.01471,-0.03553000000000006
-0.23117,-0.029000000000000026,-0.07077
-0.38114000000000003,-0.07174000000000003,-0.014660000000000006
-0.67668,-0.03460999999999992,-0.011809999999999987
-0.62947,-0.10655999999999999,-0.002929999999999988
-0.31599999999999995,-0.03632999999999997,-0.018629999999999924
-0.49428000000000005,-0.06854000000000005,-0.026940000000000075
-0.59674,-0.040000000000000036,-0.00922999999999996
-0.37602,-0.005059999999999953,-0.010190000000000032
-0.61468,-0.013840000000000074,-0.025580000000000047
-0.51215,-0.04415999999999998,-0.013480000000000047
-0.2197,-0.01812999999999998,-0.014369999999999994
-0.5154,-0.029939999999999967,-0.06648999999999994
-0.50301,-0.012369999999999992,-0.014189999999999925
-0.51972,-0.015000000000000013,-0.03008999999999995
-0.43624999999999997,-0.012950000000000017,0.014110000000000067
-0.48019,-0.046459999999999946,-0.06623000000000001
-0.14127,-0.12180999999999997,-0.013380000000000059
-0.19867,-0.15163000000000004,-0.019550000000000067
-0.07828000000000002,-0.08311000000000002,0.003089999999999926
-0.23502999999999996,-0.1024799999999999,-0.16196
-0.30846000000000007,-0.13737,-0.09866000000000008
-0.5571999999999999,-0.16625999999999996,-0.15356999999999998
-0.5908199999999999,-0.20472999999999997,-0.35514999999999997
-0.5431900000000001,-0.15698,-0.16556000000000004
-0.591,-0.18374999999999997,-0.41936999999999997
-0.5733699999999999,-0.11780999999999997,-0.37466
-0.57313,-0.011700000000000044,-0.011130000000000084
-0.5377000000000001,-0.007059999999999955,-0.007480000000000042
-0.5846499999999999,-0.006959999999999966,-0.004149999999999987
-0.55121,-0.03795000000000004,-0.02346999999999999
-0.6067499999999999,-0.03344999999999998,-0.021649999999999947
-0.6104499999999999,-0.011890000000000067,-0.35468
-0.58872,-0.012979999999999992,-0.46823000000000004
-0.62739,-0.011200000000000099,-0.37355000000000005
-0.62219,-0.00873999999999997,-0.09321999999999997
-0.5857,-0.009709999999999996,-0.35885999999999996
-0.43765,-0.00024999999999997247,-0.012839999999999963
-0.6678000000000001,0.0008000000000000229,-0.036760000000000015
-0.5060899999999999,-0.00039000000000000146,-0.027410000000000045
-0.59027,-0.0009299999999999864,-0.018079999999999985
-0.63768,-0.006040000000000045,-0.028590000000000004
-0.08994000000000002,-0.11649999999999994,-0.029750000000000054
-0.10980000000000001,-0.056989999999999985,-0.052669999999999995
-0.062450000000000006,-0.20688000000000006,-0.026050000000000018
-0.11565999999999999,-0.049229999999999996,-0.023259999999999947
-0.1253700000000001,-0.02935999999999994,-0.03027000000000002
-0.6000099999999999,-0.19020000000000004,-0.4694499999999999
-0.53644,-0.18892999999999993,-0.47126
-0.53593,-0.18943999999999994,-0.46819
-0.59121,-0.19974999999999998,-0.48159
-0.64345,-0.19243,-0.47591999999999995
-0.32348,-0.20618000000000003,-0.21298000000000006
-0.3589199999999999,-0.17535,-0.20892
-0.3523799999999999,-0.14685000000000004,-0.20372999999999997
-0.36248,-0.16632999999999998,-0.19603000000000004
-0.32806,-0.16583000000000003,-0.25649
-0.28589,-0.7162900000000001,-0.17639000000000005
-0.1971400000000001,-0.08348,-0.09128000000000003
-0.20090999999999992,-0.7107100000000001,-0.12059999999999993
-0.21027000000000007,-0.69429,-0.12431999999999999
-0.17892999999999992,-0.03572999999999993,-0.10794999999999999
-0.6047199999999999,-0.13359,-0.14215999999999995
-0.56556,-0.028280000000000083,-0.15313
-0.57255,-0.35792,-0.18369999999999997
-0.50945,-0.19623000000000002,-0.18474999999999997
-0.5665,-0.052649999999999975,-0.18777999999999995
-0.08877000000000002,-0.05547000000000002,-0.25746
-0.03273999999999999,-0.055989999999999984,-0.08750999999999998
-0.027760000000000007,-0.04575999999999991,-0.11817999999999995
-0.5108599999999999,-0.08957000000000004,-0.23317999999999994
-0.08626,-0.06167999999999996,-0.19230999999999998
-0.016509999999999914,-0.021150000000000002,-0.5487799999999999
-0.023500000000000076,-0.016199999999999992,-0.49843000000000004
-0.020160000000000067,-0.007959999999999967,-0.36783
-0.03210999999999997,-0.06272,-0.29049
-0.46385000000000004,0.0010100000000000664,-0.6743300000000001
-0.17126000000000008,-0.2980499999999999,-0.08556000000000008
-0.11322999999999994,-0.30613999999999997,-0.05096999999999996
-0.14856999999999998,-0.34517,-0.05365999999999993
-0.14315,-0.3087000000000001,-0.06843999999999995
-0.22689000000000004,-0.28128999999999993,-0.05299000000000009
-0.21117999999999992,-0.21516000000000002,-0.10685999999999996
-0.27005999999999997,-0.29806999999999995,-0.08326
-0.30748,-0.34187,-0.08662000000000003
-0.37253000000000003,-0.25310999999999995,-0.07343
-0.29379,-0.24746999999999997,-0.08200000000000007
-0.17915000000000003,-0.40939000000000003,-0.036050000000000026
-0.19380000000000008,-0.42384,-0.03306000000000009
-0.17040999999999995,-0.42849000000000004,-0.056849999999999956
-0.17858000000000007,-0.39859999999999995,-0.028410000000000046
-0.19422000000000006,-0.39293,-0.02371000000000001
-0.27732,-0.17316999999999994,-0.03642999999999996
-0.09516999999999998,-0.14879999999999993,-0.030360000000000054
-0.26044999999999996,-0.14327999999999996,-0.05622000000000005
-0.19011,-0.02204000000000006,-0.04237000000000002
-0.14666,-0.14888,-0.03079999999999994
-0.07377,-0.2816000000000001,-0.03483999999999998
-0.07964000000000004,-0.37912,-0.05584
-0.14251999999999998,-0.46129000000000003,-0.08450999999999997
-0.07669000000000004,-0.37999000000000005,-0.06484999999999996
-0.08302999999999994,-0.36007,-0.043869999999999965
-0.39138000000000006,-0.30571000000000004,-0.23096000000000005
-0.29921,-0.27505,-0.2108899999999999
-0.32155999999999996,-0.32682999999999995,-0.22945000000000004
-0.30896999999999997,-0.22771000000000008,-0.23378999999999994
-0.28422000000000003,-0.30951000000000006,-0.23334999999999995
-0.4983,-0.64218,-0.013960000000000083
-0.5209199999999999,-0.51079,-0.10482999999999998
-0.49678000000000005,-0.46487,-0.06236000000000008
-0.47817000000000004,-0.58318,-0.0742600000000001
-0.51563,-0.5679399999999999,-0.02559
-0.24768999999999997,-0.4142600000000001,-0.049980000000000024
-0.2230399999999999,-0.1385099999999999,-0.06755999999999995
-0.1562,-0.31249000000000005,-0.07577
-0.14207999999999998,-0.11507,-0.05493999999999999
-0.21671000000000007,-0.31494,-0.034379999999999966
-0.45219,-0.18521999999999994,0.04298999999999997
-0.44488,-0.17801,0.028469999999999995
-0.41652999999999996,-0.15978000000000003,-0.021499999999999964
-0.44777000000000006,-0.17007000000000005,-0.008400000000000074
-0.43427,-0.14404000000000006,0.006210000000000049
-0.49958,-0.49013,-0.16806
-0.09365000000000001,-0.26788,-0.06310000000000004
-0.10263999999999995,-0.16886999999999996,-0.06847999999999999
-0.45904999999999996,-0.13125999999999993,-0.09676999999999991
-0.17341000000000006,-0.11385999999999996,-0.16804000000000008
-0.52119,-0.5930200000000001,-0.19911999999999996
-0.43770999999999993,-0.60449,-0.2054999999999999
-0.51023,-0.15022000000000002,-0.20455999999999996
-0.47457000000000005,-0.20116,-0.22514
-0.6053000000000001,-0.5584500000000001,-0.22935000000000005
-0.49762999999999996,-0.20295999999999992,-0.026660000000000017
-0.53993,-0.31645999999999996,-0.08892
-0.66788,-0.16018,-0.122
-0.5755999999999999,-0.03689999999999993,-0.14071999999999996
-0.55479,-0.0363,-0.08184999999999998
-0.42754000000000003,-0.018160000000000065,0.012870000000000048
-0.42925,-0.0010000000000000009,0.00869999999999993
-0.42502000000000006,-0.0012000000000000899,0.011739999999999973
-0.43663,-0.0022900000000000142,0.01102000000000003
-0.42340000000000005,-0.010029999999999983,0.006709999999999994
-0.35609999999999997,-0.16127000000000002,-0.15816999999999992
-0.21216000000000002,-0.14281999999999995,-0.15352
-0.28184,-0.14180000000000004,-0.14848000000000006
-0.09836,-0.15589999999999993,-0.15568000000000004
-0.20488000000000006,-0.16772999999999993,-0.14327
-0.05018,-0.03854999999999997,-0.05325000000000002
-0.031160000000000077,-0.053509999999999946,-0.049490000000000034
-0.019260000000000055,-0.04686999999999997,-0.03408
-0.02303999999999995,-0.029000000000000026,-0.049289999999999945
-0.020260000000000056,-0.04562999999999995,-0.06242000000000003
-0.22002,-0.64744,-0.006249999999999978
-0.20997999999999994,-0.66205,-0.042849999999999944
-0.2222099999999999,-0.66215,-0.0045600000000000085
-0.21282999999999996,-0.59817,-0.00495000000000001
-0.22367000000000004,-0.6369100000000001,-0.007669999999999955
-0.55512,-0.5425800000000001,-0.03688999999999998
-0.31982,-0.56922,-0.1578799999999999
-0.22824,-0.6968000000000001,-0.05557999999999996
-0.4397899999999999,-0.68068,-0.07134999999999991
-0.32392,-0.5315300000000001,-0.15039999999999998
-0.6746700000000001,-0.04925999999999997,-0.036270000000000024
-0.6648000000000001,-0.018140000000000045,-0.07603000000000004
-0.6921299999999999,-0.13919000000000004,-0.05784
-0.64378,-0.014970000000000039,-0.07826
-0.6337999999999999,-0.06251000000000007,-0.08553999999999995
-0.3166399999999999,-0.027100000000000013,-0.08609
-0.24284000000000006,-0.01712999999999998,-0.08755000000000002
-0.31572999999999996,-0.012360000000000038,-0.10023000000000004
-0.23643000000000003,-0.07425999999999999,-0.09265000000000001
-0.31904,-0.07788000000000006,-0.08540000000000003
-0.59657,-0.02994999999999992,-0.05412000000000006
-0.65262,-0.04977000000000009,-0.12471999999999994
-0.6572899999999999,-0.0686,-0.11570999999999998
-0.65709,-0.07893000000000006,-0.10831000000000002
-0.54106,-0.04749000000000003,-0.09955999999999998
-0.60994,-0.09335000000000004,-0.46696000000000004
-0.60968,-0.08113999999999999,-0.43829999999999997
-0.61373,-0.09255000000000002,-0.38046
-0.5947,-0.10240000000000005,-0.3894399999999999
-0.61187,-0.10313000000000005,-0.41171
-0.2804399999999999,-0.03544000000000003,-0.24458999999999997
-0.134,-0.025720000000000076,-0.08013999999999999
-0.13185999999999998,-0.016609999999999903,-0.09916999999999998
-0.14330999999999994,-0.03764999999999996,-0.09889999999999999
-0.13845000000000007,-0.037839999999999985,-0.09972000000000003
-0.42512999999999995,-0.07808000000000004,-0.02633999999999992
-0.3423400000000001,-0.06569000000000003,-0.059880000000000044
-0.3738600000000001,-0.12312999999999996,-0.08066000000000006
-0.24617,-0.10444999999999993,-0.06814999999999993
-0.36495,-0.10826000000000002,-0.12695
-0.38529,-0.06857000000000002,-0.12028000000000005
-0.42018999999999995,-0.08392,-0.17074999999999996
-0.43515,-0.06144000000000005,-0.10453000000000001
-0.29483000000000004,-0.06318000000000001,-0.14068999999999998
-0.39862000000000003,-0.09592,-0.13768000000000002
-0.18677999999999995,-0.26851,-0.10533000000000003
-0.35366,-0.17164000000000001,-0.10670999999999997
-0.30913,-0.18476000000000004,-0.10292000000000001
-0.49551,-0.23746999999999996,-0.11785999999999996
-0.25622999999999996,-0.32588000000000006,-0.11361999999999994
-0.5728099999999999,-0.05708000000000002,-0.09565000000000001
-0.29618000000000005,-0.0043200000000001015,-0.08279000000000003
-0.32136,-0.2514200000000001,-0.08024999999999993
-0.33185,-0.24760000000000004,-0.06968999999999992
-0.29716,-0.27252,-0.06321999999999994
-0.09714,-0.45863999999999994,-0.07150000000000001
-0.08738999999999997,-0.65201,-0.10524
-0.06495000000000006,-0.34343,-0.10642000000000007
-0.10028000000000004,-0.64395,-0.10873999999999995
-0.1049,-0.32380999999999993,-0.11187999999999998
-0.40255,-0.025959999999999983,-0.00714999999999999
-0.31926,-0.08793999999999991,-0.016790000000000083
-0.39474,-0.07899999999999996,-0.029980000000000007
-0.49862,-0.06989999999999996,-0.023370000000000002
-0.38652,-0.07889000000000002,-0.006390000000000007
-0.50857,-0.043970000000000065,-0.16244000000000003
-0.47874,-0.06793000000000005,-0.09133999999999998
-0.38334,-0.08886000000000005,-0.030239999999999934
-0.023419999999999996,-0.06296999999999997,-0.11746999999999996
-0.20929999999999993,-0.06142000000000003,-0.027579999999999938
-0.1533199999999999,-0.17587999999999993,-0.06672
-0.17613,-0.2012799999999999,-0.08422000000000007
-0.49899999999999994,-0.21248999999999996,-0.07694999999999996
-0.16973000000000005,-0.24444999999999995,-0.07189000000000001
-0.17186999999999997,-0.15717000000000003,-0.08301999999999998
-0.54415,-0.32281,-0.1109
-0.59374,-0.32807,-0.5098400000000001
-0.6311599999999999,-0.33176,-0.08162999999999998
-0.38039999999999996,-0.31337000000000004,-0.11068
-0.6265399999999999,-0.33331,-0.07540999999999998
-0.6348199999999999,-0.15034999999999998,-0.2898799999999999
-0.6591100000000001,-0.14368999999999998,-0.26268
-0.60317,-0.06069000000000002,-0.30454000000000003
-0.5990900000000001,-0.15722999999999998,-0.2946500000000001
-0.5768599999999999,-0.06113000000000002,-0.29225
-0.05052000000000001,-0.22634999999999994,-0.09503000000000006
-0.04060000000000008,-0.43594999999999995,-0.11287000000000003
-0.12036999999999998,-0.23841,-0.10053999999999996
-0.16701999999999995,-0.44164,-0.10956999999999995
-0.23082000000000003,-0.43258,-0.11417999999999995
-0.12314000000000003,-0.03974,-0.005350000000000077
-0.46007000000000003,-0.08475999999999995,0.005679999999999907
-0.12415999999999994,-0.05487999999999993,-0.0046999999999999265
-0.12102000000000002,-0.040080000000000005,0.012310000000000043
-0.47044,-0.043810000000000016,0.006310000000000038
-0.698,-0.059150000000000036,-0.04389999999999994
-0.62693,-0.06680999999999993,-0.09874000000000005
-0.59227,-0.05236999999999992,-0.05606
-0.6344,-0.03970000000000007,-0.07538
-0.7235400000000001,-0.06749000000000005,-0.1416400000000001
-0.70847,-0.04383999999999999,-0.3063
-0.7059000000000001,-0.04739000000000004,-0.3003300000000001
-0.7300800000000001,-0.03615999999999997,-0.26232
-0.6432800000000001,-0.02690999999999999,-0.07068000000000008
-0.63073,-0.04015000000000002,-0.17345
-0.47544000000000003,-0.24176999999999993,-0.27127
-0.4489000000000001,-0.37871999999999995,-0.31066000000000005
-0.49576,-0.52871,-0.29401999999999995
-0.46745000000000003,-0.3238000000000001,-0.28485000000000005
-0.49614,-0.45256,-0.34651000000000004
-0.45949000000000007,-0.08035999999999999,-0.06546000000000007
-0.44374,-0.08535000000000004,-0.07083000000000006
-0.45658999999999994,-0.09037000000000006,-0.11407999999999996
-0.53074,-0.06876000000000004,-0.10511999999999999
-0.42835999999999996,-0.0019599999999999618,-0.07284000000000002
-0.09177999999999997,-0.06193000000000004,-0.10314000000000001
-0.33853,-0.07087999999999994,-0.10380999999999996
-0.14713999999999994,-0.03247,-0.10199999999999998
-0.27432,-0.17261000000000004,-0.10234999999999994
-0.21767999999999998,-0.49537000000000003,-0.10050000000000003
-0.47037000000000007,-0.36716000000000004,-0.05117000000000005
-0.48265,-0.09933000000000003,-0.04657
-0.48628000000000005,-0.30596999999999996,-0.0393
-0.47572000000000003,-0.11214999999999997,-0.04027999999999998
-0.49591,-0.06445999999999996,-0.03583000000000003
-0.03656000000000004,-0.02316000000000007,-0.37457000000000007
0.049409999999999954,0.03094000000000008,-0.30164
-0.27041000000000004,0.0021999999999999797,-0.39757
-0.49837000000000004,0.016669999999999963,-0.42543000000000003
-0.43532000000000004,-0.0005199999999999649,-0.32042000000000004
-0.6333799999999999,-0.71382,-0.13273000000000001
-0.61158,-0.6920999999999999,-0.13718000000000008
-0.57566,-0.68815,-0.13993
-0.63572,-0.64025,-0.14873000000000003
-0.6581299999999999,-0.54535,-0.15427999999999997
-0.41008,-0.08220000000000005,-0.18279
-0.49163000000000007,-0.13703999999999994,-0.14646000000000003
-0.51058,-0.09443999999999997,-0.11214000000000002
-0.46521999999999997,-0.08743999999999996,-0.15047
-0.53555,-0.13035999999999992,-0.09460999999999997
-0.07767999999999997,-0.1381,-0.01466999999999996
-0.10563,-0.14144999999999996,-0.016040000000000054
-0.08325000000000005,-0.10746,-0.04691000000000001
-0.08124999999999993,-0.09862000000000004,-0.046109999999999984
-0.06403999999999999,-0.11251,-0.08001000000000003
-0.16154000000000002,-0.10587000000000002,-0.04853000000000007
-0.18345999999999996,-0.15828999999999993,-0.14849999999999997
-0.16208,-0.2502,-0.10263
-0.15837,-0.1860400000000001,-0.06965999999999994
-0.16083999999999998,-0.26758000000000004,-0.10205999999999993
-0.65124,-0.18814999999999993,-0.32194
-0.59177,-0.19735000000000003,-0.16110999999999998
-0.63161,-0.15703,-0.19258999999999993
-0.47115,-0.15681999999999996,-0.11320000000000008
-0.61768,-0.1352,-0.09112000000000009
-0.20540999999999998,-0.06903999999999999,-0.23121999999999998
-0.1566200000000001,-0.03372000000000008,-0.23136
-0.44318,-0.07150000000000001,-0.24758000000000002
-0.14347999999999994,-0.02098,-0.20096000000000003
-0.14798,-0.03647,-0.18977999999999995
-0.04020999999999997,-0.2106699999999999,-0.024090000000000056
-0.05991000000000002,-0.1387299999999999,-0.045030000000000014
-0.04228999999999994,-0.13385000000000002,-0.026780000000000026
-0.037779999999999925,-0.24139,-0.0289299999999999
-0.05359999999999998,-0.20689000000000002,-0.027159999999999962
-0.57848,-0.44044,-0.04218999999999995
-0.5738800000000001,-0.44294,-0.046600000000000086
-0.49950999999999995,-0.49869,-0.044810000000000016
-0.64438,-0.45548,-0.18221999999999994
-0.56961,-0.43876,-0.05799999999999994
0.013290000000000024,-0.24658000000000002,-0.054219999999999935
0.01684999999999992,-0.20650000000000002,-0.02899000000000007
-0.59537,-0.2936700000000001,-0.03586999999999996
0.014909999999999979,-0.29305000000000003,-0.04943999999999993
-0.027780000000000027,-0.21475,-0.033480000000000065
-0.72415,-0.06332000000000004,-0.35841
-0.7115,-0.041609999999999925,-0.30359
-0.7458800000000001,-0.08020000000000005,-0.3299700000000001
-0.7102999999999999,-0.0947,-0.31774
-0.74702,-0.04457999999999995,-0.33333
-0.56639,-0.09062000000000003,-0.061289999999999956
-0.5914200000000001,-0.09950000000000003,-0.19028
-0.60116,-0.09116000000000002,-0.0422300000000001
-0.6317599999999999,-0.07609999999999995,-0.05010999999999999
-0.49772,-0.07650999999999997,-0.023749999999999938
-0.7792699999999999,-0.25729,-0.2846599999999999
-0.7712300000000001,-0.24553999999999998,-0.25499000000000005
-0.78649,-0.2604000000000001,-0.2954500000000001
-0.8185800000000001,-0.25039,-0.25616000000000005
-0.78398,-0.24541999999999997,-0.29391
-0.44828,-0.10142000000000007,-0.043259999999999965
-0.4020600000000001,-0.09482999999999997,-0.0420100000000001
-0.45430999999999994,-0.09365000000000001,-0.046679999999999944
-0.45243,-0.10501000000000005,-0.04442999999999997
-0.45897999999999994,-0.09619999999999995,-0.04675999999999991
-0.64324,-0.18293000000000004,-0.11438999999999999
-0.6309,-0.21635000000000004,-0.11336999999999997
-0.6010599999999999,-0.1655000000000001,-0.09750999999999999
-0.6781299999999999,-0.15281999999999996,-0.09234999999999993
-0.65302,-0.12736999999999998,-0.11531000000000002
-0.41479,-0.24195,-0.22758999999999996
-0.39549000000000006,-0.20770999999999995,-0.1894800000000001
-0.39891000000000004,-0.25563,-0.23721000000000003
-0.36085,-0.21920000000000006,-0.18249000000000004
-0.32124,-0.19463000000000008,-0.15792000000000006
-0.38281999999999994,-0.03058000000000005,-0.059069999999999956
-0.2974,-0.040510000000000046,-0.06068000000000007
-0.31637000000000004,-0.04137999999999997,-0.07163000000000008
-0.07003999999999999,-0.032909999999999995,-0.05461000000000005
-0.3666400000000001,-0.04096999999999995,-0.07663000000000009
-0.27182000000000006,-0.52739,-0.06406
-0.23226999999999998,-0.21976000000000007,-0.07457999999999998
-0.2459,-0.4381299999999999,-0.07687999999999995
-0.47970999999999997,-0.40330999999999995,-0.0701099999999999
-0.33724,-0.37224,-0.06052000000000002
-0.66188,-0.019970000000000043,-0.04204999999999992
-0.66746,-0.021709999999999896,-0.04700000000000004
-0.5025900000000001,-0.019689999999999985,-0.06756000000000006
-0.67548,-0.01813000000000009,-0.09002999999999994
-0.67957,-0.02732000000000001,-0.06810000000000005
-0.38588,-0.15171,-0.03430000000000011
-0.38959999999999995,-0.14288,-0.01200000000000001
-0.4532999999999999,-0.15825999999999996,-0.04654999999999998
-0.42606,-0.15447,-0.03654000000000002
-0.36868,-0.14439000000000002,-0.020279999999999965
-0.33295,-0.31660999999999995,-0.24648000000000003
-0.32741000000000003,-0.32082999999999995,-0.34459000000000006
-0.31306,-0.3882,-0.36610000000000004
-0.33126999999999995,-0.27222,-0.34546999999999994
-0.35335000000000005,-0.33559000000000005,-0.35987
-0.5807100000000001,-0.05701999999999996,-0.030989999999999962
-0.61305,-0.012929999999999997,-0.04562999999999995
-0.58681,-0.006950000000000012,-0.47198000000000007
-0.6207,-0.05174000000000001,-0.21911999999999998
-0.60104,-0.06147999999999998,-0.033480000000000065
-0.04174,-0.06058999999999992,-0.07752999999999999
-0.26448000000000005,-0.09931999999999996,-0.05027999999999999
-0.7384,-0.01480999999999999,-0.14706999999999992
-0.12439,-0.02024999999999999,-0.030909999999999993
-0.71806,0.007939999999999947,-0.026939999999999964
-0.47690000000000005,-0.09428999999999998,-0.20799
-0.43905,-0.27218,-0.09355999999999998
-0.38521999999999995,-0.07483000000000006,-0.20639999999999992
-0.50177,-0.21111999999999997,-0.21868999999999994
-0.5459,-0.21885999999999994,-0.22348
-0.23443999999999998,-0.0845999999999999,-0.13819000000000004
-0.2004800000000001,-0.08217999999999992,-0.17661000000000004
-0.20233,-0.08077000000000001,-0.17808000000000002
-0.19092999999999993,-0.10102,-0.18386999999999998
-0.2117,-0.08252999999999999,-0.1125799999999999
-0.38222999999999996,-0.63262,-0.16318
-0.32847000000000004,-0.56966,-0.14256000000000002
-0.36896000000000007,-0.5838599999999999,-0.13978000000000002
-0.35949,-0.5853600000000001,-0.13893
-0.58087,-0.60118,-0.14215
-0.7824,-0.34241,-0.059719999999999995
-0.78551,-0.18370999999999993,-0.07457999999999998
-0.7715299999999999,-0.21044000000000007,-0.035150000000000015
-0.75198,-0.026559999999999917,-0.05396999999999996
-0.76291,-0.35679000000000005,-0.05392999999999992
-0.6704300000000001,-0.11806000000000005,-0.23906000000000005
-0.6629,-0.20189999999999997,-0.18063000000000007
-0.6336200000000001,-0.23722,-0.20033
-0.67341,-0.17875000000000008,-0.20377
-0.69672,-0.25546,-0.20850999999999997
-0.63768,-0.33270999999999995,-0.56409
-0.64186,-0.3449899999999999,-0.59824
-0.6335999999999999,-0.37106000000000006,-0.6061
-0.6246,-0.3832,-0.55507
-0.65547,-0.3153100000000001,-0.6016199999999999
-0.15505000000000002,-0.023230000000000084,-0.11198999999999992
-0.14649,-0.008260000000000045,-0.10833999999999999
-0.062080000000000024,-0.010639999999999983,-0.11682999999999999
-0.14359999999999995,-0.01737999999999995,-0.09565000000000001
-0.07894000000000001,-0.020889999999999964,-0.13589000000000007
-0.5029600000000001,-0.36069000000000007,-0.04469000000000001
-0.6034299999999999,-0.3735200000000001,-0.07218999999999998
-0.51548,-0.33827000000000007,-0.033600000000000074
-0.43757999999999997,-0.51565,-0.01808999999999994
-0.44555000000000006,-0.33377,-0.11738000000000004
-0.4613300000000001,-0.07898000000000005,-0.026510000000000034
-0.67638,-0.08812999999999993,-0.07528000000000001
-0.67052,-0.17407000000000006,-0.027770000000000072
-0.68977,-0.08282999999999996,-0.050350000000000006
-0.6522,-0.08338999999999996,-0.07133999999999996
-0.77784,-0.03577999999999992,-0.36449999999999994
-0.80301,-0.028999999999999915,-0.44924
-0.7851300000000001,-0.017759999999999998,-0.30873000000000006
-0.79627,-0.007380000000000053,-0.34202
-0.7954100000000001,-0.02751999999999999,-0.33000000000000007
-0.46097,-0.23097999999999996,-0.20944999999999991
-0.5405800000000001,-0.13066999999999995,-0.1991400000000001
-0.60226,-0.061779999999999946,-0.23765999999999998
-0.5545599999999999,-0.10746,-0.27698999999999996
-0.58822,-0.15982999999999992,-0.28523
-0.18177,-0.01756000000000002,-0.02951999999999999
-0.25054999999999994,-0.023299999999999987,-0.09627999999999992
-0.22960000000000003,-0.012730000000000019,-0.11465999999999998
-0.17476000000000003,-0.019640000000000102,-0.08086000000000004
-0.15857,-0.015530000000000044,-0.07932000000000006
-0.04305999999999999,-0.14952,-0.013569999999999971
-0.055929999999999924,-0.60048,-0.011019999999999919
-0.029340000000000033,-0.32179,-0.00774000000000008
-0.03896999999999995,-0.36568,-0.0019399999999999418
-0.16061999999999999,-0.08626,-0.012149999999999994
-0.70634,-0.56514,-0.19526999999999994
-0.67522,0.006279999999999952,-0.19396000000000002
-0.7045100000000001,0.02063999999999999,-0.20366000000000006
-0.74184,-0.56284,-0.21960999999999997
-0.70452,0.012639999999999985,-0.20896000000000003
-0.54922,-0.28057999999999994,-0.10647000000000006
-0.57317,-0.2558,-0.07238
-0.5396099999999999,-0.25965000000000005,-0.07589999999999997
-0.54108,-0.2734000000000001,-0.11965999999999999
-0.5438799999999999,-0.20953,-0.10799000000000003
-0.5779099999999999,-0.03342999999999996,-0.05379999999999996
-0.57851,-0.06509999999999994,-0.07962999999999998
-0.61085,-0.006739999999999968,-0.13480999999999999
-0.5451900000000001,-0.04104999999999992,-0.14741000000000004
-0.58398,0.00380999999999998,-0.10926000000000002
-0.29976,-0.11814000000000002,-0.09696000000000005
-0.30417000000000005,-0.09515999999999991,-0.07979999999999998
-0.2966000000000001,-0.0928,-0.04724000000000006
-0.2666200000000001,-0.11284000000000005,-0.08628000000000002
-0.25927999999999995,-0.08944000000000007,-0.09999999999999998
-0.64022,-0.26122999999999996,-0.16671999999999998
-0.6288499999999999,-0.29005000000000003,-0.14552999999999994
-0.6337600000000001,-0.23270000000000002,-0.1681100000000001
-0.59828,-0.29894,-0.16798000000000002
-0.5134699999999999,-0.47538,-0.1695399999999999
-0.6611499999999999,-0.63442,-0.09870000000000001
-0.6521,-0.62778,-0.10726000000000002
-0.6649700000000001,-0.64759,-0.10060000000000002
-0.59996,-0.60985,-0.09088000000000007
-0.64061,-0.57809,-0.09318000000000004
-0.2439,-0.40379999999999994,-0.03761999999999999
-0.2079200000000001,-0.4508,-0.03704000000000007
-0.52171,-0.45082,-0.050590000000000024
-0.22521999999999998,-0.42254,-0.03364
-0.21320000000000006,-0.24340000000000006,-0.05901999999999996
-0.57546,-0.042869999999999964,-0.057559999999999945
-0.061329999999999996,-0.07919999999999994,-0.04155999999999993
-0.1648099999999999,-0.07167000000000001,-0.05345999999999995
-0.034070000000000045,-0.05906,-0.036210000000000075
-0.06590000000000007,-0.07621,-0.062370000000000037
-0.2092900000000001,-0.12993999999999994,-0.06034000000000006
-0.4092199999999999,-0.11612999999999996,-0.24053000000000002
-0.31245999999999996,-0.12358000000000002,-0.07077999999999995
-0.41596,-0.09756999999999993,-0.09412999999999994
-0.27183999999999997,-0.11819999999999997,-0.07165999999999995
-0.009669999999999956,-0.09092,-0.0273199999999999
-0.012989999999999946,-0.07896999999999998,-0.046130000000000004
-0.04220999999999997,-0.09551999999999994,-0.04842000000000002
-0.04164000000000001,-0.08079999999999998,-0.08936999999999995
-0.009120000000000017,-0.07899999999999996,-0.05293000000000003
-0.5335099999999999,-0.05436999999999992,-0.011390000000000011
-0.29511999999999994,-0.03560999999999992,-0.010139999999999927
-0.59897,-0.06213999999999997,-0.014430000000000054
-0.59915,-0.06497999999999993,-0.003510000000000013
-0.50634,-0.05549000000000004,-0.006700000000000039
-0.19368999999999992,-0.23612,-0.2350199999999999
-0.14871,-0.21973999999999994,-0.23831999999999998
-0.18133999999999995,-0.48431,-0.19631999999999994
-0.15573000000000004,-0.26145000000000007,-0.21224999999999994
-0.16171999999999997,-0.42957999999999996,-0.13615
-0.712,-0.33303000000000005,-0.18130999999999997
-0.71701,-0.35669000000000006,-0.17049999999999998
-0.61195,-0.34094,-0.17659000000000002
-0.7172700000000001,-0.37281999999999993,-0.26019000000000003
-0.7034,-0.406,-0.21185999999999994
-0.56728,-0.15295000000000003,-0.28071999999999997
-0.5841000000000001,-0.15035999999999994,-0.10275000000000001
-0.56196,-0.16697000000000006,-0.26193
-0.5683400000000001,-0.10812,-0.20605000000000007
-0.5703499999999999,-0.1428299999999999,-0.21338999999999997
-0.59642,-0.05136000000000007,0.043989999999999974
-0.68411,-0.07327000000000006,-0.026560000000000028
-0.52677,-0.06593000000000004,-0.03909000000000007
-0.72732,-0.06640000000000001,-0.03061999999999998
-0.41481,-0.07701999999999998,0.04457
-0.62266,-0.014419999999999988,-0.17730999999999997
-0.04142000000000001,-0.09565000000000001,-0.06125999999999998
-0.19709999999999994,-0.016510000000000025,-0.05355999999999994
-0.21867000000000003,-0.10531000000000001,-0.021170000000000022
-0.19501999999999997,-0.034420000000000006,-0.04217000000000004
-0.57053,-0.31882,-0.2436299999999999
-0.5648899999999999,-0.18694999999999995,-0.2822199999999999
-0.5713600000000001,-0.10348000000000002,-0.26624000000000003
-0.5392600000000001,-0.10973,-0.26642
-0.5119,-0.14642999999999995,-0.27571
-0.55072,-0.16557999999999995,-0.006279999999999952
-0.51869,-0.11293999999999993,-0.24144
-0.51572,-0.1618099999999999,0.0012299999999999534
-0.53054,-0.20326,-0.19797999999999993
-0.53989,-0.21289000000000002,-0.33899
-0.60258,-0.12922999999999996,-0.08470999999999995
-0.60326,-0.16393000000000002,-0.10870000000000002
-0.56274,-0.129,-0.08681000000000005
-0.7129099999999999,-0.13800999999999997,-0.13154999999999994
-0.66544,-0.13182000000000005,-0.10936000000000001
-0.6333599999999999,-0.02288000000000001,-0.53176
-0.42180000000000006,-0.06525999999999998,-0.3716900000000001
-0.53062,-0.05302000000000007,-0.47201
-0.50125,-0.04382000000000008,-0.43275
-0.58368,-0.05776999999999999,-0.47318000000000005
-0.029810000000000003,-0.38073,-0.015000000000000013
-0.30312000000000006,-0.44995,-0.08545999999999998
-0.32725000000000004,-0.3622599999999999,-0.059250000000000025
-0.27166,-0.4230999999999999,-0.011170000000000013
-0.33621,-0.43626,-0.01715
-0.1755,-0.08294000000000001,-0.002989999999999937
-0.34046999999999994,-0.05733999999999995,-0.06425999999999998
-0.10307,-0.0942599999999999,0.0005500000000000504
-0.051939999999999986,-0.08353,-0.0014699999999999713
-0.06336000000000008,-0.05564000000000002,-0.009890000000000065
-0.37694000000000005,-0.029880000000000018,-0.25464
-0.49883,-0.08579999999999999,-0.21671000000000007
-0.51735,-0.057499999999999996,-0.23976000000000008
-0.5262500000000001,-0.04381999999999997,-0.3277300000000001
-0.35125000000000006,-0.07213000000000003,-0.3139900000000001
-0.58195,-0.03364,-0.08673999999999993
-0.34846999999999995,-0.04803000000000002,-0.037819999999999965
-0.53631,-0.03976999999999997,-0.036089999999999955
-0.28357,-0.03750999999999993,-0.04866999999999999
-0.56094,-0.029610000000000025,-0.0366200000000001
-0.05715999999999999,0.003750000000000031,-0.09958
-0.05246000000000006,0.006179999999999963,-0.09005000000000007
-0.06892000000000009,-0.007580000000000031,-0.09735000000000005
-0.07080999999999993,-0.32366000000000006,-0.09140999999999999
-0.06362999999999996,-0.24934,-0.06762000000000001
-0.7129300000000001,-0.044279999999999986,-0.09841
-0.66764,-0.03852,-0.16631000000000007
-0.65229,-0.053139999999999965,-0.19552999999999998
-0.68209,-0.0404500000000001,-0.10702999999999996
-0.5805199999999999,-0.03537000000000001,-0.09671999999999992
-0.65357,-0.20104999999999995,-0.029789999999999983
-0.64985,-0.39892000000000005,-0.040140000000000065
-0.6530499999999999,-0.48514999999999997,-0.02890999999999999
-0.62392,-0.44289999999999996,-0.06308999999999998
-0.61615,-0.42166000000000003,-0.02723999999999993
-0.5711299999999999,-0.06597000000000008,-0.45215999999999995
-0.5426099999999999,-0.08625000000000005,-0.2900799999999999
-0.43948000000000004,-0.06777999999999995,-0.31045000000000006
-0.49576000000000003,-0.057720000000000105,-0.44303000000000003
-0.5059899999999999,-0.057989999999999986,-0.22702
-0.52548,-0.19389,-0.08463999999999994
-0.39242000000000005,-0.21081000000000005,-0.15152
-0.21983999999999992,-0.28654,-0.26129
-0.41679,-0.25783,-0.09838999999999998
-0.42925,-0.17354000000000003,-0.13846999999999998
-0.30245,-0.10970999999999997,-0.21724
-0.30415000000000003,-0.09682999999999997,-0.11316000000000004
-0.37295,-0.11566999999999994,-0.2541300000000001
-0.43311999999999995,-0.10909999999999997,-0.2637999999999999
-0.35502999999999996,-0.10870000000000002,-0.26676999999999995
-0.32594,-0.028919999999999946,-0.22804000000000002
-0.32586000000000004,-0.02976000000000001,-0.1956
-0.29852,-0.012740000000000085,-0.20381000000000005
-0.37310999999999994,-0.03707000000000005,-0.23090999999999995
-0.35351999999999995,-0.014679999999999915,-0.23666999999999994
-0.4892,-0.03785000000000005,-0.10033999999999998
-0.5016400000000001,-0.041220000000000034,-0.15151000000000003
-0.5812900000000001,-0.024580000000000046,-0.09159000000000006
-0.59808,-0.04132999999999998,-0.13722
-0.57914,-0.04527999999999999,-0.13723000000000007
-0.5822499999999999,-0.39947,-0.07882999999999996
-0.5713299999999999,-0.41174,-0.14795999999999998
-0.57672,-0.40001,-0.13011000000000006
-0.5722100000000001,-0.40609,-0.1457900000000001
-0.5589999999999999,-0.39694,-0.09599000000000002
-0.07502000000000009,-0.006989999999999941,-0.061960000000000015
-0.02976000000000001,-0.03869,-0.05384
-0.03288000000000002,-0.03422999999999998,-0.07525000000000004
-0.09038000000000002,-0.011759999999999993,-0.025249999999999995
-0.03158000000000005,-0.04200999999999999,-0.03320000000000001
-0.3007500000000001,-0.07039000000000006,-0.11843000000000004
-0.2637999999999999,-0.07480999999999993,-0.15364999999999995
-0.26276999999999995,-0.07157000000000002,-0.07541999999999993
-0.21455000000000002,-0.11324000000000001,-0.08923000000000003
-0.28374,-0.08896000000000004,-0.13989000000000007
-0.63075,-0.56002,-0.10672000000000004
-0.4411900000000001,-0.58458,-0.09708000000000006
-0.6299600000000001,-0.59779,-0.11982000000000004
-0.58705,-0.6317699999999999,-0.14185000000000003
-0.5748200000000001,-0.6270500000000001,-0.10926000000000002
-0.51346,-0.10551999999999995,-0.13929000000000002
-0.51058,-0.32397,-0.2015
-0.53027,-0.21255000000000002,-0.10521999999999998
-0.46853,-0.3477,-0.15207000000000004
-0.52949,-0.31092,-0.11538999999999999
-0.09325000000000006,-0.07338,-0.08083000000000007
-0.29542999999999997,-0.07217000000000007,-0.10102999999999995
-0.16380000000000006,-0.1099,-0.11660999999999999
-0.07073000000000007,-0.09065999999999996,-0.042059999999999986
-0.05952999999999997,-0.13681,-0.05086999999999997
-0.03632000000000002,-0.51244,-0.11400999999999994
-0.03127000000000002,-0.50817,-0.09772000000000003
-0.03592000000000006,-0.5438000000000001,-0.037270000000000025
-0.036760000000000015,-0.47039,-0.12763000000000002
-0.02199999999999991,-0.4853,-0.09714
-0.6089800000000001,-0.03141000000000005,-0.24180000000000001
-0.62046,-0.035739999999999994,-0.1997
-0.6267199999999999,-0.03134999999999999,-0.16884
-0.58284,-0.03759999999999997,-0.21892999999999996
-0.52105,-0.03163000000000005,-0.18363999999999991
-0.2857799999999999,-0.07255,-0.08268999999999993
-0.31447,-0.07769999999999999,-0.09789000000000003
-0.35453999999999997,-0.06255,-0.09458
-0.37126000000000003,-0.06886999999999999,-0.09131999999999996
-0.27681,-0.05993000000000004,-0.17020999999999997
-0.60229,0.01863999999999999,-0.35949999999999993
-0.63036,0.014560000000000017,-0.23883
-0.60722,0.01746000000000003,-0.40045
-0.65677,-0.01717000000000002,-0.30805000000000005
-0.44691000000000003,-0.016979999999999995,-0.29551000000000005
-0.02642,-0.20169000000000004,0.004029999999999978
-0.03315000000000001,-0.33997999999999995,0.00385000000000002
-0.04244999999999999,-0.36408000000000007,0.006470000000000087
-0.05590000000000006,-0.32421,0.0015399999999999858
-0.01163000000000003,-0.29154,0.005049999999999999
-0.48890999999999996,-0.018979999999999997,-0.03871000000000002
-0.57007,-0.022499999999999964,-0.0426399999999999
-0.4937,-0.010050000000000003,-0.03742000000000001
-0.62241,-0.010860000000000092,-0.04437000000000002
-0.5159199999999999,-0.021789999999999976,-0.01053000000000004
-0.6991100000000001,-0.031850000000000045,-0.09108000000000005
-0.62921,-0.20001999999999998,-0.06788000000000005
-0.67024,-0.16132000000000002,-0.09068999999999994
-0.67891,-0.15871000000000002,-0.08752000000000004
-0.71045,-0.14764999999999995,-0.09067000000000003
-0.34526,-0.1307799999999999,-0.07100000000000006
-0.2883899999999999,-0.16094000000000008,-0.12037999999999993
-0.39959999999999996,-0.13615999999999995,-0.09145999999999999
-0.33612,-0.15498999999999996,-0.09418000000000004
-0.27152,-0.11585000000000001,-0.10548000000000002
-0.04303999999999997,-0.43516,-0.008279999999999954
-0.044419999999999904,-0.34724,-0.027559999999999918
-0.033439999999999914,-0.37585999999999997,-0.019569999999999976
-0.02176,-0.30901,-0.002850000000000019
-0.12583,-0.3936799999999999,-0.03461000000000003
-0.20921999999999996,-0.29682,-0.21667999999999998
-0.22426000000000001,-0.42678999999999995,-0.18495000000000006
-0.18049000000000004,-0.30389999999999995,-0.35158999999999996
-0.2161099999999999,-0.2655700000000001,-0.14364
-0.12992000000000004,-0.32494999999999996,-0.1392
-0.47665,-0.15743000000000007,-0.12863999999999998
-0.35694000000000004,-0.14759,-0.17620000000000002
-0.59138,-0.1522,-0.12717
-0.50712,-0.1520100000000001,-0.14786999999999995
-0.473,-0.15154,-0.14481999999999995
-0.03858000000000006,-0.10075,-0.043889999999999985
-0.056970000000000076,-0.12338000000000005,-0.07886000000000004
-0.028959999999999986,-0.10179000000000005,-0.06686999999999999
-0.03907000000000005,-0.20248999999999995,-0.0906300000000001
-0.04198000000000002,-0.10595999999999994,-0.008029999999999982
-0.43026,-0.40486000000000005,-0.44165999999999994
-0.41615,-0.419,-0.20420000000000005
-0.40481,-0.39758999999999994,-0.25137999999999994
-0.64895,-0.3857499999999999,-0.29944000000000004
-0.34884000000000004,-0.30210000000000004,-0.3214
-0.59447,-0.15995000000000004,-0.010460000000000025
-0.5972599999999999,-0.10207,-0.11709999999999998
-0.5770899999999999,-0.09240999999999999,-0.03000999999999998
-0.60158,-0.11307,-0.10689000000000004
-0.56346,-0.13629999999999998,-0.11568
-0.41367000000000004,-0.66821,-0.06501000000000001
-0.52332,-0.6342300000000001,-0.04994999999999994
-0.52899,-0.6472,-0.07907999999999993
-0.38742,-0.66796,-0.041179999999999994
-0.46186,-0.6798500000000001,-0.07394999999999996
-0.2818299999999999,-0.05310999999999999,-0.024779999999999913
-0.31089,-0.04329000000000005,-0.11798000000000008
-0.2950799999999999,-0.07702999999999993,-0.02947999999999995
-0.34723000000000004,-0.06003999999999998,-0.18224000000000007
-0.33558,-0.056640000000000024,-0.02513999999999994
-0.3974,-0.06690000000000007,-0.04186999999999996
-0.3900600000000001,-0.04657,-0.037920000000000065
-0.40304000000000006,-0.046699999999999964,-0.03553000000000006
-0.80193,-0.044749999999999956,-0.35048
-0.3740300000000001,-0.0847,-0.038290000000000046
-0.62914,-0.23660000000000003,-0.12200999999999995
-0.65699,-0.25856999999999997,-0.11895999999999995
-0.5621,-0.20792999999999995,-0.11735999999999991
-0.6615599999999999,-0.21055999999999997,-0.11708999999999992
-0.5543,-0.2714599999999999,-0.12184000000000006
-0.53064,-0.08128999999999997,-0.13280000000000003
-0.42812000000000006,-0.06591999999999998,-0.23486000000000007
-0.49586,-0.039470000000000005,-0.11931000000000003
-0.5573899999999999,-0.051429999999999976,-0.14164
-0.48871,-0.028340000000000032,-0.14798
-0.015199999999999991,-0.01464999999999994,-0.02422000000000002
-0.08707000000000009,-0.0034800000000000386,-0.021010000000000084
-0.08930000000000005,0.008489999999999998,-0.023600000000000065
-0.016249999999999987,0.00829000000000002,-0.02686999999999995
-0.015020000000000033,0.02436000000000005,-0.018589999999999995
-0.2552899999999999,-0.059029999999999916,-0.14079999999999993
-0.27178,-0.04639000000000004,-0.12722
-0.27793,-0.13397000000000003,-0.15068000000000004
-0.21404999999999996,-0.11369999999999991,-0.13973000000000002
-0.28464,-0.05447999999999997,-0.13709000000000005
-0.52447,-0.053180000000000005,-0.12533000000000005
-0.49302999999999997,-0.17077999999999993,-0.10882000000000003
-0.60711,-0.03814000000000006,-0.09136
-0.63879,-0.03539000000000003,-0.08648
-0.54016,-0.07962000000000002,-0.12773
-0.42681,-0.22987000000000002,-0.01611000000000007
-0.41333999999999993,-0.20433999999999997,-0.01917000000000002
-0.37307,-0.2354400000000001,-0.01921000000000006
-0.40935,-0.23224,-0.009959999999999969
-0.41506,-0.26588999999999996,-0.020070000000000032
-0.27613,-0.04144999999999999,-0.18767999999999996
-0.28757999999999995,-0.047029999999999905,-0.23959999999999992
-0.30045,-0.02513999999999994,-0.22133000000000003
-0.45570000000000005,-0.025419999999999998,-0.2339500000000001
-0.22964000000000007,-0.061289999999999956,-0.22602
-0.49654999999999994,-0.5744900000000001,-0.06768999999999992
-0.53539,-0.49729,-0.10548000000000002
-0.51355,-0.55252,-0.12702999999999998
-0.50546,-0.47087,-0.06410000000000005
-0.52022,-0.32524,-0.54478
-0.054769999999999985,-0.21281000000000005,-0.020340000000000025
-0.04842000000000002,-0.28381,-0.001040000000000041
-0.05712000000000006,-0.24792999999999998,-0.014700000000000046
-0.5460799999999999,-0.2633,-0.00812999999999997
-0.0959199999999999,-0.56114,0.004250000000000087
-0.24439,-0.03244999999999998,-0.13493999999999995
-0.24165999999999999,-0.03327000000000002,-0.09214999999999995
-0.23462000000000005,-0.03917999999999999,-0.06562999999999997
-0.21475,-0.05347999999999997,-0.059190000000000076
-0.08501999999999998,-0.08887,0.0041599999999999415
-0.37009000000000003,-0.20796000000000003,-0.12156
-0.40136999999999995,-0.19318000000000002,-0.14089999999999991
-0.44455,-0.17419000000000007,-0.16254999999999997
-0.39704,-0.21119999999999994,-0.11821999999999999
-0.40293,-0.20880999999999994,-0.3175
-0.44276000000000004,-0.009090000000000042,-0.12012
-0.4694900000000001,-0.016669999999999963,-0.13557000000000008
-0.5634600000000001,-0.024430000000000063,-0.12195
-0.4467899999999999,-0.05286999999999997,-0.12919999999999998
-0.55687,-0.021320000000000006,-0.07660999999999996
-0.4631,-0.1537400000000001,-0.18676000000000004
-0.43191000000000007,-0.17450999999999994,-0.16172000000000009
-0.44559,-0.07335000000000003,-0.18259000000000003
-0.49245999999999995,-0.14391999999999994,-0.20211999999999997
-0.45603000000000005,-0.05351000000000006,-0.19178000000000006
-0.018809999999999993,-0.27988999999999997,-0.10531999999999997
-0.025430000000000064,-0.23060999999999998,-0.12195999999999996
-0.02778999999999998,-0.32697999999999994,-0.11187000000000002
-0.0739200000000001,-0.25512999999999997,-0.11211000000000004
-0.025959999999999983,-0.31823,-0.08828999999999998
-0.49274999999999997,0.00047000000000008146,0.04927999999999999
-0.45187,-0.00281000000000009,0.05044000000000004
-0.44559,-0.005319999999999991,0.03910999999999998
-0.41789000000000004,-0.005039999999999933,0.048879999999999924
-0.50651,-0.007050000000000001,0.037270000000000025
-0.42808999999999997,-0.5696399999999999,-0.29269999999999996
-0.48474999999999996,-0.47817,-0.33480999999999994
-0.41281999999999996,-0.6158699999999999,-0.32241999999999993
-0.42191,-0.52375,-0.2972
-0.42406,-0.5325300000000001,-0.33043
-0.4110999999999999,-0.03319000000000005,-0.004709999999999992
-0.36832999999999994,-0.03539999999999999,-0.004689999999999972
-0.5545599999999999,-0.03751000000000004,-0.005400000000000071
-0.32121999999999995,-0.025579999999999936,-0.0033999999999999586
-0.48642,-0.029880000000000018,-0.0015699999999999603
-0.13036999999999999,-0.50088,-0.05416999999999994
-0.14463000000000004,-0.34426999999999996,-0.059350000000000014
-0.25998999999999994,-0.39953000000000005,-0.06757999999999997
-0.16137,-0.50539,-0.04132000000000002
-0.16261000000000003,-0.4453600000000001,-0.05501
-0.07748,-0.08077000000000001,-0.009909999999999974
-0.05920000000000003,-0.07357000000000002,-0.010299999999999976
-0.09636,-0.11281999999999992,-0.006220000000000003
-0.13876999999999995,-0.08279000000000003,-0.011349999999999971
-0.013589999999999991,-0.08444999999999991,-0.010220000000000007
-0.27942,-0.09643999999999997,-0.07982
-0.27455000000000007,-0.31423,-0.07374999999999998
-0.40532999999999997,-0.15646000000000004,-0.06457999999999997
-0.37710999999999995,-0.016979999999999995,-0.06784000000000001
-0.3849999999999999,-0.39036000000000004,-0.07508999999999999
-0.27879,-0.015009999999999968,-0.14588999999999996
-0.32262,-0.06398000000000004,-0.10739999999999994
-0.31409999999999993,-0.11975000000000002,-0.14244999999999997
-0.20572000000000001,-0.10275999999999996,-0.14882000000000006
-0.35348999999999997,-0.11672000000000005,-0.15152
-0.026740000000000097,-0.006340000000000012,-0.20367000000000002
-0.26849999999999996,-0.006079999999999974,-0.23858999999999997
-0.28456000000000004,-0.011499999999999955,-0.2365600000000001
-0.1251,-0.013049999999999895,-0.08043
-0.02104000000000006,-0.008900000000000019,-0.020159999999999956
-0.48474,-0.22747000000000006,-0.11092000000000002
-0.49601,-0.2676299999999999,-0.11410999999999993
-0.6081000000000001,-0.26822,-0.11840000000000006
-0.49659000000000003,-0.25554999999999994,-0.1129
-0.52127,-0.24931999999999999,-0.11599999999999999
-0.7710400000000001,-0.08160999999999996,-0.5543500000000001
-0.80026,-0.07894000000000001,-0.23854999999999993
-0.7971900000000001,-0.07613000000000003,-0.524
-0.77764,-0.07646999999999993,-0.32848999999999995
-0.7850699999999999,-0.03132999999999997,-0.21555000000000002
-0.6320399999999999,-0.009039999999999937,-0.22195999999999994
-0.61446,-0.009499999999999953,-0.11219000000000001
-0.6487700000000001,-0.014719999999999955,-0.26163000000000003
-0.63236,-0.012909999999999977,-0.17018
-0.6573599999999999,-0.008619999999999961,-0.13134999999999997
-0.6012200000000001,-0.3374999999999999,-0.20428000000000002
-0.62776,-0.29881,-0.16182999999999992
-0.59165,-0.17074999999999996,-0.16896
-0.5544,-0.26559999999999995,-0.21292
-0.6285399999999999,-0.29249,-0.13380999999999998
-0.63606,-0.04252999999999996,-0.011709999999999998
-0.6464399999999999,-0.046540000000000026,-0.007020000000000026
-0.65626,-0.010929999999999995,-0.007099999999999995
-0.6526,-0.026639999999999997,-0.003889999999999949
-0.65953,-0.009159999999999946,-0.003229999999999955
-0.14168999999999998,-0.43769,-0.09841999999999995
-0.15286999999999995,-0.44765999999999995,-0.11131999999999997
-0.15619000000000005,-0.41838,-0.10033999999999998
-0.13636000000000004,-0.44364000000000003,-0.10524
-0.10624999999999996,-0.41433,-0.07779000000000003
-0.12236999999999998,-0.07903000000000004,0.005939999999999945
-0.09542000000000006,-0.07067999999999997,0.0040799999999999725
-0.11229,-0.07392999999999994,-0.0024399999999999977
-0.06830999999999998,-0.01680999999999999,0.0013199999999999878
-0.11265999999999998,-0.06655,0.008600000000000052
-0.58077,-0.37143000000000004,-0.10099000000000002
-0.36385,-0.40547,-0.11658999999999997
-0.37241,-0.33599,-0.10851
-0.36277000000000004,-0.39266999999999996,-0.11055999999999999
-0.5398000000000001,-0.37166,-0.11246
-0.5871600000000001,-0.06992999999999994,-0.04712000000000005
-0.58819,-0.10562000000000005,-0.08457000000000003
-0.6282700000000001,-0.07138999999999995,-0.058760000000000034
-0.5819099999999999,-0.0980399999999999,-0.21521999999999997
-0.60152,-0.08400000000000007,-0.09467000000000003
-0.17396999999999996,-0.40814000000000006,-0.043119999999999936
-0.13201000000000007,-0.41867000000000004,-0.01831000000000005
-0.42806,-0.46117,-0.05062999999999995
-0.43731000000000003,-0.46359,-0.05288999999999999
-0.16344000000000003,-0.43905000000000005,-0.032950000000000035
-0.16654000000000002,-0.01860000000000006,-0.052790000000000004
-0.34485,-0.006809999999999983,-0.05711999999999995
-0.10363999999999995,-0.009149999999999991,-0.07013000000000003
-0.57204,-0.07631999999999994,-0.05501999999999996
-0.23863,-0.03832000000000002,-0.047880000000000034
-0.027710000000000012,-0.20408000000000004,-0.15668000000000004
-0.09520000000000006,-0.13072000000000006,-0.07901000000000002
-0.10009999999999997,-0.13285999999999998,-0.027719999999999967
-0.6178899999999999,-0.11382000000000003,-0.16911999999999994
-0.04610000000000003,-0.14485000000000003,-0.03765000000000007
-0.3861399999999999,-0.10446,-0.23278999999999994
-0.36605999999999994,-0.07498000000000005,-0.2374599999999999
-0.45764000000000005,-0.11768,-0.30012000000000005
-0.4714499999999999,-0.11786999999999992,-0.29359999999999997
-0.27603,-0.07575999999999994,-0.28054999999999997
-0.43951000000000007,-0.21616000000000002,-0.00994000000000006
-0.3033,-0.42492,-0.005820000000000047
-0.5042,-0.42532999999999993,-0.026900000000000035
-0.31177,-0.39244,0.00988
-0.29601,-0.32955999999999996,0.009099999999999997
-0.13243000000000005,-0.0020300000000000873,-0.008680000000000021
-0.29675000000000007,0.0008599999999999719,-0.015730000000000022
-0.16469,-0.005199999999999982,-0.01165000000000005
-0.14666,0.00929000000000002,-0.010870000000000046
-0.25765000000000005,0.00875999999999999,-0.012639999999999985
-0.6291599999999999,-0.49878999999999996,-0.5201499999999999
-0.62611,-0.5334700000000001,-0.55325
-0.48921999999999993,-0.47006000000000003,-0.40118
-0.62464,-0.47876,-0.51713
-0.6185099999999999,-0.53102,-0.5118799999999999
-0.52287,-0.23361999999999994,-0.21726999999999996
-0.59616,-0.023850000000000038,-0.22661999999999993
-0.52447,-0.024009999999999976,-0.1904
-0.57588,-0.027289999999999925,-0.22298000000000007
-0.5029299999999999,-0.024460000000000037,-0.20948
-0.5324,0.007299999999999973,-0.22023000000000004
-0.6769000000000001,0.010639999999999983,-0.19852000000000003
-0.6371899999999999,0.013700000000000045,-0.27159
-0.70851,-0.014589999999999992,-0.2442399999999999
-0.56489,-0.0043800000000000505,-0.18788000000000005
-0.42542,-0.5097400000000001,-0.49239
-0.43835,-0.49204000000000003,-0.49195
-0.41706,-0.47866,-0.4817
-0.43340999999999996,-0.5574399999999999,-0.49133999999999994
-0.41030999999999995,-0.5048,-0.49502999999999997
-0.70917,-0.71495,-0.09178999999999993
-0.69248,-0.63883,-0.18501999999999996
-0.66595,-0.20602999999999994,-0.07366000000000006
-0.6864600000000001,-0.34707,-0.08011999999999997
-0.6521,-0.6758200000000001,-0.061799999999999966
-0.6087,-0.13276,-0.03426999999999991
-0.6023400000000001,-0.08104,-0.035640000000000005
-0.62311,-0.08240000000000003,-0.012379999999999947
-0.5949899999999999,-0.09231,-0.14795000000000003
-0.5983099999999999,-0.07485999999999993,-0.031729999999999925
-0.62349,-0.10455000000000003,-0.056030000000000024
-0.75991,-0.06596000000000002,-0.51358
-0.6694899999999999,-0.11946999999999997,-0.19082
-0.72378,-0.0685,-0.46396999999999994
-0.7365499999999999,-0.13117,-0.27181999999999995
-0.55227,-0.06144000000000005,-0.03076000000000001
-0.49111,-0.06257000000000001,-0.06474000000000002
-0.5026200000000001,-0.06572,-0.07449000000000006
-0.46186000000000005,-0.05168000000000006,-0.07407000000000008
-0.52177,-0.06428,-0.06694999999999995
-0.56335,-0.0776,-0.08840000000000003
-0.56151,-0.07862000000000002,-0.07777999999999996
-0.55611,-0.09277999999999997,-0.17578000000000005
-0.64944,-0.07591000000000003,-0.05985000000000007
-0.59138,-0.09414,-0.11421000000000003
-0.28727,0.009850000000000025,-0.06555
-0.36579000000000006,0.012909999999999977,-0.028220000000000023
-0.20584999999999998,0.015940000000000065,-0.07357000000000002
-0.37271,-0.008650000000000047,-0.024660000000000015
-0.38904,0.006569999999999965,-0.02359
-0.36922,-0.11009000000000002,-0.12270999999999999
-0.30149000000000004,-0.12114999999999998,-0.08606000000000003
-0.39272000000000007,-0.12173,-0.14173000000000002
-0.43421,-0.11834,-0.08523999999999998
-0.25556999999999996,-0.045910000000000006,-0.13795999999999997
-0.23464999999999991,-0.45189,-0.04532999999999998
-0.3648699999999999,-0.61137,-0.01596999999999993
-0.33533999999999997,-0.29288000000000003,-0.037739999999999996
-0.44114,-0.30208,-0.04271999999999998
-0.24717,-0.56427,-0.03142999999999996
-0.54477,-0.10400999999999994,-0.008969999999999922
-0.55466,-0.04996999999999996,-0.20751000000000008
-0.5644199999999999,-0.012349999999999972,-0.24459999999999993
-0.6344700000000001,-0.01741999999999999,-0.08362000000000003
-0.58968,-0.032440000000000024,-0.19070999999999994
-0.10271000000000008,-0.5121500000000001,-0.04064000000000001
-0.22948000000000002,-0.51012,-0.04250999999999994
-0.11246999999999996,-0.5253099999999999,-0.05860999999999994
-0.28781999999999996,-0.5233399999999999,-0.06674999999999998
-0.25209000000000004,-0.48457999999999996,-0.08799000000000001
-0.26781999999999995,-0.013800000000000034,-0.04244999999999999
-0.17079,-0.019299999999999984,-0.05958000000000008
-0.4159,-0.018589999999999995,-0.048189999999999955
-0.41136000000000006,-0.009539999999999993,-0.04538000000000009
-0.37196,-0.005310000000000037,-0.045989999999999975
-0.011809999999999987,-0.14864,-0.04169999999999996
-0.021459999999999924,-0.17044000000000004,-0.0910899999999999
-0.0027200000000000557,-0.21653,-0.047250000000000014
-0.005090000000000039,-0.12522,-0.06408999999999998
-0.01532,-0.15847999999999995,-0.07544000000000006
-0.1613699999999999,-0.014929999999999999,0.005790000000000073
-0.2615700000000001,-0.07396000000000003,0.021619999999999973
-0.6987099999999999,-0.0906499999999999,-0.01715
-0.44606,-0.06740000000000002,-0.00983999999999996
-0.24050000000000005,-0.05575999999999992,0.0042400000000000215
-0.027579999999999938,-0.048170000000000046,-0.0032599999999999296
-0.32804999999999995,-0.018469999999999986,-0.004429999999999934
-0.16374,-0.04451000000000005,-0.029959999999999987
-0.17840999999999996,-0.03388000000000002,-0.006349999999999967
-0.38783,-0.018889999999999962,-0.007910000000000084
-0.60712,-0.42186000000000007,-0.00012000000000000899
-0.6389900000000001,-0.4173700000000001,0.03025
-0.55701,-0.28747999999999996,0.015240000000000031
-0.60443,-0.417,-0.016220000000000012
-0.60946,-0.40847999999999995,0.005120000000000013
-0.25261,-0.09486000000000006,-0.012390000000000012
-0.27427,-0.21645000000000003,-0.024399999999999977
-0.13885999999999998,-0.06349000000000005,-0.006889999999999952
-0.19138999999999995,-0.11064999999999992,-0.09848000000000001
-0.14434999999999998,-0.14267000000000007,-0.0016399999999999748
-0.01377000000000006,-0.02625999999999995,-0.020560000000000023
-0.005550000000000055,-0.015180000000000082,-0.050329999999999986
-0.04139999999999999,-0.0299299999999999,-0.0373
-0.006339999999999901,-0.02432000000000001,-0.02144999999999997
-0.0041800000000000725,0.02083999999999997,-0.026150000000000007
-0.54603,-0.021090000000000053,-0.44499
-0.57011,-0.018480000000000052,-0.45547000000000004
-0.5831599999999999,-0.016599999999999948,-0.45607999999999993
-0.5914900000000001,-0.0012099999999999334,-0.44244000000000006
-0.59907,-0.00019000000000002348,-0.4354199999999999
-0.68653,-0.05569000000000002,-0.10280999999999996
-0.77718,-0.05388999999999999,-0.17497000000000007
-0.45919,-0.05323,-0.17569
-0.7032400000000001,-0.055929999999999924,-0.12363000000000002
-0.71157,-0.04718,-0.12429000000000001
-0.56487,-0.03969,-0.007550000000000057
-0.49311999999999995,-0.04194000000000009,-0.030329999999999968
-0.59259,-0.050610000000000044,-0.005699999999999927
-0.53715,-0.052059999999999995,-0.023249999999999993
-0.05155999999999994,-0.039430000000000076,-0.019459999999999922
-0.29990000000000006,-0.30890000000000006,-0.17576999999999998
-0.28525999999999996,-0.48894000000000004,-0.17206
-0.17032000000000003,-0.39805,-0.021029999999999993
-0.30013999999999996,-0.28914000000000006,-0.17681999999999998
-0.30333,-0.26408,-0.19030999999999998
-0.46442,-0.0043600000000000305,-0.02176
-0.44895,-0.007310000000000039,-0.026599999999999957
-0.45923,-0.01823000000000008,-0.03064
-0.46506000000000003,-0.010199999999999987,-0.016550000000000065
-0.45161999999999997,-0.008589999999999987,0.00029999999999996696
-0.46552999999999994,-0.13332,-0.39456
-0.55484,-0.21737000000000006,-0.41655999999999993
-0.58917,-0.03656000000000004,-0.47529000000000005
-0.65194,-0.14086999999999994,-0.39959999999999996
-0.6628499999999999,-0.12888,-0.55643
-0.5123,-0.04504000000000008,-0.03874
-0.47985000000000005,-0.018260000000000054,-0.036210000000000075
-0.52081,-0.015919999999999934,-0.16015000000000001
-0.49694999999999995,-0.030630000000000046,-0.015429999999999944
-0.4374,-0.038409999999999944,0.022689999999999988
-0.38969000000000004,-0.12418000000000007,-0.10415000000000008
-0.45516999999999996,-0.11126000000000003,-0.11446999999999996
-0.41417000000000004,-0.06626999999999994,-0.11319000000000001
-0.48839000000000005,-0.06999,-0.12511000000000005
-0.27155000000000007,-0.06742999999999999,-0.10348000000000002
-0.34889000000000003,-0.027240000000000042,-0.13563000000000003
-0.36995999999999996,-0.03210000000000002,-0.11565999999999999
-0.32702,-0.027310000000000056,-0.17978000000000005
-0.36715,-0.03697000000000006,-0.10739999999999994
-0.46916,-0.04027000000000003,-0.15582000000000007
-0.55782,-0.08057999999999998,-0.19426
-0.56081,0.011669999999999958,-0.19755
-0.54264,-0.08960000000000001,-0.16360999999999992
-0.5998699999999999,0.01049,-0.18381999999999998
-0.65245,0.0011200000000000099,-0.23194000000000004
-0.7690600000000001,-0.031830000000000025,-0.34426
-0.76099,-0.030869999999999953,-0.42136000000000007
-0.71376,-0.19043,-0.38276999999999994
-0.7493099999999999,-0.03551000000000004,-0.35448
-0.7154499999999999,-0.009079999999999977,-0.34795999999999994
-0.4556,-0.06691000000000003,-0.32805
-0.46010999999999996,-0.08540999999999999,-0.35797999999999996
-0.51246,-0.0930200000000001,-0.31659000000000004
-0.48458,-0.05510000000000004,-0.21588000000000007
-0.42824999999999996,-0.05137000000000003,-0.2510899999999999
-0.19699,-0.056950000000000056,0.006769999999999943
-0.5593300000000001,-0.06642000000000003,0.006689999999999974
-0.015639999999999987,-0.07369999999999999,0.005910000000000082
-0.27583,-0.010050000000000003,0.0016999999999999238
-0.012789999999999968,-0.034599999999999964,0.007620000000000071
-0.05957000000000001,-0.05487999999999993,-0.044499999999999984
-0.05545,-0.05066000000000004,-0.032769999999999966
-0.05723,-0.05242000000000002,-0.031239999999999934
-0.036819999999999964,-0.06067,-0.10494999999999999
-0.03478000000000003,-0.05232999999999999,-0.04742000000000002
-0.72607,-0.1490100000000001,-0.65615
-0.67083,-0.09229999999999994,-0.6376900000000001
-0.6833400000000001,-0.15459,-0.56016
-0.6291899999999999,-0.15788000000000002,-0.6135299999999999
-0.67065,-0.10914999999999997,-0.5627
-0.26833999999999997,-0.0008699999999999264,-0.03634999999999999
-0.28493999999999997,-0.014960000000000084,-0.04227000000000003
-0.28545000000000004,-0.05169999999999997,-0.027590000000000003
-0.28805,-0.006440000000000001,-0.02978000000000003
-0.24762999999999996,-0.011240000000000028,-0.026050000000000018
-0.5652900000000001,0.013060000000000072,-0.10057000000000005
-0.6662,0.0031999999999999806,-0.09053
-0.58423,-0.006800000000000028,-0.11704999999999999
-0.5281,0.004029999999999978,-0.08855999999999997
-0.69618,-0.029309999999999947,-0.08957000000000004
-0.6192300000000001,0.01644000000000001,-0.14925
-0.3245100000000001,-0.08184999999999998,-0.13026000000000004
-0.35297999999999996,0.06022000000000005,-0.14325
-0.32765,0.014369999999999994,-0.14503
-0.26541000000000003,0.048800000000000066,-0.0545500000000001
-0.21219,-0.10923000000000005,-0.058010000000000006
-0.22545000000000004,-0.043440000000000034,-0.06111
-0.21531,-0.04627999999999999,-0.05232999999999999
-0.27116000000000007,-0.07591999999999999,-0.05700000000000005
-0.19814999999999994,-0.08667999999999998,-0.05758999999999992
-0.28437999999999997,-0.15000999999999998,-0.0005300000000000304
-0.26481,-0.09969000000000006,0.0012300000000000644
-0.18128999999999995,-0.10890999999999995,-0.002429999999999932
-0.32223,-0.10892000000000002,0.0012099999999999334
-0.30585000000000007,-0.09853,0.0005399999999999849
-0.5689500000000001,-0.24766999999999995,-0.09677999999999998
-0.70127,-0.27327,-0.12108999999999992
-0.70306,-0.23578,-0.11521999999999999
-0.6156699999999999,-0.24080999999999997,-0.10956999999999995
-0.35714,-0.2907700000000001,-0.04364999999999997
-0.64046,-0.06835000000000002,-0.22416000000000003
-0.56889,-0.05691999999999997,-0.16450999999999993
-0.61043,-0.05969000000000002,-0.020050000000000012
-0.62368,-0.055910000000000015,-0.17537000000000003
-0.6852099999999999,-0.056440000000000046,-0.16820999999999997
-0.6537000000000001,-0.07957999999999998,-0.12597999999999998
-0.67056,-0.10663,-0.12775999999999998
-0.6535,-0.10304999999999997,-0.13486999999999993
-0.67573,-0.10463999999999996,-0.12966
-0.67902,-0.11549000000000009,-0.20875999999999995
-0.7454099999999999,-0.029869999999999952,-0.40227
-0.73501,-0.044459999999999944,-0.7405200000000001
-0.7499100000000001,-0.04613999999999996,-0.55423
-0.73862,-0.02289999999999992,-0.35499
-0.7608400000000001,-0.02864,-0.65258
-0.16316999999999993,-0.59723,-0.020220000000000016
-0.10773999999999995,-0.5587200000000001,-0.026799999999999935
-0.12021000000000004,-0.5622499999999999,-0.030480000000000063
-0.60704,-0.5823400000000001,-0.04244000000000003
-0.09010000000000007,-0.56037,-0.031120000000000037
-0.4325,-0.14542,-0.11831999999999998
-0.25088,-0.14071,-0.09826000000000001
-0.12623000000000006,-0.13653000000000004,-0.10192000000000001
-0.02515999999999996,-0.13653000000000004,-0.11950000000000005
-0.060719999999999996,-0.13039999999999996,-0.09667999999999999
-0.83461,-0.03158000000000005,-0.19031999999999993
-0.86361,-0.03288000000000002,-0.18032000000000004
-0.84937,-0.007110000000000061,-0.18098999999999998
-0.75481,-0.05163999999999991,-0.10856999999999994
-0.80036,-0.10981000000000007,-0.15703999999999996
-0.48758999999999997,-0.04227000000000003,-0.15125999999999995
-0.45857000000000003,-0.054380000000000095,-0.15315
-0.4768,-0.051899999999999946,-0.15127999999999997
-0.50373,-0.045009999999999994,-0.15269
-0.46529,-0.04191,-0.15357999999999994
-0.42304,-0.08264000000000005,-0.37776
-0.36234999999999995,-0.07962999999999998,-0.36178999999999994
-0.36867000000000005,-0.06959000000000004,-0.36422
-0.40845,-0.06677999999999995,-0.39050000000000007
-0.38539,-0.014739999999999975,-0.28384
-0.41405000000000003,-0.09912999999999994,-0.08507000000000009
-0.47081000000000006,-0.06698000000000004,-0.26353000000000004
-0.43528000000000006,-0.10906000000000005,-0.24927
-0.43951999999999997,-0.11396000000000006,-0.27137999999999995
-0.43386,-0.09446999999999994,-0.20155
-0.10185,-0.5017799999999999,-0.016390000000000016
-0.12049999999999994,-0.63911,-0.019909999999999983
-0.5274,-0.3767600000000001,-0.017100000000000004
-0.6379900000000001,-0.45529,-0.009720000000000062
0.013170000000000015,-0.5324,0.0015899999999999803
-0.56847,-0.08899000000000001,-0.052790000000000004
-0.48829999999999996,-0.05969000000000002,-0.06176999999999999
-0.54098,-0.025619999999999976,-0.07598000000000005
-0.49319,-0.06573000000000007,-0.06835999999999998
-0.48091,-0.07718000000000003,-0.06313999999999997
-0.15588999999999997,-0.6088800000000001,-0.042889999999999984
-0.1298999999999999,-0.60821,-0.07702999999999993
-0.13905,-0.5869500000000001,-0.04801
-0.13244,-0.61173,-0.05055999999999994
-0.15600999999999998,-0.63239,-0.06494
-0.036210000000000075,-0.1443000000000001,-0.019260000000000055
-0.32060999999999995,-0.30025999999999997,-0.011969999999999925
-0.02413999999999994,-0.10704000000000002,-0.005889999999999951
-0.02207999999999999,-0.17523,-0.01562999999999992
-0.031629999999999936,-0.24792999999999998,-0.017159999999999953
-0.13288,-0.5459499999999999,-0.0050000000000000044
-0.38581,-0.5969800000000001,-0.0036800000000000166
-0.54701,-0.58826,-0.012070000000000025
-0.51718,-0.54381,0.0021600000000000508
-0.42107000000000006,-0.50241,0.011880000000000002
-0.01605000000000001,-0.24204000000000003,-0.047559999999999936
-0.020529999999999937,-0.29468000000000005,-0.05084999999999995
-0.015199999999999991,-0.26946000000000003,-0.05118
-0.02106000000000008,-0.29558000000000006,-0.046600000000000086
-0.019549999999999956,-0.28889999999999993,-0.04083999999999999
-0.6654500000000001,-0.10102,-0.003689999999999971
-0.7413,-0.10455000000000003,-0.009359999999999924
-0.74466,-0.13126000000000004,-0.005789999999999962
-0.72594,-0.10210999999999992,0.0027399999999999647
-0.66336,-0.06113000000000002,-0.012009999999999965
-0.45562,-0.05928,-0.10043000000000002
-0.3259000000000001,-0.04888999999999999,-0.10799000000000003
-0.41442,-0.07071000000000005,-0.08350000000000002
-0.5519,-0.05286000000000002,-0.11225999999999992
-0.5623400000000001,-0.06131000000000009,-0.12107000000000001
-0.18292000000000008,0.0021900000000000253,-0.031909999999999994
-0.33743,0.015489999999999893,-0.03017000000000003
-0.49914000000000003,0.07901000000000002,-0.03852
-0.29974,0.014530000000000043,-0.11543999999999999
-0.6524300000000001,0.03971000000000002,-0.038839999999999986
-0.65997,-0.03168000000000004,-0.26469
-0.53969,-0.0016599999999999948,-0.23249999999999993
-0.48897,0.003709999999999991,-0.22665999999999997
-0.6673,0.008940000000000059,-0.17472
-0.59125,-0.02485000000000004,-0.22629
-0.50925,-0.02188000000000001,-0.019600000000000062
-0.5105899999999999,-0.023279999999999967,-0.17431999999999992
-0.51917,-0.020669999999999966,-0.023950000000000027
-0.5208,-0.03448999999999991,-0.016000000000000014
-0.50722,-0.021079999999999988,-0.025959999999999983
-0.57565,0.023089999999999944,-0.37129
-0.6430500000000001,0.011940000000000062,-0.3861800000000001
-0.5995600000000001,-0.013109999999999955,-0.35575
-0.5949,0.017240000000000033,-0.4018900000000001
-0.5716600000000001,-0.005129999999999968,-0.39174
-0.16949000000000003,-0.60266,-0.20443
-0.07873000000000008,-0.52864,-0.12872000000000006
-0.09154000000000007,-0.58502,-0.15260000000000007
-0.20030000000000003,-0.52041,-0.14688
-0.17341000000000006,-0.5573899999999999,-0.14651000000000003
-0.24374000000000007,-0.053650000000000087,-0.027129999999999987
-0.15947999999999996,-0.05715999999999999,-0.02183999999999997
-0.23685999999999996,-0.050839999999999996,-0.02468999999999999
-0.38375000000000004,-0.04903000000000002,-0.019400000000000084
-0.22059000000000006,-0.04569999999999996,-0.029280000000000084
-0.71865,-0.024540000000000006,-0.29837
-0.60163,-0.035719999999999974,-0.30715000000000003
-0.71934,-0.02743999999999991,-0.27059999999999995
-0.71287,-0.05706,-0.19999999999999996
-0.6768099999999999,-0.038899999999999935,-0.2296999999999999
-0.6250800000000001,-0.04475999999999991,-0.054180000000000006
-0.6105499999999999,-0.046030000000000015,-0.04660999999999993
-0.6855,-0.028219999999999912,-0.09638999999999998
-0.6208899999999999,-0.06403999999999999,-0.01151000000000002
-0.61093,-0.05122000000000004,-0.043320000000000025
-0.47763,-0.6090800000000001,-0.06991999999999998
-0.44394,-0.20309,-0.07382
-0.63599,-0.55334,-0.09981000000000007
-0.62592,-0.55201,-0.07869999999999999
-0.6108,-0.57837,-0.06315000000000004
-0.35046999999999995,-0.10089999999999999,-0.11604999999999999
-0.43534000000000006,-0.1063599999999999,-0.10285
-0.37314,-0.12214999999999998,-0.08560000000000001
-0.43165,-0.08618999999999999,-0.026230000000000087
-0.38883,-0.08508000000000004,-0.14181
-0.15271999999999997,-0.019020000000000037,-0.31128999999999996
-0.28964999999999996,-0.05517000000000005,-0.29525999999999997
-0.28063000000000005,-0.02462999999999993,-0.2591300000000001
-0.19508000000000003,-0.018689999999999984,-0.33657000000000004
-0.12800999999999996,-0.01532,-0.32375
-0.34097999999999995,-0.18960999999999995,-0.05494999999999994
-0.09695000000000009,-0.16725999999999996,-0.060800000000000076
-0.06696999999999997,-0.20189000000000001,-0.11775999999999998
-0.28457,-0.16329000000000005,-0.06596000000000002
-0.27902000000000005,-0.14009000000000005,-0.09596000000000005
-0.58629,-0.10255999999999998,-0.26215999999999995
-0.57409,-0.10686000000000007,-0.2581
-0.60899,-0.12444,-0.26633000000000007
-0.6136900000000001,-0.10527000000000009,-0.26592000000000005
-0.62379,-0.10376000000000007,-0.2703399999999999
-0.36534999999999995,-0.12957000000000007,-0.19697999999999993
-0.5341800000000001,-0.1321,-0.13727
-0.45759,-0.11983999999999995,-0.17784999999999995
-0.46485000000000004,-0.17801,-0.18156000000000005
-0.49759000000000003,-0.12617,-0.18103000000000002
-0.49525,-0.13183999999999996,-0.14360000000000006
-0.48877000000000004,-0.36484,-0.15976
-0.5539400000000001,-0.3121400000000001,-0.14527
-0.4444,-0.48719,-0.12339
-0.45592999999999995,-0.27261,-0.13657999999999992
-0.21223000000000003,-0.3099700000000001,-0.05712000000000006
-0.18818000000000001,-0.14126000000000005,-0.07856000000000007
-0.1876,-0.26149,-0.13566
-0.25616000000000005,-0.47679,-0.1078
-0.27754999999999996,-0.49821999999999994,-0.07001999999999997
-0.40828,-0.21453,-0.13402000000000003
-0.48545000000000005,-0.24019000000000001,-0.14016000000000006
-0.57069,-0.20259000000000005,-0.236
-0.19291000000000003,-0.21798000000000006,-0.24852000000000007
-0.35753,-0.21577000000000002,-0.13285000000000002
-0.6818900000000001,-0.0028400000000000647,-0.10397
-0.6732400000000001,-0.00281000000000009,-0.15622000000000003
-0.6961999999999999,-0.004890000000000061,-0.14854
-0.7048399999999999,-0.0049799999999999844,-0.20882999999999996
-0.6269100000000001,-0.005960000000000076,-0.18962
-0.26221000000000005,-0.13802000000000003,-0.15833000000000008
-0.2868900000000001,-0.17553999999999992,-0.15860000000000007
-0.23208000000000006,-0.14305,-0.15344000000000002
-0.27515999999999996,-0.10964000000000007,-0.15264
-0.18124000000000007,-0.13741000000000003,-0.1572300000000001
-0.058150000000000035,-0.020279999999999965,-0.09337000000000006
-0.71236,-0.017870000000000053,-0.09165000000000001
-0.11148000000000002,-0.024820000000000064,-0.09279000000000004
-0.15432,-0.01375000000000004,-0.08888000000000007
-0.77111,-0.021050000000000013,-0.09972999999999999
-0.03727999999999998,-0.03866000000000003,-0.06891000000000003
-0.033070000000000044,-0.03588000000000002,-0.07949000000000006
-0.01902999999999999,-0.042100000000000026,-0.06886000000000003
-0.02797000000000005,-0.025349999999999984,-0.08212000000000008
-0.040529999999999955,-0.04413,-0.07814999999999994
-0.11078999999999994,-0.034420000000000006,-0.03350999999999993
-0.10521999999999998,-0.06213999999999997,-0.04025000000000001
-0.10133000000000003,-0.06599,-0.02905000000000002
-0.09112999999999993,-0.06294,-0.02300000000000002
-0.09438000000000002,-0.05799999999999994,-0.02948000000000006
-0.27835,-0.09184999999999999,-0.04027000000000003
-0.21008000000000004,-0.08769000000000005,-0.05344000000000004
-0.27910999999999997,-0.09089000000000003,-0.07133999999999996
-0.4907499999999999,-0.06369000000000002,-0.03487999999999991
-0.4531700000000001,-0.08796999999999999,-0.0460600000000001
-0.31345999999999996,-0.08618000000000003,-0.09371999999999991
-0.31120000000000003,-0.04862999999999995,-0.06456000000000006
-0.28872,-0.052529999999999966,-0.06540000000000001
-0.24524,-0.049310000000000076,-0.02137
-0.22814999999999996,-0.028449999999999975,0.005850000000000022
-0.35603000000000007,-0.00391000000000008,-0.010589999999999988
-0.44327000000000005,-0.02626000000000006,-0.01788999999999996
-0.021689999999999987,-0.024190000000000045,-0.024379999999999957
-0.38203,-0.026170000000000027,-0.014539999999999997
-0.09958999999999996,-0.01868000000000003,-0.15114000000000005
-0.68184,-0.52435,-0.42515000000000003
-0.5030399999999999,-0.50193,-0.43957999999999997
-0.66072,-0.53067,-0.63744
-0.58555,-0.49817,-0.29113
-0.5915199999999999,-0.5404800000000001,-0.5544199999999999
-0.27083,-0.10246,-0.03515999999999997
-0.24830000000000008,-0.11460000000000004,-0.049800000000000066
-0.27477000000000007,-0.10754999999999992,-0.026550000000000074
-0.25941000000000003,-0.12695,-0.03294000000000008
-0.27554,-0.12053999999999998,-0.046780000000000044
-0.66801,0.00273000000000001,-0.53152
-0.7143,-0.013029999999999986,-0.5732
-0.65395,-0.012330000000000063,-0.5359499999999999
-0.65743,-0.01429999999999998,-0.6004499999999999
-0.70377,-0.013369999999999993,-0.49603
-0.4943,-0.20474000000000003,-0.27464
-0.33505000000000007,-0.2109000000000001,-0.25206000000000006
-0.33915000000000006,-0.20843999999999996,-0.06225000000000003
-0.55518,-0.20676000000000005,-0.05424999999999991
-0.5561799999999999,-0.06969999999999998,-0.07436999999999994
-0.63041,-0.03905000000000003,-0.09845999999999999
-0.6602699999999999,-0.05176000000000003,-0.046619999999999995
-0.6285099999999999,-0.04708000000000001,-0.13117999999999996
-0.63937,-0.04373000000000005,-0.26199000000000006
-0.57372,-0.03411999999999993,-0.03054000000000001
-0.0023999999999999577,-0.04573000000000005,0.031070000000000042
0.02719999999999989,-0.025290000000000035,0.04082999999999992
0.07440999999999998,-0.028490000000000015,0.10268
-0.007380000000000053,-0.023150000000000004,0.04852999999999996
0.05059999999999998,-0.030200000000000005,0.05457000000000001
-0.58493,-0.09216000000000002,-0.08004
-0.51142,-0.12,-0.07952999999999999
-0.65457,-0.11334,-0.09168999999999994
-0.51721,-0.1513,-0.055910000000000015
-0.6264000000000001,-0.11819999999999997,-0.08984000000000003
-0.74114,-0.22787000000000002,-0.15627000000000002
-0.7025399999999999,-0.23011000000000004,-0.3671
-0.6463800000000001,-0.21959000000000006,-0.25065000000000004
-0.77248,-0.21742000000000006,-0.32435
-0.7845799999999999,-0.17383000000000004,-0.37864999999999993
-0.40507,-0.007770000000000055,-0.54733
-0.47694000000000003,-0.015490000000000004,-0.44801
-0.43490999999999996,-0.01263000000000003,-0.42052999999999996
-0.48643,-0.08509,-0.4922
-0.43078999999999995,0.004690000000000083,-0.3567199999999999
-0.32513000000000003,-0.026670000000000083,-0.13812000000000002
-0.34143,-0.07567000000000002,-0.135
-0.36361999999999994,-0.029240000000000044,-0.13644
-0.33828,-0.031710000000000016,-0.12297999999999998
-0.33363,-0.04649000000000003,-0.12805
-0.5796899999999999,-0.037390000000000034,-0.031339999999999923
-0.61365,-0.09841999999999995,-0.09231
-0.5605100000000001,-0.020589999999999997,0.014050000000000007
-0.56185,-0.12717999999999996,-0.12925999999999993
-0.5520799999999999,-0.052080000000000015,-0.01042999999999994
-0.25190999999999997,-0.46638,-0.05711999999999995
-0.27749999999999997,-0.49649000000000004,-0.03449000000000002
-0.32825000000000004,-0.47790000000000005,-0.10514000000000001
-0.23848999999999998,-0.49840999999999996,-0.04622999999999999
-0.25279000000000007,-0.47677,-0.060270000000000046
-0.42678000000000005,-0.08630000000000004,-0.03164
-0.3708800000000001,-0.09684000000000004,-0.05038000000000009
-0.5221,-0.09721000000000002,-0.04449000000000003
-0.39488999999999996,-0.09075999999999995,-0.035560000000000036
-0.32211999999999996,-0.07740999999999998,-0.05037999999999998
-0.17683000000000004,-0.14517000000000002,-0.13013000000000008
-0.16845,-0.13017,-0.11336999999999997
-0.1564399999999999,-0.12714000000000003,-0.11256999999999995
-0.16637999999999997,-0.11952000000000007,-0.11517999999999995
-0.1731600000000001,-0.12863000000000002,-0.12446000000000002
-0.45344000000000007,-0.15975000000000006,-0.05395000000000005
-0.5602199999999999,-0.16798999999999997,-0.05942999999999998
-0.55136,-0.15648000000000006,-0.03916999999999993
-0.6182799999999999,-0.15778000000000003,-0.05649000000000004
-0.57162,-0.16991,-0.03578999999999999
-0.30713999999999997,-0.17097000000000007,-0.12349999999999994
-0.33682,-0.10214999999999996,-0.13559
-0.32278000000000007,-0.07645000000000002,-0.12816000000000005
-0.33571000000000006,-0.060329999999999995,-0.10843999999999998
-0.31962999999999997,-0.07347000000000004,-0.11451999999999996
-0.16239000000000003,-0.004789999999999961,-0.10299000000000003
-0.22792999999999997,-0.09926999999999997,-0.09417999999999993
-0.20940000000000003,-0.004029999999999978,-0.10183000000000009
-0.15001999999999993,-0.0036599999999999966,-0.10242999999999991
-0.14682000000000006,-0.00605,-0.10820000000000007
-0.5912,-0.16408,-0.07455
-0.58569,-0.21758999999999995,-0.19636999999999993
-0.57414,-0.16635999999999995,-0.17054000000000002
-0.62195,-0.28951000000000005,-0.12361
-0.5545199999999999,-0.16957,-0.051999999999999935
-0.13946999999999998,-0.17245,-0.24239999999999995
-0.22509999999999997,-0.13590000000000002,-0.21040999999999999
-0.3012,-0.16801,-0.24511000000000005
-0.21751999999999994,-0.18455,-0.21646999999999994
-0.20756999999999992,-0.15195000000000003,-0.2182599999999999
-0.43451999999999996,-0.12905999999999995,-0.50228
-0.40643000000000007,-0.14405999999999997,-0.47949
-0.43532000000000004,-0.42202,-0.50953
-0.43904000000000004,-0.14093999999999995,-0.47478000000000004
-0.44104,-0.09855000000000003,-0.5063
-0.7157800000000001,-0.009220000000000006,-0.027710000000000012
-0.70357,-0.03918999999999995,-0.02845999999999993
-0.7522800000000001,0.015720000000000067,-0.025029999999999997
-0.73729,-0.006659999999999999,-0.046989999999999976
-0.68529,-0.01961999999999997,-0.029590000000000005
-0.56354,-0.5046599999999999,-0.09504000000000001
-0.71332,-0.24074000000000007,-0.11459999999999992
-0.5550499999999999,-0.24602999999999997,-0.09195999999999993
-0.6544,-0.26342999999999994,-0.10306000000000004
-0.41985000000000006,-0.55798,-0.11285999999999996
-0.6189800000000001,-0.15007000000000004,-0.08257999999999999
-0.6472600000000001,-0.23037000000000007,-0.06540999999999997
-0.68177,-0.17409999999999992,-0.11589999999999989
-0.6661,-0.14076,-0.09026999999999996
-0.6751900000000001,-0.16474999999999995,-0.13266
-0.6176299999999999,-0.21243,-0.07473999999999992
-0.6169800000000001,-0.05904000000000009,-0.07525000000000004
-0.64675,-0.17891,-0.07063000000000008
-0.6564700000000001,-0.060309999999999975,-0.08609
-0.5787800000000001,-0.05711999999999995,-0.049719999999999986
-0.16557999999999995,-0.13592000000000004,-0.09771999999999992
-0.036209999999999964,-0.08082,-0.09152000000000005
-0.13455000000000006,-0.06264000000000003,-0.07564000000000004
-0.12390999999999996,-0.061610000000000054,-0.13246999999999998
-0.11478,-0.11048999999999998,-0.09460000000000002
-0.3584900000000001,-0.35197,-0.18233
-0.37151,-0.30435999999999996,-0.18606
-0.40605,-0.39546,-0.19166000000000005
-0.53856,-0.30064,-0.12211000000000005
-0.4354,-0.33516,-0.11745000000000005
-0.26480000000000004,-0.04520000000000002,-0.13119999999999998
-0.46692,-0.03953999999999991,-0.15003
-0.44586999999999993,-0.045930000000000026,-0.1552699999999999
-0.5517000000000001,-0.03623999999999994,-0.11348000000000003
-0.52881,-0.046600000000000086,-0.10243999999999998
-0.7266999999999999,-0.00273000000000001,-0.29262
-0.6774500000000001,0.00010000000000010001,-0.12950000000000006
-0.68337,0.0021700000000000053,-0.12865000000000004
-0.6583300000000001,-0.0014300000000000423,-0.42741000000000007
-0.6614800000000001,-0.002850000000000019,-0.14873000000000003
-0.5598700000000001,-0.31395000000000006,-0.29822000000000004
-0.5508299999999999,-0.39556,-0.07016999999999995
-0.55753,-0.32384999999999997,-0.2664599999999999
-0.55999,-0.29478000000000004,-0.22399000000000002
-0.5715899999999999,-0.37242999999999993,-0.27332999999999996
-0.3271200000000001,-0.05954000000000004,-0.023320000000000007
-0.32286000000000004,-0.07234999999999991,-0.017020000000000035
-0.36863999999999997,-0.07508999999999999,0.012839999999999963
-0.46370999999999996,-0.08189000000000002,-0.018449999999999966
-0.28815999999999997,-0.08183999999999991,-0.005809999999999982
-0.5945,-0.08160999999999996,-0.0781599999999999
-0.55775,-0.18792999999999993,-0.07145000000000001
-0.5100499999999999,-0.06011999999999995,-0.06851999999999991
-0.52575,-0.08690000000000009,-0.07696999999999998
-0.58718,-0.07996999999999999,-0.07769000000000004
-0.32228,-0.13563000000000003,-0.09516999999999998
-0.26502000000000003,-0.039080000000000004,-0.06441000000000008
-0.2884,-0.1411,-0.05318999999999996
-0.22955000000000003,-0.12629999999999997,-0.09635000000000005
-0.40725,-0.07931999999999995,-0.050859999999999905
-0.08614999999999995,-0.66418,-0.009709999999999996
-0.04092999999999991,-0.6162699999999999,-0.006239999999999912
-0.052570000000000006,-0.70108,-0.027880000000000016
-0.08850999999999998,-0.6512800000000001,-0.01085999999999998
-0.08748,-0.62514,-0.034720000000000084
-0.40625,0.004090000000000038,-0.023619999999999974
-0.3519,-0.01760000000000006,-0.06684000000000001
-0.40178,-0.01149,-0.034420000000000006
-0.38367000000000007,-0.0043400000000000105,-0.01968000000000003
-0.43312,-0.0016699999999999493,-0.07252999999999998
-0.6471899999999999,-0.15541000000000005,-0.36766
-0.6496200000000001,-0.38307,-0.35226
-0.67919,-0.21840000000000004,-0.36043000000000003
-0.6322300000000001,-0.39318999999999993,-0.4304
-0.64404,-0.37854999999999994,-0.36419
-0.028959999999999986,-0.07823000000000002,-0.12112
-0.026229999999999976,-0.04579,-0.1202399999999999
-0.037309999999999954,-0.052080000000000015,-0.12163999999999997
-0.02787000000000006,-0.05267999999999995,-0.13135000000000008
-0.03316000000000008,-0.0707000000000001,-0.12984000000000007
-0.52748,-0.45932,-0.14375000000000004
-0.54616,-0.4532900000000001,-0.37593
-0.54849,-0.40668000000000004,-0.36874
-0.55274,-0.26959,-0.39237000000000005
-0.55453,-0.27508999999999995,-0.34475
-0.39085000000000003,-0.0908500000000001,-0.12792000000000003
-0.6971499999999999,-0.08352000000000004,-0.12495
-0.40396,-0.09565000000000001,-0.08563999999999994
-0.24165999999999999,-0.08711000000000002,-0.11718000000000006
-0.2336999999999999,-0.09062999999999999,-0.10747999999999991
-0.632,-0.08546999999999993,0.00018999999999991246
-0.66859,-0.08918000000000004,-0.06484000000000001
-0.6202300000000001,-0.08855000000000002,-0.020710000000000006
-0.65585,-0.09514999999999996,-0.08450999999999997
-0.636,-0.09094000000000002,-0.060840000000000005
-0.20536,-0.7060200000000001,-0.06984000000000001
-0.68692,-0.6735199999999999,-0.09005999999999992
-0.12836000000000003,-0.65069,-0.09705999999999992
-0.63568,-0.7056,-0.11197999999999997
-0.04030999999999996,-0.70895,-0.007709999999999995
-0.47209,-0.06499999999999995,-0.04515999999999998
-0.45317,-0.07621999999999995,-0.0007800000000000029
-0.47415,-0.06921,-0.04010999999999998
-0.44861,-0.08511000000000002,-0.01988000000000001
-0.13856999999999997,-0.19333,-0.005859999999999976
-0.7554000000000001,-0.10561999999999994,-0.6766700000000001
-0.7075199999999999,-0.17087999999999992,-0.67075
-0.76352,-0.10987999999999998,-0.6775
-0.71273,-0.10668,-0.63307
-0.73465,-0.11509000000000003,-0.68045
-0.24336000000000002,-0.19609,-0.08252999999999999
-0.2529600000000001,-0.19228999999999996,-0.08216000000000001
-0.22585999999999995,-0.20901999999999998,-0.07111999999999996
-0.24883,-0.18756000000000006,-0.08159000000000005
-0.22165999999999997,-0.19103000000000003,-0.08121
-0.52064,-0.10470000000000002,-0.2671
-0.51102,-0.0776,-0.29533
-0.5719799999999999,-0.10533000000000003,-0.21182
-0.5119100000000001,-0.09047000000000005,-0.23020000000000007
-0.47206,-0.10357000000000005,-0.26729
-0.60724,-0.00605,-0.07774000000000003
-0.5594299999999999,-0.01632,-0.2370199999999999
-0.59397,-0.06999,-0.02513999999999994
-0.5349,-0.06596999999999997,-0.04895000000000005
-0.5322899999999999,-0.07408999999999999,-0.12085000000000001
-0.6343300000000001,-0.00662000000000007,-0.14686999999999995
-0.6452500000000001,-0.32963,-0.21955000000000002
-0.7105199999999999,-0.00873999999999997,-0.12951999999999997
-0.52611,-0.013929999999999998,-0.13985999999999998
-0.65819,-0.0363,-0.19744000000000006
-0.5154799999999999,-0.63641,-0.08698000000000006
-0.53251,-0.6551899999999999,-0.06530000000000002
-0.53661,-0.55852,-0.13568999999999998
-0.5399,-0.6443500000000001,-0.13110999999999995
-0.52967,-0.6239,-0.10045000000000004
-0.63809,-0.013170000000000015,-0.19729000000000008
-0.6114999999999999,-0.00822999999999996,-0.18564000000000003
-0.58541,-0.015580000000000038,-0.18477
-0.6203799999999999,-0.012090000000000045,-0.19070999999999994
-0.61012,-0.004489999999999994,-0.2008399999999999
-0.028880000000000017,0.008819999999999939,-0.12478999999999996
-0.02671000000000001,-0.24458000000000002,-0.13142999999999994
-0.044440000000000035,-0.3941699999999999,-0.14530999999999994
-0.02251000000000003,-0.23965000000000003,-0.12207999999999997
-0.020280000000000076,-0.2742899999999999,-0.12983
-0.54127,-0.10607000000000011,0.046520000000000006
-0.47649,-0.10963,-0.0009100000000000774
-0.59103,-0.10317999999999994,-0.10758000000000001
-0.47461000000000003,-0.10629,0.006669999999999954
-0.5589200000000001,-0.07480000000000009,-0.003249999999999975
-0.09992999999999996,-0.31281,-0.08359000000000005
-0.15164,-0.31508,-0.09494999999999998
-0.45751,-0.30153,-0.09031999999999996
-0.20523999999999998,-0.2937,-0.09204999999999997
-0.17337999999999998,-0.33735,-0.08345999999999998
-0.62255,-0.0020499999999999963,-0.2307800000000001
-0.61005,-0.005670000000000064,-0.24849
-0.6376000000000001,-0.003950000000000009,-0.20392
-0.6356999999999999,-0.009739999999999971,-0.23173
-0.5920799999999999,-0.006360000000000032,-0.23391000000000006
-0.49190000000000006,-0.19415000000000004,-0.15821000000000007
-0.47723000000000004,-0.1901299999999999,-0.17071999999999998
-0.47796999999999995,-0.19798000000000004,-0.1962299999999999
-0.46516,-0.16374999999999995,-0.1824800000000001
-0.48187,-0.20789999999999997,-0.17100000000000004
-0.33281000000000005,-0.08391000000000004,-0.16971000000000003
-0.35740000000000005,-0.08132000000000006,-0.15907000000000004
-0.36960000000000004,-0.08687999999999996,-0.14700999999999997
-0.46658,-0.09805999999999993,-0.16742999999999997
-0.56949,-0.07928999999999997,-0.16459000000000001
-0.08511999999999997,-0.6164999999999999,-0.01717000000000002
-0.42694,-0.57213,-0.01157000000000008
-0.06264999999999998,-0.69493,-0.007970000000000033
-0.08197999999999994,-0.49732,-0.009809999999999985
-0.19523000000000001,-0.74738,-0.017350000000000088
-0.023499999999999965,-0.007990000000000053,-0.14293999999999996
-0.010460000000000025,-0.01968000000000003,-0.13178999999999996
-0.03225,-0.2475400000000001,-0.13990999999999998
-0.04798999999999998,-0.015699999999999936,-0.09036
-0.13066999999999995,-0.30088000000000004,-0.13451999999999997
-0.65526,-0.09766999999999992,-0.05603999999999998
-0.55426,-0.14215999999999995,-0.03810999999999998
-0.6327699999999999,-0.13139,-0.0877
-0.6262800000000001,-0.08178000000000007,-0.037430000000000074
-0.52405,-0.04703999999999997,-0.04849000000000003
-0.14417000000000002,-0.0962599999999999,-0.09581000000000006
-0.06593000000000004,-0.11004000000000003,-0.13144
-0.13456999999999997,-0.10977999999999999,-0.09955000000000003
-0.11721000000000004,-0.11461999999999994,-0.12314000000000003
-0.09901000000000004,-0.1078,-0.09864000000000006
-0.05681999999999998,-0.08231,-0.07356000000000007
-0.062389999999999946,-0.058459999999999956,-0.07440000000000002
-0.049760000000000026,-0.09473999999999994,-0.07596999999999998
-0.06945000000000001,-0.0719200000000001,-0.14091999999999993
-0.057719999999999994,-0.06811,-0.06840000000000002
-0.6170100000000001,-0.11728000000000005,-0.013830000000000009
-0.65441,-0.17485000000000006,-0.03144999999999998
-0.7212700000000001,-0.18823999999999996,-0.03076000000000001
-0.6785100000000001,-0.15233000000000008,-0.03469
-0.56647,-0.16927000000000003,-0.013780000000000014
-0.19584999999999997,-0.017789999999999973,-0.07486000000000004
-0.29013,-0.13323000000000007,-0.07485999999999993
-0.28186,-0.13699000000000006,-0.028669999999999973
-0.34047000000000005,-0.04664999999999997,-0.06879000000000002
-0.25402,-0.14486,-0.02462999999999993
-0.33641,-0.014990000000000059,0.0007399999999999629
-0.60154,-0.01802999999999999,0.005630000000000024
-0.1415099999999999,-0.01790999999999998,0.005470000000000086
-0.25150000000000006,-0.014660000000000006,-0.0001100000000000545
-0.26583,-0.024270000000000014,-0.0006700000000000594
-0.56186,-0.00812999999999997,-0.02129000000000003
-0.45093,-0.009669999999999956,-0.11809999999999998
-0.52488,-0.10687999999999998,-0.3084800000000001
-0.5841999999999999,-0.027730000000000032,-0.16506999999999994
-0.55204,-0.03076000000000001,-0.20048999999999995
-0.35673,-0.50176,-0.20579999999999998
-0.43133999999999995,-0.47800000000000004,-0.13137999999999994
-0.35472000000000004,-0.46535000000000004,-0.13445000000000007
-0.3065800000000001,-0.44619,-0.14370000000000005
-0.30304999999999993,-0.44873,-0.13134999999999997
-0.0686699999999999,0.0011900000000000244,-0.05200999999999989
-0.08436999999999995,0.0009099999999999664,-0.028629999999999933
-0.52062,-0.03083999999999998,-0.034049999999999914
-0.51913,0.006689999999999974,-0.04836999999999991
-0.07152999999999998,-0.0017699999999999383,-0.053730000000000055
-0.07907999999999993,-0.22178999999999993,-0.08726
-0.1758900000000001,-0.2230399999999999,-0.14698
-0.3638699999999999,-0.52037,-0.09909999999999997
-0.31020000000000003,-0.28017000000000003,-0.10075
-0.19033,-0.3037099999999999,-0.09676999999999991
-0.01473000000000002,-0.19968000000000008,-0.043769999999999976
-0.03432999999999997,-0.21645999999999999,-0.03747999999999996
-0.01202000000000003,-0.23217,-0.035459999999999936
-0.04911999999999994,-0.19255999999999995,-0.040549999999999975
-0.022850000000000037,-0.20884000000000003,-0.037839999999999985
-0.72405,-0.0018400000000000638,-0.06874999999999998
-0.71302,0.0013500000000000734,-0.07234000000000007
-0.67442,-0.0006699999999999484,-0.07221
-0.65344,0.0012900000000000134,-0.07699
-0.63968,-0.0009700000000000264,-0.08082
-0.62452,-0.09259000000000006,-0.18906
-0.47365,-0.12846999999999997,-0.31289999999999996
-0.6281699999999999,-0.14120999999999995,-0.3021499999999999
-0.4215,-0.12477000000000005,-0.29496
-0.37037999999999993,-0.14775000000000005,-0.15313999999999994
-0.58785,-0.018819999999999948,-0.14254999999999995
-0.39400999999999997,-0.0160300000000001,-0.12312000000000001
-0.3917400000000001,-0.03476999999999997,-0.14812000000000003
-0.43601,-0.032769999999999966,-0.11735000000000007
-0.59182,-0.022719999999999962,-0.12207999999999997
-0.4259,-0.13031000000000004,-0.07530999999999999
-0.42044,-0.15277999999999992,-0.05464000000000002
-0.34728,-0.46077999999999997,-0.050409999999999955
-0.40127,-0.12812,-0.04134000000000004
-0.41707999999999995,-0.15070000000000006,-0.050389999999999935
-0.51586,-0.20644000000000007,-0.09899999999999998
-0.62117,-0.21462000000000003,-0.06794999999999995
-0.60677,-0.06229999999999991,-0.04898999999999998
-0.5808900000000001,-0.20418000000000003,-0.035740000000000105
-0.59919,-0.06957000000000002,-0.07303000000000004
-0.2025,-0.32133,-0.06881000000000004
-0.10268,-0.22196000000000005,-0.07558000000000009
-0.14112000000000002,-0.43110000000000004,-0.07391000000000003
-0.10751999999999995,-0.17396,-0.06350999999999996
-0.19838,-0.2938299999999999,-0.0708700000000001
-0.44935,-0.032849999999999935,-0.03256999999999999
-0.58333,-0.06289,-0.02671000000000001
-0.60229,-0.002610000000000001,-0.038429999999999964
-0.51949,-0.00651999999999997,-0.03791
-0.57159,0.029909999999999992,-0.033540000000000014
-0.22243000000000002,-0.11677000000000004,-0.09382000000000001
-0.30223,-0.06867000000000001,-0.10567000000000004
-0.3154100000000001,-0.03768000000000005,-0.08440999999999999
-0.29639000000000004,-0.02664999999999995,-0.09824
-0.18252999999999997,-0.03388000000000002,-0.09971999999999992
-0.5345300000000001,-0.03510000000000002,-0.046499999999999986
-0.53911,-0.07015000000000005,-0.006140000000000034
-0.67622,-0.07261000000000006,-0.12733000000000005
-0.47768,-0.13614000000000004,-0.005029999999999979
-0.38902000000000003,-0.04386000000000001,0.01212000000000002
-0.05408999999999997,-0.26839999999999997,-0.009129999999999971
-0.05079,-0.32859000000000005,0.0015699999999999603
-0.035229999999999984,-0.29739000000000004,-0.007750000000000035
-0.042300000000000004,-0.2903899999999999,-0.04699000000000009
-0.06247999999999998,-0.35379,-0.0025999999999999357
-0.6093999999999999,-0.15968000000000004,-0.35675
-0.71132,-0.16993999999999998,-0.44133999999999995
-0.72321,-0.12944,-0.44512999999999997
-0.7122499999999999,-0.13701000000000008,-0.42688
-0.72004,-0.14641000000000004,-0.55589
-0.27018,-0.21118000000000003,-0.10126000000000002
-0.22074000000000005,-0.11537999999999993,-0.047290000000000054
-0.25439,-0.13029999999999997,-0.01527999999999996
-0.22119,-0.16890000000000005,-0.09314999999999996
-0.25234,-0.25283999999999995,-0.10448000000000002
-0.5877600000000001,-0.09362999999999999,-0.10320000000000007
-0.6133,-0.08706999999999998,-0.08494999999999997
-0.57311,-0.10977999999999999,-0.07905000000000006
-0.57264,-0.08412000000000008,-0.06740000000000002
-0.52397,-0.08055999999999996,-0.06935000000000002
-0.53579,-0.46242999999999995,-0.09560000000000002
-0.5355300000000001,-0.6045499999999999,-0.06511
-0.6015900000000001,-0.59943,-0.08235000000000003
-0.60941,-0.57189,-0.10017999999999994
-0.48805999999999994,-0.49272000000000005,-0.10103999999999991
-0.5921100000000001,-0.6491,-0.04553000000000007
-0.5253099999999999,-0.69004,-0.05406
-0.65208,-0.60032,-0.05179999999999996
-0.5701,-0.47829000000000005,-0.030299999999999994
-0.71332,-0.52431,-0.052979999999999916
-0.53889,-0.46116000000000007,-0.34295
-0.55793,-0.53778,-0.36822
-0.6028500000000001,-0.41185,-0.31836
-0.5618400000000001,-0.5496000000000001,-0.42349000000000003
-0.46645000000000003,-0.60442,-0.3541000000000001
-0.42625,-0.09972999999999999,-0.10875999999999997
-0.28090000000000004,-0.03693999999999997,-0.10015000000000007
-0.44092999999999993,-0.10116999999999998,-0.09750999999999999
-0.45004,-0.10743999999999998,-0.09953000000000001
-0.30110000000000003,-0.11051999999999995,-0.09336
0.0014199999999999768,-0.028830000000000022,0.0022499999999999742
0.0013900000000000023,-0.040080000000000005,-0.00024999999999997247
-0.00035999999999991594,-0.06803999999999999,0.0018600000000000838
-0.0025500000000000522,-0.029970000000000052,-0.0026400000000000867
0.0022500000000000853,-0.03018999999999994,-0.00015999999999993797
-0.35911000000000004,-0.025349999999999984,-0.038020000000000054
-0.48377999999999993,-0.03112999999999999,-0.061959999999999904
-0.57142,-0.026820000000000066,-0.2084999999999999
-0.51583,-0.07324000000000008,-0.06845000000000001
-0.57682,-0.06398000000000004,-0.19759000000000004
-0.45530000000000004,-0.12641000000000002,-0.1379300000000001
-0.44662999999999997,-0.13771999999999995,-0.14786
-0.47895,-0.11503000000000008,-0.14080000000000004
-0.5070399999999999,-0.15116000000000007,-0.13637999999999995
-0.47468000000000005,-0.0964299999999999,-0.12701000000000007
-0.5138,-0.20050999999999997,-0.07727000000000006
-0.52271,-0.2896000000000001,-0.10424
-0.47834000000000004,-0.13996999999999993,-0.09710000000000008
-0.53099,-0.20940000000000003,-0.07951999999999992
-0.5300799999999999,-0.34739,-0.08799999999999997
-0.25019,-0.04910999999999999,-0.15808
-0.12090999999999996,-0.04661000000000004,-0.15742999999999996
-0.7064900000000001,-0.05559999999999998,-0.1568400000000001
-0.038900000000000046,-0.04574999999999996,-0.15515
-0.13734999999999997,-0.03922999999999999,-0.15237
-0.09682999999999997,-0.14486,-0.11085
-0.0779700000000001,-0.11266999999999994,-0.10215000000000007
-0.041730000000000045,-0.021029999999999993,-0.11019999999999996
-0.11421999999999999,-0.14012999999999998,-0.09077999999999997
-0.14009000000000005,-0.13391999999999993,-0.10894999999999999
-0.035290000000000044,-0.03478999999999999,-0.03917000000000004
-0.016240000000000032,-0.024230000000000085,-0.010639999999999983
-0.041100000000000025,-0.023129999999999984,-0.017790000000000084
-0.04849999999999999,-0.027049999999999907,-0.016149999999999998
-0.05181999999999998,-0.02732000000000001,-0.038270000000000026
-0.61386,-0.07888000000000006,-0.22187999999999997
-0.7082299999999999,-0.07496999999999998,-0.24319000000000002
-0.66483,-0.06344000000000005,-0.20564000000000004
-0.5870299999999999,-0.032930000000000015,-0.23695999999999995
-0.55396,-0.052830000000000044,-0.17042999999999997
-0.62645,-0.02637999999999996,-0.06638999999999995
-0.56768,-0.030850000000000044,-0.06461000000000006
-0.5045999999999999,-0.02412000000000003,-0.061289999999999956
-0.5341100000000001,-0.022279999999999966,-0.0695
-0.5162200000000001,-0.013170000000000015,-0.003960000000000075
-0.46524,0.025540000000000007,-0.02738000000000007
-0.23575999999999997,0.012309999999999932,-0.03532000000000002
-0.31086,0.008619999999999961,-0.0383
-0.33399,-0.16637999999999997,-0.04847999999999997
-0.32187,-0.036170000000000035,-0.07788000000000006
-0.55029,-0.10763999999999996,-0.17761000000000005
-0.34658,-0.10388000000000008,-0.21811999999999998
-0.3072600000000001,-0.08235999999999999,-0.20728000000000002
-0.29625999999999997,-0.09367000000000003,-0.20504
-0.26571999999999996,-0.05748000000000009,-0.21473999999999993
-0.36880999999999997,-0.04904999999999993,-0.11353999999999997
-0.35997999999999997,-0.05414000000000008,-0.07550000000000001
-0.41392000000000007,-0.059250000000000025,-0.12196000000000007
-0.39039,-0.043380000000000085,-0.13707999999999998
-0.44092000000000003,-0.07608999999999999,-0.19710000000000005
-0.034640000000000004,-0.22885,-0.02061999999999997
-0.015650000000000053,-0.15238000000000007,-0.04231000000000007
-0.08999000000000001,-0.16749999999999998,-0.027490000000000014
-0.022299999999999986,-0.12885000000000002,-0.028689999999999993
-0.013729999999999909,-0.13834999999999997,-0.02020999999999995
-0.09553,-0.21944000000000008,-0.010970000000000035
-0.15829000000000004,-0.22243000000000002,-0.0019299999999999873
-0.29611,-0.08429000000000009,0.006650000000000045
-0.12913000000000008,-0.09388000000000007,-0.006790000000000074
-0.60911,-0.21849000000000007,-0.11496000000000006
-0.13268999999999997,-0.08409999999999995,-0.15498
-0.49349000000000004,-0.019510000000000027,-0.12289000000000005
-0.5208999999999999,-0.010909999999999975,-0.15335999999999994
-0.5034500000000001,-0.07026999999999994,-0.1652300000000001
-0.09070999999999996,-0.0022900000000000142,-0.16962999999999995
-0.016680000000000028,-0.07343,-0.011280000000000068
-0.01632,-0.09828999999999999,-0.026639999999999997
-0.023129999999999984,-0.08977000000000002,-0.011909999999999976
-0.31367999999999996,-0.07491999999999999,-0.03079999999999994
-0.036800000000000055,-0.11102000000000001,0.003429999999999933
-0.37461,-0.04144999999999999,0.0022199999999999998
-0.38072000000000006,-0.004190000000000027,-0.0008500000000000174
-0.40653,-0.01057000000000008,0.0049799999999999844
-0.13359999999999994,-0.014390000000000014,-0.0022699999999999942
-0.10282000000000002,-0.03932000000000002,-0.002850000000000019
-0.05522000000000005,-0.18047000000000002,-0.018880000000000008
-0.03360999999999992,-0.18413999999999997,0.0011300000000000754
-0.023249999999999993,-0.17359000000000002,-0.012689999999999979
-0.027150000000000007,-0.1784199999999999,-0.01927000000000001
-0.05762999999999996,-0.17764999999999997,0.0020799999999999708
-0.65856,-0.14205,-0.053790000000000004
-0.67305,-0.17479999999999996,-0.05586000000000002
-0.6381600000000001,-0.13951000000000002,-0.04741000000000006
-0.6766599999999999,-0.15347,-0.058399999999999896
-0.58684,-0.15647,-0.054240000000000066
-0.5668,-0.15029000000000003,-0.19473000000000007
-0.5142499999999999,-0.63224,-0.17672999999999994
-0.5127700000000001,-0.48838999999999994,-0.2283900000000001
-0.5914200000000001,-0.61923,-0.19252000000000002
-0.53322,-0.32700000000000007,-0.26459
-0.32904999999999995,-0.54529,-0.40053
-0.3660199999999999,-0.41772,-0.40548999999999996
-0.44273999999999997,-0.4133899999999999,-0.44285
-0.3488,-0.42311999999999994,-0.41642000000000007
-0.46867000000000003,-0.39879999999999993,-0.43173
-0.49667,-0.023889999999999967,-0.19055
-0.4841,0.010539999999999994,-0.18969000000000003
-0.49089000000000005,0.019259999999999944,-0.19785000000000008
-0.49307999999999996,-0.02627999999999997,-0.18952999999999998
-0.49582,-0.04635,-0.1794199999999999
-0.13252000000000008,-0.58383,-0.1197100000000001
-0.09066999999999992,-0.58354,-0.09924999999999995
-0.0966800000000001,-0.49504000000000004,-0.08078000000000007
-0.09647000000000006,-0.54828,-0.07503000000000004
-0.16011999999999993,-0.5401400000000001,-0.08778999999999992
-0.56068,-0.20898000000000005,-0.0023900000000000032
-0.6067899999999999,-0.20953,-0.0040799999999999725
-0.56499,-0.19967000000000001,-0.013090000000000046
-0.51684,-0.17806999999999995,-0.00273000000000001
-0.59329,-0.21000000000000008,-0.0011100000000000554
-0.028120000000000034,-0.53262,-0.0281300000000001
-0.02351000000000003,-0.4205,-0.040649999999999964
-0.023769999999999958,-0.30259,-0.05296000000000001
-0.021230000000000082,-0.2676099999999999,-0.036090000000000066
-0.018859999999999988,-0.2208,-0.04693999999999998
-0.75906,-0.29315,-0.55867
-0.62014,-0.35619,-0.39086
-0.75529,-0.35143,-0.56436
-0.56781,-0.41253000000000006,-0.24972000000000005
-0.71265,-0.37129999999999996,-0.59082
-0.016240000000000032,-0.5845799999999999,-0.028260000000000063
-0.023419999999999996,-0.57704,-0.03151000000000004
-0.009899999999999909,-0.5738000000000001,-0.025759999999999894
-0.026100000000000012,-0.60049,-0.026559999999999917
-0.03071999999999997,-0.56216,-0.024069999999999925
-0.57019,-0.6385000000000001,-0.13351999999999997
-0.5956699999999999,-0.66021,-0.12434
-0.57214,-0.60106,-0.15403999999999995
-0.6147900000000001,-0.56958,-0.09550000000000003
-0.55611,-0.6376000000000001,-0.13268000000000002
-0.56757,-0.21804,-0.12109999999999999
-0.54104,-0.27995000000000003,-0.09883000000000008
-0.5847100000000001,-0.27756000000000003,-0.09842000000000006
-0.56012,-0.21572000000000002,-0.10192999999999997
-0.55213,-0.2338699999999999,-0.09182000000000001
-0.25246,-0.01634000000000002,0.00391000000000008
-0.21750000000000003,-0.009079999999999977,-0.08411999999999997
-0.1786399999999999,-0.016410000000000036,0.014970000000000039
-0.54324,-0.06574000000000002,-0.05066999999999999
0.05813999999999997,-0.01305999999999996,0.06176999999999999
-0.36637,-0.09162000000000003,-0.06752000000000002
-0.37337,-0.06616,-0.07994000000000001
-0.36151999999999995,-0.18517000000000006,-0.0783299999999999
-0.36082000000000003,-0.07169000000000003,-0.07384000000000002
-0.36145,-0.08977999999999997,-0.06786999999999999
-0.03295999999999999,-0.48256,-0.028830000000000022
-0.021990000000000065,-0.45234,-0.01104000000000005
-0.019730000000000025,-0.5732299999999999,-0.020070000000000032
-0.013029999999999986,-0.5215799999999999,-0.012539999999999996
-0.022260000000000058,-0.5627,-0.028160000000000074
-0.21303000000000005,-0.11624999999999996,-0.10954000000000008
-0.21914,-0.09430000000000005,-0.14361999999999997
-0.21644000000000008,-0.10188000000000008,-0.09301000000000004
-0.25608,-0.10594999999999999,-0.14223999999999992
-0.22278999999999993,-0.20381000000000005,-0.13464999999999994
-0.011660000000000004,-0.013900000000000023,-0.06447000000000003
-0.003510000000000013,-0.01144999999999996,-0.053100000000000036
0.0014199999999999768,-0.014129999999999976,-0.055459999999999954
0.0020499999999999963,-0.010330000000000061,-0.051590000000000025
0.011660000000000004,-0.013630000000000031,-0.037349999999999994
-0.03349000000000002,-0.05512000000000006,-0.013310000000000044
-0.029139999999999944,-0.05421000000000009,-0.013029999999999986
-0.01212000000000002,-0.031000000000000028,-0.014780000000000015
-0.04202000000000006,-0.05591999999999997,-0.01580999999999999
-0.030630000000000046,-0.04363000000000006,-0.017780000000000018
-0.52515,-0.050839999999999996,-0.0478599999999999
-0.5483,-0.020560000000000023,-0.11915999999999993
-0.51328,-0.020029999999999992,-0.02207999999999999
-0.53209,-0.1392500000000001,-0.06322000000000005
-0.53732,-0.09222000000000008,-0.14412000000000003
-0.6030099999999999,-0.32750999999999997,-0.34636
-0.55705,-0.19144000000000005,-0.4685
-0.5672900000000001,-0.3226,-0.35473
-0.61971,-0.32667999999999997,-0.5983499999999999
-0.5574399999999999,-0.34034999999999993,-0.35934
-0.5659000000000001,-0.06062000000000001,-0.08055000000000001
-0.5969,-0.07501000000000002,-0.02566999999999997
-0.57167,-0.06816999999999995,-0.08581000000000005
-0.60783,-0.061860000000000026,-0.18716
-0.56129,-0.05935999999999997,-0.16194999999999993
-0.45974,-0.011340000000000017,-0.1904
-0.3867299999999999,-0.012070000000000025,-0.12771999999999994
-0.48839999999999995,-0.012190000000000034,-0.10665999999999998
-0.39932999999999996,-0.006969999999999921,-0.24568999999999996
-0.49931,-0.011419999999999986,-0.52064
-0.37019,-0.05492999999999992,-0.10945000000000005
-0.3251200000000001,-0.04600000000000004,-0.11111000000000004
-0.27807000000000004,-0.06512000000000007,-0.12656999999999996
-0.26252,-0.046559999999999935,-0.11939999999999995
-0.4162600000000001,-0.05786999999999998,-0.20107000000000008
-0.009800000000000031,-0.40480000000000005,-0.07843
-0.022710000000000008,-0.46242999999999995,-0.08415000000000006
-0.002890000000000059,-0.41675000000000006,-0.08311999999999997
-0.05130000000000001,-0.43634,-0.07738
-0.014379999999999948,-0.42319,-0.08521000000000001
-0.16523,-0.25867000000000007,-0.046210000000000084
-0.14712999999999998,-0.24946000000000002,-0.10385
-0.16687000000000007,-0.35507999999999995,-0.05837000000000003
-0.10248999999999997,-0.39662,-0.021749999999999936
-0.15699000000000007,-0.37671,-0.04190000000000005
-0.07092999999999994,-0.006450000000000067,-0.05174999999999996
-0.03815000000000002,-0.18458999999999992,-0.05451000000000006
-0.03920999999999997,-0.20313000000000003,-0.07601999999999998
-0.09487000000000001,-0.21319999999999995,-0.07202999999999993
-0.04158000000000006,-0.27879999999999994,-0.033519999999999994
-0.09864000000000006,-0.6137699999999999,-0.19440999999999997
-0.10113000000000005,-0.6474900000000001,-0.1272000000000001
-0.06018000000000001,-0.6854,-0.16547
-0.05190000000000006,-0.6953199999999999,-0.13678
-0.09275,-0.6982299999999999,-0.14541000000000004
-0.52658,-0.39909,-0.13329999999999997
-0.48961,-0.32801,-0.15505000000000002
-0.50843,-0.33407,-0.08296999999999999
-0.51,-0.35055000000000003,-0.15192000000000005
-0.53521,-0.38375,-0.17984
-0.44616999999999996,-0.5219199999999999,-0.21068999999999993
-0.4942,-0.47561000000000003,-0.22165999999999997
-0.44958999999999993,-0.51603,-0.27040999999999993
-0.5126200000000001,-0.51324,-0.26646000000000003
-0.54023,-0.5113399999999999,-0.2796099999999999
-0.5986799999999999,-0.20278999999999991,-0.044199999999999906
-0.6049499999999999,-0.16464999999999996,-0.01820999999999995
-0.597,-0.18716999999999995,-0.01039000000000001
-0.6219399999999999,-0.16874,-0.03309999999999991
-0.5995999999999999,-0.30140999999999996,-0.030630000000000046
-0.6914,-0.01977999999999991,-0.06321999999999994
-0.67101,-0.011759999999999993,-0.05464000000000002
-0.45836,-0.03000999999999998,-0.050490000000000035
-0.61358,-0.0252,-0.00277000000000005
-0.42128,-0.014559999999999906,0.015680000000000027
-0.14639000000000002,-0.03966999999999998,-0.03155999999999992
-0.10516000000000003,-0.010929999999999995,-0.03924000000000005
-0.12026999999999999,-0.07590999999999992,-0.08946999999999994
-0.08618999999999999,-0.0043199999999999905,-0.03736000000000006
-0.1997,-0.002910000000000079,-0.08958999999999995
-0.31188,-0.0716,0.007780000000000009
-0.5055700000000001,-0.05632000000000004,0.021240000000000037
-0.30726000000000003,-0.08542000000000005,0.03168000000000004
-0.27763000000000004,-0.08756999999999993,-0.00821000000000005
-0.55047,-0.08645000000000003,0.028140000000000054
-0.32433999999999996,-0.08688999999999991,-0.1689799999999999
-0.5083099999999999,-0.11163999999999996,-0.26608999999999994
-0.30901,-0.06618000000000002,-0.15530999999999995
-0.20061000000000007,-0.08644999999999992,-0.25112
-0.44957,-0.08784000000000003,-0.23184000000000005
-0.43835999999999997,-0.10914000000000001,-0.049270000000000036
-0.44286000000000003,-0.1103900000000001,-0.07589000000000001
-0.45531999999999995,-0.11277999999999999,-0.06169000000000002
-0.4336,-0.13848000000000005,-0.07281000000000004
-0.48073000000000005,-0.11258999999999997,-0.07885000000000009
-0.6253,-0.47642,-0.30489
-0.64838,-0.40208,-0.38260000000000005
-0.59382,-0.45191,-0.33168999999999993
-0.67647,-0.4580199999999999,-0.48139
-0.64032,-0.4561,-0.33414
-0.13059999999999994,-0.06479999999999997,-0.010629999999999917
-0.06890999999999992,-0.039389999999999925,-0.005409999999999915
-0.13878000000000001,-0.007379999999999942,0.0023500000000000743
-0.11798999999999993,-0.057010000000000005,-0.00717000000000001
-0.15026000000000006,-0.04007000000000005,-0.01261000000000001
-0.53046,-0.02748000000000006,-0.19442000000000004
-0.5034700000000001,-0.07672999999999996,-0.1985
-0.52881,-0.02440000000000009,-0.19079000000000002
-0.43154000000000003,-0.020830000000000015,-0.21678999999999993
-0.48285999999999996,-0.033030000000000004,-0.20184999999999997
-0.61647,-0.15153000000000005,-0.1891799999999999
-0.5784400000000001,-0.12539,-0.19664000000000004
-0.65934,-0.17894,-0.22776000000000007
-0.6311500000000001,-0.22544999999999993,-0.16315000000000002
-0.6051,-0.16473000000000004,-0.18497999999999992
-0.46764,-0.6489499999999999,-0.06870999999999994
-0.5012099999999999,-0.61559,-0.06964999999999999
-0.49251,-0.5529299999999999,-0.07909
-0.49414,-0.63578,-0.07604
-0.52409,-0.61727,-0.07343999999999995
-0.07270999999999994,-0.010299999999999976,-0.14235999999999993
-0.08485000000000009,-0.011920000000000042,-0.15189000000000008
-0.08982999999999997,-0.022070000000000034,-0.12841999999999998
-0.06616,-0.01261000000000001,-0.13265000000000005
-0.07821,-0.0014800000000000368,-0.12889000000000006
-0.12884000000000007,-0.04644000000000004,-0.11725000000000008
-0.12735999999999992,-0.0724300000000001,-0.10210999999999992
-0.1474700000000001,-0.06379999999999997,-0.10763
-0.13154,-0.03920000000000001,-0.14387000000000005
-0.16432999999999998,-0.04671000000000003,-0.1119
-0.46037,-0.029019999999999935,-0.025820000000000065
-0.48241,-0.034480000000000066,-0.04157999999999995
-0.4862,-0.05282999999999993,-0.006959999999999966
-0.69575,-0.04808000000000001,0.0038200000000000456
-0.5356400000000001,-0.02866000000000002,-0.017260000000000053
0.009809999999999985,-0.14161999999999997,-0.08879999999999999
0.018710000000000004,-0.10791000000000006,-0.13456999999999997
0.01772000000000007,-0.10455000000000003,-0.13227
0.011260000000000048,-0.07556000000000007,-0.14629999999999999
0.0030799999999999716,-0.12168000000000001,-0.05234000000000005
-0.61289,-0.11429,0.047130000000000005
-0.61056,-0.18447000000000002,-0.01423999999999992
-0.62922,-0.22851,0.043910000000000005
-0.5861100000000001,-0.16698000000000002,0.02906999999999993
-0.6589099999999999,-0.10899000000000003,-0.012819999999999943
-0.58098,-0.5454300000000001,-0.54528
-0.57206,-0.54745,-0.5308299999999999
-0.6073999999999999,-0.5233300000000001,-0.50801
-0.5604499999999999,-0.5226599999999999,-0.39652
-0.58923,-0.53583,-0.53348
-0.5849899999999999,-0.0019500000000000073,-0.04749999999999999
-0.62663,-0.008909999999999973,-0.16768000000000005
-0.6146199999999999,-0.0015100000000000113,-0.06286999999999998
-0.61956,-0.0016499999999999293,-0.14534000000000002
-0.5975400000000001,-0.007440000000000002,-0.1398100000000001
-0.31694,-0.17267,-0.10436000000000001
-0.3374100000000001,-0.17668000000000006,-0.11823000000000006
-0.13397000000000003,-0.17684,-0.059189999999999965
-0.60859,-0.17391,-0.0511299999999999
-0.25738000000000005,-0.17708000000000002,-0.04732999999999998
0.05798000000000003,-0.01817000000000002,0.12980000000000003
0.022139999999999938,-0.01695000000000002,0.10421000000000002
0.03078000000000003,-0.017220000000000013,0.03534000000000004
-0.13141000000000003,-0.02037,-0.16083999999999998
-0.14919000000000004,-0.015459999999999918,-0.17613999999999996
-0.45960000000000006,-0.6841999999999999,-0.03754000000000002
-0.55599,-0.77408,-0.02244999999999997
-0.49927,-0.58847,-0.01193999999999995
-0.51695,-0.77724,-0.009750000000000036
-0.52545,-0.78924,-0.03391999999999995
-0.08831999999999995,-0.11124999999999996,-0.10812
-0.08872000000000002,-0.11282000000000003,-0.06942000000000004
-0.10980999999999996,-0.036250000000000004,-0.08343999999999996
-0.11239999999999994,-0.026390000000000025,-0.09326000000000001
-0.08979000000000004,-0.09194000000000002,-0.08216000000000001
-0.64008,-0.036900000000000044,-0.17819000000000007
-0.65787,-0.04416000000000009,-0.15071
-0.69915,-0.0040799999999999725,-0.19434000000000007
-0.6052299999999999,-0.25085,-0.11842999999999992
-0.72872,-0.27920999999999996,-0.15391
-0.31811999999999996,-0.09912999999999994,-0.10202999999999995
-0.27768000000000004,-0.1303700000000001,-0.09777999999999998
-0.26631000000000005,-0.11924000000000001,-0.06646000000000007
-0.29175000000000006,-0.08450000000000002,-0.16122000000000003
-0.2626400000000001,-0.17459999999999998,-0.14704000000000006
-0.03884999999999994,-0.26527999999999996,-0.010999999999999899
-0.03321000000000007,-0.07974999999999999,-0.021129999999999982
-0.03645999999999994,-0.24816000000000005,-0.016229999999999967
-0.05084999999999995,-0.026249999999999996,-0.018079999999999985
-0.03508,-0.26208,-0.010699999999999932
-0.59619,-0.20184000000000002,-0.059390000000000054
-0.61815,-0.16715999999999998,-0.07533999999999996
-0.61057,-0.24661,-0.043949999999999934
-0.57368,-0.17165000000000008,-0.03306999999999993
-0.5705800000000001,-0.26934,-0.06591000000000002
-0.34967000000000004,-0.01880000000000004,-0.16669
-0.6734100000000001,-0.05665999999999993,-0.16561000000000003
-0.37041,-0.037209999999999965,-0.16892000000000007
-0.21753,-0.40620999999999996,-0.14383
-0.32819999999999994,-0.02483000000000002,-0.17920999999999998
-0.07350000000000001,-0.016919999999999935,-0.08671000000000006
-0.015220000000000011,-0.060659999999999936,-0.08655999999999997
-0.028060000000000085,-0.06116999999999995,-0.08954000000000006
-0.05386999999999997,-0.06535999999999997,-0.09689999999999999
-0.25612,-0.07167999999999997,-0.09584000000000004
-0.14194000000000007,-0.13030999999999993,-0.017140000000000044
-0.09975999999999996,-0.08247000000000004,-0.005730000000000013
-0.05171999999999999,-0.023090000000000055,-0.026519999999999988
-0.08497999999999994,-0.10092999999999996,-0.012839999999999963
-0.18074999999999997,-0.09204999999999997,-0.03865999999999992
-0.09224999999999994,0.08545999999999998,0.0014800000000000368
-0.5150399999999999,0.037390000000000034,0.02407999999999999
-0.31538999999999995,0.04801,0.0018000000000000238
-0.056339999999999946,0.08455999999999997,-0.018119999999999914
-0.09092,0.07071000000000005,-0.011880000000000002
-0.66915,0.008020000000000027,-0.5028600000000001
-0.6675599999999999,-0.00934999999999997,-0.28215
-0.64462,-0.0013499999999999623,-0.28506
-0.66662,-0.04630000000000001,-0.3191900000000001
-0.66079,-0.007909999999999973,-0.27532
-0.42967999999999995,-0.07387999999999995,-0.08601999999999999
-0.64447,-0.07177,-0.09110999999999991
-0.6969,-0.04304999999999992,-0.10012999999999994
-0.72275,0.006249999999999978,-0.09615000000000007
-0.53556,0.008360000000000034,-0.09667999999999999
-0.21152000000000004,-0.03533999999999993,-0.13351999999999997
-0.22011999999999998,-0.04244999999999999,-0.12783
-0.25615,-0.04498000000000002,-0.11548999999999998
-0.24665000000000004,-0.03215000000000001,-0.14315
-0.19528,-0.03271000000000002,-0.12201000000000006
-0.35105,-0.031930000000000014,-0.05120999999999998
-0.38887000000000005,-0.03153000000000006,-0.06106
-0.046070000000000055,-0.03447,-0.07066000000000006
-0.43094999999999994,-0.03642999999999996,-0.05449999999999999
-0.4277700000000001,-0.049740000000000006,-0.06070000000000009
-0.44703,-0.13632999999999995,-0.20687999999999995
-0.35638000000000003,-0.10674000000000006,-0.32725000000000004
-0.5072399999999999,-0.46159000000000006,-0.30296999999999996
-0.36212999999999995,-0.23709999999999998,-0.17786999999999997
-0.47401999999999994,-0.20420000000000005,-0.31755999999999995
-0.55653,-0.015639999999999987,-0.09827999999999992
-0.54411,-0.009359999999999924,-0.11077999999999999
-0.68701,-0.015270000000000006,-0.11509999999999998
-0.63452,-0.007509999999999906,-0.13207000000000002
-0.70011,-0.04669000000000001,-0.10006000000000004
-0.36558999999999997,-0.0026800000000000157,-0.1727599999999999
-0.52196,-0.0033800000000000496,-0.20989999999999998
-0.46058,-0.0019199999999999218,-0.15043000000000006
-0.39111,-0.002929999999999988,-0.15349999999999997
-0.33402,-0.0007999999999999119,-0.15813
-0.80995,0.034129999999999994,-0.23116000000000003
-0.78961,0.03069999999999995,-0.22638000000000003
-0.79756,0.0309600000000001,-0.24855000000000005
-0.78302,0.03261000000000003,-0.22626999999999997
-0.7483,0.030059999999999976,-0.20738999999999996
-0.55115,-0.025190000000000046,-0.07333
-0.5390699999999999,-0.045929999999999915,-0.07145000000000001
-0.42596,0.06659999999999999,-0.08096999999999999
-0.4872,0.054220000000000046,-0.07523000000000002
-0.59439,0.01985999999999999,-0.06474000000000002
-0.5140199999999999,-0.1977,-0.06845000000000001
-0.37876,-0.28879,-0.08538000000000001
-0.5453600000000001,-0.26615,-0.06444000000000005
-0.49472,-0.23745000000000005,-0.07233
-0.48646,-0.18296999999999997,-0.07015000000000005
-0.08950999999999998,-0.22297,-0.09018000000000004
-0.07424999999999993,-0.27037,-0.09072999999999998
-0.07550000000000001,-0.22961999999999994,-0.07190000000000007
-0.10653000000000001,-0.20118000000000003,-0.10558999999999996
-0.06499999999999995,-0.19228,-0.09623999999999999
-0.73788,-0.026020000000000043,-0.12758000000000003
-0.7463,-0.008360000000000034,-0.13544
-0.6916,-0.02071999999999996,-0.11512
-0.70789,-0.01868000000000003,-0.13596000000000008
-0.7425999999999999,-0.019989999999999952,-0.1542199999999999
-0.07786000000000004,-0.0015300000000000313,-0.02246999999999999
-0.07789000000000001,-0.01971999999999996,-0.027529999999999943
-0.050429999999999975,0.008300000000000085,-0.011190000000000033
-0.015819999999999945,0.010229999999999961,-0.009539999999999993
-0.13676999999999995,0.030400000000000094,-0.05278999999999989
-0.41633000000000003,-0.10935000000000006,-0.023460000000000036
-0.43160000000000004,-0.17965999999999993,-0.08108000000000004
-0.48997999999999997,-0.06751000000000007,-0.043179999999999996
-0.42387,-0.08762999999999999,-0.04380000000000006
-0.52052,-0.048940000000000095,-0.06815000000000004
-0.5879000000000001,-0.06181000000000003,-0.17022000000000004
-0.49978000000000006,-0.32720000000000005,-0.045580000000000065
-0.5008699999999999,-0.05127999999999999,-0.09895999999999994
-0.5806100000000001,-0.05005999999999999,-0.08460000000000001
-0.64607,-0.32316,-0.07766000000000006
-0.3307,-0.13584000000000007,-0.07903000000000004
-0.20448,-0.135,-0.06384999999999996
-0.35902999999999996,-0.13301000000000007,-0.03293999999999997
-0.44216,-0.12941999999999998,-0.03640999999999994
-0.39978,-0.14007000000000003,-0.060329999999999995
-0.11627999999999994,-0.027999999999999914,-0.012339999999999907
-0.1569600000000001,-0.032279999999999975,-0.03317000000000003
-0.13723999999999992,-0.04527000000000003,-0.010809999999999986
-0.15666999999999998,-0.030769999999999964,-0.03647999999999996
-0.10309999999999997,-0.02785000000000004,-0.014469999999999983
-0.5145599999999999,-0.023009999999999975,-0.14571
-0.49022000000000004,-0.03748999999999991,-0.27687000000000006
-0.5840400000000001,-0.06557999999999997,-0.1577900000000001
-0.50221,-0.017410000000000037,-0.11646999999999996
-0.5081500000000001,-0.028710000000000013,-0.18130000000000002
-0.22809000000000001,-0.09543999999999997,-0.10365000000000002
-0.22797,-0.07708000000000004,-0.10494999999999999
-0.17879999999999996,-0.06559999999999999,-0.10082000000000002
-0.3567199999999999,-0.10311999999999999,-0.09512999999999994
-0.16281,-0.25412,-0.10377000000000003
-0.64783,-0.013569999999999971,-0.13272000000000006
-0.6345700000000001,-0.03343000000000007,-0.16010000000000002
-0.66151,-0.012499999999999956,-0.10995999999999995
-0.62121,-0.04192999999999991,-0.11291000000000007
-0.5766100000000001,-0.010109999999999952,-0.16763000000000006
-0.37073,-0.24109999999999998,-0.14095999999999997
-0.32036,-0.14204000000000006,-0.13799000000000006
-0.35712,-0.29233999999999993,-0.12790999999999997
-0.32406999999999997,-0.28289,-0.13912000000000002
-0.30745999999999996,-0.26066,-0.12861
-0.64211,-0.15153000000000005,-0.24065999999999999
-0.48236999999999997,-0.14233000000000007,-0.26888999999999996
-0.71013,-0.17533999999999994,-0.22247000000000006
-0.63232,-0.12564999999999993,-0.32013
-0.6241099999999999,-0.07887,-0.28849
-0.38996999999999993,-0.022710000000000008,-0.09456999999999993
-0.43868000000000007,-0.022649999999999948,-0.11865999999999999
-0.36031,-0.010090000000000043,-0.10635000000000006
-0.40002000000000004,-0.016710000000000003,-0.13229999999999997
-0.36897,0.00041999999999997595,-0.15767999999999993
-0.15422999999999998,-0.19255999999999995,-0.06223999999999996
-0.354,-0.17012000000000005,-0.10099999999999998
-0.39661,-0.24597999999999998,-0.08779999999999999
-0.34221,-0.20550999999999997,-0.08040000000000003
-0.3158700000000001,-0.20777,-0.07665
-0.60442,0.006429999999999936,-0.12346999999999997
-0.58114,-0.00044999999999995044,-0.09750000000000003
-0.5689599999999999,-0.0017699999999999383,-0.20426999999999995
-0.61168,0.00021000000000004349,-0.20953
-0.58752,-0.0017099999999999893,-0.19062
-0.7823599999999999,-0.0011099999999999444,-0.15147999999999995
-0.7513599999999999,-0.0379799999999999,-0.16066999999999998
-0.81269,-0.03503999999999996,-0.15116000000000007
-0.79517,-0.0020299999999999763,-0.15241000000000005
-0.76173,-0.036819999999999964,-0.17391999999999996
-0.42195000000000005,-0.02781,-0.12819999999999998
-0.44309,-0.055910000000000015,-0.14198
-0.43913,-0.003990000000000049,-0.13227
-0.33102,-0.07521999999999995,-0.12390000000000001
-0.31350999999999996,-0.03848999999999991,-0.1272399999999999
-0.03431000000000006,-0.10145000000000004,-0.10498000000000007
-0.05388999999999999,-0.49154,-0.09209999999999996
-0.027140000000000053,-0.5050300000000001,-0.12363000000000002
-0.016559999999999908,-0.40903,-0.013089999999999935
-0.016920000000000046,-0.1459499999999999,-0.08999000000000001
-0.54681,-0.46965,-0.12276999999999993
-0.5923700000000001,-0.45735000000000003,-0.11784000000000006
-0.5055099999999999,-0.47026999999999997,-0.11154999999999993
-0.5250300000000001,-0.41952000000000006,-0.13826000000000005
-0.55846,-0.5949,-0.11218000000000006
-0.29044000000000003,-0.034009999999999985,-0.040650000000000075
-0.28145999999999993,-0.035840000000000094,-0.0845499999999999
-0.31395000000000006,-0.19225000000000003,-0.0917
-0.3113100000000001,-0.024940000000000073,-0.09535000000000005
-0.32589,-0.08827000000000007,-0.07805000000000006
-0.14683000000000002,-0.10513000000000006,-0.18447999999999998
-0.11243999999999998,-0.04738000000000009,-0.17108999999999996
-0.10995999999999995,-0.06864000000000003,-0.15903
-0.12883,-0.05403000000000002,-0.14713999999999994
-0.45655,-0.017770000000000064,-0.18649000000000004
-0.28303999999999996,-0.58255,-0.05123
-0.33741,-0.51762,-0.043239999999999945
-0.2903899999999999,-0.51925,0.0020700000000000163
-0.37479000000000007,-0.55941,-0.04751000000000005
-0.34772000000000003,-0.39112,-0.05070000000000008
-0.5959700000000001,-0.2376999999999999,-0.011730000000000018
-0.07613999999999999,-0.18145,-0.032810000000000006
-0.17660999999999993,-0.37859,-0.05401999999999996
-0.21460999999999997,-0.44300000000000006,-0.011170000000000013
-0.65252,-0.263,-0.05947000000000002
-0.54975,0.008540000000000103,-0.09553999999999996
-0.56838,-0.16401,-0.09423999999999999
-0.58527,-0.20689999999999997,-0.09414
-0.6751499999999999,0.003249999999999975,-0.13514000000000004
-0.65715,-0.22162000000000004,-0.11292999999999997
-0.60653,-0.14446000000000003,-0.061470000000000025
-0.5331400000000001,-0.09079000000000004,-0.05786000000000002
-0.5734300000000001,-0.1291,-0.02212000000000003
-0.6464400000000001,-0.13618999999999992,-0.05239000000000005
-0.65203,-0.10355999999999999,-0.027079999999999993
-0.36221000000000003,-0.09502,-0.15339999999999998
-0.40532,-0.0808000000000001,-0.16010000000000002
-0.4692099999999999,-0.07071000000000005,-0.17669999999999997
-0.45668,-0.08540999999999999,-0.16610999999999998
-0.43470999999999993,-0.09337000000000006,-0.16952999999999996
-0.4547,-0.34433,-0.09236999999999995
-0.44113,-0.32313000000000003,-0.08955999999999997
-0.46623,-0.33006,-0.10250999999999999
-0.4343100000000001,-0.31215000000000004,-0.10906000000000005
-0.5063500000000001,-0.33648,-0.11860000000000004
-0.05514000000000008,-0.044769999999999976,-0.08349000000000006
-0.007219999999999893,-0.09235000000000004,-0.06903999999999999
-0.0034000000000000696,-0.048329999999999984,-0.0763600000000001
-0.011920000000000042,-0.04200000000000004,-0.07952000000000004
-0.00985999999999998,-0.13863000000000003,-0.07399
-0.49334000000000006,-0.09692,-0.0755300000000001
-0.50962,-0.10483999999999993,-0.08099999999999996
-0.50286,-0.09950000000000003,-0.09616000000000002
-0.46165,-0.013850000000000029,-0.10648000000000002
-0.55698,-0.10443999999999998,-0.10112999999999994
-0.6582600000000001,-0.39776999999999996,-0.63263
-0.67436,-0.21223999999999998,-0.5793299999999999
-0.6602,-0.6705800000000001,-0.68427
-0.65191,-0.28866,-0.64941
-0.6723699999999999,-0.6097400000000001,-0.64686
-0.6768000000000001,-0.16310999999999998,-0.23394000000000004
-0.65355,-0.18518999999999997,-0.23548999999999998
-0.66604,-0.18123,-0.21228999999999998
-0.65744,-0.27932,-0.19335000000000002
-0.62861,-0.14350999999999992,-0.16732999999999998
-0.28841000000000006,-0.03380000000000005,-0.08549000000000007
-0.27981,-0.03305999999999998,-0.11114000000000002
-0.27937,-0.0343,-0.17874
-0.31184999999999996,-0.028100000000000014,-0.1372
-0.29852,-0.027040000000000064,-0.16817000000000004
-0.11354000000000009,-0.60726,-0.06879000000000002
-0.36858,-0.60144,-0.14437
-0.3879,-0.5769299999999999,-0.10597000000000001
-0.27186,-0.6339300000000001,-0.13229000000000002
-0.36586,-0.66832,-0.348
-0.54116,-0.005739999999999967,-0.11731000000000003
-0.57978,-0.013010000000000077,-0.14866000000000001
-0.54267,-0.01155000000000006,-0.13607000000000002
-0.31067,-0.016710000000000003,-0.12098999999999993
-0.6106199999999999,-0.009869999999999934,-0.11044999999999994
-0.23951999999999996,-0.59788,-0.007780000000000009
-0.23236,-0.4552,-0.08190999999999993
-0.51367,-0.5066900000000001,-0.039059999999999984
-0.35715,-0.5223599999999999,-0.0854100000000001
-0.24412,-0.50821,-0.06784000000000001
-0.45519000000000004,-0.20512000000000008,0.00262999999999991
-0.5131300000000001,-0.39619000000000004,-0.012050000000000005
-0.020729999999999915,-0.3522799999999999,-0.022270000000000012
-0.44987,-0.66781,0.02292000000000005
-0.20499999999999996,-0.28708999999999996,-0.036719999999999975
-0.47304,-0.16235,-0.06338999999999995
-0.5524899999999999,-0.11291999999999991,-0.07155999999999996
-0.36800999999999995,-0.15453000000000006,-0.05819999999999992
-0.54247,-0.14520999999999995,-0.11004000000000003
-0.31794,-0.13827999999999996,-0.07830000000000004
-0.05744000000000005,-0.47307000000000005,-0.09553999999999996
-0.037310000000000065,-0.10263,-0.09864000000000006
-0.03756999999999999,-0.06650999999999996,-0.08972000000000002
-0.11082000000000003,-0.03667000000000009,-0.14015
-0.06030000000000002,-0.39434,-0.1192700000000001
-0.06794999999999995,-0.44826,-0.02368999999999999
-0.03874,-0.49716000000000005,0.0013299999999999423
-0.09753,-0.51933,0.005870000000000042
-0.16174999999999995,-0.51607,-0.00605
-0.06015999999999999,-0.48077,-0.0047399999999999665
-0.68181,-0.6733899999999999,-0.07068999999999992
-0.7016,-0.61705,-0.06552999999999998
-0.70513,-0.66172,-0.07260000000000011
-0.68531,-0.67392,-0.05439000000000005
-0.6922,-0.67824,-0.07113999999999998
-0.65849,-0.08482999999999996,-0.50316
-0.47169999999999995,-0.0867,-0.19460999999999995
-0.50149,-0.07996999999999999,-0.32703
-0.564,-0.11121999999999999,-0.18542000000000003
-0.49995999999999996,-0.020399999999999974,-0.36945999999999996
-0.09226000000000001,-0.029279999999999973,-0.07028000000000001
-0.09621000000000002,-0.03208999999999995,-0.06378000000000006
-0.1021200000000001,-0.02939999999999998,-0.0759200000000001
-0.08490000000000009,-0.031159999999999966,-0.08817000000000008
-0.10483999999999993,-0.035560000000000036,-0.09919
-0.63272,-0.10728000000000004,-0.33841
-0.5271000000000001,-0.09625000000000006,-0.16360000000000008
-0.56304,-0.10373999999999994,-0.34596000000000005
-0.58914,-0.15016999999999991,-0.33126999999999995
-0.5528500000000001,-0.10533999999999999,-0.3420700000000001
-0.37062,-0.05319000000000007,-0.12297000000000002
-0.11781999999999992,-0.04730999999999996,-0.11380000000000001
-0.05936000000000008,-0.05034000000000005,-0.05020000000000002
-0.16161999999999999,-0.08840999999999999,-0.08782999999999996
-0.54311,-0.05030000000000001,-0.11592999999999998
-0.18730000000000002,-0.03320000000000001,-0.053219999999999934
-0.28888,-0.037189999999999945,-0.06201000000000001
-0.17171000000000003,-0.04190000000000005,-0.03703999999999996
-0.29764999999999997,-0.05115000000000003,-0.062490000000000046
-0.29766000000000004,-0.04121000000000008,-0.02803
-0.60269,-0.14472000000000007,-0.15786
-0.58745,-0.09969000000000006,-0.12702000000000002
-0.6310600000000001,-0.1258100000000001,-0.19344000000000006
-0.62679,-0.21970999999999996,-0.2057
-0.64529,-0.11931999999999998,-0.1644500000000001
-0.40052,-0.6046,-0.08845000000000003
-0.36595999999999995,-0.50311,-0.11087999999999998
-0.21067999999999998,-0.57298,-0.12480999999999998
-0.47940000000000005,-0.50536,-0.12795
-0.40774,-0.50839,-0.12817999999999996
-0.46651000000000004,-0.10548999999999997,-0.06346000000000007
-0.45076,-0.010239999999999916,-0.010299999999999976
-0.49620000000000003,-0.00822999999999996,-0.045480000000000076
-0.45067,-0.056540000000000035,-0.04476000000000002
-0.57317,-0.0033600000000000296,-0.030299999999999994
-0.35517999999999994,-0.005430000000000046,-0.03628999999999993
-0.38881,-0.058740000000000014,-0.03881000000000001
-0.47021,-0.04232999999999998,-0.03750999999999993
-0.43195000000000006,-0.01988000000000001,-0.03589000000000009
-0.42747,-0.047189999999999954,-0.039370000000000016
-0.38525,0.00042999999999993044,-0.15572999999999992
-0.34117,-0.005759999999999987,-0.12819000000000003
-0.40315,0.00012000000000000899,-0.15058000000000005
-0.32223,-0.006200000000000094,-0.19330000000000003
-0.30067,-0.0022299999999999542,-0.16796
-0.64768,-0.016680000000000028,-0.56264
-0.67882,-0.017759999999999998,-0.5790599999999999
-0.5054,-0.0042999999999999705,-0.49480999999999997
-0.59448,-0.13212000000000002,-0.50287
-0.5324500000000001,-0.01049,-0.42003
-0.09975,-0.15847999999999995,-0.18264000000000002
-0.33067,-0.16010000000000002,-0.18386000000000002
-0.10421000000000002,-0.08450000000000002,-0.18512000000000006
-0.22076000000000007,-0.0648200000000001,-0.17972
-0.11079000000000006,-0.13621000000000005,-0.17528
-0.5244,-0.044560000000000044,-0.32825000000000004
-0.45219,-0.015390000000000015,-0.34299999999999997
-0.51536,-0.1537599999999999,-0.30883000000000005
-0.59152,-0.13559999999999994,-0.33177
-0.53875,-0.01580999999999999,-0.33645
-0.04913000000000001,-0.09087,-0.0766
-0.07730999999999999,-0.11316999999999999,-0.09316999999999998
-0.05910000000000004,-0.06959000000000004,-0.10397
-0.08286000000000004,-0.06936000000000009,-0.07182
-0.06108000000000002,-0.06564999999999999,-0.07045000000000001
-0.09341999999999995,-0.49811999999999995,-0.21555000000000002
-0.06743999999999994,-0.57897,-0.21933000000000002
-0.08732999999999991,-0.47015999999999997,-0.22802999999999995
-0.23048000000000002,-0.48925,-0.19750999999999996
-0.11102999999999996,-0.47661000000000003,-0.22209
-0.47263,-0.07945000000000002,-0.07510000000000006
-0.59511,-0.06272999999999995,-0.05889
-0.59632,-0.18713000000000002,-0.037959999999999994
-0.54939,-0.14207999999999998,-0.033989999999999965
-0.5242899999999999,-0.04078999999999999,-0.041649999999999965
-0.6183000000000001,-0.09260000000000002,-0.025469999999999993
-0.73221,-0.07739000000000007,-0.010840000000000072
-0.70387,-0.08969000000000005,-0.028450000000000086
-0.73671,-0.08751999999999993,-0.012319999999999998
-0.74875,-0.08560999999999996,-0.022760000000000002
-0.5867500000000001,-0.13893999999999995,-0.02085999999999999
-0.68787,-0.16612000000000005,-0.05780999999999992
-0.5689500000000001,-0.13107000000000002,-0.046660000000000035
-0.53935,-0.13923999999999992,-0.05149999999999999
-0.53209,-0.22197,-0.06930999999999998
-0.33477999999999997,-0.14864,-0.018839999999999968
-0.28795999999999994,-0.0788700000000001,-0.0016100000000000003
-0.33348,-0.15383999999999998,-0.004249999999999976
-0.31840999999999997,-0.14236000000000004,0.011110000000000064
-0.32659000000000005,-0.14893,-0.0004899999999999904
-0.41842999999999997,-0.36759,-0.05333999999999994
-0.16446000000000005,-0.17612000000000005,-0.057109999999999994
-0.39917,-0.029630000000000045,-0.09516999999999998
-0.21596000000000004,-0.20353,-0.10260999999999998
-0.3746999999999999,-0.03469999999999995,-0.14771
-0.4558,-0.016240000000000032,-0.24195999999999995
-0.49279,-0.054440000000000044,-0.27183
-0.50495,-0.02666999999999997,-0.24588
-0.39826,-0.019399999999999973,-0.22982000000000002
-0.58295,-0.02137,-0.26614
-0.008409999999999918,-0.03849999999999998,-0.0021599999999999397
-0.21143999999999996,-0.041850000000000054,0.0038400000000000656
-0.014369999999999994,-0.03983999999999999,0.00385000000000002
-0.44472,-0.025229999999999975,0.0026999999999999247
-0.01966000000000001,-0.02994999999999992,-0.00039999999999995595
-0.13465000000000005,-0.09081000000000006,-0.06169999999999998
-0.23263,-0.049410000000000065,-0.06516
-0.03871000000000002,0.006190000000000029,0.03378999999999999
-0.03164,-0.049800000000000066,0.01878000000000002
-0.04569000000000001,-0.005329999999999946,0.04013
-0.68684,-0.13183999999999996,-0.12328000000000006
-0.6855600000000001,-0.13602999999999998,-0.003750000000000031
-0.68704,-0.13019999999999998,-0.12739
-0.70112,-0.15974999999999995,-0.6646
-0.67669,-0.13371,-0.08487
-0.70165,-0.3422700000000001,-0.009669999999999956
-0.7210399999999999,-0.36022,-0.020609999999999906
-0.7233799999999999,-0.37893999999999994,-0.0043799999999999395
-0.71765,-0.3270700000000001,-0.02037
-0.71357,-0.25246,-0.019469999999999987
-0.24918000000000007,-0.3457,-0.07384000000000002
-0.22449999999999992,-0.27769,-0.05894999999999995
-0.24897999999999998,-0.36074000000000006,-0.07038
-0.30718999999999996,-0.35151999999999994,-0.04518999999999995
-0.28191,-0.36682000000000003,-0.07011999999999996
-0.32401,-0.027840000000000087,-0.07049000000000005
-0.27432,-0.04659000000000002,-0.07653999999999994
-0.3483599999999999,-0.03443000000000007,-0.1375599999999999
-0.29019000000000006,-0.029920000000000058,-0.12875000000000003
-0.30829000000000006,-0.05227000000000004,-0.0786
-0.45421999999999996,-0.14702000000000004,-0.018939999999999957
-0.42456,-0.1614,-0.16201
-0.46124000000000004,-0.15408,-0.01935000000000009
-0.407,-0.15517999999999998,-0.19899
-0.36521000000000003,-0.14615,-0.21318000000000004
-0.13546000000000002,-0.619,-0.008410000000000029
-0.13644999999999996,-0.55198,-0.008589999999999987
-0.11502000000000001,-0.61284,-0.020560000000000023
-0.16840999999999995,-0.71923,-0.061779999999999946
-0.11392999999999998,-0.52454,-0.04232999999999998
-0.5863,-0.039490000000000025,-0.07846000000000009
-0.56857,-0.028299999999999992,-0.08696000000000004
-0.59616,-0.02281999999999995,-0.09064000000000005
-0.56675,-0.021440000000000015,-0.07862000000000002
-0.32389999999999997,-0.03080000000000005,-0.07445999999999997
-0.28539000000000003,-0.036699999999999955,-0.24431000000000003
-0.26744,-0.24819000000000002,-0.2389
-0.33441,0.007090000000000041,-0.25287000000000004
-0.29046000000000005,-0.2167,-0.24150000000000005
-0.259,-0.023310000000000053,-0.23506000000000005
-0.49936,-0.62408,-0.04579
-0.46702,-0.38065,-0.04167999999999994
-0.4726800000000001,-0.38361,-0.02942
-0.5716100000000001,-0.43883999999999995,-0.05744000000000005
-0.49030999999999997,-0.44388,-0.04576999999999998
-0.12104999999999999,-0.003610000000000002,-0.13411000000000006
-0.07301000000000002,-0.045379999999999976,-0.13683999999999996
-0.13366,-0.07544000000000006,-0.05371999999999999
-0.09981999999999991,-0.07916999999999996,-0.16445999999999994
-0.07608000000000004,-0.038980000000000015,-0.19364000000000003
-0.48136999999999996,-0.24792000000000003,-0.27327
-0.5017400000000001,-0.30416,-0.24801000000000006
-0.44520999999999994,-0.32438,-0.2379199999999999
-0.57091,-0.33743,-0.29157
-0.52315,-0.28488,-0.21265
-0.18015000000000003,-0.09858,-0.04422000000000004
-0.18977,-0.1991799999999999,-0.05507000000000006
-0.20584000000000002,-0.27888999999999997,-0.06277999999999995
-0.20642000000000005,-0.21444999999999992,-0.05259999999999998
-0.21087,-0.22760999999999998,-0.04905999999999999
-0.7539,-0.16544000000000003,-0.23643999999999998
-0.75255,-0.13768999999999998,-0.33981000000000006
-0.7640800000000001,-0.07233,-0.32112000000000007
-0.78623,-0.12736000000000003,-0.26332
-0.72643,-0.12514000000000003,-0.23582000000000003
-0.45832,-0.25133000000000005,-0.5003200000000001
-0.46634,-0.30867,-0.5131399999999999
-0.41219000000000006,-0.27548000000000006,-0.5454000000000001
-0.42945,-0.26293,-0.5228999999999999
-0.38522,-0.27874999999999994,-0.5261199999999999
-0.09484999999999999,-0.0164200000000001,-0.062039999999999984
-0.10222999999999993,-0.018909999999999982,-0.11095
-0.6100300000000001,-0.014110000000000067,-0.08948
-0.25754,-0.015029999999999988,-0.08357999999999999
-0.3069799999999999,-0.25759,-0.10065000000000002
-0.6609,-0.4937500000000001,-0.41047999999999996
-0.6103099999999999,-0.49207999999999996,-0.48107999999999995
-0.63228,-0.38127999999999995,-0.41457999999999995
-0.63073,-0.47004999999999997,-0.34756
-0.62432,-0.41791,-0.4504699999999999
-0.33141999999999994,-0.27132,-0.012749999999999928
-0.2188,-0.27324000000000004,-0.015469999999999984
-0.2552700000000001,-0.22393000000000007,-0.008960000000000079
-0.3396,-0.26349,-0.014569999999999972
-0.20475999999999994,-0.2796099999999999,-0.015139999999999931
-0.1363000000000001,-0.015240000000000031,0.09371999999999991
-0.15969999999999995,-0.02468999999999999,0.06835000000000002
-0.13291999999999993,-0.5141,0.10352000000000006
-0.23842000000000008,-0.03012999999999999,-0.07379999999999998
-0.22814,-0.018399999999999972,-0.03200000000000003
-0.59666,-0.04677999999999993,-0.0814100000000001
-0.33698000000000006,-0.05032000000000003,-0.02068000000000003
-0.21928999999999998,-0.04847000000000001,-0.06777
-0.24504000000000004,-0.12364999999999993,-0.016369999999999996
-0.38299000000000005,-0.051609999999999934,-0.01580999999999999
-0.6123000000000001,-0.03485000000000005,-0.20348
-0.6094499999999999,-0.029139999999999944,-0.19511999999999996
-0.6368199999999999,-0.029309999999999947,-0.09546999999999994
-0.54525,-0.016159999999999952,-0.09766000000000008
-0.51329,-0.014979999999999993,-0.10382999999999998
-0.18611,-0.0024800000000000377,-0.02833999999999992
-0.21554000000000006,-0.009149999999999991,-0.05761000000000005
-0.30861000000000005,-0.34279,-0.021190000000000042
-0.16950999999999994,-0.007060000000000066,-0.0363
-0.17035999999999996,-0.020789999999999975,-0.021909999999999985
-0.32749000000000006,-0.13266,-0.06679000000000002
-0.29278000000000004,-0.09540000000000004,-0.07730000000000004
-0.31921,-0.10939999999999994,-0.07514999999999994
-0.31621,-0.14756000000000002,-0.07360999999999995
-0.35957000000000006,-0.10036999999999996,-0.08254000000000006
-0.73839,-0.48063,-0.06879000000000002
-0.72849,-0.042829999999999924,-0.03503999999999996
-0.7372700000000001,-0.25111000000000006,-0.050900000000000056
-0.73839,-0.54301,-0.06407000000000007
-0.70416,-0.46997999999999995,-0.06355
-0.6860299999999999,-0.12061999999999995,-0.25220999999999993
-0.63813,-0.06798000000000004,-0.06057000000000001
-0.69282,-0.13013000000000008,-0.04713999999999996
-0.71736,-0.13390000000000002,-0.018930000000000002
-0.68957,-0.07077999999999995,-0.22077999999999998
-0.56053,-0.08701000000000003,-0.06028
-0.57927,-0.13374999999999992,-0.07618999999999998
-0.62531,-0.14191999999999994,-0.07902999999999993
-0.6165,-0.14163000000000003,-0.06233999999999995
-0.55006,-0.12212999999999996,-0.06311999999999995
-0.6188,-0.019469999999999987,-0.10345000000000004
-0.6469199999999999,-0.02195999999999998,-0.10819000000000001
-0.4640700000000001,-0.026490000000000014,-0.05930000000000002
-0.63843,-0.03151999999999999,-0.05752999999999997
-0.5017199999999999,-0.032850000000000046,-0.37153
-0.66434,-0.12148000000000003,-0.2410500000000001
-0.608,-0.05022000000000004,-0.23185
-0.7536999999999999,-0.06501000000000001,-0.24137999999999993
-0.7975699999999999,-0.05801999999999996,-0.23190999999999995
-0.6472600000000001,-0.3315699999999999,-0.21044000000000007
-0.36513000000000007,-0.014959999999999973,-0.25118000000000007
-0.37051999999999996,-0.011889999999999956,-0.24134999999999995
-0.36289000000000005,-0.013589999999999991,-0.30874
-0.3493299999999999,-0.030669999999999975,-0.22836999999999996
-0.35866,0.0020700000000000163,-0.22041999999999995
-0.11880999999999997,-0.07218999999999998,-0.21314999999999995
-0.08312999999999993,-0.07008000000000003,-0.20472999999999997
-0.06346999999999992,-0.09861000000000009,-0.20638999999999996
-0.08677999999999997,-0.06261000000000005,-0.11238000000000004
-0.043340000000000045,-0.061980000000000035,-0.11394000000000004
-0.43791,-0.007990000000000053,-0.05169999999999997
-0.7063900000000001,-0.01660000000000006,-0.10193000000000008
-0.3347399999999999,-0.03811999999999993,-0.09092999999999996
-0.34497,-0.04299999999999993,-0.07016
-0.31655999999999995,-0.010420000000000096,-0.04106999999999994
-0.46362000000000003,-0.007309999999999928,-0.14424000000000003
-0.46546999999999994,-0.01800999999999997,-0.33480999999999994
-0.47456,-0.007369999999999988,-0.21829999999999994
-0.47307999999999995,-0.020870000000000055,-0.25054999999999994
-0.47218,-0.011450000000000071,-0.36365
-0.5905,-0.03735999999999995,-0.30757
-0.42877999999999994,-0.027710000000000012,-0.12566999999999995
-0.15849000000000002,-0.022639999999999993,-0.05328999999999995
-0.1298499999999999,-0.020239999999999925,-0.00827
-0.22905999999999993,-0.017260000000000053,-0.038389999999999924
-0.58498,-0.33431,-0.04722000000000004
-0.7395400000000001,-0.12076000000000009,-0.08385000000000009
-0.52911,-0.35821000000000003,-0.06086999999999998
-0.69537,-0.34009,-0.06494
-0.7011499999999999,-0.16684,-0.05728999999999995
-0.41998,-0.2855700000000001,-0.03007000000000004
-0.59819,-0.32846,-0.04686999999999997
-0.30690000000000006,-0.08306999999999998,-0.051470000000000016
-0.22511000000000003,-0.35888,-0.04510000000000003
-0.29913,-0.36467,-0.05235000000000001
-0.28176,-0.46514000000000005,-0.24652000000000007
-0.3183,-0.45483,-0.27941000000000005
-0.23321999999999998,-0.44714,-0.21794000000000002
-0.26097000000000004,-0.44664999999999994,-0.25286
-0.027100000000000013,-0.38706999999999997,-0.01049
-0.56735,-0.22020000000000006,-0.1533
-0.58023,-0.49147,-0.16383000000000003
-0.56494,-0.4076900000000001,-0.12382000000000004
-0.5777,-0.48782,-0.15119000000000005
-0.5929500000000001,-0.31691,-0.16047
-0.53354,-0.12206000000000006,-0.40431999999999996
-0.56988,-0.014950000000000019,-0.46459000000000006
-0.62352,-0.13745000000000007,-0.45768999999999993
-0.6061099999999999,-0.17811,-0.46818
-0.57209,-0.12075999999999998,-0.42039
-0.63088,-0.12341999999999997,-0.017199999999999993
-0.5602400000000001,-0.13187000000000004,0.0016100000000000003
-0.58104,-0.12612,-0.010440000000000005
-0.61588,-0.09592,-0.0011800000000000699
-0.55091,-0.09648999999999996,0.006099999999999994
-0.5292300000000001,-0.15207000000000004,-0.07638
-0.58642,-0.18145999999999995,-0.06881999999999999
-0.6198999999999999,-0.027169999999999916,-0.16310999999999998
-0.5555000000000001,-0.06306999999999996,-0.18175000000000008
-0.51442,-0.10997000000000001,-0.0807
-0.27476999999999996,-0.23131000000000002,-0.1321
-0.33602,-0.31582,-0.10444999999999993
-0.41325,-0.19355,-0.12291000000000007
-0.3240200000000001,-0.21160999999999996,-0.08456000000000008
-0.34572,-0.23659999999999992,-0.09493000000000007
-0.62291,-0.7434299999999999,-0.03395999999999999
-0.50039,-0.56867,-0.03654999999999997
-0.69908,-0.7000200000000001,-0.028320000000000012
-0.56691,-0.71416,-0.034580000000000055
-0.53313,-0.68612,-0.02417999999999998
-0.4636,-0.0010700000000000154,-0.13948000000000005
-0.46558,-0.11663000000000001,-0.13932
-0.50964,-0.05247999999999997,-0.15083000000000002
-0.5036,-0.002769999999999939,-0.10745000000000005
-0.50926,-0.02756000000000003,-0.14911999999999992
-0.12241000000000002,-0.29679999999999995,-0.038899999999999935
-0.12425999999999993,-0.33641999999999994,-0.04110999999999998
-0.37973999999999997,-0.40227999999999997,-0.04477999999999993
-0.15696999999999994,-0.40329000000000004,-0.04662999999999995
-0.21618000000000004,-0.35109,-0.04711999999999994
-0.63283,-0.15674,-0.08923999999999999
-0.10877999999999999,-0.0396200000000001,-0.06386999999999998
-0.55887,-0.07162000000000002,-0.06766000000000005
-0.47495000000000004,-0.03434999999999999,-0.0769700000000001
-0.5464199999999999,-0.06479999999999997,-0.06350999999999996
-0.20431,-0.02361000000000002,-0.13488
-0.22272000000000003,-0.02693000000000001,-0.15200999999999998
-0.23378,-0.019510000000000027,-0.12229000000000001
-0.35663,-0.0460600000000001,-0.12973
-0.26146,-0.054950000000000054,-0.09701000000000004
-0.18189,-0.35553,-0.04130999999999996
-0.06501999999999997,-0.43492,-0.05575999999999992
-0.21392999999999995,-0.3444900000000001,-0.040919999999999956
-0.13370000000000004,-0.39096,-0.038349999999999995
-0.13651000000000002,-0.33153999999999995,-0.03931000000000007
-0.07452999999999999,-0.25381,-0.04623999999999995
-0.09987000000000001,-0.19940999999999998,-0.025980000000000003
-0.058740000000000014,-0.22677999999999998,-0.06466000000000005
-0.10141999999999995,-0.23212999999999995,-0.04815999999999998
-0.18539000000000005,-0.21806999999999999,-0.062080000000000024
-0.39093,-0.18052,-0.01315999999999995
-0.38569,-0.06472,-0.015650000000000053
-0.3997900000000001,-0.20676000000000005,-0.023480000000000056
-0.37723000000000007,-0.20035000000000003,-0.019710000000000005
-0.38051,-0.18623,-0.0009200000000000319
-0.04264000000000001,-0.37485,-0.09147000000000005
-0.0676,-0.37346,-0.09713000000000005
-0.04014999999999991,-0.45585999999999993,-0.09189999999999998
-0.048719999999999986,-0.57658,-0.09821999999999997
-0.05748999999999993,-0.5463199999999999,-0.07306999999999997
-0.27388,-0.14175000000000004,-0.13541999999999998
-0.29384,-0.09597,-0.15305000000000002
-0.2788799999999999,-0.13563000000000003,-0.09048999999999996
-0.23848999999999998,-0.14506999999999992,-0.057620000000000005
-0.55196,-0.12085999999999997,-0.059640000000000026
-0.80572,-0.07788000000000006,-0.019079999999999986
-0.7932999999999999,-0.08533999999999997,-0.026980000000000004
-0.78392,-0.14257999999999993,-0.00934999999999997
-0.82382,-0.08191000000000004,-0.09223999999999999
-0.74942,-0.07316999999999996,-0.01824999999999999
-0.72571,-0.05935999999999997,-0.3525499999999999
-0.7393000000000001,-0.08531999999999995,-0.39592000000000005
-0.69025,-0.06982,-0.29872
-0.64195,-0.10148999999999997,-0.2530899999999999
-0.62168,-0.06745000000000001,-0.36833000000000005
-0.6590400000000001,-0.47323000000000004,-0.05481999999999998
-0.67562,-0.49222000000000005,-0.06844000000000006
-0.65337,-0.22185,-0.054259999999999975
-0.67432,-0.21992,-0.04675000000000007
-0.6821,-0.32798000000000005,-0.08877000000000002
-0.1229300000000001,-0.04803000000000002,-0.1181000000000001
-0.07182,-0.060169999999999946,-0.10841999999999996
-0.09433000000000002,-0.06796999999999997,-0.11460000000000004
-0.11582000000000003,-0.024359999999999937,-0.10187000000000002
-0.08016000000000001,-0.047679999999999945,-0.09720000000000006
-0.11844999999999994,-0.008610000000000007,-0.06084999999999996
-0.12097999999999998,-0.007419999999999982,-0.05767
-0.38273,-0.051879999999999926,-0.07296000000000002
-0.10626999999999998,-0.008929999999999993,-0.06006
-0.059289999999999954,-0.025419999999999998,-0.047860000000000014
-0.45788999999999996,-0.043949999999999934,-0.022159999999999958
-0.4087599999999999,-0.03469999999999995,-0.024659999999999904
-0.39698999999999995,-0.04751000000000005,-0.020889999999999964
-0.41308999999999996,-0.04025000000000001,-0.022399999999999975
-0.43400000000000005,-0.04562999999999995,-0.020100000000000007
-0.62132,-0.42291,-0.07856999999999992
-0.46904999999999997,-0.47604,-0.02288000000000001
-0.54146,-0.26455000000000006,-0.010869999999999935
-0.49699000000000004,-0.46021,-0.014960000000000084
-0.54531,-0.40975000000000006,-0.09260999999999997
-0.4581,-0.5553299999999999,-0.08889000000000002
-0.42999,-0.5811000000000001,-0.08723000000000003
-0.47795,-0.57979,-0.06096999999999997
-0.49642,-0.5961000000000001,-0.07811000000000001
-0.49639000000000005,-0.6096600000000001,-0.06418000000000001
-0.31433,0.0020999999999999908,-0.07367999999999997
-0.27725999999999995,-0.006979999999999986,-0.06092999999999993
-0.27795000000000003,0.005870000000000042,-0.045989999999999975
-0.33924,0.008240000000000025,-0.09806999999999999
-0.28542999999999996,0.0047199999999999465,-0.04737000000000002
-0.4543600000000001,-0.31623,-0.43002000000000007
-0.51666,-0.3416800000000001,-0.24831000000000003
-0.49712999999999996,-0.3492700000000001,-0.22577999999999998
-0.53006,-0.59557,-0.22255999999999998
-0.45828,-0.3653700000000001,-0.23016999999999999
-0.24705,0.00029999999999996696,-0.26149999999999995
-0.49745,-0.045050000000000034,-0.15375000000000005
-0.45817,-0.0028200000000000447,-0.39599000000000006
-0.73362,-0.018140000000000045,-0.45697000000000004
-0.38162000000000007,-0.0017699999999999383,-0.3957400000000001
-0.47587,-0.42171999999999993,-0.053509999999999946
-0.48702,-0.38231,-0.05542999999999998
-0.4716,-0.46582,-0.05837000000000003
-0.49967,-0.51813,-0.06971000000000005
-0.47501000000000004,-0.51306,-0.060490000000000044
-0.64288,-0.27982999999999997,-0.14397000000000004
-0.62026,-0.32042,-0.1421699999999999
-0.5473700000000001,-0.28332,-0.14423000000000008
-0.59527,-0.27468,-0.14951000000000003
-0.60942,-0.27779000000000004,-0.15156999999999998
-0.45736000000000004,-0.023279999999999967,-0.26725
-0.44885,-0.03115000000000001,-0.34354
-0.42271000000000003,-0.025540000000000007,-0.22248
-0.44527,-0.05795000000000006,-0.20318000000000003
-0.43669,-0.03850999999999993,-0.31427000000000005
-0.27018,-0.5120500000000001,-0.02976000000000001
-0.2722,-0.49688000000000004,-0.018369999999999997
-0.41115999999999997,-0.5206,-0.039630000000000054
-0.09795999999999994,-0.51528,-0.06584000000000001
-0.34858,-0.52855,-0.019629999999999925
-0.09760000000000002,-0.6394,-0.10616999999999999
-0.08418000000000003,-0.6279699999999999,-0.12067000000000005
-0.09239000000000008,-0.63578,-0.12988
-0.09099000000000002,-0.44222000000000006,-0.10059000000000007
-0.07101000000000002,-0.57882,-0.08981000000000006
-0.55132,-0.18418,-0.1003400000000001
-0.587,-0.24712,-0.14032
-0.6791799999999999,-0.07933999999999997,-0.21644999999999992
-0.6607799999999999,-0.11189000000000004,-0.1821799999999999
-0.65157,-0.08635999999999999,-0.23468
-0.66194,-0.7104699999999999,-0.22003000000000006
-0.61425,-0.7049099999999999,-0.26361999999999997
-0.7038899999999999,-0.6830800000000001,-0.29200000000000004
-0.6460400000000001,-0.58256,-0.21733000000000002
-0.67432,-0.7133700000000001,-0.2060599999999999
-0.12645000000000006,-0.029370000000000007,-0.026009999999999978
-0.0636000000000001,0.026739999999999986,-0.04382000000000008
-0.12451999999999996,-0.03161000000000003,-0.020399999999999974
-0.21953999999999996,0.00725000000000009,-0.023809999999999998
-0.09343999999999997,0.0023499999999999632,-0.02817000000000003
-0.05560999999999994,-0.14715,-0.11080000000000001
-0.039289999999999936,-0.18318,-0.14203999999999994
-0.13610999999999995,-0.15378000000000003,-0.13570000000000004
-0.04562999999999995,-0.15878000000000003,-0.10983999999999994
-0.03832000000000002,-0.15829000000000004,-0.13445000000000007
-0.008729999999999905,-0.04274,-0.05898999999999999
-0.035170000000000035,-0.040649999999999964,-0.0670400000000001
-0.003869999999999929,-0.12461,-0.046130000000000004
-0.02949999999999997,-0.07491000000000003,-0.12229000000000001
-0.014469999999999983,-0.12392000000000003,-0.05440999999999996
-0.49001999999999996,-0.19023999999999996,-0.06323000000000001
-0.45246,-0.17838999999999994,-0.13905
-0.49399,-0.12680999999999998,-0.011600000000000055
-0.39036,-0.14022,-0.03525999999999996
-0.39115,-0.19112000000000007,0.0032400000000000206
-0.41862,-0.32074,-0.09051999999999993
-0.43215000000000003,-0.4182,-0.12980999999999998
-0.72893,-0.3405600000000001,-0.16418
-0.6808000000000001,-0.31239000000000006,-0.11716000000000004
-0.72341,-0.31453,-0.20215000000000005
-0.3618,-0.04416999999999993,-0.023619999999999974
-0.44169,-0.04261000000000004,-0.02781
-0.5292699999999999,-0.05391999999999997,-0.023259999999999947
-0.62975,-0.041610000000000036,-0.023249999999999993
-0.5077,-0.04901,-0.023560000000000025
-0.43663,-0.08785999999999994,-0.042059999999999986
-0.42874999999999996,-0.11127999999999993,-0.10253999999999996
-0.44979,-0.07164999999999999,-0.10270999999999997
-0.44242999999999993,-0.1119,-0.07253999999999994
-0.3961,-0.06071000000000004,-0.10333000000000003
-0.73089,-0.10244000000000009,-0.45282
-0.7486200000000001,-0.09511000000000003,-0.33696000000000004
-0.7197,-0.09846999999999995,-0.38595
-0.7671,-0.05389999999999995,-0.46465
-0.70455,-0.10781000000000007,-0.5446799999999999
-0.29238,-0.23636999999999997,-0.36372000000000004
-0.2860499999999999,-0.17700000000000005,-0.1723
-0.28649,-0.28317000000000003,-0.18567
-0.45571000000000006,-0.11043999999999998,-0.3788600000000001
-0.29223,-0.12570000000000003,-0.11439999999999995
-0.48136999999999996,-0.11286999999999991,-0.01529999999999998
-0.35405999999999993,-0.0977300000000001,0.008280000000000065
-0.31662,-0.09813000000000005,-0.03158000000000005
-0.5456000000000001,-0.09589000000000003,-0.010279999999999956
-0.28552,-0.05630999999999997,-0.04413
-0.59152,-0.0524,0.0012699999999999934
-0.63653,-0.02798999999999996,0.0013300000000000534
-0.46693999999999997,-0.028220000000000023,-0.00039000000000000146
-0.6288499999999999,-0.06791999999999998,0.0013100000000000334
-0.53984,-0.052649999999999975,0.009179999999999966
-0.050509999999999944,-0.04781000000000002,-0.02900999999999998
-0.026980000000000004,-0.045849999999999946,-0.01911000000000007
-0.44313,-0.04749000000000003,-0.01366999999999996
-0.16699000000000008,-0.09077000000000002,-0.03444999999999998
-0.46312,-0.03377999999999992,-0.015050000000000008
-0.72187,-0.27815,-0.03471000000000002
-0.70382,-0.28925999999999996,-0.04549000000000003
-0.5578099999999999,-0.26115,-0.05459999999999998
-0.49373,-0.2503200000000001,-0.03724000000000005
-0.6775,-0.26449,-0.06972999999999996
-0.01696999999999993,-0.07573000000000008,-0.029139999999999944
-0.014780000000000015,-0.08246000000000009,-0.03871999999999998
-0.009059999999999957,-0.08209999999999995,-0.03116999999999992
-0.03736000000000006,-0.07217000000000007,-0.03434999999999999
-0.044050000000000034,-0.07669000000000004,-0.029320000000000013
-0.38815999999999995,-0.1502,-0.15959
-0.50769,-0.13188999999999995,-0.1570999999999999
-0.34780999999999995,-0.11404999999999998,-0.13491999999999993
-0.47724,-0.14203,-0.14007999999999998
-0.32838,-0.10315000000000007,-0.12358999999999998
-0.6144799999999999,-0.024619999999999975,-0.10668
-0.5962799999999999,-0.024410000000000043,-0.07099999999999995
-0.60318,-0.030480000000000063,-0.08397999999999994
-0.61708,-0.028400000000000092,-0.09736
-0.67026,-0.024760000000000004,-0.09792999999999996
-0.28674,-0.42815000000000003,-0.08139999999999992
-0.29663000000000006,-0.40571999999999997,-0.07911999999999997
-0.28080000000000005,-0.41985,-0.09049000000000007
-0.29044000000000003,-0.41032,-0.08281000000000005
-0.2719600000000001,-0.43109,-0.06964000000000004
-0.64103,-0.18655,-0.07338
-0.48166,-0.17179,-0.07268999999999992
-0.6372599999999999,-0.23967000000000005,-0.023660000000000014
-0.5958399999999999,-0.17384999999999995,-0.09646999999999994
-0.33553,-0.19630000000000003,-0.07479999999999998
-0.10997000000000001,-0.022679999999999922,-0.025329999999999964
-0.30116,-0.02858000000000005,-0.02627999999999997
-0.20126,-0.0816,-0.024720000000000075
-0.06823999999999997,-0.04369000000000001,-0.011299999999999977
-0.27215,-0.024270000000000014,-0.01473000000000002
-0.0048200000000000465,-0.023880000000000012,-0.026349999999999985
-0.021569999999999978,-0.04220999999999997,-0.035009999999999986
0.02851999999999999,-0.02905000000000002,0.007369999999999988
0.013970000000000038,-0.03080000000000005,-0.009769999999999945
-0.008630000000000027,-0.029000000000000026,-0.03341000000000005
-0.05798000000000003,-0.27103999999999995,0.0008699999999999264
-0.07894999999999996,-0.26214000000000004,0.0025600000000000067
-0.008889999999999953,-0.25739,0.0028000000000000247
-0.22453,-0.2583500000000001,0.01602999999999999
-0.11437999999999993,-0.25792000000000004,-0.002950000000000008
-0.52307,-0.20555999999999996,-0.32001
-0.53887,-0.1796399999999999,-0.31618999999999997
-0.5481099999999999,-0.20303000000000004,-0.3359899999999999
-0.47431999999999996,-0.20808000000000004,-0.08455000000000001
-0.52927,-0.2556900000000001,-0.3587600000000001
-0.15863000000000005,-0.64726,-0.09860000000000002
-0.10360999999999998,-0.59871,-0.07565999999999995
-0.09193000000000007,-0.68376,-0.07850000000000001
-0.07874999999999999,-0.5827500000000001,-0.09106999999999998
-0.1007300000000001,-0.62256,-0.10333000000000003
-0.25408,-0.09660999999999997,-0.1006499999999999
-0.25808,-0.48648,-0.11304999999999998
-0.25981,-0.49456999999999995,-0.12190000000000001
-0.53821,-0.4673999999999999,-0.10093999999999992
-0.24806000000000006,-0.48913,-0.02693000000000001
-0.03261999999999998,-0.40704000000000007,-0.52189
-0.029610000000000025,-0.47361,-0.52417
-0.031059999999999977,-0.45011999999999996,-0.50658
-0.028019999999999934,-0.51813,-0.5294399999999999
-0.027490000000000014,-0.49538999999999994,-0.5091000000000001
-0.36406000000000005,-0.0048400000000000665,-0.04502000000000006
-0.36595999999999995,-0.018340000000000023,-0.025499999999999967
-0.38836000000000004,-0.006260000000000043,-0.09273000000000009
-0.38642,-0.07125999999999999,-0.029259999999999953
-0.38803999999999994,-0.009050000000000002,-0.09038999999999997
-0.7984899999999999,-0.11987000000000003,-0.35231999999999997
-0.7695500000000001,-0.12985000000000002,-0.33515000000000006
-0.73282,-0.12575999999999998,-0.6587700000000001
-0.75925,-0.14032999999999995,-0.3356800000000001
-0.74743,-0.11195,-0.52664
-0.41269,-0.05186999999999997,-0.05935999999999997
-0.44382000000000005,-0.04037999999999997,-0.05839000000000005
-0.51926,-0.02461000000000002,-0.07483000000000006
-0.41611,-0.06363000000000008,-0.037109999999999976
-0.33487,-0.03895000000000004,-0.0012699999999999934
-0.59448,-0.34846999999999995,-0.23195
-0.46080000000000004,-0.3395,-0.22189000000000003
-0.39542,-0.3346,-0.24053999999999998
-0.53328,-0.31711,-0.22265000000000001
-0.6040099999999999,-0.32531999999999994,-0.24127999999999994
-0.40635,-0.07549000000000006,-0.08534999999999993
-0.3496699999999999,-0.07106999999999997,-0.07140999999999997
-0.54952,-0.09456999999999993,-0.12698999999999994
-0.41233999999999993,-0.09175,-0.0968199999999999
-0.58706,-0.08753,-0.13256
-0.54203,-0.07738,-0.22400999999999993
-0.47895000000000004,-0.059169999999999945,-0.14197000000000004
-0.67093,-0.07806000000000002,-0.22479000000000005
-0.44023,-0.07703000000000004,-0.15851000000000004
-0.42228000000000004,-0.022639999999999993,-0.13231000000000004
-0.055320000000000036,-0.009809999999999985,-0.01197999999999999
-0.07589999999999997,-0.043849999999999945,-0.020930000000000004
-0.04054000000000002,-0.009569999999999967,-0.015939999999999954
-0.28289999999999993,-0.008639999999999981,-0.010259999999999936
-0.049449999999999994,-0.04571000000000003,-0.019490000000000007
-0.57172,-0.06538,-0.07359000000000004
-0.54884,-0.07095999999999991,-0.07339999999999991
-0.61956,-0.06101999999999996,-0.07196000000000002
-0.50976,-0.05481999999999998,-0.04539000000000004
-0.51611,-0.05559999999999998,-0.08182
-0.11980999999999997,0.05967,-0.06876000000000004
-0.13144,-0.05365999999999993,-0.08582999999999996
-0.15493999999999997,-0.04257,-0.08135999999999999
-0.14728999999999992,-0.06835000000000002,-0.10219999999999996
-0.39657,-0.05060000000000009,-0.14671999999999996
-0.63099,-0.06254000000000004,-0.0007200000000000539
-0.75436,-0.10070000000000001,-0.31721
-0.64551,-0.05193000000000003,-0.5134700000000001
-0.72457,-0.07256999999999991,-0.65856
-0.72847,-0.05329000000000006,-0.10655999999999999
-0.7044199999999999,-0.21672000000000002,-0.14498999999999995
-0.64278,-0.2083299999999999,-0.09713000000000005
-0.65725,-0.20687,-0.08711999999999998
-0.66444,-0.21023999999999998,-0.10892000000000002
-0.69672,-0.21119,-0.18109999999999993
-0.024419999999999997,-0.49359,-0.15288000000000002
-0.029430000000000067,-0.593,-0.13277000000000005
-0.02788999999999997,-0.45782999999999996,-0.14371999999999996
-0.021710000000000007,-0.43909,-0.12009000000000003
-0.01580999999999999,-0.5942099999999999,-0.12346000000000001
-0.10926000000000002,-0.07249000000000005,-0.06945999999999997
-0.10897000000000001,-0.09845000000000004,-0.07038999999999995
-0.14928999999999992,-0.09108000000000005,-0.08023999999999998
-0.10114000000000001,-0.10104000000000002,-0.06561000000000006
-0.040899999999999936,-0.09467000000000003,-0.06555
-0.55286,-0.04013,-0.09353
-0.6414,-0.04250999999999994,-0.07553999999999994
-0.65774,-0.10346,-0.07433999999999996
-0.6286,-0.034989999999999966,-0.05983000000000005
-0.58118,-0.04954000000000003,-0.10089999999999999
-0.5077699999999999,-0.08826999999999996,-0.21495999999999993
-0.55769,-0.07954000000000006,-0.48105
-0.4922,-0.10046,-0.47921
-0.4694,-0.08511000000000002,-0.49578
-0.45655,-0.05860999999999994,-0.22563
-0.5025299999999999,-0.12010999999999994,-0.16728999999999994
-0.5246700000000001,-0.0900200000000001,-0.16648000000000007
-0.509,-0.1208300000000001,-0.19421
-0.50674,-0.09367000000000003,-0.1549600000000001
-0.50893,-0.05940000000000001,-0.16766000000000003
-0.38328000000000007,-0.08151999999999993,-0.07051000000000007
-0.19977,-0.07887,-0.044910000000000005
-0.23251,-0.11102999999999996,-0.06564999999999999
-0.40354999999999996,-0.08665999999999996,-0.06260999999999994
-0.21636999999999995,-0.07999,-0.10802
-0.36310000000000003,-0.0016399999999999748,0.016710000000000003
-0.3437700000000001,0.0009700000000000264,-0.01750000000000007
-0.37862999999999997,0.0012699999999999934,0.005670000000000064
-0.40877,-0.0029199999999999227,-0.03639000000000003
-0.3402,-6.0000000000060005e-05,0.07364000000000004
-0.10999999999999999,-0.23953000000000002,-0.08020000000000005
-0.1179,-0.2406600000000001,-0.08145999999999998
-0.09894999999999998,-0.29125,-0.07055
-0.11770000000000003,-0.3182900000000001,-0.06798000000000004
-0.41955999999999993,-0.27574999999999994,-0.15671999999999997
-0.5716000000000001,-0.1572,-0.16244000000000003
-0.5710500000000001,-0.12314000000000003,-0.11899000000000004
-0.58109,-0.16542,-0.22684000000000004
-0.5838,-0.19440999999999997,-0.11904999999999999
-0.56935,-0.14796999999999993,-0.10533000000000003
-0.5554399999999999,-0.0680099999999999,-0.013229999999999964
-0.7243900000000001,-0.03559000000000001,-0.018970000000000042
-0.51928,-0.03974999999999995,-0.017329999999999957
-0.65564,-0.06288000000000005,-0.018240000000000034
-0.61893,-0.07030000000000003,-0.013259999999999939
-0.45548,-0.16757,-0.10131000000000001
-0.33592,-0.12548000000000004,-0.06979999999999997
-0.35397,-0.12758999999999998,0.01039000000000001
-0.46531000000000006,-0.13783999999999996,-0.01854
-0.41087000000000007,-0.12788999999999995,-0.011220000000000008
-0.67451,-0.012940000000000063,-0.11524000000000001
-0.7156,-0.01701000000000008,-0.22230000000000005
-0.5461,-0.038289999999999935,-0.08222999999999991
-0.64079,-0.045030000000000014,-0.15398
-0.5630200000000001,-0.019260000000000055,-0.06117000000000006
-0.05456000000000005,-0.025309999999999944,-0.13631000000000004
-0.12549999999999994,-0.002990000000000048,-0.10250000000000004
-0.028349999999999986,-0.029649999999999954,-0.14356999999999998
-0.008090000000000042,-0.028000000000000025,-0.13214000000000004
-0.027510000000000034,-0.026469999999999994,-0.06967999999999996
-0.28193,-0.21985,-0.13359
-0.38107,-0.20493000000000006,-0.13256999999999997
-0.35018000000000005,-0.24701000000000006,-0.13002999999999998
-0.6736500000000001,-0.19330999999999998,-0.15271
-0.5341800000000001,-0.19178000000000006,-0.11572000000000005
-0.013029999999999986,-0.2465799999999999,-0.008160000000000056
-0.46553999999999995,-0.22015000000000007,-0.00981999999999994
-0.41781999999999997,-0.12629,-0.0020399999999999308
-0.41749,-0.29066000000000003,-0.005390000000000006
-0.40781,-0.15311000000000008,-0.01045000000000007
-0.37256,-0.03261000000000003,-0.10616999999999999
-0.36257000000000006,-0.036009999999999986,-0.12029000000000001
-0.35231999999999997,-0.02998999999999996,-0.11546999999999996
-0.3789100000000001,-0.04097000000000006,-0.12629
-0.32161000000000006,-0.033379999999999965,-0.10836999999999997
-0.52919,-0.06209999999999993,-0.06419000000000008
-0.52542,-0.045540000000000025,-0.07357000000000002
-0.52356,-0.055749999999999966,-0.07215000000000005
-0.5626,-0.028529999999999944,-0.03916999999999993
-0.50935,-0.05937999999999999,-0.07910000000000006
-0.012460000000000027,-0.15966999999999998,-0.06277999999999995
-0.32016999999999995,-0.16032999999999997,-0.09136
-0.010600000000000054,-0.16231000000000007,-0.05714000000000008
-0.011579999999999924,-0.15981,-0.05142000000000002
-0.015450000000000075,-0.16252,-0.054810000000000025
-0.32114999999999994,-0.35142000000000007,-0.08814
-0.30931999999999993,-0.37788999999999995,-0.04766999999999999
-0.55799,-0.5294800000000001,-0.07716999999999996
-0.29141000000000006,-0.44073,-0.07405000000000006
-0.29454,-0.31948,-0.055930000000000035
-0.64804,-0.044440000000000035,-0.5707099999999999
-0.64432,-0.041100000000000025,-0.6978599999999999
-0.65395,-0.04031000000000007,-0.57744
-0.6341600000000001,-0.04688000000000003,-0.56789
-0.63982,-0.05731999999999993,-0.5629000000000001
-0.60216,-0.19002999999999992,-0.19687
-0.63899,-0.18036999999999992,-0.5698000000000001
-0.6345500000000001,-0.20307000000000008,-0.46478
-0.58239,-0.18581999999999999,-0.48102999999999996
-0.60893,-0.19813000000000003,-0.39377
-0.09119999999999995,-0.04864000000000002,-0.05027999999999999
-0.20864000000000005,-0.048980000000000024,-0.03695999999999999
-0.20092999999999994,-0.04962,-0.06068999999999991
-0.052610000000000046,-0.06491999999999998,-0.05503999999999998
-0.05634000000000006,-0.06486000000000003,-0.05474000000000001
-0.62341,-0.26385000000000003,-0.0029800000000000937
-0.25173999999999996,-0.26639,-0.0008199999999999319
-0.6766000000000001,-0.20581000000000005,-0.020630000000000037
-0.63524,-0.2631,-0.00660000000000005
-0.51425,-0.020009999999999972,-0.0033199999999999896
-0.19499,-0.13918000000000008,-0.08943000000000001
-0.16222000000000003,-0.12731000000000003,-0.048939999999999984
-0.12523000000000006,-0.12692000000000003,-0.08255999999999997
-0.13761,-0.13428000000000007,-0.09199999999999997
-0.10514999999999997,-0.1374700000000001,-0.05618000000000001
-0.61408,-0.02093999999999996,-0.12056
-0.57998,-0.016780000000000017,-0.10393000000000008
-0.6234299999999999,-0.016129999999999978,-0.16569999999999996
-0.6513,-0.023460000000000036,-0.14329999999999998
-0.57955,-0.020999999999999908,-0.012190000000000034
-0.5245799999999999,-0.03317999999999999,-0.12141999999999997
-0.56172,-0.03732000000000002,-0.06611
-0.28663000000000005,-0.05136000000000007,-0.11353000000000002
-0.34556,-0.033320000000000016,-0.11473999999999995
-0.56972,-0.03934000000000004,-0.06882999999999995
-0.22989000000000004,-0.008079999999999976,-0.07820000000000005
-0.24328000000000005,0.008440000000000003,-0.07640999999999998
-0.31109,-0.00651999999999997,-0.08172000000000001
-0.19822000000000006,0.006850000000000023,-0.055769999999999986
-0.43310000000000004,0.005320000000000102,-0.052850000000000064
-0.14293,-0.05742000000000003,-0.15721999999999992
-0.258,-0.08804999999999996,-0.23485999999999996
-0.21758999999999995,-0.14991,-0.16947999999999996
-0.25349999999999995,-0.16096,-0.17148999999999992
-0.11016000000000004,-0.14547999999999994,-0.19226
-0.48950999999999995,-0.027549999999999963,-0.23146
-0.51261,-0.015639999999999987,-0.23621000000000003
-0.47411000000000003,-0.018409999999999926,-0.18630000000000002
-0.4898,-0.02080000000000004,-0.24868
-0.49876999999999994,-0.01709000000000005,-0.16766999999999999
-0.22426000000000001,-0.12787000000000004,-0.08143999999999996
-0.25602,-0.01863999999999999,-0.08511999999999997
-0.31055,-0.018809999999999993,-0.08728999999999998
-0.20557000000000003,-0.015140000000000042,-0.10109000000000001
-0.12954999999999994,-0.009479999999999933,-0.051979999999999915
-0.7669300000000001,-0.05484,-0.09199000000000002
-0.77346,-0.029569999999999985,-0.09846999999999995
-0.77067,-0.36968,-0.13656000000000001
-0.8073,-0.06347000000000003,-0.11541000000000001
-0.75687,-0.08890999999999993,-0.10363
-0.32626999999999995,-0.2080700000000001,-0.124
-0.36791000000000007,-0.02478999999999998,-0.24743000000000004
-0.35825000000000007,-0.02588999999999997,-0.025940000000000074
-0.3587,-0.18696999999999997,-0.16933999999999994
-0.2634099999999999,-0.15559,-0.16916999999999993
-0.6349899999999999,-0.56074,0.011619999999999964
-0.6417900000000001,-0.4667699999999999,0.007379999999999942
-0.5123199999999999,-0.60562,0.01146999999999998
-0.5703699999999999,-0.38477999999999996,0.0242
-0.56637,-0.5374099999999999,0.018880000000000008
-0.7302799999999999,-0.20206000000000002,-0.76535
-0.72312,-0.23095,-0.71032
-0.79246,-0.15960999999999992,-0.76345
-0.71885,-0.26078999999999997,-0.73319
-0.73666,-0.20225000000000004,-0.6992
-0.2392899999999999,-0.05619999999999992,-0.03754999999999997
-0.07577,-0.058230000000000004,-0.03481000000000001
-0.07486999999999999,-0.06818999999999997,-0.022889999999999966
-0.6574499999999999,-0.05903999999999998,-0.029269999999999907
-0.31694,-0.050410000000000066,-0.03827999999999998
-0.43901999999999997,-0.07357000000000002,-0.12002999999999997
-0.34003000000000005,-0.24029,-0.18110000000000004
-0.46229,-0.25306000000000006,-0.15835
-0.43138999999999994,-0.14900999999999998,-0.18230000000000002
-0.38166,-0.053099999999999925,-0.20991000000000004
-0.13778999999999997,-0.19575999999999993,-0.01600999999999997
-0.2532,-0.19550999999999996,-0.015040000000000053
-0.12895999999999996,-0.21821000000000002,-0.006360000000000032
-0.25773999999999997,-0.18431999999999993,-0.009929999999999994
-0.11865000000000003,-0.19033999999999995,-0.011560000000000015
-0.13961,-0.46068999999999993,-0.012830000000000008
-0.14014000000000004,-0.46419,-0.03270000000000006
-0.11351,-0.5030699999999999,-0.03653000000000006
-0.11300999999999994,-0.47387999999999997,-0.030789999999999984
-0.20228000000000002,-0.4210499999999999,-0.047330000000000094
-0.6647000000000001,-0.012279999999999958,-0.11082999999999998
-0.6416000000000001,-0.021509999999999918,-0.10342000000000007
-0.67438,-0.02088000000000001,-0.68056
-0.67893,-0.010170000000000012,-0.08426999999999996
-0.68844,-0.0035399999999999876,-0.08296999999999999
-0.46556,-0.01574999999999993,-0.54834
-0.48669999999999997,-0.03608,-0.48123
-0.41105,-0.03372999999999993,-0.08093000000000006
-0.49818000000000007,-0.03489999999999993,-0.10108000000000006
-0.47511,-0.008449999999999958,-0.10268
-0.17076999999999998,-0.09401999999999999,-0.17490000000000006
-0.21289999999999998,-0.04569000000000001,-0.16564
-0.18530000000000002,-0.048109999999999986,-0.16400000000000003
-0.15400999999999998,-0.10865999999999998,-0.10830000000000006
-0.14100000000000001,-0.08006999999999997,-0.11980000000000002
-0.54678,-0.03659000000000001,-0.02803
-0.5446099999999999,-0.06362000000000001,-0.06923999999999997
-0.39393999999999996,-0.10389999999999999,-0.002889999999999948
-0.52502,-0.18423,-0.04121000000000008
-0.5685100000000001,-0.05998000000000003,-0.11887000000000003
-0.6673,-0.02861999999999998,-0.17588000000000004
-0.68249,-0.03203,-0.17651000000000006
-0.7183999999999999,-0.027939999999999965,-0.27315999999999996
-0.71106,-0.02617999999999998,-0.1654
-0.71394,-0.05937999999999999,-0.16569999999999996
-0.027660000000000018,-0.018730000000000024,-0.006619999999999959
-0.01200000000000001,-0.023089999999999944,-0.018839999999999968
-0.0716,-0.02527999999999997,-0.02176
-0.03754000000000002,-0.023960000000000092,-0.03875000000000006
-0.02969999999999995,-0.023639999999999994,-0.0625699999999999
-0.4172999999999999,-0.07121999999999995,-0.059309999999999974
-0.40695000000000003,-0.07915000000000005,-0.029299999999999993
-0.36122,-0.06894,-0.017769999999999953
-0.32508000000000004,-0.10204999999999997,-0.03374999999999995
-0.30182,-0.14390000000000003,-0.029340000000000033
-0.03976000000000002,-0.007040000000000046,-0.0014699999999999713
-0.08891000000000004,-0.012209999999999943,-0.004730000000000012
-0.08589000000000002,-0.014869999999999939,-0.004790000000000072
-0.08598000000000006,-0.010109999999999952,-0.007709999999999995
-0.08391000000000004,-0.010789999999999966,-0.006929999999999992
-0.75178,-0.0050200000000000244,-0.28737999999999997
-0.73111,-0.01169000000000009,-0.14262000000000008
-0.66276,-0.004349999999999965,-0.26395
-0.72776,-0.007499999999999951,-0.10094999999999998
-0.6941,-0.01034999999999997,-0.25016000000000005
-0.54059,-0.10581000000000007,-0.09267999999999998
-0.55134,-0.06220999999999999,-0.11557000000000006
-0.52274,-0.015000000000000013,-0.08916000000000002
-0.5306200000000001,-0.11559999999999993,-0.14026000000000005
-0.5487600000000001,-0.09049000000000007,-0.0889700000000001
-0.46987,-0.11369999999999991,-0.21667999999999998
-0.57745,-0.08447000000000005,-0.21885999999999994
-0.65472,-0.09086000000000005,-0.18822000000000005
-0.32177999999999995,-0.13264999999999993,-0.18581000000000003
-0.37024,-0.09531999999999996,-0.19391999999999998
-0.55478,-0.63486,-0.10938999999999999
-0.54507,-0.59295,-0.09587000000000001
-0.50833,-0.5053300000000001,-0.08761999999999992
-0.54002,-0.5858800000000001,-0.12387000000000004
-0.55366,-0.58584,-0.11470999999999998
-0.08635999999999999,-0.09656000000000009,-0.07433999999999996
-0.07232000000000005,-0.09626000000000001,-0.08362999999999998
-0.08308000000000004,-0.09246999999999994,-0.10258
-0.12317999999999996,-0.09860999999999998,-0.08427999999999991
-0.0787500000000001,-0.09667999999999999,-0.08609
0.03377999999999992,-0.6541,-0.02243000000000006
0.02128999999999992,-0.60297,-0.00719000000000003
0.08538999999999997,-0.64865,0.039489999999999914
-0.1594000000000001,-0.62596,-0.06531000000000009
0.15090000000000003,-0.61542,0.08409
-0.60503,-0.052489999999999926,-0.10651999999999995
-0.5944100000000001,-0.03263000000000005,-0.10828000000000004
-0.44386999999999993,-0.04417000000000004,-0.07355
-0.63323,-0.08712000000000009,-0.11895
-0.5860700000000001,-0.03691,-0.07050000000000001
-0.40869,-0.51403,-0.06336000000000008
-0.3133,-0.47512999999999994,-0.10261999999999993
-0.3071100000000001,-0.47847,-0.0940200000000001
-0.37038000000000004,-0.59555,-0.09052000000000004
-0.41525,-0.49127,-0.07694000000000001
-0.39339,-0.46270999999999995,-0.11559999999999993
-0.5067300000000001,-0.37497,-0.13582000000000005
-0.5052699999999999,-0.47945,-0.1774199999999999
-0.54015,-0.38691999999999993,-0.09698000000000007
-0.44387999999999994,-0.41962,-0.18003000000000002
-0.04188000000000003,-0.50737,-0.02559
-0.03798999999999997,-0.21699999999999997,-0.04154000000000002
-0.04176000000000002,-0.31179,-0.03654999999999997
-0.038249999999999895,-0.08514,-0.03148999999999991
-0.05772999999999995,-0.47511,-0.022970000000000046
-0.52805,-0.5487299999999999,-0.23367000000000004
-0.51649,-0.44214,-0.26970000000000005
-0.51849,-0.52778,-0.11126999999999998
-0.57401,-0.51198,-0.17791
-0.33263000000000004,-0.53585,-0.06380000000000008
-0.59483,-0.19901000000000002,-0.038270000000000026
-0.41979,-0.18406,-0.05423
-0.6478900000000001,-0.20766000000000007,-0.007140000000000035
-0.65211,-0.19274999999999998,-0.07939000000000007
-0.53257,-0.23243999999999998,-0.04076000000000002
-0.14809000000000005,-0.41555999999999993,-0.07772000000000001
-0.33574000000000004,-0.40238000000000007,-0.10295999999999994
-0.3706400000000001,-0.28262999999999994,-0.09836
-0.09977000000000003,-0.32738,-0.10741
-0.20140000000000002,-0.28746000000000005,-0.07675999999999994
-0.68086,-0.07257000000000002,-0.06111
-0.60233,-0.10328999999999999,-0.11707000000000001
-0.7060000000000001,-0.29852999999999996,-0.07574000000000003
-0.6688700000000001,-0.11504999999999999,-0.06616999999999995
-0.69131,-0.10919000000000001,-0.09851999999999994
-0.12719999999999998,-0.0807,-0.08865
-0.13973000000000002,-0.029939999999999967,-0.018959999999999977
-0.12463000000000002,-0.08401000000000003,-0.017470000000000097
-0.40817000000000003,-0.034379999999999966,-0.11040000000000005
-0.15397000000000005,-0.039530000000000065,-0.09869000000000006
-0.19399999999999995,-0.039470000000000005,-0.008329999999999949
-0.12725999999999993,-0.04966000000000004,-0.018919999999999937
-0.09679000000000004,-0.037129999999999996,-0.04901
-0.21950999999999998,-0.04866000000000004,-0.01695000000000002
-0.19360999999999995,-0.034399999999999986,-0.012499999999999956
-0.1985699999999999,-0.16732000000000002,-0.05302999999999991
-0.18184999999999996,-0.26539999999999997,-0.027639999999999998
-0.38404000000000005,-0.57718,-0.044440000000000035
-0.41998,-0.2250899999999999,-0.05453000000000008
-0.7288600000000001,-0.06008000000000002,-0.12236999999999998
-0.6413099999999999,-0.07572999999999996,-0.24317
-0.65589,-0.040200000000000014,-0.26215
-0.6236200000000001,-0.07940000000000003,-0.29734000000000005
-0.60837,-0.059169999999999945,-0.2879299999999999
-0.57526,-0.07682,-0.27425999999999995
-0.53771,-0.014899999999999913,-0.14515999999999996
-0.5493999999999999,-0.017530000000000046,-0.10254999999999992
-0.5557799999999999,-0.013530000000000042,-0.10702
-0.52574,-0.007500000000000062,-0.12832999999999994
-0.48721,-0.00596999999999992,-0.10409999999999997
-0.38183,-0.49080999999999997,-0.13449999999999995
-0.26541000000000003,-0.5693600000000001,-0.13058999999999998
-0.30591,-0.49322999999999995,-0.11819999999999997
-0.20557000000000003,-0.5124799999999999,-0.12029000000000001
-0.25104000000000004,-0.5344199999999999,-0.10606000000000004
-0.6649,-0.29882,-0.04227000000000003
-0.65106,-0.31523999999999996,-0.03593000000000002
-0.66867,-0.21392,-0.03234999999999999
-0.69458,-0.28445,-0.04508000000000001
-0.6753100000000001,-0.3411700000000001,-0.029360000000000053
-0.704,-0.20356000000000007,-0.010709999999999997
-0.6966999999999999,-0.09506999999999999,-0.024129999999999985
-0.70557,-0.20230000000000004,-0.022639999999999993
-0.7027800000000001,-0.20994999999999997,-0.03660000000000008
-0.7030400000000001,-0.23083999999999993,-0.013900000000000023
-0.5647599999999999,-0.021889999999999965,-0.23870999999999998
-0.61831,-0.01599000000000006,-0.22120000000000006
-0.62098,-0.02023000000000008,-0.20875999999999995
-0.56856,-0.018159999999999954,-0.24444999999999995
-0.67354,-0.012490000000000001,-0.23034
-0.44436999999999993,-0.19967999999999997,0.036350000000000104
-0.4600000000000001,-0.52123,0.02729999999999999
-0.46508999999999995,-0.54233,-0.009019999999999917
-0.47382,-0.53226,-0.08789000000000002
-0.47058,-0.5184500000000001,-0.04072999999999993
-0.6651400000000001,-0.20757000000000003,-0.15559
-0.68154,-0.09494999999999998,-0.09172000000000002
-0.65444,-0.07791000000000003,-0.06758000000000008
-0.6690499999999999,-0.4542300000000001,-0.20979000000000003
-0.65531,-0.08619999999999994,-0.13393
-0.30528999999999995,-0.019299999999999984,-0.12871
-0.29261000000000004,-0.02568999999999999,-0.13950000000000007
-0.30542,-0.01303999999999994,-0.06625999999999999
-0.31191,-0.02681,-0.07584000000000002
-0.3132400000000001,-0.02033000000000007,-0.1048
-0.23843999999999999,-0.054139999999999966,-0.03145999999999993
-0.36692,-0.03788999999999998,-0.041260000000000074
-0.26957,-0.045399999999999996,-0.03471000000000002
-0.36396000000000006,-0.04642000000000002,-0.02402000000000004
-0.33655,-0.04491999999999996,-0.032379999999999964
-0.17442000000000002,-0.16498000000000002,-0.04801999999999995
-0.10963999999999996,-0.31943,-0.054810000000000025
-0.12880000000000003,-0.22063,-0.06447999999999998
-0.16712000000000005,-0.012459999999999916,-0.05603999999999998
-0.19183000000000006,-0.18215000000000003,-0.05391000000000001
-0.40847,-0.40562,-0.05628
-0.20501999999999998,-0.35590999999999995,-0.04604000000000008
-0.39212,-0.31777,-0.06397000000000008
-0.23359000000000008,-0.4221,-0.052059999999999995
-0.27605,-0.43877,-0.06007000000000007
-0.51854,-0.13149,-0.27622
-0.61581,-0.08671999999999991,-0.19789999999999996
-0.6032,-0.25637999999999994,-0.22458
-0.7115,-0.15803,-0.24581000000000008
-0.72675,-0.18767,-0.22947000000000006
-0.025339999999999918,-0.04225000000000001,-0.019319999999999893
-0.031130000000000102,-0.04232999999999998,-0.0337400000000001
-0.016000000000000014,-0.036030000000000006,-0.14814000000000005
-0.52813,-0.038919999999999955,-0.15906999999999993
-0.01658000000000004,-0.03871000000000002,-0.16004000000000007
-0.51319,-0.5776100000000001,-0.52298
-0.5310699999999999,-0.50021,-0.60406
-0.5531999999999999,-0.5476099999999999,-0.50269
-0.5285,-0.5746199999999999,-0.47454999999999997
-0.53401,-0.5340100000000001,-0.47639
-0.16658000000000006,-0.04681999999999997,-0.23408000000000007
-0.19029000000000007,-0.06437000000000004,-0.27587000000000006
-0.3343600000000001,-0.04962999999999995,-0.2156300000000001
-0.34175,-0.0670900000000001,-0.22643000000000002
-0.12241999999999997,-0.04969000000000001,-0.21767999999999998
-0.63382,-0.29267999999999994,-0.25883
-0.6149800000000001,-0.06760999999999995,-0.2362700000000001
-0.48268999999999995,-0.28401,-0.16796999999999995
-0.61948,-0.07574999999999998,-0.21138
-0.49343000000000004,-0.29725,-0.14250000000000007
-0.13813999999999993,-0.015159999999999951,-0.05457999999999996
-0.42260999999999993,-0.015120000000000022,-0.06779000000000002
-0.13744,-0.027760000000000007,-0.0670099999999999
-0.13534999999999997,-0.015569999999999973,-0.05123999999999995
-0.45408000000000004,-0.01937,-0.05381999999999998
-0.47448999999999997,-0.09584999999999999,-0.09651999999999994
-0.44605000000000006,-0.1459600000000001,-0.08090000000000008
-0.42056000000000004,-0.09492999999999996,-0.12056
-0.72911,-0.22423000000000004,-0.08164000000000005
-0.42452999999999996,-0.18408999999999998,-0.08459000000000005
-0.40415999999999996,-0.13637999999999995,-0.05597999999999992
-0.5081100000000001,-0.13196999999999992,-0.06906000000000001
-0.53884,-0.11968000000000001,-0.06923000000000001
-0.4797699999999999,-0.11312,-0.06651999999999991
-0.5140899999999999,-0.14058000000000004,-0.06441999999999992
-0.35096000000000005,-0.55237,-0.05024000000000006
-0.39339999999999997,-0.61977,-0.09180999999999995
-0.32892,-0.6237600000000001,-0.40008
-0.35484000000000004,-0.58971,-0.039610000000000034
-0.4582900000000001,-0.57742,-0.04966000000000004
-0.08667999999999998,-0.040919999999999956,-0.008469999999999978
-0.06912000000000007,-0.03159000000000001,-0.009060000000000068
-0.08360000000000001,-0.02666999999999997,-0.019419999999999993
-0.5414399999999999,-0.047009999999999996,-0.03649999999999998
-0.52997,-0.03470999999999991,-0.02507999999999999
-0.5925,-0.5243800000000001,0.012870000000000048
-0.5706499999999999,-0.53345,0.03637000000000001
-0.5967899999999999,-0.5761499999999999,0.03425
-0.58012,-0.5008900000000001,0.05748000000000009
-0.71794,-0.54529,-0.07207000000000008
-0.25563,-0.30238,0.00266999999999995
-0.2525299999999999,-0.33459000000000005,0.06988000000000005
-0.26060000000000005,-0.29962999999999995,0.02067999999999992
-0.29554,-0.18742999999999999,0.016220000000000012
-0.27074999999999994,-0.33138,-0.0119999999999999
-0.01919000000000004,-0.48578000000000005,-0.015770000000000062
-0.025469999999999993,-0.48022000000000004,-0.02994999999999992
-0.022290000000000032,-0.44631,-0.024940000000000073
-0.011090000000000044,-0.49168999999999996,-0.019730000000000025
-0.013700000000000045,-0.5461199999999999,-0.0325700000000001
-0.2145100000000001,-0.022580000000000044,-0.1532300000000001
-0.16555000000000009,-0.03166000000000002,-0.15550000000000008
-0.36166999999999994,-0.03342999999999996,-0.16150999999999993
-0.3508300000000001,-0.027129999999999987,-0.15388000000000002
-0.33497999999999994,-0.022360000000000047,-0.17652999999999996
-0.4104399999999999,-0.04849000000000003,-0.18675999999999993
-0.35927,-0.05342000000000002,-0.17947999999999997
-0.34685,-0.05908000000000002,-0.15836000000000006
-0.4343,-0.09156999999999993,-0.16956000000000004
-0.27959999999999996,-0.048860000000000015,-0.19057000000000002
-0.61865,-0.44492000000000004,-0.50038
-0.59056,-0.59722,-0.5692299999999999
-0.55522,-0.60148,-0.52329
-0.5742099999999999,-0.54888,-0.5213099999999999
-0.62103,-0.48089,-0.55191
-0.47794,-0.053019999999999956,-0.09865000000000002
-0.46999,-0.06776000000000004,-0.09892999999999996
-0.48536,-0.17404999999999993,-0.09567000000000003
-0.46375000000000005,-0.19848,-0.08617000000000008
-0.43235999999999997,-0.029550000000000076,-0.09197999999999995
-0.5934900000000001,-0.022889999999999966,-0.32794
-0.61964,-0.15848000000000007,-0.33122000000000007
-0.62554,-0.026529999999999943,-0.3366
-0.65604,-0.025190000000000046,-0.33004
-0.6252500000000001,-0.020830000000000015,-0.32767999999999997
-0.46891000000000005,-0.11912,-0.15744999999999998
-0.5080800000000001,-0.10838000000000003,-0.14399000000000006
-0.40159,-0.11982999999999999,-0.1356799999999999
-0.43979,-0.13851999999999998,-0.14485000000000003
-0.42562,-0.10784000000000005,-0.14085999999999999
-0.09049999999999991,-0.08935000000000004,-0.04306999999999994
-0.34984000000000004,-0.11437000000000008,-0.058070000000000066
-0.28425,-0.07221,-0.05144000000000004
-0.4696,-0.09939999999999993,-0.05911999999999995
-0.35026,-0.10881999999999992,-0.06125000000000003
-0.75397,-0.021050000000000013,-0.06471000000000005
-0.75156,-0.018510000000000026,-0.0892400000000001
-0.75041,-0.028270000000000017,-0.10594999999999999
-0.7353999999999999,-0.033889999999999976,-0.06046999999999991
-0.7283999999999999,0.07797999999999994,-0.07057000000000002
-0.23060000000000003,-0.14318999999999993,-0.022299999999999986
-0.1674699999999999,-0.15639000000000003,-0.018669999999999964
-0.17767,-0.18919999999999992,-0.022830000000000017
-0.14224000000000003,-0.23082999999999998,-0.01605000000000001
-0.17368000000000006,-0.30221,-0.02183999999999997
-0.37771999999999994,-0.16816999999999993,-0.21805999999999992
-0.16447,-0.21179000000000003,-0.17923
-0.19630000000000003,-0.2562700000000001,-0.17827000000000004
-0.13017,-0.21092,-0.11502999999999997
-0.48767,-0.19754000000000005,-0.24948000000000004
-0.34021,-0.44371999999999995,-0.07630999999999999
-0.33810000000000007,-0.39236999999999994,0.00761999999999996
-0.3377800000000001,-0.41294,0.018950000000000022
-0.4741,-0.33777999999999997,-0.09125000000000005
-0.37345,-0.34784000000000004,-0.0011799999999999589
-0.22148999999999996,-0.2750800000000001,-0.07804
-0.21924,-0.09684999999999999,-0.07528999999999997
-0.20017000000000007,-0.09175,-0.08144000000000007
-0.26466,-0.22797,-0.07433000000000001
-0.20182999999999995,-0.14976,-0.07396999999999998
-0.47156,0.0005600000000000049,-0.06755
-0.47143,-0.00759999999999994,-0.05313000000000001
-0.06862999999999997,-0.0043800000000000505,-0.04798999999999998
-0.15244999999999997,-0.0011299999999999644,-0.07186999999999999
-0.28306,0.008399999999999963,-0.04937999999999998
-0.42145,-0.08232000000000006,-0.12004999999999999
-0.49507,-0.19919999999999993,-0.10252000000000006
-0.54952,-0.08761999999999992,-0.11607
-0.38297,-0.08126,-0.10968
-0.51065,-0.07372999999999996,-0.11792000000000002
-0.65252,-0.03593999999999997,-0.0023699999999999832
-0.69174,-0.11509999999999998,-0.035820000000000074
-0.68926,-0.01315999999999995,-0.024679999999999924
-0.66448,-0.04708000000000001,-0.037330000000000085
-0.64725,-0.10243000000000002,-0.009220000000000006
-0.10172999999999999,-0.25638000000000005,-0.14841000000000004
-0.06818000000000002,-0.23087000000000002,-0.13329999999999997
-0.09676000000000007,-0.25290999999999997,-0.13209000000000004
-0.28798,-0.22910999999999992,-0.1604500000000001
-0.09338000000000002,-0.22555999999999998,-0.13101000000000007
-0.43345,0.028739999999999988,-0.2620300000000001
-0.35653999999999997,0.01478999999999997,-0.10633000000000004
-0.23188000000000009,0.07951999999999992,-0.22330000000000005
-0.29791,0.030379999999999963,-0.18328
-0.60135,0.15303,-0.28262
-0.7546299999999999,-0.41453999999999996,-0.26685000000000003
-0.64828,-0.42489000000000005,-0.2704
-0.65647,-0.43810999999999994,-0.29737
-0.67622,-0.46056,-0.31703000000000003
-0.75709,-0.42881,-0.5794900000000001
-0.59552,-0.15732000000000002,-0.19023
-0.60541,-0.005110000000000059,-0.20693000000000006
-0.6236200000000001,-0.014900000000000024,-0.21665
-0.6038999999999999,0.03191999999999995,-0.21122999999999992
-0.61237,0.02982000000000007,-0.2077
-0.15393,-0.09194000000000002,-0.131
-0.06157999999999997,-0.07887999999999995,-0.14168999999999998
-0.61307,-0.057070000000000065,-0.22458999999999996
-0.57322,-0.06989999999999996,-0.04837999999999998
-0.08090999999999993,-0.11447999999999992,-0.16779999999999995
-0.031180000000000097,-0.12029000000000001,-0.030060000000000087
-0.026839999999999975,-0.18146000000000007,-0.03069999999999995
-0.02210000000000001,-0.11919999999999997,-0.030870000000000064
-0.22026,-0.11953000000000003,-0.03259999999999996
-0.28371999999999997,-0.13315,-0.03168000000000004
-0.60861,-0.07700000000000007,-0.07218999999999998
-0.65509,-0.06540000000000001,-0.07477
-0.62563,-0.07562999999999998,-0.07585000000000008
-0.58535,-0.08688999999999991,-0.10514000000000001
-0.58191,-0.08231,-0.06610000000000005
-0.09162000000000003,-0.028859999999999997,-0.15049999999999997
-0.08074000000000003,-0.005179999999999962,-0.14037
-0.12190999999999996,-0.015780000000000016,-0.10144999999999993
-0.19696000000000002,-0.01580999999999999,-0.1476900000000001
-0.11898999999999993,-0.014739999999999975,-0.14664
-0.008450000000000069,-0.43940999999999997,-0.07033
-0.04378000000000004,-0.52904,-0.061630000000000074
-0.02252999999999994,-0.33301000000000003,-0.07565
-0.15079999999999993,-0.48086,-0.08126999999999995
-0.03495999999999999,-0.41896999999999995,-0.05869000000000002
-0.61012,-0.49565000000000003,-0.28001999999999994
-0.6452199999999999,-0.52762,-0.29989999999999994
-0.60446,-0.5197,-0.26854
-0.66829,-0.45552999999999993,-0.28030999999999995
-0.6334200000000001,-0.49796,-0.2932100000000001
-0.6808000000000001,-0.07116999999999996,-0.04964000000000002
-0.65792,-0.07151999999999992,-0.05152000000000001
-0.6513100000000001,-0.06412999999999991,-0.012739999999999974
-0.6360699999999999,-0.26398999999999995,-0.030789999999999984
-0.66589,-0.24630999999999992,-0.009399999999999964
-0.23835000000000006,-0.1149,-0.16880000000000006
-0.21077999999999997,-0.09590999999999994,-0.16315999999999997
-0.22431999999999996,-0.10024999999999995,-0.17108999999999996
-0.26037,-0.09802999999999995,-0.17164999999999997
-0.20528999999999997,-0.09996000000000005,-0.16398999999999997
-0.5542800000000001,-0.016689999999999983,-0.03807000000000005
-0.55758,-0.020050000000000012,-0.06301999999999996
-0.51776,0.0018400000000000638,-0.06067
-0.5521199999999999,-0.02295999999999998,-0.07718000000000003
-0.54366,-0.008569999999999967,-0.05464000000000002
-0.37959999999999994,-0.007440000000000002,-0.08089999999999997
-0.5592300000000001,-0.006220000000000003,-0.05886000000000002
-0.3573299999999999,-0.0007099999999999884,-0.05716999999999994
-0.56908,-0.006809999999999983,-0.09328999999999998
-0.39135,0.00019999999999997797,-0.06474999999999997
-0.09738999999999998,-0.19677,-0.10599000000000003
-0.11014999999999997,-0.16517000000000004,-0.14732
-0.12839999999999996,-0.18023999999999996,-0.07587999999999995
-0.31113999999999997,-0.17418,-0.13570000000000004
-0.42591,-0.18711999999999995,-0.14963000000000004
-0.05882999999999994,-0.10264999999999991,-0.09207999999999994
-0.040629999999999944,-0.08828999999999998,-0.11961
-0.03165000000000007,-0.07010000000000005,-0.06988000000000005
-0.02736000000000005,-0.07746999999999993,-0.09050000000000002
-0.016229999999999967,-0.1642,-0.12337999999999993
-0.55522,-0.16938999999999993,-0.0819200000000001
-0.6508700000000001,-0.22792,-0.04962999999999995
-0.55373,-0.27276,-0.06781000000000004
-0.5523,-0.22026999999999997,-0.07299999999999995
-0.48346,-0.15184000000000009,-0.04793000000000003
-0.5008600000000001,-0.58525,-0.08893000000000006
-0.5285500000000001,-0.08527000000000007,-0.10982000000000003
-0.5557400000000001,-0.32292,-0.07820000000000005
-0.57932,-0.47804,-0.10415999999999992
-0.5795000000000001,-0.63686,-0.05191000000000001
-0.3654900000000001,-0.16239000000000003,-0.06900000000000006
-0.30288000000000004,-0.3248599999999999,-0.19054000000000004
-0.42652,-0.10061000000000009,-0.10721999999999998
-0.46754999999999997,-0.053100000000000036,-0.11929000000000001
-0.45759999999999995,-0.3753000000000001,-0.26061
-0.10585,-0.027739999999999987,-0.18331000000000008
-0.10934999999999995,-0.011410000000000031,-0.15742999999999996
-0.31057999999999997,-0.01717000000000002,-0.14342999999999995
-0.67206,-0.03961999999999999,-0.17045999999999994
-0.10396000000000005,-0.016490000000000005,-0.17339000000000004
-0.15119000000000005,-0.018830000000000013,-0.11172000000000004
-0.10653000000000001,-0.02611999999999992,-0.1362
-0.19464000000000004,-0.02561000000000002,-0.12182000000000004
-0.11451999999999996,-0.016109999999999958,-0.11377000000000004
-0.04413,-0.013299999999999979,-0.11865000000000003
-0.30221,-0.06320000000000003,-0.044339999999999935
-0.28993,-0.12614000000000003,-0.062350000000000017
-0.2755099999999999,-0.14686,-0.06781999999999999
-0.22597999999999996,-0.13404000000000005,-0.04196
-0.32269000000000003,-0.06860999999999995,-0.12052000000000007
-0.4629899999999999,-0.05130000000000001,-0.23810999999999993
-0.52193,-0.05201,-0.15878000000000003
-0.49707,-0.12134,-0.24531999999999998
-0.5742,-0.04712000000000005,-0.24875000000000003
-0.46597999999999995,-0.05147999999999997,-0.25142
-0.03905000000000003,-0.19396000000000002,-0.06455
-0.05801999999999996,-0.20450999999999997,-0.06167999999999996
-0.04557,-0.20339999999999991,-0.05900000000000005
-0.05098999999999998,-0.19713999999999998,-0.06510000000000005
-0.03359999999999996,-0.21557000000000004,-0.05259999999999998
-0.69938,-0.05296000000000001,-0.64627
-0.65323,-0.04079999999999995,-0.66507
-0.6605699999999999,-0.037410000000000054,-0.63477
-0.6874399999999999,-0.049900000000000055,-0.40401
-0.62401,-0.050449999999999995,-0.17379
-0.29535,-0.508,-0.19918999999999998
-0.47048999999999996,-0.41644000000000003,-0.21999999999999997
-0.29466000000000003,-0.3074199999999999,-0.15647
-0.3190799999999999,-0.41659999999999997,-0.09429999999999994
-0.35330000000000006,-0.38594000000000006,-0.19328999999999996
-0.32442000000000004,-0.020020000000000038,-0.41255000000000003
-0.4449,-0.059210000000000096,-0.35892
-0.5629,-0.05773000000000006,-0.35115999999999997
-0.5418999999999999,-0.024700000000000055,-0.35507999999999995
-0.5659799999999999,-0.008549999999999947,-0.36815
-0.6686399999999999,-0.11400999999999994,-0.6163
-0.5793699999999999,-0.06730999999999998,-0.5044500000000001
-0.6249,-0.32823,-0.59595
-0.53286,-0.33490000000000003,-0.5520700000000001
-0.51605,-0.35503999999999997,-0.36526000000000003
-0.66327,-0.003570000000000073,-0.14273000000000002
-0.73661,-0.005599999999999938,-0.22217999999999993
-0.71913,0.004789999999999961,-0.19418999999999997
-0.74203,-0.0021999999999999797,-0.26883
-0.70077,-0.008000000000000007,-0.19299
-0.38704000000000005,-0.66916,-0.045009999999999994
-0.39289999999999997,-0.71294,-0.0877
-0.39888,-0.62905,-0.06461000000000006
-0.39869000000000004,-0.39842999999999995,-0.08335000000000004
-0.5226999999999999,-0.67754,-0.06545999999999996
-0.66376,-0.12565000000000004,-0.13077000000000005
-0.5420499999999999,-0.03237000000000001,-0.13161
-0.58097,-0.08889999999999998,-0.1268999999999999
-0.63992,-0.0642600000000001,-0.13790000000000002
-0.5843200000000001,-0.1456900000000001,-0.12677000000000005
-0.018500000000000072,-0.052729999999999944,-0.020870000000000055
-0.42303,-0.07395000000000007,-0.012319999999999998
-0.34979000000000005,-0.0695,-0.02290000000000003
-0.56026,-0.03270000000000006,-0.029610000000000025
-0.4654,-0.024370000000000003,-0.02034999999999998
-0.32758999999999994,-0.13776,-0.08148999999999995
-0.21911999999999998,-0.17679999999999996,-0.07504
-0.24465000000000003,-0.14231000000000005,-0.08067000000000002
-0.37272000000000005,-0.13441999999999998,-0.11951
-0.28515,-0.15866000000000002,-0.09078000000000008
-0.62974,-0.31203000000000003,-0.22905999999999993
-0.38283,-0.32204,-0.25290999999999997
-0.59016,-0.16205999999999998,-0.25608999999999993
-0.59955,-0.08399000000000001,-0.22050999999999998
-0.43723,-0.04912000000000005,-0.22182999999999997
-0.74403,-0.05162,-0.029260000000000064
-0.56708,-0.047229999999999994,-0.04261999999999999
-0.63112,-0.20870999999999995,-0.06406
-0.7093400000000001,-0.26942,-0.05080000000000007
-0.7744899999999999,-0.05445,-0.04383999999999999
-0.54935,-0.05215000000000003,-0.05110999999999999
-0.5755999999999999,0.0018399999999999528,-0.051059999999999994
-0.56705,0.015589999999999993,-0.049919999999999964
-0.58497,-0.041710000000000025,-0.09269000000000005
-0.5604899999999999,-0.05298000000000003,-0.05062999999999995
-0.61064,-0.12007000000000001,-0.09307999999999994
-0.5539099999999999,-0.11773,-0.09661999999999993
-0.54646,-0.12036000000000002,-0.10039999999999993
-0.48622,-0.12259000000000009,-0.20924999999999994
-0.46747999999999995,-0.09358,-0.09340999999999999
-0.62614,-0.4219,-0.11341000000000001
-0.61633,-0.50589,-0.11502000000000001
-0.6299699999999999,-0.5115000000000001,-0.07436999999999994
-0.6243099999999999,-0.47295000000000004,-0.12827
-0.6543399999999999,-0.43228999999999995,-0.15666000000000002
-0.7328,0.01819000000000004,-0.003589999999999982
-0.75015,0.01436000000000004,0.0011100000000000554
-0.7672399999999999,0.008649999999999936,-0.0019700000000000273
-0.7481399999999999,0.01611000000000007,-0.0026399999999999757
-0.74908,0.01202000000000003,-0.00933000000000006
-0.35639999999999994,-0.009979999999999989,-0.11471999999999993
-0.38227999999999995,-0.0049200000000000355,-0.12378
-0.39002000000000003,0.008750000000000036,-0.10240000000000005
-0.6029,-0.00653999999999999,-0.09678999999999993
-0.39665000000000006,0.0035600000000000076,-0.12320000000000009
-0.3072499999999999,-0.008140000000000036,-0.16555999999999993
-0.25304000000000004,-0.021549999999999958,-0.08438999999999997
-0.25749,-0.020930000000000004,-0.10677000000000003
-0.27742,-0.020110000000000072,-0.16408999999999996
-0.2070200000000001,-0.017330000000000068,-0.1774300000000001
-0.2721,-0.025290000000000035,-0.014490000000000003
-0.63905,-0.008160000000000056,-0.011920000000000042
-0.6663,-0.012850000000000028,-0.008850000000000025
-0.67335,-0.02623999999999993,-0.01366999999999996
-0.65699,-0.029000000000000026,-0.010170000000000012
-0.44541,-0.08805000000000007,-0.15003
-0.41113,-0.07877999999999996,-0.15810000000000002
-0.47109999999999996,-0.07865,-0.14798
-0.44109,-0.07696999999999998,-0.15037
-0.40669999999999995,-0.08148999999999995,-0.13083
-0.25167000000000006,-0.23965000000000003,-0.33968
-0.26088,-0.22510999999999992,-0.22316000000000003
-0.22145000000000004,-0.24446,-0.22505000000000008
-0.25678,-0.28962,-0.16726000000000008
-0.56006,-0.23163,-0.48080000000000006
-0.14792000000000005,-0.030059999999999976,-0.027819999999999956
-0.3074,-0.07356999999999991,-0.029710000000000014
-0.18106,-0.055769999999999986,-0.02944000000000002
-0.21547000000000005,-0.043200000000000016,-0.030989999999999962
-0.12252000000000007,-0.019959999999999978,-0.03703000000000001
-0.6301,-0.016549999999999954,-0.2007
-0.5696399999999999,-0.13373999999999997,-0.18689
-0.5588,-0.10886000000000007,-0.34426
-0.62958,-0.010689999999999977,-0.21831
-0.59126,0.08673999999999993,-0.19571000000000005
-0.10099999999999998,-0.11610999999999994,-0.05502999999999991
-0.08227999999999991,-0.15354999999999996,-0.050839999999999996
-0.08882000000000001,-0.15681999999999996,-0.02463000000000004
-0.12111000000000005,-0.16105000000000003,-0.06854000000000005
-0.07335000000000003,-0.09727999999999992,-0.042320000000000024
-0.20856000000000008,-0.0016100000000000003,-0.014419999999999988
-0.10882000000000003,-0.005699999999999927,-0.0046199999999999575
-0.12092000000000003,-0.04032999999999998,-0.019540000000000002
-0.2453599999999999,0.0011200000000000099,-0.022639999999999993
-0.18398000000000003,-0.023029999999999995,-0.01746000000000003
-0.18169000000000002,-0.32841999999999993,-0.06205000000000005
-0.3630899999999999,-0.25205,-0.15547
-0.38803,-0.27886,-0.07813999999999999
-0.4014200000000001,-0.26498,-0.08883000000000008
-0.35523000000000005,-0.24565000000000003,-0.15093
-0.40456000000000003,-0.04300000000000004,-0.017320000000000002
-0.4495100000000001,-0.04369000000000001,-0.050410000000000066
-0.3419,-0.016129999999999978,-0.013599999999999945
-0.51883,-0.04289999999999994,-0.16035
-0.3509,-0.04647000000000001,-0.014449999999999963
-0.46416,-0.5323199999999999,-0.015739999999999976
-0.41031000000000006,-0.54836,-0.022440000000000015
-0.40051000000000003,-0.55428,-0.05176000000000003
-0.45321000000000006,-0.52735,-0.016149999999999998
-0.42382,-0.5083599999999999,-0.017279999999999962
-0.45896000000000003,-0.29861000000000004,-0.07798000000000005
-0.3174,-0.37917,-0.07496000000000003
-0.39466,-0.4031600000000001,-0.13756000000000002
-0.41384,-0.37434,-0.06594
-0.46177999999999997,-0.3154699999999999,-0.20282
-0.52264,-0.05700000000000005,-0.03783000000000003
-0.5983100000000001,-0.0032200000000000006,-0.11765000000000003
-0.40983,0.002789999999999959,-0.06828000000000001
-0.5507299999999999,-0.0162199999999999,-0.01641999999999999
-0.5543199999999999,-0.08543999999999996,-0.07464000000000004
-0.47287999999999997,0.09074000000000004,-0.09567999999999999
-0.41341000000000006,0.08504,-0.07183000000000006
-0.45226999999999995,0.02095999999999998,-0.08274999999999999
-0.48733999999999994,-0.10263999999999995,-0.039779999999999927
-0.4407,-0.11312,-0.0907
-0.09595999999999993,-0.02178000000000002,-0.06845000000000001
-0.08359000000000005,-0.021100000000000008,-0.05708000000000002
-0.11230000000000007,-0.017839999999999967,-0.07008999999999999
-0.06835999999999998,-0.018340000000000023,-0.024919999999999942
-0.06816,-0.01929000000000003,-0.055499999999999994
-0.58778,-0.013149999999999995,-0.34892
-0.4987,-0.01674999999999993,-0.46877
-0.53745,-0.01763999999999999,-0.45036
-0.5716899999999999,-0.023989999999999956,-0.50289
-0.50488,-0.012570000000000081,-0.47941999999999996
-0.43976000000000004,-0.15574,-0.24909000000000003
-0.45784,-0.15344999999999998,-0.26092000000000004
-0.40199,-0.16462,-0.21872000000000003
-0.46499,-0.15786,-0.24792999999999998
-0.43061999999999995,-0.23099999999999998,-0.27137
-0.10563,-0.5625500000000001,-0.10645000000000004
-0.19912999999999992,-0.5734600000000001,-0.10333999999999999
-0.21382999999999996,-0.46119999999999994,-0.10311000000000003
-0.28049999999999997,-0.1808200000000001,-0.10889000000000004
-0.19051000000000007,-0.5691999999999999,-0.09909000000000001
-0.41839000000000004,-0.47889000000000004,-0.08886000000000005
-0.59303,-0.46763,-0.08282
-0.0918199999999999,-0.44813,-0.0851599999999999
-0.09317999999999993,-0.4476,-0.0835499999999999
-0.07752999999999999,-0.45232,-0.06534999999999991
-0.10451999999999995,-0.23683999999999994,-0.01478999999999997
-0.15031000000000005,-0.23507999999999996,-0.011619999999999964
-0.32653,-0.25158,-0.019730000000000025
-0.36055000000000004,-0.24875999999999998,-0.023990000000000067
-0.19058000000000008,-0.22904000000000002,-0.024580000000000046
0.017979999999999996,-0.08671999999999991,-0.026089999999999947
0.015009999999999968,-0.08616999999999997,-0.04098999999999997
-0.48186000000000007,-0.10370000000000001,-0.042180000000000106
0.00835000000000008,-0.09821999999999997,-0.038939999999999975
0.01548000000000005,-0.0877,-0.03586
-0.46313000000000004,-0.45456,0.03552999999999995
-0.43798999999999993,-0.45313,0.015620000000000078
-0.46418,-0.54497,0.04037000000000002
-0.45759000000000005,-0.5234099999999999,0.054379999999999984
-0.4563,-0.55226,0.034050000000000025
-0.28369,-0.2294400000000001,-0.013070000000000026
-0.29926,-0.16293999999999997,-0.04693000000000003
-0.39569,-0.22192,-0.02239000000000002
-0.32036000000000003,-0.15147999999999995,-0.020029999999999992
-0.29555,-0.27090000000000003,-0.014390000000000014
-0.37299000000000004,-0.028800000000000048,-0.11169000000000007
-0.14494000000000007,-0.024429999999999952,-0.11010000000000009
-0.27542,-0.05430999999999997,-0.11193999999999993
-0.5481499999999999,-0.033909999999999996,-0.09405999999999992
-0.32815000000000005,-0.03151999999999999,-0.09052000000000004
-0.62679,-0.016289999999999916,-0.053729999999999944
-0.62579,-0.036270000000000024,-0.01544000000000001
-0.63953,-0.06118999999999997,-0.0579900000000001
-0.60792,-0.025859999999999994,-0.05703999999999998
-0.6313200000000001,-0.021239999999999926,-0.06352000000000002
-0.30992,0.0027199999999999447,0.0005800000000000249
0.012410000000000032,0.02510000000000001,-0.034379999999999966
-0.25494000000000006,-0.030980000000000008,-0.010650000000000048
-0.27199000000000007,0.03933999999999993,-0.037839999999999985
0.02083999999999997,0.02090000000000003,-0.028240000000000043
-0.27242,-0.21772999999999998,-0.08072999999999997
-0.2973199999999999,-0.3428,-0.06912999999999991
-0.40147999999999995,-0.22894000000000003,-0.08207999999999993
-0.26849,-0.059390000000000054,-0.09482000000000002
-0.26242,-0.20665,-0.08141999999999994
-0.68628,-0.16447,-0.06916
-0.7272799999999999,-0.10556999999999994,-0.06160999999999994
-0.7103600000000001,-0.12716000000000005,-0.05480000000000007
-0.64505,-0.10864000000000007,-0.06263000000000007
-0.69404,-0.10368,-0.05492999999999992
-0.03787000000000007,-0.07728000000000002,-0.19645
-0.06652999999999998,-0.06716,-0.19006
-0.04801999999999995,-0.06816,-0.14209000000000005
-0.04725999999999997,-0.11917,-0.14270000000000005
-0.05537000000000003,-0.14093,-0.11920000000000008
-0.59371,-0.24722999999999995,-0.11403999999999992
-0.71223,-0.055790000000000006,-0.13107999999999997
-0.56622,-0.26548000000000005,-0.09314999999999996
-0.5653699999999999,-0.07621999999999995,-0.10155999999999998
-0.583,-0.004450000000000065,-0.11242999999999992
-0.33120000000000005,-0.03049999999999997,-0.028670000000000084
-0.35746999999999995,-0.027599999999999958,-0.043950000000000045
-0.34587999999999997,-0.02450999999999992,-0.03200000000000003
-0.37873999999999997,-0.02563000000000004,-0.06295000000000006
-0.3895799999999999,-0.018750000000000044,-0.07126999999999994
-0.34265999999999996,-0.45360999999999996,0.008879999999999999
-0.31057,-0.52391,0.015820000000000056
-0.1573199999999999,-0.52447,0.0026200000000000667
-0.18018,-0.42933,0.019560000000000022
-0.35746,-0.43974,0.015430000000000055
-0.74032,-0.06367,-0.056929999999999925
-0.71087,-0.05891000000000002,-0.24231000000000003
-0.7208999999999999,-0.062309999999999977,-0.36300999999999994
-0.7285900000000001,-0.06415000000000004,-0.21977999999999998
-0.70031,-0.08033000000000001,-0.4218200000000001
-0.50934,-0.46782,-0.06171000000000004
-0.43404999999999994,-0.44811,-0.07412999999999992
-0.3372900000000001,-0.35295999999999994,0.03279999999999994
-0.28271999999999997,-0.46347000000000005,0.0009500000000000064
-0.37831000000000004,-0.44511999999999996,-0.05223
-0.08235999999999999,-0.023370000000000002,-0.07457000000000003
-0.06494,-0.035250000000000004,-0.16442
-0.0807199999999999,-0.015630000000000033,-0.16643999999999992
-0.06350999999999996,-0.009099999999999997,-0.10492999999999997
-0.66945,-0.01090000000000002,-0.14155000000000006
-0.41020999999999996,-0.07082,-0.09580999999999995
-0.39862000000000003,-0.1344599999999999,-0.16092000000000006
-0.41753999999999997,-0.08467999999999998,-0.14988999999999997
-0.42572,-0.07228000000000001,-0.10167999999999999
-0.38627000000000006,-0.11282999999999999,-0.06534000000000006
-0.22468,-0.04634000000000005,-0.13902000000000003
-0.20646999999999993,-0.05819999999999992,-0.17254000000000003
-0.18803000000000003,-0.03788999999999998,-0.08825000000000005
-0.21653999999999995,-0.056030000000000024,-0.12365000000000004
-0.20399,-0.03990000000000005,-0.16963000000000006
-0.17948999999999993,-0.17493999999999998,-0.10250999999999999
-0.16334000000000004,-0.20333999999999997,-0.07596000000000003
-0.13855000000000006,-0.06576000000000004,-0.049290000000000056
-0.1428299999999999,-0.14137999999999995,-0.00930999999999993
-0.1328999999999999,-0.15369,-0.047539999999999916
-0.44995999999999997,-0.07164999999999999,-0.3428199999999999
-0.35156,-0.18374999999999997,-0.2932699999999999
-0.52671,-0.07232000000000005,-0.33668999999999993
-0.45153,-0.07665,-0.33546
-0.35018000000000005,-0.08844000000000007,-0.29629000000000005
-0.41992,-0.10392000000000001,-0.25548000000000004
-0.40907,-0.11031000000000002,-0.25751999999999997
-0.39192000000000005,-0.09271000000000007,-0.1949700000000001
-0.40697000000000005,-0.12168999999999996,-0.20118000000000003
-0.41283000000000003,-0.10592999999999997,-0.25724
-0.47968999999999995,-0.7010299999999999,-0.1020899999999999
-0.40091,-0.7289300000000001,-0.08145999999999998
-0.42167,-0.70736,-0.09743000000000002
-0.47407,-0.65957,-0.09497
-0.31055,-0.63199,-0.07052999999999998
-0.04307000000000005,-0.012780000000000014,-0.048130000000000006
-0.060880000000000045,0.0008799999999999919,-0.04519000000000006
-0.007460000000000022,-0.003929999999999989,-0.03959999999999997
-0.11269000000000007,-0.010120000000000018,-0.11630000000000007
-0.014569999999999972,-0.023839999999999972,-0.0726
-0.29332,-0.042789999999999995,-0.01602999999999999
-0.16258000000000006,-0.04462999999999995,-0.029590000000000005
-0.44071000000000005,-0.05386999999999997,-0.014290000000000025
-0.17808000000000002,-0.04868000000000006,-0.03913
-0.14949999999999997,-0.04549000000000003,-0.013639999999999985
-0.07338999999999996,-0.05020999999999998,-0.09985999999999995
-0.5831599999999999,-0.053790000000000004,-0.08458999999999994
-0.042239999999999944,-0.02746000000000004,-0.08858999999999995
-0.55676,-0.011299999999999977,-0.10226000000000002
-0.08817000000000008,-0.04267999999999994,-0.09527000000000008
-0.18599999999999994,-0.40196,-0.07428999999999997
-0.22958,-0.45951,-0.07514999999999994
-0.17432999999999998,-0.37099000000000004,-0.07411999999999996
-0.20595999999999992,-0.42366000000000004,-0.07645999999999997
-0.11278999999999995,-0.3688199999999999,-0.00645999999999991
-0.09443000000000001,-0.003310000000000035,-0.08245000000000002
-0.08680999999999994,-0.009569999999999967,-0.07345000000000002
-0.10658000000000001,-0.03961999999999999,-0.07594999999999996
-0.08936999999999995,-0.024980000000000002,-0.07572999999999996
-0.05620000000000003,-0.018379999999999952,-0.03323000000000009
-0.71234,-0.36188,-0.11553999999999998
-0.31762999999999997,-0.26085,-0.12485000000000002
-0.29413,-0.21728000000000003,-0.09371000000000007
-0.48015,-0.24374000000000007,-0.10054000000000007
-0.32483000000000006,-0.32692,-0.09684999999999999
-0.17776000000000003,0.046659999999999924,-0.08825000000000005
-0.18529000000000007,0.022229999999999972,-0.06276999999999999
-0.22316999999999998,0.05686000000000002,-0.047130000000000005
-0.16253000000000006,-0.013060000000000072,-0.031059999999999977
-0.17718,0.006060000000000065,-0.0403
-0.53641,-0.08619999999999994,-0.30972
-0.5506099999999999,-0.09413000000000005,-0.502
-0.53492,-0.18520000000000003,-0.34155
-0.5665399999999999,-0.13054,-0.36022
-0.54648,-0.08399000000000001,-0.30389999999999995
-0.53253,-0.03683000000000003,-0.09057000000000004
-0.55066,-0.0837,-0.08349000000000006
-0.56528,-0.06901000000000002,-0.08356000000000008
-0.56037,-0.08005000000000007,-0.08135999999999999
-0.55589,-0.18523999999999996,-0.08345999999999998
-0.41999,-0.49037000000000003,-0.39857999999999993
-0.15893999999999997,-0.61309,-0.026109999999999967
0.007750000000000035,-0.39947,-0.01788999999999996
-0.67811,-0.47988,-0.03637000000000001
-0.5467200000000001,-0.56369,-0.06806999999999996
-0.1069,-0.28972,-0.08045000000000002
-0.43045999999999995,-0.30028999999999995,-0.05020999999999998
-0.02076,-0.33765,-0.03119000000000005
-0.13721000000000005,-0.28356000000000003,-0.060819999999999985
-0.47563,-0.28120999999999996,-0.060860000000000025
-0.37305,-0.13943000000000005,-0.20199
-0.37892000000000003,-0.17913999999999997,-0.11102000000000001
-0.5423199999999999,-0.15738999999999992,-0.35812999999999995
-0.47798000000000007,-0.11756,-0.30963000000000007
-0.47350000000000003,-0.11310999999999993,-0.15466000000000002
-0.09958,-0.11600999999999995,-0.0874299999999999
-0.10175000000000001,-0.11200999999999994,-0.08202999999999994
-0.12199000000000004,-0.18018,-0.0819700000000001
-0.12892000000000003,-0.13983,-0.09128000000000003
-0.12336999999999998,-0.12676999999999994,-0.09170999999999996
-0.46969999999999995,-0.29181,-0.40327999999999997
-0.5068,-0.32570999999999994,-0.40936
-0.51339,-0.34173999999999993,-0.40809999999999996
-0.46463999999999994,-0.30208,-0.37181999999999993
-0.49642,-0.25585,-0.39117999999999997
-0.5506,-0.23741,-0.09843000000000002
-0.61885,-0.07247999999999999,-0.10526999999999997
-0.5785,-0.33161000000000007,-0.10178999999999994
-0.57855,-0.13221000000000005,-0.09555999999999998
-0.55982,-0.07118000000000002,-0.10973999999999995
-0.26739999999999997,0.006719999999999948,-0.20942000000000005
-0.2101099999999999,0.0039399999999999435,-0.17779999999999996
-0.22004,0.005709999999999993,-0.18538
-0.12517,-0.0030000000000000027,-0.1534500000000001
-0.27447,0.0021299999999999653,-0.18796000000000002
-0.66388,-0.02185999999999999,-0.5448299999999999
-0.67075,-0.06962000000000002,-0.6531399999999999
-0.73469,-0.035209999999999964,-0.64352
-0.6632899999999999,-0.0373699999999999,-0.6324700000000001
-0.6686099999999999,-0.060270000000000046,-0.5870299999999999
-0.5254,0.017199999999999993,-0.017349999999999977
-0.6470100000000001,0.019239999999999924,-0.020050000000000012
-0.6329899999999999,-0.018649999999999944,-0.02232999999999996
-0.5662100000000001,0.0005199999999999649,-0.01829000000000003
-0.61111,0.01538000000000006,-0.019120000000000026
-0.14756000000000002,-0.050509999999999944,-0.03834000000000004
-0.17992999999999992,-0.05186000000000002,-0.04953999999999992
-0.14328999999999992,-0.05630000000000002,-0.053589999999999915
-0.14466,-0.06496999999999997,-0.04749999999999999
-0.14083999999999997,-0.00660000000000005,-0.04362999999999995
-0.47753,-0.030329999999999968,-0.07404
-0.5153399999999999,-0.026940000000000075,-0.16745
-0.66692,-0.03882000000000008,-0.16850999999999994
-0.30182,-0.04848999999999992,0.041039999999999965
-0.60922,-0.04099000000000008,-0.19182999999999995
-0.57467,-0.44855,-0.12190000000000001
-0.51458,-0.43234999999999996,-0.10177000000000003
-0.55661,-0.43393,-0.10468999999999995
-0.53668,-0.45687999999999995,-0.10126000000000002
-0.49655999999999995,-0.46609,-0.09892000000000001
-0.08157999999999999,-0.12539999999999996,-0.05530999999999997
-0.09892999999999996,-0.17686000000000002,-0.060659999999999936
-0.13095,-0.14388,-0.05281999999999998
-0.09069000000000005,-0.1372199999999999,-0.058800000000000074
-0.08352000000000004,-0.2063100000000001,-0.05547000000000002
-0.52734,-0.019399999999999973,-0.23724
-0.5750900000000001,-0.028689999999999993,-0.013720000000000065
-0.55478,-0.018809999999999993,-0.41074
-0.5584500000000001,-0.02326000000000006,-0.3689300000000001
-0.54962,-0.06516,-0.04807000000000006
-0.78476,-0.33982999999999997,-0.26076
-0.66188,-0.3567,-0.29594
-0.6810799999999999,-0.3542200000000001,-0.22175
-0.7070500000000001,-0.5327299999999999,-0.21093000000000006
-0.60895,-0.48649,-0.45796
-0.5967,-0.12197999999999998,-0.09699000000000002
-0.59427,-0.14070000000000005,-0.10629999999999995
-0.64625,-0.11480999999999997,-0.08196999999999999
-0.59568,-0.21994999999999998,-0.07411000000000001
-0.6617199999999999,-0.11464000000000008,-0.08106999999999998
-0.44081000000000004,-0.35638000000000003,-0.03508
-0.37839999999999996,-0.27693999999999996,-0.01627999999999996
-0.3546,-0.21540000000000004,-0.021440000000000015
-0.43665999999999994,-0.19096000000000002,0.034010000000000096
-0.41995,-0.29157,-0.02868000000000004
-0.11370000000000002,-0.11458000000000002,-0.15466000000000002
-0.62748,-0.11109000000000002,-0.06648999999999994
-0.6269,-0.09260999999999997,-0.11628000000000005
-0.57623,-0.09406999999999999,-0.14317999999999997
-0.69628,-0.10271999999999992,-0.16615000000000002
-0.46534999999999993,-0.17791999999999997,-0.11266999999999994
-0.054850000000000065,-0.23058999999999996,-0.10379000000000005
-0.08643,-0.18581000000000003,-0.1018
-0.15715999999999997,-0.19267999999999996,-0.12856999999999996
-0.06101999999999996,-0.19777,-0.15225
-0.6677299999999999,-0.27320999999999995,-0.2518
-0.62237,-0.47605000000000003,-0.22092999999999996
-0.6589100000000001,-0.25673999999999997,-0.25411000000000006
-0.59662,-0.23980999999999997,-0.24475000000000002
-0.2921999999999999,-0.26715999999999995,-0.24929999999999997
-0.21266000000000007,-0.00812999999999997,-0.07262000000000002
-0.24158000000000002,-0.00871999999999995,-0.057639999999999914
-0.22801000000000005,-0.011619999999999964,-0.06761000000000006
-0.20031999999999994,-0.006000000000000005,-0.06794999999999995
-0.19693000000000005,-0.01313999999999993,-0.06474000000000002
-0.6809799999999999,-0.20798000000000005,-0.13254999999999995
-0.72881,-0.34299999999999997,-0.13854
-0.65906,-0.27708,-0.12192000000000003
-0.48623999999999995,-0.27798,-0.12749
-0.6706099999999999,-0.24325000000000008,-0.12724000000000002
-0.43126,-0.23433000000000004,-0.33773
-0.5158200000000001,-0.1915300000000001,-0.28888
-0.37448,-0.25302,-0.20987999999999996
-0.43096999999999996,-0.68943,-0.13329999999999997
-0.35780999999999996,-0.27127999999999997,-0.32639999999999997
-0.6793100000000001,-0.05162,-0.29072
-0.64829,-0.05831999999999993,-0.24651
-0.62493,-0.04628999999999994,-0.36856
-0.60707,-0.048819999999999975,-0.05523
-0.6292800000000001,-0.23699000000000003,-0.23872000000000004
-0.12768999999999997,-0.012469999999999981,-0.11109999999999998
-0.11504999999999999,-0.01422000000000001,-0.08983999999999992
-0.15590000000000004,-0.03300000000000003,-0.11770000000000003
-0.2249,-0.31906,-0.09323999999999999
-0.49696999999999997,-0.016059999999999963,-0.11841999999999997
-0.19992,-0.2667799999999999,-0.07375999999999994
-0.25554999999999994,-0.31194,-0.07911999999999997
-0.24977000000000005,-0.29628,-0.09474000000000005
-0.20475,-0.25140000000000007,-0.09048
-0.18557999999999997,-0.29362999999999995,-0.0695
-0.56863,-0.027329999999999965,-0.48267999999999994
-0.58086,-0.026539999999999897,-0.43541
-0.5334700000000001,-0.04171999999999998,-0.53708
-0.53155,-0.030529999999999946,-0.5228600000000001
-0.56171,-0.026540000000000008,-0.5027
-0.56375,-0.1389499999999999,-0.14010999999999996
-0.44964999999999994,-0.11297000000000001,-0.12727
-0.48537,-0.09303000000000006,-0.10808000000000006
-0.49959999999999993,-0.09604000000000001,-0.39279
-0.47697999999999996,-0.13061999999999996,-0.31716999999999995
-0.67824,-0.01705000000000001,-0.04735999999999996
-0.6833199999999999,-0.021009999999999973,-0.043829999999999925
-0.64412,-0.01812999999999998,-0.04198000000000002
-0.64896,-0.026680000000000037,-0.05167999999999995
-0.6549499999999999,-0.051509999999999945,-0.03640999999999994
-0.15822999999999998,-0.08715000000000006,-0.013849999999999918
-0.18186000000000002,-0.11294000000000004,-0.008160000000000056
-0.18169000000000002,-0.13595000000000002,0.004409999999999914
-0.20877,-0.13172000000000006,-0.021360000000000046
-0.20995999999999992,-0.10853999999999997,-0.014969999999999928
-0.59546,-0.15381999999999996,-0.32102
-0.3608199999999999,-0.12162000000000006,-0.36822999999999995
-0.5626199999999999,-0.34541,-0.37826999999999994
-0.31686,-0.19138,-0.33918
-0.57379,-0.29923,-0.29945000000000005
-0.76298,-0.18679999999999997,-0.04038000000000008
-0.77009,-0.24417,-0.07245000000000001
-0.74277,-0.13654999999999995,-0.03778999999999999
-0.7280800000000001,-0.26015999999999995,-0.026530000000000054
-0.74273,-0.13571999999999995,-0.034720000000000084
-0.46407000000000004,-0.051059999999999994,-0.40471
-0.5587,-0.04666999999999999,-0.40298999999999996
-0.48212,-0.06855999999999995,-0.38005999999999995
-0.45442,-0.06691000000000003,-0.35429999999999995
-0.46527,-0.057699999999999974,-0.33803000000000005
