High attention,Random,Matched random
-0.49497,-0.70665,-0.27565000000000006
-0.45665,-0.76643,-0.33425000000000005
-0.49255,-0.68198,-0.38636000000000004
-0.45875,-0.7842,-0.14174999999999993
-0.42849,-0.7075899999999999,0.0047000000000000375
-0.75528,-0.32383000000000006,-0.06098999999999999
-0.72955,-0.34046999999999994,-0.07011
-0.76691,-0.18052,-0.07316
-0.78915,-0.14127,-0.24580000000000002
-0.79605,-0.30135,-0.0794800000000001
-0.74974,-0.6326999999999999,-0.7558
-0.73685,-0.13898999999999995,-0.73169
-0.7341500000000001,-0.14539999999999997,-0.751
-0.74942,-0.71997,-0.69521
-0.7464900000000001,-0.17899999999999994,-0.6752100000000001
-0.47979,-0.43617000000000006,-0.30901999999999996
-0.5730900000000001,-0.3938499999999999,-0.26415
-0.53128,-0.47889,-0.4966
-0.5157799999999999,-0.39003,-0.2651199999999999
-0.5430600000000001,-0.40183,-0.17039000000000004
-0.49477,-0.48297,-0.18369999999999997
-0.5411600000000001,-0.5188699999999999,-0.15588000000000002
-0.4841500000000001,-0.49921,-0.17659000000000002
-0.5041899999999999,-0.5121499999999999,-0.19963999999999993
-0.49058000000000007,-0.51011,-0.21427000000000007
-0.57135,-0.45568000000000003,-0.20801999999999998
-0.6055999999999999,-0.30967999999999996,-0.28015999999999996
-0.53717,-0.39507000000000003,-0.21096000000000004
-0.5548500000000001,-0.47781999999999997,-0.21657000000000004
-0.50102,-0.49851999999999996,-0.18423
-0.48596,-0.42864,-0.09803000000000006
-0.46068000000000003,-0.61063,-0.09022000000000008
-0.48600000000000004,-0.43559000000000003,-0.09293000000000007
-0.45879,-0.68,-0.06689
-0.41043,-0.58429,-0.01763999999999999
-0.72248,-0.2919799999999999,-0.21551999999999993
-0.51882,-0.2556799999999999,-0.2319
-0.6571800000000001,-0.30847,-0.20630000000000004
-0.63527,-0.3100900000000001,-0.19784000000000002
-0.6690400000000001,-0.27857,-0.19174000000000002
-0.47009999999999996,-0.33853,-0.11853999999999998
-0.58743,-0.30979,-0.15513999999999994
-0.45403,-0.31736999999999993,-0.14739999999999998
-0.59545,-0.34851,-0.12435000000000007
-0.46129,-0.32572,-0.08511000000000002
-0.63032,-0.15219000000000005,-0.4093399999999999
-0.66968,-0.21989999999999998,-0.39147
-0.60892,-0.18531999999999993,-0.45625000000000004
-0.6363099999999999,-0.15810000000000002,-0.57127
-0.61694,-0.13817999999999997,-0.60452
-0.24403000000000008,-0.12529,-0.1553
-0.23536,-0.19928999999999997,-0.14846000000000004
-0.19376000000000004,-0.13180999999999998,-0.16271999999999998
-0.30078000000000005,-0.13222,-0.16112000000000004
-0.24111000000000005,-0.15688000000000002,-0.16122000000000003
-0.53504,-0.43069,-0.011220000000000008
-0.6077299999999999,-0.6258699999999999,-0.03742999999999996
-0.03656999999999999,-0.48112999999999995,-0.04650999999999994
-0.3042,-0.6162099999999999,-0.0016300000000000203
-0.75392,-0.38766,-0.039100000000000024
-0.67963,-0.06941000000000008,-0.15224000000000004
-0.5953600000000001,-0.06328,-0.1291
-0.5323899999999999,-0.05581999999999998,-0.18277999999999994
-0.5608000000000001,-0.017870000000000053,-0.17465000000000008
-0.58342,-0.053690000000000015,-0.20223999999999998
-0.22048999999999996,-0.30965,-0.05123999999999995
-0.16198,-0.14138000000000006,-0.048109999999999986
-0.22326999999999997,-0.37929999999999997,-0.05340999999999996
-0.25639,-0.17672999999999994,-0.05950000000000011
-0.18096,-0.23121999999999998,-0.033909999999999996
-0.6682299999999999,-0.21185999999999994,-0.07350000000000001
-0.67943,-0.20257000000000003,-0.12106000000000006
-0.6461,-0.19182,-0.10014
-0.7052,-0.21482,-0.11892000000000003
-0.71166,-0.2108899999999999,-0.11514999999999997
-0.11507,-0.6192,-0.19291999999999998
-0.09219999999999995,-0.6473200000000001,-0.20930000000000004
-0.13416000000000006,-0.57605,-0.30718
-0.10336000000000001,-0.6253299999999999,-0.2184299999999999
-0.19427000000000005,-0.60623,-0.44256000000000006
-0.47053999999999996,-0.58374,-0.08672000000000002
-0.49667,-0.5804100000000001,-0.08045000000000002
-0.46328,-0.56579,-0.07377
-0.5123800000000001,-0.60442,-0.19352000000000003
-0.46340000000000003,-0.57107,-0.08911000000000002
-0.60019,-0.10575000000000001,-0.10246999999999995
-0.61836,-0.33476000000000006,-0.08884999999999998
-0.6908099999999999,-0.30022000000000004,-0.12314000000000003
-0.61998,-0.33431999999999995,-0.10796000000000006
-0.5979700000000001,-0.33085,-0.18262
-0.56449,-0.08283999999999991,-0.17039000000000004
-0.37426000000000004,-0.10101000000000004,-0.07486000000000004
-0.54777,-0.25033000000000005,-0.06820999999999999
-0.49254,-0.23361999999999994,-0.06398999999999999
-0.4251100000000001,-0.27968000000000004,-0.08107000000000009
-0.04152,-0.07240000000000002,-0.15981999999999996
-0.035760000000000014,-0.1027300000000001,-0.15853000000000006
-0.02566999999999997,-0.08540999999999999,-0.17383000000000004
-0.03318999999999994,-0.12318999999999991,-0.15947999999999996
-0.025760000000000005,-0.08452000000000004,-0.15397000000000005
-0.68837,-0.11953000000000003,-0.5027200000000001
-0.50936,-0.11258000000000001,-0.15452
-0.44759,-0.11381999999999992,-0.32948
-0.49812999999999996,-0.14095000000000002,-0.35973
-0.52424,-0.12752000000000008,-0.40137999999999996
-0.40406,-0.39230999999999994,-0.018339999999999912
-0.30774,-0.38910999999999996,-0.03681000000000001
-0.40045,-0.12202999999999997,-0.03542000000000001
-0.40912000000000004,-0.13035000000000008,-0.02131000000000005
-0.4040499999999999,-0.0746,-0.02407999999999999
-0.53355,-0.64215,-0.5617300000000001
-0.51505,-0.6848299999999999,-0.49424999999999997
-0.58463,-0.3665299999999999,-0.31466000000000005
-0.52007,-0.41503999999999996,-0.54836
-0.46116,-0.46502,-0.39393
-0.09472999999999998,-0.40264999999999995,-0.020589999999999997
-0.26167000000000007,-0.33324,-0.036900000000000044
-0.6969,-0.26681,-0.03291999999999995
-0.77484,-0.32204,-0.03400000000000003
-0.42608999999999997,-0.38419000000000003,-0.013949999999999907
-0.59899,-0.18072,-0.07623000000000002
-0.57231,-0.38556,-0.06757000000000002
-0.45481,-0.19500000000000006,-0.03847999999999996
-0.46922,-0.44856000000000007,-0.19290000000000007
-0.56582,-0.26732,-0.04827999999999999
-0.61465,-0.07006999999999997,-0.02090000000000003
-0.6003000000000001,-0.11658999999999997,-0.020259999999999945
-0.65837,-0.10061999999999993,-0.02171999999999996
-0.58178,-0.09402999999999995,-0.026569999999999983
-0.56942,-0.10127999999999993,-0.027220000000000022
0.007809999999999984,-0.59566,-0.010539999999999994
0.009099999999999997,-0.6027800000000001,-0.008539999999999992
0.0008400000000000629,-0.61617,-0.07138999999999995
7.999999999996898e-05,-0.6859999999999999,-0.07599
-0.0006800000000000139,-0.5947199999999999,-0.08233999999999997
-0.49144,-0.04366000000000003,-0.051019999999999954
-0.36744,-0.2526900000000001,-0.05979000000000001
-0.5433899999999999,-0.018449999999999966,-0.07065999999999995
-0.45520000000000005,-0.29318999999999995,-0.06530000000000002
-0.48172000000000004,-0.06668000000000007,-0.07664000000000004
-0.67519,-0.37178999999999995,-0.07786000000000004
-0.57472,-0.4015399999999999,-0.08635000000000004
-0.59358,-0.48314999999999997,-0.10507
-0.743,-0.54955,-0.14144999999999996
-0.75037,-0.47880999999999996,-0.1622800000000001
-0.70689,-0.78886,-0.19762999999999997
-0.72774,-0.7401,-0.20193000000000005
-0.65183,-0.75808,-0.18235999999999997
-0.67808,-0.46710999999999997,-0.19503000000000004
-0.7067399999999999,-0.49692000000000003,-0.19894999999999996
-0.72372,-0.11009999999999998,-0.12380999999999998
-0.6833400000000001,-0.26122,-0.13218000000000008
-0.6457299999999999,-0.13127999999999995,-0.18377999999999994
-0.6585099999999999,-0.39113,-0.17811999999999995
-0.71301,-0.24114999999999998,-0.13340000000000007
-0.64664,-0.5263,-0.26391
-0.5948800000000001,-0.37216000000000005,-0.24597000000000002
-0.70094,-0.46251000000000003,-0.26248000000000005
-0.65008,-0.44295999999999996,-0.25012
-0.68775,-0.41313999999999995,-0.24690999999999996
-0.15978000000000003,-0.53827,-0.054950000000000054
-0.13562000000000007,-0.57151,-0.035070000000000046
-0.16264,-0.5509000000000001,-0.09584999999999999
-0.13942,-0.5490999999999999,-0.06879000000000002
-0.15034999999999998,-0.57136,-0.03128999999999993
-0.66882,-0.33148,-0.2983800000000001
-0.66221,-0.3227300000000001,-0.09480999999999995
-0.67683,-0.60096,-0.35308000000000006
-0.67237,-0.30923,-0.17398000000000002
-0.6459900000000001,-0.36571999999999993,-0.5821500000000001
-0.5383199999999999,-0.23851999999999995,-0.00810999999999995
-0.36505999999999994,-0.26568,-0.011279999999999957
-0.56382,-0.31155999999999995,-0.012490000000000001
-0.55383,-0.21619999999999995,-0.07565
-0.6630100000000001,-0.38791,-0.016700000000000048
-0.6807799999999999,-0.03764000000000001,-0.40336000000000005
-0.53956,-0.015490000000000004,-0.39056
-0.6566700000000001,-0.027129999999999987,-0.32450999999999997
-0.64484,-0.021259999999999946,-0.39766999999999997
-0.5109999999999999,-0.05362,-0.3049099999999999
-0.6017399999999999,-0.15144000000000002,-0.20084999999999997
-0.45767,-0.15069,-0.15561000000000003
-0.45566000000000006,-0.07069999999999999,-0.15212000000000003
-0.55438,-0.012909999999999977,-0.15242999999999995
-0.55144,-0.14525,-0.17642999999999998
-0.44819,-0.5883499999999999,-0.10427999999999993
-0.516,-0.5646100000000001,-0.10417999999999994
-0.59944,-0.6494599999999999,-0.09459000000000006
-0.45799999999999996,-0.53687,-0.08535999999999999
-0.5726100000000001,-0.61068,-0.11077000000000004
-0.7394099999999999,-0.62295,-0.07150999999999996
-0.72299,-0.6142299999999999,-0.05006999999999995
-0.70516,-0.6397900000000001,-0.10304999999999997
-0.75787,-0.60765,-0.10266000000000008
-0.7524200000000001,-0.67446,-0.09572000000000003
-0.65017,-0.17746000000000006,-0.39483999999999997
-0.6401399999999999,-0.28425,-0.29882
-0.61911,-0.16556000000000004,-0.26524000000000003
-0.73179,-0.18006999999999995,-0.20751000000000008
-0.69621,-0.1805500000000001,-0.27275000000000005
-0.5304099999999999,-0.57641,-0.11010999999999993
-0.51804,-0.6338900000000001,-0.08716999999999997
-0.52817,-0.5520700000000001,-0.09611000000000003
-0.5275000000000001,-0.49368999999999996,-0.08079999999999998
-0.52657,-0.57362,-0.10772000000000004
-0.36697,-0.31335,-0.02426000000000006
-0.40336000000000005,-0.3528,-0.042080000000000006
-0.33088000000000006,-0.31535,-0.04791000000000001
-0.39288,-0.3466100000000001,-0.017310000000000048
-0.38921000000000006,-0.34548,-0.06445000000000001
-0.73139,-0.09182000000000001,-0.029289999999999927
-0.7352799999999999,-0.17800000000000005,-0.030689999999999995
-0.71546,-0.26536000000000004,-0.029859999999999998
-0.7348399999999999,-0.12038000000000004,-0.029390000000000027
-0.74729,-0.26193,-0.13540000000000008
-0.13522,-0.23643000000000003,-0.03259999999999996
-0.1612,-0.2143299999999999,-0.02586999999999995
-0.11253999999999997,-0.22983999999999993,-0.03151000000000004
-0.22519999999999996,-0.21032000000000006,-0.03366999999999998
-0.21736999999999995,-0.22760000000000002,-0.025229999999999975
-0.5712900000000001,-0.42074,-0.36614
-0.4957,-0.40556000000000003,-0.28608999999999996
-0.55479,-0.36001000000000005,-0.54006
-0.44054000000000004,-0.34909999999999997,-0.46756000000000003
-0.37235,-0.33797,-0.3198
-0.6826099999999999,-0.5096799999999999,-0.03159000000000001
-0.6592199999999999,-0.42091,-0.41545999999999994
-0.6735,-0.47689,-0.13780000000000003
-0.5245,-0.47178,-0.005099999999999993
-0.6459600000000001,-0.42493999999999993,-0.41580000000000006
-0.6118,-0.11123000000000005,-0.23802
-0.64456,-0.11662000000000006,-0.08301000000000003
-0.6304000000000001,-0.13408999999999993,-0.22152000000000005
-0.58877,-0.09831000000000001,-0.23104000000000002
-0.59544,-0.11674000000000007,-0.21705999999999992
-0.07243999999999995,-0.31133,-0.07047000000000003
-0.04854999999999998,-0.30694,-0.05438999999999994
-0.10730000000000006,-0.34434999999999993,-0.06991000000000003
-0.10758000000000001,-0.37061,-0.06346000000000007
-0.06025999999999998,-0.4043199999999999,-0.05985999999999991
-0.015429999999999944,-0.031930000000000014,-0.04039999999999999
-0.14432,-0.02145000000000008,-0.03566999999999998
-0.056319999999999926,-0.025229999999999975,-0.03015000000000001
-0.32782999999999995,-0.022310000000000052,-0.03674999999999995
-0.1492,-0.10487000000000002,-0.031299999999999994
-0.043219999999999925,-0.05661999999999989,-0.06264000000000003
-0.03698000000000001,-0.05857000000000001,-0.05813999999999997
-0.4858,-0.05519000000000007,-0.22396000000000005
-0.03739999999999999,-0.05634000000000006,-0.06203000000000003
-0.05225000000000002,-0.06915000000000004,-0.22965000000000002
-0.45327,-0.34453,-0.16535999999999995
-0.44311999999999996,-0.34095999999999993,-0.18170999999999993
-0.49650999999999995,-0.33324999999999994,-0.18194999999999995
-0.40528000000000003,-0.33523000000000003,-0.17637999999999998
-0.31496,-0.31620000000000004,-0.18603999999999998
-0.55482,-0.03994999999999993,-0.51901
-0.56774,-0.16105999999999998,-0.4415
-0.53488,-0.10006999999999999,-0.46509999999999996
-0.58041,-0.37012999999999996,-0.49184
-0.54585,0.007290000000000019,-0.46025999999999995
-0.6511,-0.12881999999999993,-0.024990000000000068
-0.67073,-0.13466,-0.029590000000000005
-0.6714100000000001,-0.48810999999999993,-0.20753
-0.63932,-0.6742999999999999,-0.044789999999999996
-0.63918,-0.50909,-0.025510000000000033
-0.5104900000000001,-0.6594500000000001,-0.24839
-0.50597,-0.14015,-0.20326
-0.52905,-0.20813000000000004,-0.26972000000000007
-0.53347,-0.09257000000000004,-0.25875000000000004
-0.32982000000000006,-0.1341,-0.021809999999999996
-0.26158000000000003,-0.1608900000000001,-0.10411000000000004
-0.37738000000000005,-0.13273000000000001,-0.08848
-0.38266999999999995,-0.1269800000000001,-0.09343999999999997
-0.61608,-0.1312000000000001,-0.31987999999999994
-0.60484,-0.15064,-0.09733000000000003
-0.30119000000000007,-0.39157000000000003,-0.13411000000000006
-0.33555,-0.3215,-0.13505
-0.30596999999999996,-0.37834,-0.15541000000000005
-0.6119000000000001,-0.3497,-0.20359000000000005
-0.38158000000000003,-0.2631,-0.14549
-0.5822400000000001,-0.60801,-0.27690000000000003
-0.49372000000000005,-0.6173199999999999,-0.28596
-0.47565,-0.64851,-0.28317000000000003
-0.535,-0.63736,-0.27719000000000005
-0.57202,-0.60647,-0.2849299999999999
-0.39762,-0.030939999999999968,-0.27118
-0.46724,-0.04962,-0.21445999999999998
-0.46518000000000004,-0.12148999999999999,-0.07484999999999997
-0.4155,-0.06613000000000002,-0.2719299999999999
-0.16634000000000004,-0.07286000000000004,-0.21013000000000004
-0.21223000000000003,-0.53065,-0.27241000000000004
-0.65937,-0.3508,-0.29289
-0.54205,-0.6170899999999999,-0.26344
-0.24663000000000002,-0.49596999999999997,-0.31428
-0.19423999999999997,-0.4876,-0.31792999999999993
-0.36773,-0.19821,-0.31457999999999997
-0.7046,-0.19521999999999995,-0.21694999999999998
-0.69377,-0.07213000000000003,-0.2008899999999999
-0.6531100000000001,-0.09009,-0.22815000000000007
-0.6388800000000001,-0.09896000000000005,-0.22219
-0.72967,-0.71961,-0.06655
-0.70808,-0.77837,-0.051490000000000036
-0.6874,-0.5335,-0.07179999999999997
-0.74592,-0.46754,-0.053100000000000036
-0.7501,-0.4751,-0.08689999999999998
-0.3629,-0.5395699999999999,-0.1212200000000001
-0.36290999999999995,-0.13641000000000003,-0.09505999999999992
-0.27537,-0.09592999999999996,-0.10514999999999997
-0.74599,-0.06825999999999999,-0.09996000000000005
-0.35994000000000004,-0.09010000000000007,-0.09613000000000005
-0.61334,-0.56097,-0.0048799999999999955
-0.67025,-0.53733,-0.02015
-0.6156200000000001,-0.54697,-0.01258999999999999
-0.61187,-0.51325,-0.0013999999999999568
-0.64656,-0.54575,-0.005369999999999986
-0.52728,-0.3438,-0.11668
-0.55701,-0.35234,-0.09961999999999993
-0.66604,-0.34925000000000006,-0.08840999999999999
-0.6103700000000001,-0.3378,-0.10641
-0.59386,-0.37388,-0.09598000000000007
-0.48567000000000005,-0.62894,-0.24638000000000004
-0.6144400000000001,-0.6547799999999999,-0.24425000000000008
-0.56406,-0.64405,-0.26178999999999997
-0.56366,-0.59915,-0.24741000000000002
-0.46255999999999997,-0.65045,-0.24297999999999997
-0.66296,-0.49295000000000005,-0.25257000000000007
-0.58118,-0.52339,-0.20165
-0.5556099999999999,-0.64825,-0.23143000000000002
-0.66591,-0.5520999999999999,-0.18497999999999992
-0.60592,-0.45754,-0.27366
-0.78388,-0.6496999999999999,-0.54983
-0.7372099999999999,-0.7267300000000001,-0.5358499999999999
-0.73046,-0.5700999999999999,-0.52131
-0.7847,-0.7068099999999999,-0.53818
-0.80316,-0.65151,-0.52701
-0.68032,-0.011029999999999984,-0.09929999999999994
-0.53487,-0.010759999999999992,-0.13027999999999995
-0.5885800000000001,-0.019909999999999983,-0.10020000000000007
-0.5111600000000001,-0.30328,-0.1020700000000001
-0.6198899999999999,-0.011539999999999995,-0.29013999999999995
-0.58535,-0.22565999999999997,-0.30917000000000006
-0.6371600000000001,-0.34092,-0.2911
-0.6089199999999999,-0.32253,-0.34639999999999993
-0.6143500000000001,-0.33558999999999994,-0.30828
-0.61052,-0.43685999999999997,-0.35166
-0.2884899999999999,-0.05207000000000006,0.010230000000000072
-0.6942,-0.13171,0.03935999999999995
-0.6904699999999999,-0.07631999999999994,-0.017609999999999904
-0.28432999999999997,-0.11595999999999995,-0.00014999999999998348
-0.24687000000000003,-0.04537000000000002,7.999999999996898e-05
-0.51952,-0.0024100000000000232,-0.2070900000000001
-0.5946899999999999,0.006759999999999988,-0.25306000000000006
-0.60028,0.0027400000000000757,-0.23994000000000004
-0.5755399999999999,-0.0008299999999999974,-0.21714999999999995
-0.56836,-0.005299999999999971,-0.23363
-0.41457,-0.09336,-0.13157999999999992
-0.40679,-0.08750999999999998,-0.1281
-0.41101,-0.16266000000000003,-0.13532
-0.4666,-0.06225000000000003,-0.12316000000000005
-0.39332,-0.0706699999999999,-0.12708999999999993
-0.45779000000000003,-0.59904,-0.22791000000000006
-0.60474,-0.5321400000000001,-0.22824
-0.41189,-0.6032299999999999,-0.22219999999999995
-0.5384,-0.55535,-0.21634999999999993
-0.67994,-0.64813,-0.21165
-0.5723499999999999,-0.028330000000000077,-0.39476999999999995
-0.62324,-0.025310000000000055,-0.40196
-0.628,-0.043159999999999976,-0.41452
-0.6499699999999999,-0.055830000000000046,-0.35356999999999994
-0.50566,-0.07563999999999993,-0.30284999999999995
-0.28135,-0.05824000000000007,-0.05986999999999998
-0.27806,-0.06217000000000006,-0.06085000000000007
-0.31905000000000006,-0.020070000000000032,-0.05724000000000007
-0.59931,-0.13458000000000003,-0.058070000000000066
-0.30238,-0.029610000000000025,-0.05738999999999994
-0.37578,-0.4388200000000001,-0.11125999999999991
-0.38002,-0.58443,-0.10475000000000001
-0.39269999999999994,-0.42907000000000006,-0.2094999999999999
-0.35663999999999996,-0.6701999999999999,-0.18047000000000002
-0.51989,-0.57815,-0.14776
-0.22709999999999997,-0.11900999999999995,-0.23831999999999998
-0.31770999999999994,-0.13490999999999997,-0.30111
-0.23173,-0.11797999999999997,-0.30713
-0.26508999999999994,-0.14110999999999996,-0.29860999999999993
-0.27454999999999996,-0.12319000000000002,-0.21460999999999997
-0.66866,-0.17986000000000002,-0.17071999999999998
-0.7820400000000001,-0.18396,-0.16214000000000006
-0.75876,-0.18397000000000008,-0.18343999999999994
-0.74253,-0.02391999999999994,-0.12217
-0.72186,-0.16807000000000005,-0.10902
-0.46490000000000004,-0.5035999999999999,-0.41101
-0.42706999999999995,-0.5160500000000001,-0.40671
-0.4411,-0.48584,-0.3803599999999999
-0.37542,-0.257,-0.35949
-0.42942,-0.47673999999999994,-0.34528000000000003
-0.6839200000000001,-0.46440000000000003,-0.09645999999999999
-0.66622,-0.42859,-0.08175999999999994
-0.66417,-0.48976000000000003,-0.47411000000000003
-0.6539999999999999,-0.48336,-0.04757
-0.66438,-0.47892,-0.32177
-0.69547,-0.21857000000000004,-0.6575199999999999
-0.70902,-0.11168,-0.65134
-0.7293999999999999,-0.23143999999999998,-0.67668
-0.71173,-0.35991000000000006,-0.6660900000000001
-0.6927099999999999,-0.40790000000000004,-0.6754800000000001
-0.35805,-0.19228,-0.022540000000000004
-0.24320000000000008,-0.15337,-0.0030400000000000427
-0.5466199999999999,-0.18983000000000005,-0.05070999999999992
-0.15286,-0.17767999999999995,-0.03643000000000007
-0.35743,-0.18013,-0.04010999999999998
-0.18203999999999998,-0.3588,-0.012600000000000056
-0.17215000000000003,-0.41624000000000005,-0.03961999999999999
-0.12455000000000005,-0.47384000000000004,-0.0335700000000001
-0.28957,-0.38837,-0.042769999999999975
-0.15332999999999997,-0.50459,-0.03939999999999999
-0.55721,-0.46143000000000006,-0.54753
-0.65913,-0.36655000000000004,-0.5730299999999999
-0.45378999999999997,-0.41225,-0.48680999999999996
-0.5462899999999999,-0.34967000000000004,-0.51542
-0.59716,-0.39405,-0.46037
-0.69823,-0.49968999999999997,-0.76169
-0.7163700000000001,-0.30784,-0.71914
-0.6827799999999999,-0.35703000000000007,-0.69153
-0.71837,-0.3423999999999999,-0.71239
-0.68545,-0.29257999999999995,-0.73721
-0.69559,-0.49189,-0.6200300000000001
-0.70484,-0.51586,-0.59351
-0.6797099999999999,-0.47583,-0.20365
-0.69224,-0.51854,-0.15033999999999992
-0.67683,-0.45976,-0.51851
-0.26696,-0.08426,-0.031340000000000034
-0.25372000000000006,-0.09533000000000003,-0.043830000000000036
-0.13468000000000002,-0.08679999999999999,-0.051020000000000065
-0.26400999999999997,-0.09338000000000002,-0.08312999999999993
-0.29923,-0.08565999999999996,-0.07029000000000007
-0.6304700000000001,-0.023800000000000043,-0.19680000000000009
-0.6596500000000001,-0.020710000000000006,-0.16525
-0.63191,-0.04474,-0.19557000000000002
-0.66896,-0.023320000000000007,-0.16108999999999996
-0.5889800000000001,-0.026590000000000003,-0.05130000000000001
-0.42271000000000003,-0.64749,-0.11001000000000005
-0.5068900000000001,-0.52431,-0.12143000000000004
-0.29952,-0.51646,-0.13266
-0.48735,-0.45679,-0.12675999999999998
-0.6228899999999999,-0.65554,-0.12185000000000001
-0.5624899999999999,-0.1459499999999999,-0.13998999999999995
-0.5867800000000001,-0.13543000000000005,-0.26377000000000006
-0.56458,-0.12185999999999997,-0.25634999999999997
-0.7177,-0.12719999999999998,-0.28175000000000006
-0.54825,-0.12017,-0.23058
-0.6601600000000001,-0.5267000000000001,-0.027689999999999992
-0.6524000000000001,-0.51302,-0.03234999999999999
-0.6538200000000001,-0.5599000000000001,-0.022249999999999992
-0.67203,-0.49503,-0.03203999999999996
-0.65566,-0.49602,-0.02322000000000002
-0.80478,-0.12385999999999997,-0.45521
-0.8063,-0.047150000000000025,-0.45237000000000005
-0.7962400000000001,-0.35103000000000006,-0.43335
-0.79607,-0.32799,-0.44996
-0.79972,-0.29691,-0.44870999999999994
-0.59678,-0.5435699999999999,-0.23036
-0.56275,-0.5805400000000001,-0.25971999999999995
-0.61947,-0.53382,-0.34780999999999995
-0.5773999999999999,-0.5567300000000001,-0.20421999999999996
-0.56573,-0.5054799999999999,-0.3195199999999999
-0.45628,-0.7264900000000001,-0.10209999999999997
-0.63039,-0.7055199999999999,-0.06296000000000002
-0.6123700000000001,-0.70377,-0.04800000000000004
-0.5858300000000001,-0.70583,-0.012760000000000105
-0.6053999999999999,-0.7185900000000001,-0.0034199999999999786
-0.66244,-0.38250000000000006,-0.07289000000000001
-0.66042,-0.4625499999999999,-0.0776
-0.6233200000000001,-0.39444999999999997,-0.07121
-0.54369,-0.43633,-0.06897999999999993
-0.50644,-0.31916,-0.07453999999999994
-0.60755,-0.16710000000000003,-0.16792000000000007
-0.60231,-0.13832,-0.17930000000000001
-0.63286,-0.12302999999999997,-0.17558000000000007
-0.6401600000000001,-0.31972000000000006,-0.15666999999999998
-0.5987199999999999,-0.14586999999999994,-0.18197999999999992
-0.36479000000000006,-0.05915999999999999,-0.36587000000000003
-0.4021199999999999,-0.05381999999999998,-0.39408999999999994
-0.4175,-0.046540000000000026,-0.43068999999999996
-0.28870000000000007,-0.05001,-0.38777
-0.37917,-0.05584,-0.38565
-0.58379,-0.62656,-0.09100999999999992
-0.46852000000000005,-0.62609,-0.10553999999999997
-0.25202,-0.62651,-0.09916000000000003
-0.62537,-0.63951,-0.09391000000000005
-0.45672999999999997,-0.61643,-0.09233000000000002
-0.44804999999999995,-0.29112000000000005,-0.11814000000000002
-0.5807399999999999,-0.28780000000000006,-0.11336999999999997
-0.50687,-0.28425,-0.14428000000000007
-0.42900000000000005,-0.34396000000000004,-0.13561
-0.42837000000000003,-0.29016,-0.09267999999999998
-0.5431699999999999,-0.12360000000000004,-0.36288999999999993
-0.53834,-0.11787999999999998,-0.26417999999999997
-0.52921,-0.11077999999999999,-0.28837
-0.55796,-0.13725999999999994,-0.25683999999999996
-0.6538,-0.13178,-0.32622000000000007
-0.5971500000000001,-0.09212999999999993,-0.18877
-0.60248,-0.15692000000000006,-0.22860000000000003
-0.5012000000000001,-0.13239999999999996,-0.05303000000000002
-0.6559,-0.10082999999999998,-0.21222000000000008
-0.58528,-0.08111999999999997,-0.1811100000000001
-0.72569,-0.55698,-0.21743
-0.71923,-0.5706399999999999,-0.23765999999999998
-0.7859,-0.56919,-0.24240000000000006
-0.73668,-0.57543,-0.31384
-0.7468899999999999,-0.47345999999999994,-0.29213
-0.44901,-0.52258,-0.07113999999999998
-0.46006,-0.53193,-0.06167
-0.5173699999999999,-0.5565499999999999,-0.08267999999999998
-0.47993,-0.6003400000000001,-0.07647999999999999
-0.44711999999999996,-0.56375,-0.0675
-0.72326,-0.5146299999999999,-0.13684000000000007
-0.74265,-0.57213,-0.15122999999999998
-0.73436,-0.67632,-0.15237
-0.74411,-0.66147,-0.13651000000000002
-0.7254799999999999,-0.64684,-0.14510999999999996
-0.57176,-0.48524999999999996,-0.52989
-0.60332,-0.44664000000000004,-0.63067
-0.5770299999999999,-0.45932999999999996,-0.57909
-0.57597,-0.48639000000000004,-0.61491
-0.6065499999999999,-0.41841999999999996,-0.59198
-0.04674999999999996,-0.39734,0.008950000000000014
-0.27598,-0.40149999999999997,0.003290000000000015
-0.20574000000000003,-0.43951999999999997,-0.0018200000000000438
-0.44554,-0.36966000000000004,0.00019000000000002348
-0.32194999999999996,-0.38132,0.0020400000000000418
-0.7209,-0.16364,-0.19728999999999997
-0.7553300000000001,-0.16269999999999996,-0.40357
-0.75773,-0.14211000000000007,-0.28969999999999996
-0.7403899999999999,-0.6706099999999999,-0.22665999999999997
-0.77126,-0.12630999999999992,-0.22007
-0.7011400000000001,-0.39463000000000004,-0.3400500000000001
-0.68074,-0.38802000000000003,-0.31613
-0.67748,-0.36107999999999996,-0.3340599999999999
-0.69762,-0.35661999999999994,-0.31931
-0.65997,-0.3405,-0.32267999999999997
-0.6192599999999999,-0.43898,-0.6707099999999999
-0.53805,-0.40995,-0.58838
-0.651,-0.30198,-0.5806899999999999
-0.52521,-0.38005000000000005,-0.44567
-0.5629500000000001,-0.23422999999999994,-0.522
-0.6847799999999999,-0.09483999999999992,-0.6188199999999999
-0.7006000000000001,-0.07804,-0.69589
-0.66249,-0.09062999999999999,-0.6333599999999999
-0.65819,-0.07848,-0.6188
-0.7325200000000001,-0.24224999999999997,-0.59334
-0.5660400000000001,-0.044810000000000016,-0.22572000000000003
-0.5685,-0.005659999999999998,-0.21763
-0.5456099999999999,-0.09233000000000002,-0.251
-0.45837000000000006,-0.08704999999999996,-0.22885
-0.526,-0.053159999999999985,-0.22812999999999994
-0.6554099999999999,-0.5893200000000001,-0.029889999999999972
-0.63839,-0.5405800000000001,-0.02041000000000004
-0.60225,-0.51501,-0.02228999999999992
-0.6178600000000001,-0.5848300000000001,-0.04511999999999994
-0.60702,-0.56921,-0.023460000000000036
-0.59772,-0.19445999999999997,-0.08457000000000003
-0.57124,-0.16874999999999996,-0.27747999999999995
-0.58493,-0.20584000000000002,-0.28881999999999997
-0.5868500000000001,-0.15059999999999996,-0.09496000000000004
-0.5996,-0.1932799999999999,-0.14071999999999996
-0.24077000000000004,-0.64866,-0.06635999999999997
-0.41685999999999995,-0.6883300000000001,-0.07992999999999995
-0.42201999999999995,-0.60714,-0.09316000000000002
-0.4586,-0.6461600000000001,-0.07603000000000004
-0.24931000000000003,-0.64707,-0.07382
-0.75986,-0.52757,-0.06769000000000003
-0.75176,-0.52901,-0.09422000000000008
-0.76558,-0.52151,-0.11404000000000003
-0.72508,-0.48407000000000006,-0.06868999999999992
-0.7036199999999999,-0.5082599999999999,-0.08453999999999995
-0.44715000000000005,-0.41398999999999997,-0.15903
-0.40257,-0.4212,-0.0938
-0.4286000000000001,-0.43764,-0.12438000000000005
-0.4529,-0.4127700000000001,-0.12034
-0.46551000000000003,-0.57038,-0.12716000000000005
-0.74039,-0.54334,-0.12734999999999996
-0.7306699999999999,-0.57592,-0.11037999999999992
-0.73915,-0.5974999999999999,-0.09851999999999994
-0.71119,-0.51864,-0.11462000000000006
-0.73519,-0.5741700000000001,-0.11864000000000008
-0.5927499999999999,-0.06445999999999996,-0.12395999999999996
-0.69644,-0.1301,-0.12739
-0.7458899999999999,-0.14059,-0.18067
-0.71767,-0.06869999999999998,-0.1311000000000001
-0.70119,-0.1286799999999999,-0.13324000000000003
-0.3679800000000001,-0.28763000000000005,-0.052140000000000075
-0.40683,-0.2742300000000001,-0.04952999999999996
-0.24622999999999995,-0.72958,-0.04628999999999994
-0.47913,-0.42458000000000007,-0.051960000000000006
-0.4127099999999999,-0.75646,-0.03733999999999993
-0.56324,-0.017850000000000033,-0.49124999999999996
-0.5659400000000001,-0.04537000000000002,-0.508
-0.5979099999999999,-0.026490000000000014,-0.44214999999999993
-0.57651,-0.027859999999999996,-0.45714
-0.54999,-0.02729999999999999,-0.47701999999999994
-0.10509999999999997,-0.63922,-0.026540000000000008
-0.11280000000000001,-0.5687500000000001,-0.04342999999999997
-0.011430000000000051,-0.5301,-0.04554999999999998
-0.5425200000000001,-0.58421,-0.04315000000000002
-0.13058999999999998,-0.53657,-0.013319999999999999
-0.43123,-0.16487000000000007,-0.0041200000000000125
-0.4647199999999999,-0.12902000000000002,-0.0049199999999999244
-0.3649899999999999,-0.21243,-0.004449999999999954
-0.4456,-0.30778000000000005,-0.009360000000000035
-0.43548999999999993,-0.20418000000000003,-0.00488999999999995
-0.61956,-0.24908999999999992,-0.07227000000000006
-0.6494200000000001,-0.5141,-0.06162000000000001
-0.6349199999999999,-0.5639399999999999,-0.16576000000000002
-0.6450100000000001,-0.29469,-0.08037000000000005
-0.64747,-0.52106,-0.06099999999999994
-0.38732,-0.36538000000000004,-0.04630000000000001
-0.38605999999999996,-0.38717999999999997,-0.10036
-0.31542000000000003,-0.3917999999999999,-0.04400000000000004
-0.37185999999999997,-0.40889999999999993,-0.04499999999999993
-0.38720999999999994,-0.35034,-0.08635999999999999
-0.6916800000000001,-0.52796,-0.12298000000000009
-0.6759,-0.07777999999999996,-0.13250000000000006
-0.74769,-0.09667000000000003,-0.127
-0.69246,-0.3718100000000001,-0.10702
-0.6673899999999999,-0.14631000000000005,-0.15629000000000004
-0.62783,-0.38702000000000003,-0.31159000000000003
-0.61183,-0.37281,-0.41184
-0.63072,-0.37614000000000003,-0.3316699999999999
-0.54635,-0.3772000000000001,-0.30955
-0.5101399999999999,-0.36424,-0.3772899999999999
-0.58981,-0.3920600000000001,-0.20969000000000004
-0.51268,-0.35184000000000004,-0.26421000000000006
-0.6427,-0.40446000000000004,-0.2549
-0.64194,-0.40413999999999994,-0.32302
-0.5427299999999999,-0.38167000000000006,-0.25510999999999995
-0.60031,-0.26536000000000004,-0.06383000000000005
-0.59883,-0.32828999999999997,-0.06299999999999994
-0.5862700000000001,-0.3235,-0.05201
-0.58209,-0.37589000000000006,-0.046599999999999975
-0.62975,-0.26687000000000005,-0.08009
-0.18277,-0.18837000000000004,-0.06391000000000002
-0.19815000000000005,-0.31489,-0.07449000000000006
-0.25781999999999994,-0.25564,-0.11670000000000003
-0.19206999999999996,-0.1998899999999999,-0.06513000000000002
-0.22397,-0.13222999999999996,-0.09967999999999999
-0.43748000000000004,-0.63919,-0.49049000000000004
-0.49776,-0.68989,-0.49815
-0.41569000000000006,-0.6302800000000001,-0.46164000000000005
-0.45484,-0.6382,-0.47944
-0.43982,-0.65144,-0.4709
-0.71107,-0.17707000000000006,-0.29923999999999995
-0.66486,-0.14772000000000007,-0.61492
-0.69333,-0.13694000000000006,-0.56607
-0.68864,-0.11249999999999993,-0.33781000000000005
-0.73863,-0.14849,-0.5309299999999999
-0.55685,-0.18799999999999994,-0.017719999999999958
-0.5240100000000001,-0.17457999999999996,-0.02139000000000002
-0.56784,-0.15015999999999996,-0.020930000000000004
-0.5703199999999999,-0.16949000000000003,-0.018079999999999985
-0.43747,-0.13631000000000004,-0.016330000000000067
-0.10230000000000006,-0.02576999999999996,-0.06698000000000004
-0.35585,-0.03577999999999992,-0.08512000000000008
-0.09643999999999997,-0.018770000000000064,-0.09960999999999998
-0.4212,-0.03611999999999993,-0.13427
-0.32206,-0.028289999999999926,-0.11403000000000008
-0.44005,-0.6732400000000001,-0.06091000000000002
-0.29963000000000006,-0.67148,-0.05643000000000009
-0.43708,-0.70519,-0.07449000000000006
-0.44806,-0.6753100000000001,-0.05722000000000005
-0.44962,-0.67579,-0.030549999999999966
-0.7285,-0.055360000000000076,-0.20423000000000002
-0.69127,-0.04238999999999993,-0.19343
-0.695,-0.05049999999999999,-0.19550999999999996
-0.68654,-0.0269100000000001,-0.23072000000000004
-0.7358199999999999,-0.06476000000000004,-0.28447
-0.44759,-0.66945,-0.0017699999999999383
-0.58369,-0.6858599999999999,-0.010780000000000012
-0.49822,-0.6922600000000001,0.016270000000000007
-0.5581400000000001,-0.6311300000000001,-0.0034800000000000386
-0.49043,-0.57901,-0.007510000000000017
-0.59084,-0.0874600000000001,-0.31042000000000003
-0.46299999999999997,-0.11710999999999994,-0.37205
-0.49878,-0.09892000000000001,-0.40393
-0.53622,-0.09582999999999997,-0.37397
-0.491,-0.08818999999999999,-0.32245999999999997
-0.60529,-0.48745000000000005,0.010340000000000016
-0.5683100000000001,-0.5284800000000001,0.007809999999999984
-0.44726999999999995,-0.55315,-0.012349999999999972
-0.5267299999999999,-0.56532,0.00992000000000004
-0.48365,-0.5700000000000001,0.012229999999999963
-0.80936,-0.21065999999999996,-0.40227999999999997
-0.8288,-0.0758700000000001,-0.4969299999999999
-0.8094,-0.21924999999999994,-0.42076
-0.81998,-0.14616000000000007,-0.43901999999999997
-0.81305,-0.07805000000000006,-0.41695000000000004
-0.10226000000000002,-0.14663000000000004,-0.02593000000000001
-0.42996999999999996,-0.17760999999999993,-0.030949999999999922
-0.38513,-0.23358,-0.03598000000000001
-0.19186999999999999,-0.28060000000000007,-0.03325
-0.17909000000000008,-0.19519999999999993,-0.03366999999999998
-0.6628700000000001,-0.09884000000000004,-0.18649000000000004
-0.6981200000000001,-0.09554000000000007,-0.19408000000000003
-0.63744,-0.08178000000000007,-0.16388999999999998
-0.65341,-0.16583000000000003,-0.17703000000000002
-0.58928,-0.08401999999999998,-0.18441999999999992
-0.58307,-0.43560999999999994,-0.00277000000000005
-0.74196,-0.31516999999999995,-0.022809999999999997
-0.6073299999999999,-0.24398999999999993,-0.0023499999999999632
-0.73373,-0.30057,0.002870000000000039
-0.55461,-0.28780000000000006,0.004129999999999967
-0.05476000000000003,-0.1490999999999999,-0.13115
-0.44359000000000004,-0.22792,-0.17049999999999998
-0.06802000000000008,-0.1158800000000001,-0.0741400000000001
-0.3971,-0.26795,-0.047860000000000014
-0.42713999999999996,-0.22831999999999997,-0.10317999999999994
-0.40897999999999995,-0.30121,-0.35631999999999997
-0.3934,-0.23881000000000008,-0.32592
-0.33680999999999994,-0.30216,-0.33414
-0.53552,-0.23185,-0.41657999999999995
-0.56047,-0.45194,-0.21312999999999993
-0.46962000000000004,-0.11995,-0.24082000000000003
-0.6574899999999999,-0.30777999999999994,-0.27215
-0.7540899999999999,-0.14142,-0.17799999999999994
-0.74336,-0.15416000000000007,-0.16823
-0.5526300000000001,-0.6418200000000001,-0.36363
-0.3968900000000001,-0.09428999999999998,-0.41932
-0.3879,-0.06381999999999999,-0.394
-0.37390999999999996,-0.11866999999999994,-0.38880000000000003
-0.38915,-0.07429999999999992,-0.37836000000000003
-0.36397,-0.06411,-0.37720999999999993
-0.43971000000000005,-0.52745,-0.02626000000000006
-0.44841999999999993,-0.5098799999999999,-0.050369999999999915
-0.4049,-0.6108,0.05613999999999997
-0.43420000000000003,-0.59799,-0.0042999999999999705
-0.06780999999999993,-0.52981,-0.030709999999999904
-0.68076,-0.70511,-0.42157
-0.6481699999999999,-0.73554,-0.21506999999999998
-0.6322099999999999,-0.73976,-0.22455999999999998
-0.7419,-0.7039899999999999,-0.21009999999999995
-0.71567,-0.75159,-0.22879000000000005
-0.35534999999999994,-0.07232000000000005,-0.009560000000000013
-0.40134000000000003,-0.12231999999999998,-0.03483999999999998
-0.34419,-0.31748,-0.026059999999999972
-0.35502,-0.07199,-0.01712999999999998
-0.33236,-0.3063600000000001,0.003450000000000064
-0.6584099999999999,-0.22144999999999992,-0.09261999999999992
-0.65583,-0.17086,-0.29136000000000006
-0.6394500000000001,-0.42351000000000005,-0.26251
-0.68746,-0.25082000000000004,-0.36612999999999996
-0.70939,-0.15015999999999996,-0.2654099999999999
-0.43492,-0.1310699999999999,-0.08160999999999996
-0.39620000000000005,0.01364999999999994,-0.16416000000000008
-0.4043,0.05284,-0.18296
-0.44807,-0.056519999999999904,-0.20961000000000007
-0.43672,-0.026160000000000072,-0.16703
-0.46264000000000005,-0.39036000000000004,-0.19178000000000006
-0.53103,-0.43187000000000003,-0.16861000000000004
-0.55472,-0.40342999999999996,-0.16884
-0.6008600000000001,-0.37161,-0.17247
-0.51444,-0.44055,-0.17301
-0.6093500000000001,-0.62814,-0.23282000000000003
-0.61175,-0.67654,-0.2522899999999999
-0.6205,-0.614,-0.35695
-0.66612,-0.6129100000000001,-0.32889999999999997
-0.6145799999999999,-0.6706000000000001,-0.31618999999999997
-0.6546000000000001,-0.19328,-0.37437
-0.68604,-0.2238000000000001,-0.39270000000000005
-0.7142200000000001,-0.2559100000000001,-0.33033
-0.7271500000000001,-0.2537499999999999,-0.37233000000000005
-0.6707299999999999,-0.28305,-0.41029
-0.38935999999999993,-0.66645,-0.19243999999999994
-0.33586000000000005,-0.6897800000000001,-0.18771000000000004
-0.46296000000000004,-0.45472999999999997,-0.21574000000000004
-0.45981,-0.48968999999999996,-0.22068999999999994
-0.42728,-0.66587,-0.23887000000000003
-0.18683000000000005,-0.24483,-0.11787000000000003
-0.18394,-0.27118,-0.08643
-0.38839,-0.30889,-0.08250000000000002
-0.47213000000000005,-0.27649999999999997,-0.12708000000000008
-0.4452900000000001,-0.28916,-0.09548000000000001
-0.63613,-0.32066000000000006,-0.29911
-0.59152,-0.32076000000000005,-0.21122000000000007
-0.60718,-0.4507,-0.33826
-0.60202,-0.70032,-0.33408000000000004
-0.5919300000000001,-0.33037000000000005,-0.29978000000000005
-0.54909,-0.023249999999999993,-0.016579999999999928
-0.6688000000000001,-0.18189,-0.008000000000000007
-0.72577,-0.03861999999999999,-0.031909999999999994
-0.6866,-0.005929999999999991,0.0014899999999999913
-0.7101999999999999,-0.03935999999999995,-0.01609000000000005
-0.7091000000000001,-0.32333999999999996,-0.19252000000000002
-0.73103,-0.31282999999999994,-0.19667999999999997
-0.7243599999999999,-0.40705,-0.17115000000000002
-0.73465,-0.45977,-0.20596000000000003
-0.67255,-0.45045,-0.20316999999999996
-0.55905,-0.40635,-0.25336000000000003
-0.6377200000000001,-0.25078999999999996,-0.32877
-0.49743000000000004,-0.34920000000000007,-0.2278
-0.51545,-0.40246000000000004,-0.25612999999999997
-0.56017,-0.28137,-0.26588
-0.62619,-0.1573,-0.63115
-0.6330100000000001,-0.11721999999999999,-0.64082
-0.7214,-0.16974,-0.67659
-0.72126,-0.11659000000000008,-0.6748999999999999
-0.59775,-0.10004999999999997,-0.58424
-0.58026,-0.27393999999999996,-0.12202000000000002
-0.7069799999999999,-0.1865,-0.10427999999999993
-0.5647800000000001,-0.09823000000000004,-0.13315999999999995
-0.5782,-0.07626,-0.11204000000000003
-0.57653,-0.11147999999999991,-0.10111999999999999
-0.40454,-0.42603,-0.00929000000000002
-0.7081999999999999,-0.57543,-0.023359999999999936
-0.52504,-0.5256400000000001,-0.0036800000000000166
-0.77498,-0.49482,-0.039610000000000034
-0.4014000000000001,-0.5835699999999999,-0.015740000000000087
-0.5795300000000001,-0.008110000000000062,-0.030100000000000016
-0.46295,-0.01146999999999998,-0.16349000000000002
-0.35130000000000006,-0.018649999999999944,-0.14668000000000003
-0.28267,-0.27108,-0.11358999999999997
-0.51718,-0.017160000000000064,-0.15552
-0.24430000000000007,-0.020010000000000083,-0.03593000000000002
-0.08672999999999997,-0.024249999999999994,-0.049449999999999994
-0.25227,-0.020090000000000052,-0.04305000000000003
-0.22441,-0.02034999999999998,-0.035330000000000084
-0.3336,-0.01878000000000002,-0.06187000000000009
-0.60575,-0.04991000000000001,-0.45621999999999996
-0.5598799999999999,-0.05492999999999992,-0.31353
-0.5418000000000001,-0.029530000000000056,-0.48355
-0.55098,-0.04379999999999995,-0.39726000000000006
-0.54339,-0.06167,-0.45749
-0.57102,-0.37503,-0.27279999999999993
-0.5736999999999999,-0.22630000000000006,-0.20145999999999997
-0.5858399999999999,-0.35248,-0.28708999999999996
-0.54968,-0.23414999999999997,-0.15579999999999994
-0.52363,-0.2742,-0.09687000000000001
-0.6955500000000001,-0.25564,-0.06322000000000005
-0.70305,-0.37683,-0.08321
-0.69082,-0.19847000000000004,-0.09459000000000006
-0.70645,-0.20904,-0.33716
-0.67076,-0.20055999999999996,-0.24184000000000005
-0.5545800000000001,-0.24134,-0.22375
-0.6791200000000001,-0.25888,-0.23769000000000007
-0.70697,-0.15393999999999997,-0.23541
-0.63005,-0.26007,-0.22226
-0.5441199999999999,-0.24148999999999998,-0.24196000000000006
-0.58816,-0.33565,-0.054629999999999956
-0.6087400000000001,-0.35279000000000005,-0.30128
-0.64407,-0.33972,-0.11032000000000008
-0.60436,-0.2773699999999999,-0.13807999999999998
-0.6422300000000001,-0.30948,-0.07014000000000009
-0.79369,-0.41703,-0.22442000000000006
-0.73041,-0.31979,-0.22754000000000008
-0.72068,-0.30393000000000003,-0.21977000000000002
-0.72497,-0.42777999999999994,-0.22660000000000002
-0.35896000000000006,-0.21350000000000002,-0.20895000000000008
-0.73098,-0.09511999999999998,-0.05113999999999996
-0.73847,-0.10460999999999998,-0.056359999999999966
-0.74412,-0.08978999999999993,-0.05518999999999996
-0.73483,-0.13863000000000003,-0.00757999999999992
-0.73637,-0.10273999999999994,-0.017140000000000044
-0.5520700000000001,-0.08960000000000001,-0.21377000000000002
-0.54111,-0.09958999999999996,-0.1805500000000001
-0.51259,-0.020100000000000007,-0.23573999999999995
-0.5084599999999999,-0.1381,-0.18828
-0.53144,-0.16474,-0.18816
-0.66289,-0.3924599999999999,-0.09945000000000004
-0.62191,-0.47917000000000004,-0.09017000000000008
-0.6099000000000001,-0.36461,-0.09933999999999998
-0.6670100000000001,-0.52361,-0.09414
-0.65191,-0.36278,-0.10233999999999999
-0.7453700000000001,-0.22621000000000002,-0.69102
-0.7639199999999999,-0.32541999999999993,-0.68363
-0.80025,-0.22697,-0.7080200000000001
-0.76359,-0.20919999999999994,-0.65044
-0.74596,-0.12744999999999995,-0.68761
-0.33014999999999994,-0.35721,-0.07682
-0.25003,-0.37161,-0.08750000000000002
-0.21777000000000002,-0.35834,-0.05610000000000004
-0.29929000000000006,-0.39569999999999994,-0.06311
-0.10347000000000006,-0.34263,0.00026999999999999247
-0.5402,-0.02937999999999996,-0.08127000000000006
-0.48393,-0.036089999999999955,-0.08523000000000003
-0.44154000000000004,-0.09038999999999997,-0.08589999999999998
-0.6150100000000001,-0.32284999999999997,-0.08736
-0.7440199999999999,-0.04576000000000002,-0.09362999999999999
-0.46216999999999997,-0.31717,-0.0024600000000000177
-0.33024,-0.36762000000000006,0.0013499999999999623
-0.76169,-0.49855000000000005,-0.040590000000000015
-0.51004,-0.39661,-0.0012199999999999989
-0.69623,-0.40778000000000003,0.0032599999999999296
-0.3729,-0.57709,-0.08596999999999999
-0.36166999999999994,-0.5468500000000001,-0.08475999999999995
-0.2513500000000001,-0.54016,-0.08748
-0.6356999999999999,-0.42068000000000005,-0.07689000000000001
-0.25551999999999997,-0.59691,-0.07209999999999994
-0.44617000000000007,-0.4691,-0.14737
-0.2988700000000001,-0.42234999999999995,-0.13239
-0.62706,-0.39563000000000004,-0.14024000000000003
-0.17590000000000006,-0.51098,-0.13507000000000002
-0.22358,-0.44023999999999996,-0.13456
-0.61531,-0.48688000000000003,-0.0907
-0.55461,-0.53464,-0.11043999999999998
-0.58189,-0.50717,-0.07284999999999997
-0.6016400000000001,-0.42898000000000003,-0.005860000000000087
-0.53857,-0.49811,-0.039590000000000014
-0.5076100000000001,-0.29833,-0.16577000000000008
-0.44236,-0.33046,-0.20840000000000003
-0.4417500000000001,-0.28615,-0.12564000000000008
-0.25482000000000005,-0.34967000000000004,-0.15886999999999996
-0.55679,-0.31208,-0.18072
-0.02628000000000008,-0.21119999999999994,-0.17274
-0.08285000000000009,-0.50474,-0.19782
-0.07435000000000003,-0.5466,-0.11041999999999996
-0.03812000000000004,-0.23814000000000002,-0.10324
-0.043420000000000014,-0.21970999999999996,-0.14306000000000008
-0.7158,-0.20837000000000006,-0.057699999999999974
-0.68468,-0.16766000000000003,-0.06370999999999993
-0.71451,-0.17386000000000001,-0.07665999999999995
-0.64209,-0.19043,-0.051669999999999994
-0.70353,-0.54488,-0.06525000000000003
-0.6384799999999999,-0.11539999999999995,-0.19690999999999992
-0.64672,-0.28972999999999993,-0.18429000000000006
-0.59754,-0.14105999999999996,-0.17792999999999992
-0.6442000000000001,-0.16135,-0.19672
-0.63473,-0.10204000000000002,-0.15791999999999995
-0.38493,-0.13488,-0.43224
-0.46385000000000004,0.003129999999999966,-0.16449999999999998
-0.42045,-0.0012600000000000389,-0.20296999999999998
-0.32684,-0.0009900000000000464,-0.15048000000000006
-0.244,-0.002529999999999921,-0.18940999999999997
-0.10689000000000004,-0.26159,-0.06844000000000006
-0.1397799999999999,-0.23018000000000005,-0.07347999999999999
-0.11798999999999993,-0.2551,-0.06616
-0.12584000000000006,-0.54823,-0.08897
-0.21055999999999997,-0.20739999999999992,-0.07838
-0.7626200000000001,-0.07103000000000004,-0.48217000000000004
-0.7579,-0.07761999999999991,-0.52407
-0.69442,-0.07718000000000003,-0.41606
-0.76532,-0.07011999999999996,-0.48330999999999996
-0.77106,-0.06769000000000003,-0.50044
-0.3311799999999999,-0.5518000000000001,-0.06516999999999995
-0.55578,-0.6514500000000001,-0.040240000000000054
-0.7422,-0.53641,-0.05232999999999999
-0.4725,-0.52834,-0.056359999999999966
-0.6534800000000001,-0.65872,-0.04359000000000002
-0.39794000000000007,-0.55935,-0.1945
-0.25603999999999993,-0.54823,-0.13845999999999992
-0.25654,-0.57732,-0.21450999999999998
-0.48202,-0.5809599999999999,-0.15519000000000005
-0.25122,-0.56684,-0.21693000000000007
-0.5400800000000001,-0.3127,-0.55539
-0.59595,-0.17573000000000005,-0.5449200000000001
-0.54815,-0.20418000000000003,-0.45159
-0.58931,-0.14841000000000004,-0.57524
-0.60368,-0.30084,-0.6159300000000001
-0.7182999999999999,-0.19909,-0.16027000000000002
-0.71166,-0.19304,-0.15976999999999997
-0.7047000000000001,-0.1713,-0.1087800000000001
-0.71164,-0.18720000000000003,-0.13643000000000005
-0.70128,-0.19590000000000007,-0.20234000000000008
-0.59474,-0.3107,-0.16054000000000002
-0.59155,-0.36875,-0.11548999999999998
-0.61916,-0.34642000000000006,-0.19123
-0.5872600000000001,-0.29869,-0.16193000000000002
-0.5815899999999999,-0.21352000000000004,-0.13266
-0.24612999999999996,-0.20372,-0.27412000000000003
-0.19302999999999992,-0.16391999999999995,-0.26115999999999995
-0.21738999999999997,-0.17803999999999998,-0.21190999999999993
-0.29418999999999995,-0.19684000000000001,-0.28005
-0.5783800000000001,-0.17104000000000008,-0.2863000000000001
-0.15554,-0.08909,-0.057010000000000005
-0.13166,-0.06879000000000002,-0.07371000000000005
-0.11360999999999999,-0.16948999999999992,-0.0732799999999999
-0.59233,-0.06928000000000001,-0.10968999999999995
-0.11738000000000004,-0.08449000000000007,-0.08813000000000004
-0.7371,-0.22965999999999998,-0.13014000000000003
-0.7589300000000001,-0.16635,-0.1324700000000001
-0.6593899999999999,-0.14310999999999996,-0.12209000000000003
-0.7281799999999999,-0.27049999999999996,-0.14547999999999994
-0.7145,-0.18761000000000005,-0.14406000000000008
-0.27488999999999997,-0.10685,-0.031039999999999957
-0.37227999999999994,-0.11958000000000002,-0.01802999999999999
-0.42874999999999996,-0.22167000000000003,-0.04968000000000006
-0.66387,-0.11035000000000006,-0.05110999999999999
-0.28203,-0.39198,-0.023320000000000007
-0.71193,-0.24063,-0.16544999999999999
-0.6374599999999999,-0.008050000000000002,-0.18826999999999994
-0.7095199999999999,-0.19998000000000005,-0.17481000000000002
-0.67626,-0.21524999999999994,-0.16959000000000002
-0.74721,-0.19569999999999999,-0.20544000000000007
-0.72634,-0.60276,-0.18162999999999996
-0.70293,-0.61253,-0.20126
-0.76214,-0.65876,-0.11200999999999994
-0.67959,-0.67317,-0.12353999999999998
-0.71959,-0.69602,-0.19972999999999996
-0.4039499999999999,-0.46154999999999996,-0.19102999999999992
-0.47177,-0.441,-0.19787
-0.39470000000000005,-0.41361000000000003,-0.25268
-0.42169,-0.6477999999999999,-0.37127
-0.43088000000000004,-0.6243799999999999,-0.18619000000000008
-0.6251500000000001,-0.06681999999999999,-0.010990000000000055
-0.64757,-0.08189999999999997,0.003649999999999931
-0.6577299999999999,-0.08662999999999998,-0.050490000000000035
-0.6382000000000001,-0.10521999999999998,-0.07369000000000003
-0.6465799999999999,-0.07966000000000006,-0.015249999999999986
-0.4657,-0.11166000000000009,-0.13622
-0.5488,-0.12646999999999997,-0.1533
-0.55524,-0.08428999999999998,-0.13986999999999994
-0.49652999999999997,-0.10094000000000003,-0.13296999999999992
-0.6165700000000001,-0.10470999999999997,-0.14494000000000007
-0.56711,-0.33848,-0.46232
-0.61393,-0.44731999999999994,-0.26354
-0.6174299999999999,-0.53001,-0.34163999999999994
-0.63896,-0.43364,-0.1979700000000001
-0.58114,-0.29728,-0.25546
-0.74336,-0.12983999999999996,-0.5030600000000001
-0.74014,-0.14022999999999997,-0.50171
-0.70701,-0.31964,-0.5705500000000001
-0.72908,-0.11443999999999999,-0.62697
-0.76199,-0.16810000000000003,-0.6195299999999999
-0.66933,-0.22048,-0.08000000000000007
-0.6235200000000001,-0.23119999999999996,-0.14351000000000003
-0.6512500000000001,-0.22336,-0.14860000000000007
-0.59223,-0.23485,-0.13968999999999998
-0.62131,-0.24042999999999992,-0.13604000000000005
-0.46116,-0.41136999999999996,-0.21650999999999998
-0.2387499999999999,-0.42724999999999996,-0.20617999999999992
-0.27886999999999995,-0.4213700000000001,-0.19913000000000003
-0.26788,-0.40554,-0.18131000000000008
-0.3007500000000001,-0.33555,-0.20274999999999999
-0.49050000000000005,-0.20659000000000005,-0.13962000000000008
-0.30945999999999996,-0.22870999999999997,-0.15171999999999997
-0.56164,-0.1101399999999999,-0.11308000000000007
-0.5032400000000001,-0.11210000000000009,-0.12018000000000006
-0.48279999999999995,-0.13736000000000004,-0.14188
-0.6572,-0.16132000000000002,-0.017679999999999918
-0.7192000000000001,-0.2958299999999999,-0.03887000000000007
-0.51474,-0.19111999999999996,-0.01700999999999997
-0.64246,-0.27308,-0.022179999999999978
-0.6855899999999999,-0.32584,-0.02682999999999991
-0.57755,-0.31808000000000003,-0.19948999999999995
-0.66849,-0.09511000000000003,-0.19362000000000001
-0.58063,-0.30533999999999994,-0.18473000000000006
-0.63704,-0.09653999999999996,-0.18464000000000003
-0.56725,-0.09111000000000002,-0.28336000000000006
-0.70853,-0.35692,-0.49812
-0.69709,-0.40599999999999997,-0.5460799999999999
-0.6849000000000001,-0.39993,-0.40798
-0.63134,-0.39775000000000005,-0.5252800000000001
-0.61208,-0.47713,-0.3394
-0.60718,-0.49022,0.0019399999999999418
-0.60575,-0.40675000000000006,-0.034459999999999935
-0.6235499999999999,-0.53232,-0.04366999999999999
-0.5822499999999999,-0.48497,-0.00605
-0.09748000000000001,-0.27805,-0.019969999999999932
-0.6415599999999999,-0.44112,-0.3347
-0.6075,-0.38601,-0.28870000000000007
-0.60921,-0.53163,-0.32396
-0.6725400000000001,-0.17825000000000002,-0.21405000000000007
-0.59548,-0.40798000000000006,-0.2904
-0.64295,-0.45825000000000005,-0.07534000000000007
-0.6090800000000001,-0.21405000000000007,-0.06481000000000003
-0.5831200000000001,-0.41464,-0.027630000000000043
-0.6677900000000001,-0.1471699999999999,-0.06686000000000003
-0.59119,-0.27135,-0.039490000000000025
-0.41468000000000005,-0.29283000000000003,-0.20970999999999995
-0.4994,-0.30913999999999997,-0.23007
-0.5082800000000001,-0.32372,-0.2352200000000001
-0.40567999999999993,-0.22281000000000006,-0.23592000000000002
-0.40974999999999995,-0.26764999999999994,-0.2553599999999999
-0.46475999999999995,-0.5551900000000001,-0.17501999999999995
-0.59405,-0.59798,-0.10397999999999996
-0.44096,-0.58607,-0.15264
-0.63225,-0.55314,-0.17423999999999995
-0.60765,-0.5517,-0.15960000000000008
-0.8550199999999999,-0.12121000000000004,-0.18409999999999993
-0.85832,-0.14003,-0.3019200000000001
-0.8397399999999999,-0.15959999999999996,-0.19602999999999993
-0.76096,-0.12547999999999992,-0.1272399999999999
-0.7948,-0.13462999999999992,-0.27764999999999995
-0.76181,-0.7154,-0.68092
-0.73367,-0.69478,-0.66112
-0.66393,-0.72003,-0.62107
-0.6849099999999999,-0.6914600000000001,-0.6290499999999999
-0.6917500000000001,-0.70652,-0.60497
-0.5537000000000001,-0.08198000000000005,-0.0365700000000001
-0.5728899999999999,-0.09619,-0.04310999999999998
-0.56185,-0.007299999999999973,-0.04248999999999992
-0.5331600000000001,-0.05170000000000008,-0.03970000000000007
-0.55775,0.007389999999999897,-0.041120000000000045
-0.71436,-0.44104999999999994,-0.16015000000000001
-0.69021,-0.44117999999999996,-0.16979
-0.7361899999999999,-0.42797,-0.21414999999999995
-0.71492,-0.38128999999999996,-0.1012599999999999
-0.6291199999999999,-0.36647,-0.1401199999999999
-0.36936,-0.07871000000000006,-0.26658000000000004
-0.36483,-0.03645000000000009,-0.2891699999999999
-0.35614,-0.049490000000000034,-0.32039000000000006
-0.3490399999999999,-0.02407999999999999,-0.3072999999999999
-0.35819,-0.05417000000000005,-0.24185999999999996
-0.74136,-0.12693999999999994,-0.15198
-0.7290399999999999,-0.10539999999999994,-0.1534899999999999
-0.50212,-0.11280000000000001,-0.13934999999999997
-0.36622999999999994,-0.23534,-0.13476999999999995
-0.7069000000000001,-0.10756999999999994,-0.1285400000000001
-0.78121,-0.37369,-0.14307999999999998
-0.76606,-0.39168,-0.12889000000000006
-0.77278,-0.45357000000000003,-0.12697000000000003
-0.75386,-0.46227,-0.13748000000000005
-0.75844,-0.38822999999999996,-0.10930000000000006
-0.72804,-0.21311999999999998,-0.32896000000000003
-0.73771,-0.19983000000000006,-0.53535
-0.62084,-0.25389000000000006,-0.33216999999999997
-0.74885,-0.22175,-0.34961
-0.60564,-0.20894999999999997,-0.33089
-0.50644,-0.32645,0.005309999999999926
-0.46230000000000004,-0.37856,-0.03486
-0.51061,-0.1687900000000001,-0.04116999999999993
-0.48712,-0.08201999999999998,-0.01649999999999996
-0.44978,-0.08689999999999998,-0.05903999999999998
-0.53266,-0.27871,-0.5434399999999999
-0.5153699999999999,-0.18977,-0.5482
-0.54913,-0.61099,-0.56277
-0.54616,-0.61517,-0.5560099999999999
-0.49295,-0.35216000000000003,-0.5129900000000001
-0.7794800000000001,-0.27119000000000004,-0.56525
-0.75295,-0.25486,-0.76364
-0.7967299999999999,-0.25850000000000006,-0.75259
-0.7124999999999999,-0.26919000000000004,-0.60094
-0.66581,-0.25900999999999996,-0.55314
-0.61978,-0.66123,-0.20591000000000004
-0.73146,-0.09755999999999998,-0.23014999999999997
-0.61698,-0.41928,-0.32145
-0.63187,-0.57847,-0.29212000000000005
-0.54094,-0.40219999999999995,-0.5263
-0.44917999999999997,-0.57491,-0.26393999999999995
-0.40641999999999995,-0.52707,-0.32749999999999996
-0.51764,-0.5360800000000001,-0.35453999999999997
-0.42794999999999994,-0.55664,-0.35072
-0.36140000000000005,-0.5157499999999999,-0.31145000000000006
-0.4251600000000001,-0.33664000000000005,-0.018260000000000054
-0.62737,-0.32643999999999995,-0.018490000000000006
-0.38536000000000004,-0.38841000000000003,-0.01984000000000008
-0.43435999999999997,-0.33431,-0.01312000000000002
-0.42494,-0.32815000000000005,-0.021170000000000022
-0.38895,-0.09877999999999998,-0.04576999999999998
-0.30211,-0.09183000000000008,-0.05191000000000001
-0.30364,-0.07882,-0.053039999999999976
-0.27696,-0.12137999999999993,-0.054200000000000026
-0.29944000000000004,-0.08287999999999995,-0.037980000000000014
-0.5298799999999999,-0.53324,-0.010649999999999937
-0.53623,-0.50779,-0.02674999999999994
-0.57715,-0.49576,-0.48143
-0.6496,-0.49457999999999996,-0.005310000000000037
-0.5333,-0.49923,-0.006549999999999945
-0.43102,-0.13589000000000007,0.03047999999999995
-0.45845,-0.12757999999999992,-0.033970000000000056
-0.44201,-0.18745,0.034009999999999985
-0.41107000000000005,-0.17581000000000002,-0.1395200000000001
-0.44589999999999996,-0.18079,0.012660000000000005
-0.07567000000000002,-0.17093999999999998,-0.03715999999999997
-0.5421,-0.17645999999999995,-0.03726000000000007
-0.48992,-0.17174,-0.030390000000000028
-0.57928,-0.19474000000000002,-0.03299999999999992
-0.07587999999999995,-0.16256000000000004,-0.030309999999999948
-0.5805100000000001,-0.28706,-0.01921000000000006
-0.6926599999999999,-0.3337399999999999,-0.01578999999999997
-0.6547799999999999,-0.38548000000000004,-0.02071999999999996
-0.6580999999999999,-0.27407000000000004,-0.009589999999999987
-0.6829000000000001,-0.34658,-0.00719000000000003
-0.38581,-0.009279999999999955,-0.09599000000000002
-0.33846999999999994,-0.36878,-0.08387999999999995
-0.3039700000000001,-0.12005999999999994,-0.08032000000000006
-0.74465,-0.06351999999999991,-0.1018
-0.30601999999999996,-0.35615,-0.08683999999999992
-0.63751,-0.13535999999999992,-0.3003800000000001
-0.7030500000000001,-0.5300499999999999,-0.37809000000000004
-0.66363,-0.06437999999999999,-0.25960000000000005
-0.7021499999999999,-0.07813999999999999,-0.36046999999999996
-0.6993199999999999,-0.12743000000000004,-0.27259999999999995
-0.64518,-0.2608499999999999,-0.10894999999999999
-0.70245,-0.51019,-0.16759000000000002
-0.74815,-0.2964,-0.11565999999999999
-0.6632499999999999,-0.27803999999999995,-0.10948000000000002
-0.6665099999999999,-0.49132,-0.04721999999999993
-0.55045,-0.07143,-0.19516
-0.53366,-0.07547999999999999,-0.17734000000000005
-0.5408,-0.07082,-0.2379199999999999
-0.56691,-0.07540000000000002,-0.22658999999999996
-0.55212,-0.06689,-0.19591000000000003
-0.50233,-0.68112,-0.1684500000000001
-0.52058,-0.55774,-0.21118000000000003
-0.53946,-0.6475599999999999,-0.18852999999999998
-0.58473,-0.6650900000000001,-0.17384
-0.54197,-0.66159,-0.18231999999999993
-0.76662,-0.58015,-0.16779999999999995
-0.7518400000000001,-0.4121699999999999,-0.18059000000000003
-0.75203,-0.38826000000000005,-0.21758
-0.77006,-0.6114999999999999,-0.19043999999999994
-0.78712,-0.49253,-0.51848
-0.58796,-0.52125,-0.040080000000000005
-0.6092199999999999,-0.43962,-0.02254999999999996
-0.52359,-0.6691400000000001,-0.032279999999999975
-0.59566,-0.48864,0.009440000000000004
-0.59415,-0.4385899999999999,-0.011299999999999977
-0.32041,-0.1301,-0.07479000000000002
-0.3403999999999999,-0.1427799999999999,-0.11241000000000001
-0.30523,-0.1642,-0.13163000000000002
-0.5006900000000001,-0.29982,-0.13582000000000005
-0.27397000000000005,-0.14560000000000006,-0.14381
-0.41618999999999995,-0.06198999999999999,-0.08379999999999999
-0.4169800000000001,-0.006199999999999983,-0.08776000000000006
-0.40675000000000006,-0.003329999999999944,-0.10899000000000003
-0.35341999999999996,-0.02371000000000001,-0.12724000000000002
-0.49695,-0.00719000000000003,-0.14425
-0.43275,-0.5565,-0.053749999999999964
-0.48568999999999996,-0.5605,-0.07256999999999991
-0.5761,-0.57951,-0.050839999999999996
-0.57511,-0.51915,-0.07572999999999996
-0.58436,-0.54167,-0.06684000000000001
-0.6353,-0.12336000000000003,-0.02623999999999993
-0.54795,-0.11956999999999995,-0.06040000000000001
-0.65855,-0.17015999999999998,-0.08011999999999997
-0.61066,-0.14006999999999992,-0.06860999999999995
-0.64361,-0.10814000000000001,-0.06459999999999999
-0.74747,-0.14317000000000002,-0.19718000000000002
-0.72481,-0.07082999999999995,-0.18686999999999998
-0.75281,-0.11026000000000002,-0.17144000000000004
-0.744,-0.07355,-0.19342000000000004
-0.71339,-0.11603000000000008,-0.13993
-0.68529,-0.18052,-0.10807999999999995
-0.6805,-0.11598999999999993,-0.12858000000000003
-0.558,-0.014880000000000004,-0.09592
-0.50412,-0.041810000000000014,-0.09247000000000005
-0.5616000000000001,-0.09112999999999993,-0.09918000000000005
-0.63276,-0.009560000000000013,-0.57375
-0.66116,-0.011800000000000033,-0.6627000000000001
-0.6072599999999999,-0.24238000000000004,-0.6305000000000001
-0.6173599999999999,-0.5583600000000001,-0.63213
-0.6554199999999999,-0.01544000000000001,-0.65104
-0.7908,-0.68313,-0.7323999999999999
-0.79574,-0.65058,-0.70212
-0.7683,-0.56206,-0.73702
-0.7980700000000001,-0.6123099999999999,-0.65212
-0.78339,-0.57971,-0.7058599999999999
-0.5951299999999999,-0.53007,-0.28308
-0.55006,-0.33342000000000005,-0.2428800000000001
-0.6811099999999999,-0.56604,-0.49863999999999997
-0.6213,-0.5440200000000001,-0.47392
-0.58908,-0.44727,-0.33669000000000004
-0.69567,-0.46160999999999996,-0.06237999999999999
-0.72135,-0.44276000000000004,-0.05353000000000008
-0.71672,-0.35462000000000005,-0.15059
-0.7561599999999999,-0.5679000000000001,-0.07125999999999999
-0.69851,-0.50177,-0.019610000000000016
-0.7021900000000001,-0.1622,-0.27114000000000005
-0.74378,-0.22072999999999998,-0.40801
-0.72538,-0.18608000000000002,-0.49164
-0.65368,-0.19260999999999995,-0.6074999999999999
-0.63262,-0.1665500000000001,-0.42406
-0.52179,-0.23138000000000003,-0.30103
-0.59803,-0.20262999999999998,-0.3385
-0.5820299999999999,-0.20803000000000005,-0.3569
-0.55359,-0.15272000000000008,-0.33321999999999996
-0.58089,-0.16864,-0.30522000000000005
-0.77908,-0.45335,-0.3960999999999999
-0.79816,-0.41798,-0.29581
-0.78979,-0.4359,-0.49983000000000005
-0.81108,-0.32966000000000006,-0.3075800000000001
-0.77874,-0.44898,-0.29545
-0.66306,-0.63334,-0.12331000000000003
-0.6736,-0.64172,-0.12947999999999993
-0.70935,-0.65587,-0.13778
-0.67015,-0.47128000000000003,-0.13695999999999997
-0.62791,-0.56541,-0.06446999999999992
-0.34912,-0.67224,-0.02361000000000002
-0.24783999999999995,-0.72704,-0.02507999999999999
-0.25193,-0.66808,-0.021239999999999926
-0.31718999999999997,-0.68382,-0.007970000000000033
-0.21899999999999997,-0.58907,-0.035820000000000074
-0.68125,-0.10134999999999994,-0.27038000000000006
-0.62883,-0.09541999999999995,-0.31838
-0.5517399999999999,-0.24523000000000006,-0.13893999999999995
-0.6209,-0.41602000000000006,-0.25634
-0.5480800000000001,-0.10244999999999993,-0.17261000000000004
-0.6929500000000001,-0.5427299999999999,0.00015999999999993797
-0.72917,-0.46870999999999996,-0.019589999999999996
-0.6782299999999999,-0.49300000000000005,-0.018309999999999937
-0.66185,-0.14356999999999998,-0.00045000000000006146
-0.73229,-0.15423999999999993,-0.020510000000000028
-0.55332,-0.22026999999999997,-0.15786
-0.69323,-0.44131,-0.20758
-0.55602,-0.11058999999999997,-0.19965
-0.60802,-0.08256000000000008,-0.18991000000000002
-0.57622,-0.12658999999999998,-0.16540999999999995
-0.5844199999999999,-0.07550999999999997,-0.40952999999999995
-0.19077999999999995,-0.05738999999999994,-0.18763999999999992
-0.07073999999999991,-0.0575699999999999,-0.21294999999999997
-0.48861,-0.061509999999999954,-0.18725999999999998
-0.50165,-0.06917000000000006,-0.12992000000000004
-0.55081,-0.55113,-0.25529
-0.5087700000000001,-0.55106,-0.24967000000000006
-0.62965,-0.6334299999999999,-0.25656
-0.58677,-0.55078,-0.25173
-0.5881000000000001,-0.52857,-0.235
-0.53556,-0.33954000000000006,-0.23316000000000003
-0.43411,-0.24284000000000006,-0.22862000000000005
-0.4446500000000001,-0.18670999999999993,-0.27099000000000006
-0.4266899999999999,-0.25805,-0.24468
-0.46309,-0.5237499999999999,-0.26409000000000005
-0.49348000000000003,-0.3099200000000001,-0.26263000000000003
-0.4861,-0.22199000000000002,-0.11038999999999999
-0.50587,-0.21501000000000003,-0.03870000000000007
-0.47698999999999997,-0.49921,-0.22090999999999994
-0.59329,-0.51654,-0.23670000000000002
-0.65043,-0.06444000000000005,-0.34407999999999994
-0.63609,-0.08368000000000009,-0.3467300000000001
-0.6015900000000001,-0.13748000000000005,-0.36556
-0.6574,-0.08521000000000001,-0.35594000000000003
-0.63297,-0.07804,-0.35475
-0.05786000000000002,-0.10272999999999999,-0.27114000000000005
-0.03966000000000003,-0.10565000000000002,-0.12705999999999995
-0.02949999999999997,-0.10892000000000002,-0.15258000000000005
-0.07884999999999998,-0.10968000000000011,-0.15924000000000005
-0.17224000000000006,-0.10487999999999997,-0.16669
-0.6879500000000001,-0.12461999999999995,-0.27470000000000006
-0.69579,-0.06069000000000002,-0.26735
-0.73142,-0.118,-0.26045000000000007
-0.68985,-0.09693999999999992,-0.25563
-0.72933,-0.43456999999999996,-0.26578
-0.47392,-0.3479,-0.12368000000000001
-0.4573,-0.3380399999999999,-0.10518000000000005
-0.43554000000000004,-0.3315499999999999,-0.15969
-0.39844,-0.34057000000000004,-0.09592
-0.4206399999999999,-0.3349000000000001,-0.17501999999999995
-0.68351,-0.51376,-0.60893
-0.5212700000000001,-0.44928,-0.43698000000000004
-0.51327,-0.35836999999999997,-0.45978
-0.49916,-0.47607,-0.47926
-0.61556,-0.3983,-0.49628
-0.65873,-0.34612999999999994,-0.36461
-0.70248,-0.38832,-0.43882000000000004
-0.5703699999999999,-0.34994000000000003,-0.31271999999999994
-0.53635,-0.36668,-0.27277999999999997
-0.58657,-0.64275,-0.31456999999999996
-0.6207199999999999,-0.65787,-0.17879999999999996
-0.6245400000000001,-0.65595,-0.25599000000000005
-0.64069,-0.66852,-0.28206
-0.61558,-0.70339,-0.25661
-0.6301399999999999,-0.65845,-0.26129
-0.49695999999999996,-0.05712000000000006,-0.10460999999999998
-0.47436,-0.054889999999999994,-0.10251999999999994
-0.5019,-0.05738999999999994,-0.10362000000000005
-0.47122,-0.061630000000000074,-0.08959000000000006
-0.46684,-0.060659999999999936,-0.10124999999999995
-0.68327,-0.22319,-0.42233
-0.68458,-0.32909999999999995,-0.40549
-0.6694599999999999,-0.21323999999999999,-0.09276999999999991
-0.68071,-0.23627999999999993,-0.07489000000000001
-0.69725,-0.27094000000000007,-0.48025000000000007
-0.57857,-0.03626000000000007,-0.26955000000000007
-0.58149,-0.03922000000000003,-0.28837
-0.53163,-0.052119999999999944,-0.21687
-0.57868,-0.04255999999999993,-0.4055099999999999
-0.49517999999999995,-0.03306999999999993,-0.22302999999999995
-0.44501,0.007809999999999984,-0.50092
-0.43994,0.008000000000000007,-0.49291999999999997
-0.44506,-0.00021999999999999797,-0.4968
-0.43687,-0.015860000000000096,-0.5028999999999999
-0.41813,0.007950000000000013,-0.49315999999999993
-0.5682499999999999,-0.07482,-0.061329999999999996
-0.56471,-0.08536999999999995,-0.07613999999999999
-0.58478,-0.09184999999999999,-0.05162
-0.56604,-0.07055,-0.17120999999999997
-0.5524,-0.08604999999999996,-0.09299000000000002
-0.57963,-0.50688,-0.04627000000000003
-0.6442300000000001,-0.58169,-0.04610000000000003
-0.5059899999999999,-0.60392,-0.051429999999999976
-0.62026,-0.6033200000000001,-0.047070000000000056
-0.5504500000000001,-0.57821,-0.039470000000000005
-0.6668999999999999,-0.17326000000000008,-0.0643999999999999
-0.70301,-0.17859000000000003,-0.06696999999999997
-0.66205,-0.17340999999999995,-0.06374000000000002
-0.67171,-0.1939900000000001,-0.06608999999999998
-0.66494,-0.13046999999999997,-0.06189
-0.73113,-0.31118,-0.10287000000000002
-0.7390599999999999,-0.30429000000000006,-0.11759999999999993
-0.71384,-0.45777,-0.12769999999999992
-0.7495200000000001,-0.31933999999999996,-0.12477000000000005
-0.7291399999999999,-0.46897000000000005,-0.12739
-0.7085400000000001,-0.09312999999999994,-0.20228999999999997
-0.72475,-0.09371000000000007,-0.10711999999999999
-0.74053,-0.10724999999999996,-0.11456
-0.7551300000000001,-0.10882999999999998,-0.20926
-0.72997,-0.12084000000000006,-0.11400999999999994
-0.32931999999999995,-0.01189999999999991,-0.061939999999999995
-0.57589,-0.010810000000000097,-0.14392000000000005
-0.40902000000000005,0.00988,-0.09109
-0.29507000000000005,-0.04046000000000005,-0.14808
-0.59822,0.011360000000000037,-0.17135999999999996
-0.58992,-0.05346000000000006,-0.12126999999999999
-0.49457999999999996,-0.06318000000000001,-0.20821999999999996
-0.60355,-0.04891000000000001,-0.22865000000000002
-0.59779,-0.0343,-0.23041
-0.5499400000000001,-0.06291999999999998,-0.19681000000000004
-0.64045,-0.60527,-0.43655000000000005
-0.66869,-0.42396,-0.05413000000000001
-0.6288600000000001,-0.48816,-0.21820000000000006
-0.64343,-0.4292,-0.32333
-0.62557,-0.4157,-0.015029999999999988
-0.5643199999999999,-0.05063999999999991,-0.26737
-0.57402,-0.05758999999999992,-0.17210999999999999
-0.56992,-0.053300000000000014,-0.2629
-0.55975,-0.03598000000000001,-0.1911400000000001
-0.58907,-0.052059999999999995,-0.18928
-0.6751699999999999,-0.22426999999999997,-0.45876999999999996
-0.71024,-0.25346,-0.5254300000000001
-0.6069199999999999,-0.26039999999999996,-0.47304999999999997
-0.61063,-0.24500999999999995,-0.52235
-0.67384,-0.25934,-0.54992
-0.65743,-0.6938,-0.2507499999999999
-0.6820499999999999,-0.6983199999999999,-0.21800999999999993
-0.66473,-0.70599,-0.29456000000000004
-0.6873400000000001,-0.7274700000000001,-0.30196
-0.6720700000000001,-0.68549,-0.3005500000000001
-0.65944,-0.36563,-0.10107999999999995
-0.64772,-0.3406,-0.13012
-0.4429700000000001,-0.34413000000000005,-0.09967000000000004
-0.71319,-0.41628999999999994,-0.14478000000000002
-0.30989999999999995,-0.36122,-0.12273999999999996
-0.3759,-0.42067,-0.07801000000000002
-0.38647999999999993,-0.43733,-0.07494999999999996
-0.49444,-0.32228,-0.07101000000000002
-0.3107599999999999,-0.25871999999999995,-0.07084999999999997
-0.33957000000000004,-0.38871999999999995,-0.020870000000000055
-0.51799,-0.53894,-0.20328000000000002
-0.50605,-0.51393,-0.21765
-0.49162000000000006,-0.50676,-0.1999700000000001
-0.51034,-0.5144199999999999,-0.09915999999999991
-0.49205,-0.42786,-0.19135000000000002
-0.73917,-0.07143,-0.5414399999999999
-0.78692,-0.06318000000000001,-0.57806
-0.78336,-0.038959999999999995,-0.6051899999999999
-0.76569,-0.04710000000000003,-0.6105
-0.78572,-0.05573000000000006,-0.66631
-0.7646499999999999,-0.07386000000000004,-0.33519999999999994
-0.70529,-0.05851000000000006,-0.31506
-0.75336,-0.10063,-0.32964000000000004
-0.74639,-0.07813999999999999,-0.37403
-0.73394,-0.10319,-0.34136999999999995
-0.37602,-0.032930000000000015,-0.09228000000000003
-0.40548999999999996,-0.015510000000000024,-0.13185999999999998
-0.07967000000000002,-0.02810999999999997,-0.06469000000000003
-0.21797,-0.04620999999999997,-0.15388999999999997
-0.39758,-0.04858999999999991,-0.15117999999999998
-0.48760000000000003,-0.37850000000000006,-0.39951000000000003
-0.5148600000000001,-0.38681,-0.36069000000000007
-0.49706999999999996,-0.42037,-0.46604999999999996
-0.47126,-0.38847999999999994,-0.48072000000000004
-0.52779,-0.3944,-0.41517000000000004
-0.31199,-0.2508699999999999,-0.29976
-0.3440200000000001,-0.23653999999999997,-0.09209
-0.30440999999999996,-0.38472000000000006,-0.25476999999999994
-0.4093500000000001,-0.2953,-0.2672000000000001
-0.30591,-0.41654,-0.09065000000000001
-0.5870299999999999,-0.39438,-0.26354
-0.6117400000000001,-0.18655,-0.6192300000000001
-0.6703,-0.18121999999999994,-0.37442
-0.6581,-0.35515,-0.28396
-0.64618,-0.32755,-0.34378
-0.45217,-0.4161999999999999,-0.25575000000000003
-0.48538000000000003,-0.53058,-0.25459
-0.49768,-0.58491,-0.26505
-0.49356999999999995,-0.24287999999999998,-0.24641999999999997
-0.46942000000000006,-0.17186,-0.28630000000000005
-0.55297,-0.3858499999999999,-0.11042999999999992
-0.7101999999999999,-0.38242,-0.11906000000000005
-0.70014,-0.36982000000000004,-0.10563999999999996
-0.6792799999999999,-0.3321700000000001,-0.16059999999999997
-0.6358699999999999,-0.4029999999999999,-0.09889999999999999
-0.53823,-0.5935,-0.14697000000000005
-0.6428,-0.55158,-0.20943999999999996
-0.5415099999999999,-0.60168,-0.13364999999999994
-0.37639000000000006,-0.5969300000000001,-0.08834000000000009
-0.43499,-0.61544,-0.04119000000000006
-0.49232999999999993,-0.26215,-0.11337999999999993
-0.73419,-0.25323000000000007,-0.5733600000000001
-0.43956,-0.24233000000000005,-0.11758000000000002
-0.71496,-0.3667,-0.41949000000000003
-0.44678,-0.26787000000000005,-0.5600499999999999
-0.59555,-0.37161,-0.22152000000000005
-0.47678,-0.45462,-0.19541999999999993
-0.58535,-0.36083,-0.20492
-0.54772,-0.37622999999999995,-0.16901
-0.56169,-0.3714099999999999,-0.20738
-0.6392199999999999,-0.49552000000000007,-0.05406999999999995
-0.6412,-0.48095,-0.05137999999999998
-0.6841600000000001,-0.49172999999999994,-0.16515000000000002
-0.6188600000000001,-0.50651,-0.23676000000000008
-0.5389999999999999,-0.51779,-0.038449999999999984
-0.49462,-0.62936,-0.16040999999999994
-0.49801,-0.61228,-0.12639
-0.5625899999999999,-0.67157,-0.14493999999999996
-0.7235499999999999,-0.66496,-0.18241999999999992
-0.48174000000000006,-0.6676599999999999,-0.10148000000000001
-0.40857000000000004,-0.63977,-0.24112
-0.40392999999999996,-0.65906,-0.26161999999999996
-0.40103000000000005,-0.6279,-0.2904300000000001
-0.38782000000000005,-0.59781,-0.256
-0.40447000000000005,-0.6610800000000001,-0.26085
-0.4386,-0.13717000000000001,-0.43423999999999996
-0.63997,-0.13928000000000007,-0.43485000000000007
-0.6776200000000001,-0.13802999999999999,-0.51322
-0.63309,-0.14627,-0.51284
-0.6939,-0.13903999999999994,-0.5792299999999999
-0.73494,-0.13497000000000003,-0.04217000000000004
-0.70554,-0.08869000000000005,-0.12180000000000002
-0.6817,-0.06032000000000004,-0.026580000000000048
-0.7396,-0.09075,-0.029959999999999987
-0.49239000000000005,-0.12165000000000004,-0.062080000000000024
-0.47738,-0.2579,-0.014690000000000092
-0.49761000000000005,-0.26254,-0.02895000000000003
-0.5366,-0.28606,-0.02326000000000006
-0.50993,-0.27444,-0.03180000000000005
-0.496,-0.27171,-0.019159999999999955
-0.49846,-0.13576,-0.11577000000000004
-0.47375,-0.13771999999999995,-0.09607999999999994
-0.53569,-0.30072999999999994,-0.09613000000000005
-0.5044500000000001,-0.11857000000000006,-0.11814000000000002
-0.5783400000000001,-0.16052,-0.06659000000000004
-0.2376100000000001,-0.08480999999999994,-0.018920000000000048
-0.2239,-0.08671000000000006,-0.013539999999999996
-0.19003000000000003,-0.35233999999999993,-0.02465000000000006
-0.4309200000000001,-0.31832,-0.022820000000000062
-0.26970000000000005,-0.061309999999999976,-0.022909999999999986
-0.60033,-0.11208999999999991,-0.40237999999999996
-0.6163099999999999,-0.49784,-0.45017999999999997
-0.5200500000000001,-0.20381000000000005,-0.38943000000000005
-0.54504,-0.49982999999999994,-0.5584
-0.5940799999999999,-0.19638,-0.56495
-0.6383700000000001,-0.29904,-0.49729000000000007
-0.5941,-0.30249000000000004,-0.61016
-0.6025400000000001,-0.31018,-0.55419
-0.62276,-0.30464,-0.5174700000000001
-0.6065499999999999,-0.29949000000000003,-0.6199
-0.56453,-0.6738900000000001,-0.21984000000000004
-0.71376,-0.55399,-0.20772000000000002
-0.6644,-0.60568,-0.19737000000000005
-0.73816,-0.51536,-0.21883000000000008
-0.7339500000000001,-0.6294299999999999,-0.18991000000000002
-0.37312999999999996,-0.17128,-0.06647000000000003
-0.4005000000000001,-0.12052999999999991,-0.07095000000000007
-0.37506000000000006,-0.12013999999999991,-0.05168000000000006
-0.30906,-0.11831000000000003,-0.060840000000000005
-0.27339,-0.21919,-0.03351000000000004
-0.57089,-0.57565,-0.05524000000000007
-0.58867,-0.30927000000000004,-0.010440000000000005
-0.54253,-0.57087,-0.07015000000000005
-0.54713,-0.48554,-0.07106000000000001
-0.59056,-0.31735,-0.07945000000000002
-0.20118000000000003,-0.60946,-0.09765999999999997
-0.38958000000000004,-0.5997,-0.10530000000000006
-0.44023999999999996,-0.5853900000000001,-0.10497000000000001
-0.35884000000000005,-0.55689,-0.11656
-0.40262999999999993,-0.5865900000000001,-0.09897999999999996
-0.41956000000000004,-0.011909999999999976,-0.20349000000000006
-0.50122,-0.012979999999999992,-0.11465000000000003
-0.5172000000000001,-0.02817000000000003,-0.44997000000000004
-0.49000999999999995,-0.019059999999999966,-0.13361
-0.506,-0.023090000000000055,-0.5907
-0.23951,-0.17986000000000002,-0.08881000000000006
-0.3301299999999999,-0.20723999999999998,-0.08218999999999999
-0.30282999999999993,-0.17170000000000007,-0.09404999999999997
-0.32454000000000005,-0.2187699999999999,-0.07590000000000008
-0.28901,-0.04015000000000002,-0.09487000000000001
-0.78449,-0.020540000000000003,-0.04691000000000001
-0.35463,-0.07314999999999994,-0.03616000000000008
-0.31539000000000006,-0.06303000000000003,-0.04088000000000003
-0.36090999999999995,-0.014989999999999948,-0.04157999999999995
-0.31828999999999996,-0.0524,-0.047619999999999996
-0.61202,-0.55894,-0.07852000000000003
-0.64482,-0.5247299999999999,-0.21531
-0.59046,-0.27835,-0.06735999999999998
-0.64681,-0.52742,-0.16666000000000003
-0.48874999999999996,-0.51082,-0.17933
-0.4339299999999999,-0.47783,-0.03904999999999992
-0.31871000000000005,-0.38465000000000005,-0.03532999999999997
-0.29838,-0.5186899999999999,-0.03624000000000005
-0.42110000000000003,-0.48702999999999996,-0.03278000000000003
-0.3881,-0.45093000000000005,-0.03201999999999994
-0.18599,-0.04252999999999996,-0.035679999999999934
-0.24498999999999993,-0.57206,-0.04630999999999996
-0.22153,-0.5774900000000001,-0.036030000000000006
-0.12165000000000004,-0.33867,-0.03624000000000005
-0.20684999999999998,-0.5735899999999999,-0.037349999999999994
-0.4341499999999999,-0.58641,-0.09316999999999998
-0.33835000000000004,-0.47064,-0.09261000000000008
-0.42715000000000003,-0.45205999999999996,-0.03976000000000002
-0.36788999999999994,-0.42536,-0.03652
-0.42790000000000006,-0.5019,-0.09972000000000003
-0.63194,-0.056720000000000104,-0.40137
-0.6033,-0.055910000000000015,-0.42357999999999996
-0.6436200000000001,-0.06537000000000004,-0.40839000000000003
-0.62981,-0.052200000000000024,-0.44356
-0.58191,-0.04296999999999995,-0.38381
-0.026509999999999923,-0.39735,-0.05508999999999997
-0.035129999999999995,-0.38023000000000007,-0.08177999999999996
-0.005689999999999973,-0.41473000000000004,-0.06302999999999992
-0.027880000000000016,-0.37882000000000005,-0.09781000000000006
-0.053730000000000055,-0.48227000000000003,-0.08842000000000005
-0.61899,-0.18925000000000003,-0.35923000000000005
-0.7123299999999999,-0.24718000000000007,-0.40144
-0.5686100000000001,-0.29259999999999997,-0.40641000000000005
-0.77151,-0.18728,-0.36452000000000007
-0.74546,-0.2604599999999999,-0.34246999999999994
-0.5100100000000001,-0.67791,-0.07272
-0.53353,-0.6816,-0.17957
-0.5360900000000001,-0.67925,-0.08856000000000008
-0.66117,-0.6834100000000001,-0.13078999999999996
-0.5520100000000001,-0.6778700000000001,-0.09372000000000003
-0.28923999999999994,-0.05906,-0.18645
-0.28903,-0.062039999999999984,-0.25115
-0.27948000000000006,-0.10232000000000008,-0.1838700000000001
-0.3023600000000001,-0.06874999999999998,-0.17651000000000006
-0.2704200000000001,-0.035780000000000034,-0.15722000000000003
-0.24007,-0.25250000000000006,-0.10016000000000003
-0.17989999999999995,-0.10739999999999994,-0.11465999999999998
-0.1901400000000001,-0.05242999999999998,-0.13789000000000007
-0.20791000000000004,-0.07983999999999991,-0.24111000000000005
-0.48440000000000005,-0.29874,-0.07937000000000005
-0.5731200000000001,-0.60815,-0.20351000000000008
-0.48284,-0.5891599999999999,-0.28102000000000005
-0.50153,-0.64601,-0.26088999999999996
-0.5294099999999999,-0.42940999999999996,-0.26103999999999994
-0.62263,-0.33446,-0.22789000000000004
-0.06464000000000003,-0.6488,-0.03247
-0.03861000000000003,-0.6665,-0.015310000000000046
-0.5647199999999999,-0.72406,-0.01869999999999994
-0.44765,-0.55766,-0.007560000000000011
-0.4624400000000001,-0.62428,-0.025600000000000067
-0.2668400000000001,-0.12813999999999992,-0.20661000000000007
-0.31562999999999997,-0.13605,-0.22213000000000005
-0.28864,-0.17676999999999998,-0.21657000000000004
-0.29845999999999995,-0.14883000000000002,-0.21448999999999996
-0.25929,-0.14578000000000002,-0.20557999999999998
-0.66841,-0.40991,-0.13552999999999993
-0.6727500000000001,-0.44972999999999996,-0.13805
-0.67998,-0.43311999999999995,-0.16086
-0.7095899999999999,-0.5540799999999999,-0.17364000000000002
-0.7232299999999999,-0.51253,-0.15703999999999996
-0.6508700000000001,-0.18271000000000004,-0.21379000000000004
-0.70381,-0.1796500000000001,-0.16864
-0.6586,-0.09238000000000002,-0.1736399999999999
-0.7389600000000001,-0.17825000000000002,-0.20209
-0.6585099999999999,-0.16904999999999992,-0.18238
-0.57927,-0.57933,-0.09950999999999999
-0.5166,-0.52034,-0.04910999999999999
-0.5625899999999999,-0.53413,-0.023320000000000007
-0.5382100000000001,-0.57593,-0.06745000000000001
-0.55915,-0.57355,-0.10719999999999996
-0.46439,-0.05284,-0.06413000000000002
-0.43610999999999994,-0.05600000000000005,-0.05031999999999992
-0.45456,-0.03586999999999996,-0.062080000000000024
-0.44608000000000003,-0.06172,-0.036310000000000064
-0.44926,-0.03617999999999999,-0.012669999999999959
-0.06073000000000006,-0.43752,-0.08591000000000004
-0.34372,-0.40473000000000003,-0.03292000000000006
-0.09240000000000004,-0.38121,0.02414000000000005
-0.33544000000000007,-0.37625,0.003169999999999895
-0.3242600000000001,-0.35346,0.0012299999999999534
-0.5884800000000001,-0.4555199999999999,-0.21332000000000007
-0.66374,-0.08701999999999999,-0.15224000000000004
-0.6697000000000001,-0.38721000000000005,-0.1671800000000001
-0.6568700000000001,-0.44894999999999996,-0.17284999999999995
-0.66452,-0.41446000000000005,-0.11214999999999997
-0.41774,-0.55878,-0.09094999999999998
-0.42704,-0.51004,-0.09904999999999997
-0.50135,-0.5717300000000001,-0.2839900000000001
-0.1841299999999999,-0.61957,-0.10461999999999994
-0.29176,-0.54562,-0.10189999999999999
-0.7116899999999999,-0.02538000000000007,-0.20075999999999994
-0.76313,-0.14915,-0.20719999999999994
-0.73931,-0.027530000000000054,-0.21414
-0.72489,-0.15459,-0.18969999999999998
-0.7420100000000001,-0.03705000000000003,-0.2054600000000001
-0.13768999999999998,-0.28481,-0.012440000000000007
-0.09804000000000002,-0.28074,-0.030630000000000046
-0.09409000000000001,-0.29781,-0.015350000000000086
-0.10167999999999999,-0.30342,-0.019299999999999984
-0.17867,-0.29025,-0.02481
-0.55822,-0.24778,-0.53385
-0.5713699999999999,-0.34967000000000004,-0.47263
-0.60429,-0.43747,-0.47406
-0.58368,-0.28467,-0.45942999999999995
-0.60009,-0.24683,-0.48501
-0.6844300000000001,-0.58643,-0.6201099999999999
-0.66804,-0.64497,-0.38634
-0.68903,-0.47636999999999996,-0.64547
-0.6014600000000001,-0.5565,-0.2811800000000001
-0.61764,-0.62348,-0.27083999999999997
-0.6560300000000001,-0.005890000000000062,-0.04141000000000006
-0.69059,0.0010399999999999299,-0.026439999999999908
-0.67499,-0.019490000000000007,-0.05940000000000001
-0.66854,-0.020689999999999986,-0.017320000000000002
-0.60399,-0.03685000000000005,-0.022110000000000074
-0.47237,-0.2903899999999999,-0.47149
-0.65722,-0.29349000000000003,-0.58026
-0.66551,-0.30028,-0.45233
-0.5316000000000001,-0.48723,-0.49574
-0.42765999999999993,-0.5036700000000001,-0.4996999999999999
-0.43694999999999995,-0.4698899999999999,-0.11585999999999996
-0.3963399999999999,-0.4369200000000001,-0.05723999999999996
-0.42801999999999996,-0.50178,-0.07674999999999998
-0.38938000000000006,-0.23120999999999992,-0.10655999999999999
-0.39281,-0.33627000000000007,-0.09152000000000005
-0.7298,-0.12712,-0.16022000000000003
-0.79113,-0.13941000000000003,-0.16939000000000004
-0.79636,-0.037169999999999925,-0.1603
-0.80582,-0.013009999999999966,-0.17523999999999995
-0.76566,-0.04795000000000005,-0.17937000000000003
-0.61195,-0.5245299999999999,-0.22121000000000002
-0.59742,-0.5404500000000001,-0.20641999999999994
-0.63413,-0.53864,-0.21899999999999997
-0.66429,-0.54793,-0.19089
-0.59266,-0.5825600000000001,-0.19462999999999997
-0.55965,-0.75938,-0.08571000000000006
-0.62623,-0.74503,-0.10695999999999994
-0.5588,-0.73048,-0.14665000000000006
-0.5903499999999999,-0.75037,-0.12739
-0.5687599999999999,-0.73146,-0.10917999999999994
-0.6996,-0.29188000000000003,-0.13417
-0.68711,-0.18074,-0.14225
-0.72458,-0.27444,-0.14315999999999995
-0.7580100000000001,-0.13235999999999992,-0.13793
-0.7019,-0.08087999999999995,-0.13618000000000008
-0.8053100000000001,-0.27483,-0.7286300000000001
-0.77224,-0.27371,-0.46042000000000005
-0.78696,-0.26732,-0.40076
-0.81338,-0.38082000000000005,-0.48222999999999994
-0.7989900000000001,-0.37705999999999995,-0.74199
-0.45980999999999994,-0.08311999999999997,-0.1997
-0.42106,-0.13151000000000002,-0.17096
-0.45970000000000005,-0.026479999999999948,-0.21426
-0.40961,-0.07749000000000006,-0.26244
-0.39191000000000004,-0.07237000000000005,-0.2214100000000001
-0.55962,-0.08694000000000002,-0.15722999999999998
-0.56452,-0.08392,-0.28643
-0.55877,-0.10394000000000003,-0.51855
-0.49926999999999994,-0.54054,-0.41217
-0.5156799999999999,-0.48635,-0.39763999999999994
-0.6810700000000001,-0.005799999999999916,-0.12929000000000002
-0.67225,-0.44308,-0.12070999999999998
-0.68731,-0.009549999999999947,-0.12353000000000003
-0.6833899999999999,-0.01717000000000002,-0.12832
-0.7356,-0.011129999999999973,-0.12519999999999998
-0.34626,-0.5716600000000001,-0.20581000000000005
-0.3572099999999999,-0.64192,-0.30357
-0.36373,-0.6928799999999999,-0.18378000000000005
-0.3512700000000001,-0.64735,-0.23094000000000003
-0.35192,-0.45535,-0.19809
-0.53955,-0.47069,-0.53657
-0.52691,-0.36363,-0.64229
-0.6708000000000001,-0.24512999999999996,-0.63469
-0.5554399999999999,-0.39796,-0.49387
-0.49394000000000005,-0.51738,-0.54152
-0.59133,-0.59623,-0.0011300000000000754
-0.70423,-0.61332,0.0010099999999999554
-0.55426,-0.6131,0.0026200000000000667
-0.55233,-0.41672000000000003,-0.004330000000000056
-0.53404,-0.47431,-0.018889999999999962
-0.6043799999999999,-0.60028,-0.5822399999999999
-0.61492,-0.55714,-0.57642
-0.66469,-0.61768,-0.54043
-0.59944,-0.61254,-0.48230999999999996
-0.62141,-0.5301,-0.57262
-0.40574,-0.026760000000000006,-0.33209
-0.67569,-0.02690999999999999,-0.35117
-0.41518,-0.020669999999999966,-0.30576000000000003
-0.5531999999999999,-0.013529999999999931,-0.33119999999999994
-0.55142,-0.014079999999999981,-0.32144000000000006
-0.6992,-0.3235699999999999,-0.15151000000000003
-0.69813,-0.25821000000000005,-0.3478300000000001
-0.6948799999999999,-0.27237999999999996,-0.25447
-0.69142,-0.20253,-0.1666200000000001
-0.6787000000000001,-0.19133999999999995,-0.6294200000000001
-0.74358,-0.17350999999999994,-0.18072
-0.59219,-0.14695999999999998,-0.14071
-0.68967,-0.3280099999999999,-0.15132
-0.74451,-0.24390999999999996,-0.12163999999999997
-0.79355,-0.13452999999999993,-0.3118099999999999
-0.60443,-0.005090000000000039,-0.44316
-0.5746500000000001,-0.006319999999999992,-0.5014400000000001
-0.6251800000000001,-0.013670000000000071,-0.35458
-0.6138300000000001,-0.010170000000000012,-0.35141
-0.58599,-0.011229999999999962,-0.49107999999999996
-0.5483,-0.23038000000000003,-0.33352000000000004
-0.64498,-0.5921000000000001,-0.48760000000000003
-0.5458500000000001,-0.28903999999999996,-0.011030000000000095
-0.40723,-0.30259,0.0004899999999999904
-0.5463800000000001,-0.26747999999999994,-0.26421000000000006
-0.12431999999999999,-0.17442999999999997,-0.10714999999999997
-0.13854999999999995,-0.33564000000000005,-0.10982000000000003
-0.14434000000000002,-0.28053000000000006,-0.11284000000000005
-0.15328999999999993,-0.20894999999999997,-0.11687000000000003
-0.60744,-0.13611000000000006,-0.16660999999999992
-0.40710999999999997,-0.07143999999999995,-0.0796
-0.49710999999999994,-0.05742000000000003,-0.43215
-0.6230899999999999,-0.2805399999999999,-0.37970999999999994
-0.64609,-0.06798000000000004,-0.11060999999999999
-0.37716999999999995,-0.07559000000000005,-0.08434999999999993
-0.1083900000000001,-0.10496000000000005,-0.07863000000000009
-0.08495000000000008,-0.11470000000000002,-0.058030000000000026
-0.03556999999999999,-0.12755000000000005,-0.09496000000000004
-0.62713,-0.11792999999999998,-0.06982
-0.02144999999999997,-0.12583,-0.04254999999999998
-0.81099,-0.14185999999999999,-0.29288000000000003
-0.8125,-0.18426999999999993,-0.27703
-0.83389,-0.16491,-0.25411000000000006
-0.82263,-0.15025,-0.28568000000000005
-0.76851,-0.15239000000000003,-0.25908
-0.80511,-0.1521,-0.012709999999999999
-0.7986899999999999,-0.26404000000000005,-0.05689999999999995
-0.77396,-0.33308000000000004,-0.04849000000000003
-0.82071,-0.29874,-0.04056000000000004
-0.7914,-0.30310000000000004,-0.026430000000000065
-0.5691999999999999,-0.37773999999999996,-0.34387
-0.5278700000000001,-0.42862,-0.41818000000000005
-0.54507,-0.34733,-0.40812000000000004
-0.48924,-0.36575,-0.36619
-0.59763,-0.3548899999999999,-0.44620999999999994
-0.68876,-0.06114000000000008,-0.34101000000000004
-0.68781,-0.04283999999999999,-0.34886000000000006
-0.6475000000000001,-0.08975,-0.34167000000000003
-0.6403099999999999,-0.10725999999999991,-0.36156999999999995
-0.6648399999999999,-0.18227000000000004,-0.33999999999999997
-0.60069,-0.023580000000000045,-0.11514000000000002
-0.6290899999999999,-0.13416000000000006,-0.12475000000000003
-0.62075,-0.02295999999999998,-0.13268000000000002
-0.6470100000000001,-0.020549999999999957,-0.13467000000000007
-0.68804,-0.005309999999999926,-0.14263000000000003
-0.49963,-0.15546000000000004,-0.029510000000000036
-0.41201999999999994,-0.18000000000000005,-0.05288000000000004
-0.42774,-0.15864,-0.02842
-0.4301499999999999,-0.13868000000000003,0.019220000000000015
-0.47118,-0.28996,-0.06406999999999996
-0.64429,-0.2927700000000001,-0.2849499999999999
-0.5941799999999999,-0.2652,-0.009630000000000027
-0.6454500000000001,-0.20247000000000004,-0.30948000000000003
-0.65654,-0.2844899999999999,-0.03744999999999998
-0.62255,-0.48452999999999996,-0.29511
-0.48306999999999994,-0.17698999999999998,-0.12871999999999995
-0.44045999999999996,-0.29972999999999994,-0.10397999999999996
-0.46564,-0.18551000000000006,-0.11617999999999995
-0.5136099999999999,-0.13340000000000007,-0.13030999999999993
-0.45501,-0.16903,-0.10246
-0.5898,-0.46959999999999996,-0.21882000000000001
-0.59139,-0.36029,-0.27325999999999995
-0.57003,-0.46077,-0.20096999999999998
-0.61643,-0.19774000000000003,-0.25605999999999995
-0.5593299999999999,-0.18472999999999995,-0.19984999999999997
-0.72445,-0.1452,-0.1422
-0.72063,-0.17035,-0.12538000000000005
-0.73051,-0.48439000000000004,-0.13007000000000002
-0.70571,-0.33655,-0.17569
-0.7271799999999999,-0.006360000000000032,-0.14768000000000003
-0.42174999999999996,-0.12168000000000001,-0.05301
-0.3286,-0.09050999999999998,-0.07045000000000001
-0.3010400000000001,-0.1561300000000001,-0.044460000000000055
-0.42377,-0.10138999999999998,-0.06169000000000002
-0.3363999999999999,-0.12668999999999997,-0.05880999999999992
-0.31489999999999996,-0.1296400000000001,-0.20465
-0.34868999999999994,-0.3941,-0.2606299999999999
-0.47645,-0.14468999999999999,-0.25271999999999994
-0.61909,-0.08227000000000007,-0.23595
-0.34659000000000006,-0.07840999999999998,-0.21515000000000006
-0.43029000000000006,-0.040899999999999936,-0.09475
-0.40585000000000004,-0.016610000000000014,-0.10457000000000005
-0.46299999999999997,-0.015129999999999977,-0.09763
-0.44808999999999993,-0.24312,-0.14028999999999991
-0.48219999999999996,-0.017730000000000024,-0.15944000000000003
-0.6949700000000001,-0.1576200000000001,-0.04692000000000007
-0.6768000000000001,-0.16589999999999994,-0.04525000000000001
-0.68836,-0.19561000000000006,-0.039429999999999965
-0.6871,-0.17198000000000002,-0.05445
-0.65874,-0.1583,-0.08162999999999998
-0.6212,0.026840000000000086,-0.16959999999999997
-0.62709,-0.014780000000000015,-0.16813
-0.63996,-0.03212000000000004,-0.15800999999999998
-0.62001,-0.01985999999999999,-0.15166000000000002
-0.59677,-0.021809999999999996,-0.14258000000000004
-0.60017,-0.16003,-0.14510999999999996
-0.46227999999999997,-0.03221000000000007,-0.22254999999999991
-0.47878,-0.011730000000000018,-0.3396199999999999
-0.65127,-0.016759999999999997,-0.32077
-0.46308999999999995,-0.07314999999999994,-0.3277
-0.59639,-0.42073000000000005,-0.22070999999999996
-0.52746,-0.33640999999999993,-0.17896
-0.5833600000000001,0.05188999999999999,-0.15214000000000005
-0.52002,-0.021610000000000018,-0.22059000000000006
-0.52809,-0.29372999999999994,-0.10831000000000002
-0.41848,-0.055360000000000076,0.0010700000000000154
-0.33665999999999996,-0.13341000000000003,0.03541000000000005
-0.29350999999999994,-0.15047,0.012050000000000005
-0.37644999999999995,-0.046520000000000006,0.019580000000000042
-0.40407,-0.2348,0.04854000000000003
-0.61326,-0.66086,-0.26076999999999995
-0.74176,-0.70886,-0.2493700000000001
-0.58852,-0.60658,-0.2577900000000001
-0.58813,-0.80865,-0.24912
-0.55803,-0.6348100000000001,-0.24588999999999994
-0.55754,-0.30071000000000003,-0.0363
-0.5992500000000001,-0.35011000000000003,-0.07035000000000002
-0.5623400000000001,-0.32004999999999995,-0.07116
-0.58168,-0.39681999999999995,-0.015100000000000002
-0.57621,-0.28746000000000005,-0.06318000000000001
-0.6565000000000001,-0.05337000000000003,-0.18667999999999996
-0.62709,-0.09789999999999999,-0.18228
-0.7062200000000001,-0.12751999999999997,-0.20367999999999997
-0.65161,-0.12369999999999992,-0.17939000000000005
-0.72806,-0.19432000000000005,-0.19884000000000002
-0.6379900000000001,-0.0678399999999999,-0.06305000000000005
-0.68872,-0.0816,0.010539999999999994
-0.36356999999999995,-0.09245999999999999,0.011210000000000053
-0.36665000000000003,-0.10831000000000002,0.011179999999999968
-0.56457,-0.09599000000000002,0.009319999999999995
-0.78202,-0.34538,-0.07662000000000002
-0.6880200000000001,-0.4119299999999999,-0.07513000000000003
-0.76889,-0.33007,-0.07269999999999999
-0.78897,-0.31082,-0.07582
-0.76943,-0.38765000000000005,-0.06794999999999995
-0.59836,-0.5842200000000001,-0.1842600000000001
-0.64401,-0.5813900000000001,-0.15274999999999994
-0.65236,-0.5845899999999999,-0.17008
-0.65049,-0.63923,-0.17801
-0.6373,-0.5826800000000001,-0.18135
-0.69044,-0.13424999999999998,-0.06276999999999999
-0.6937099999999999,-0.14134999999999998,-0.052079999999999904
-0.6608499999999999,-0.14075000000000004,-0.06004999999999994
-0.6897500000000001,-0.11064000000000007,-0.06293000000000004
-0.6762,-0.13354999999999995,-0.03484000000000009
-0.68061,-0.05596000000000001,-0.2138000000000001
-0.7040500000000001,-0.018880000000000008,-0.20825000000000005
-0.69527,-0.030610000000000026,-0.17037000000000002
-0.66127,-0.05589999999999995,-0.20076000000000005
-0.71103,-0.21996000000000004,-0.23846999999999996
-0.75754,-0.11482000000000003,-0.18394
-0.7652599999999999,-0.10923000000000005,-0.17326999999999992
-0.69984,-0.11777000000000004,-0.16157
-0.6662000000000001,-0.07230000000000003,-0.1473000000000001
-0.7228399999999999,-0.06520000000000004,-0.19479999999999997
-0.5997600000000001,-0.08706000000000003,-0.14728000000000008
-0.6249,-0.11787000000000003,-0.17508999999999997
-0.59236,-0.16359,-0.10602
-0.58832,-0.13746999999999998,-0.11677000000000004
-0.6084400000000001,-0.12131000000000003,-0.31203000000000003
-0.59314,-0.1182399999999999,-0.12229000000000001
-0.5739699999999999,-0.10504999999999998,-0.1400499999999999
-0.5674300000000001,-0.12991000000000008,-0.14272000000000007
-0.58457,-0.13914000000000004,-0.12295
-0.59254,-0.19892999999999994,-0.1281699999999999
-0.24781000000000009,-0.6968,-0.10666000000000009
-0.33291000000000004,-0.7005299999999999,-0.16898999999999997
-0.25172000000000005,-0.62487,-0.19273000000000007
-0.40449999999999997,-0.6217699999999999,-0.15803999999999996
-0.018889999999999962,-0.6186400000000001,-0.11521999999999999
-0.66721,-0.31686000000000003,-0.23092999999999997
-0.72141,-0.3004800000000001,-0.29118
-0.70074,-0.35322,-0.30603
-0.63982,-0.38209000000000004,-0.26080000000000003
-0.69042,-0.45038999999999996,-0.26498999999999995
-0.45463999999999993,-0.60737,-0.08027999999999991
-0.4875,-0.63141,-0.10248000000000002
-0.6497900000000001,-0.59988,-0.08465999999999996
-0.5022200000000001,-0.65473,-0.26111000000000006
-0.43643999999999994,-0.6549,-0.08246999999999993
-0.5469900000000001,-0.12549,-0.55589
-0.52139,-0.11668,-0.4784799999999999
-0.5709200000000001,-0.18810000000000004,-0.50629
-0.52586,-0.08364000000000005,-0.48439
-0.50977,-0.09187000000000001,-0.18404999999999994
-0.5107200000000001,-0.52101,-0.35201
-0.2619,-0.52458,-0.34274000000000004
-0.51435,-0.54932,-0.32794999999999996
-0.49298,-0.5027,-0.34109
-0.47011000000000003,-0.52051,-0.34389000000000003
-0.72786,-0.37263,-0.44472
-0.79368,-0.33635000000000004,-0.42233
-0.69353,-0.25983999999999996,-0.69903
-0.7580600000000001,-0.44667,-0.7227300000000001
-0.7771,-0.31131999999999993,-0.7017800000000001
-0.49655999999999995,-0.5728,-0.23063
-0.5624800000000001,-0.61984,-0.23835000000000006
-0.39790000000000003,-0.6120300000000001,-0.22899000000000003
-0.56231,-0.62755,-0.22354999999999992
-0.5398999999999999,-0.60318,-0.2017
-0.64587,-0.09957000000000005,-0.01419999999999999
-0.613,-0.06303000000000003,-0.03566999999999998
-0.63901,-0.10159000000000007,-0.011850000000000027
-0.6658599999999999,-0.08467000000000002,-0.01152999999999993
-0.67458,-0.16788999999999998,-0.03630999999999995
-0.54969,-0.07245999999999997,-0.24185
-0.46065,0.04026999999999992,-0.21392
-0.67234,0.01680999999999999,-0.26456
-0.46020000000000005,-0.29845,-0.20748
-0.46252000000000004,0.020000000000000018,-0.19983000000000006
-0.52433,-0.53581,-0.08853
-0.52266,-0.32150999999999996,-0.13336000000000003
-0.5912999999999999,-0.5937,-0.1902299999999999
-0.5830299999999999,-0.5691999999999999,-0.09343999999999997
-0.52272,-0.41754,-0.12495999999999996
-0.24322,-0.032729999999999926,-0.16386
-0.19318999999999997,-0.03283999999999998,-0.03595999999999999
-0.36639999999999995,-0.05128999999999995,-0.1565399999999999
-0.15508999999999995,-0.05497999999999992,-0.04025999999999996
-0.1915199999999999,-0.035229999999999984,-0.03467999999999993
-0.6487799999999999,0.0030999999999999917,-0.09933999999999998
-0.69843,-0.01920999999999995,-0.11756
-0.68269,-0.052570000000000006,-0.10729
-0.57047,-0.28161,-0.015900000000000025
-0.64374,-0.21406000000000003,-0.11237999999999992
-0.47033,-0.56853,-0.15114000000000005
-0.48721000000000003,-0.5447500000000001,-0.13130000000000008
-0.64248,-0.55368,-0.10784000000000005
-0.6452100000000001,-0.5737300000000001,-0.25805
-0.49918,-0.5588799999999999,-0.19942000000000004
-0.5252399999999999,-0.10469000000000006,-0.18664999999999998
-0.17897000000000007,-0.14844000000000002,-0.16371000000000002
-0.5207200000000001,-0.15698,-0.29355
-0.13980000000000004,-0.13421000000000005,-0.21714
-0.26491,-0.09528999999999999,-0.21326
-0.67851,-0.21919999999999995,-0.24546999999999997
-0.7165699999999999,-0.18889999999999996,-0.23695
-0.6704700000000001,-0.20236999999999994,-0.1857000000000001
-0.70452,-0.23802,-0.25362000000000007
-0.6871499999999999,-0.20646999999999993,-0.26478999999999997
-0.07883000000000007,-0.04471999999999998,-0.24019000000000001
-0.12064000000000008,-0.007450000000000068,-0.19741000000000009
-0.24170000000000003,-0.012829999999999897,-0.26626000000000005
-0.028919999999999946,-0.01876,-0.2613899999999999
-0.12614000000000003,-0.05606999999999995,-0.13876
-0.62541,-0.52378,-0.28285000000000005
-0.57875,-0.5304899999999999,-0.57526
-0.58203,-0.5262500000000001,-0.61312
-0.59589,-0.52844,-0.59294
-0.63873,-0.5314300000000001,-0.5913599999999999
-0.52369,-0.22250000000000003,-0.43193
-0.46073,-0.35880999999999996,-0.57596
-0.44047000000000003,-0.22311999999999999,-0.45131000000000004
-0.49443000000000004,-0.28698,-0.43170000000000003
-0.48557999999999996,-0.13747999999999994,-0.40678
-0.5570200000000001,-0.12258000000000002,-0.07037000000000004
-0.52491,-0.21455999999999997,-0.052690000000000015
-0.27059,-0.06262999999999996,-0.039020000000000055
-0.59564,-0.10952000000000006,-0.07167999999999997
-0.49750999999999995,-0.08593000000000006,-0.057109999999999994
-0.4847,-0.5845499999999999,-0.11053999999999997
-0.47466,-0.6144700000000001,-0.13212999999999997
-0.49085,-0.58395,-0.09626000000000001
-0.48383,-0.60097,-0.12500999999999995
-0.48869,-0.57401,-0.11421000000000003
-0.4393699999999999,-0.19374000000000002,-0.06708999999999998
-0.4580000000000001,-0.21686000000000005,-0.08844000000000007
-0.45255999999999996,-0.37837,-0.10328999999999999
-0.50731,-0.22244000000000008,-0.09130000000000005
-0.44813,-0.21115000000000006,-0.06689
-0.7713099999999999,-0.25072000000000005,-0.15666999999999998
-0.72095,-0.3331200000000001,-0.16733999999999993
-0.71445,-0.18808999999999998,-0.14549
-0.75098,-0.24495999999999996,-0.15594999999999992
-0.69598,-0.26120999999999994,-0.14478999999999997
-0.76041,-0.33246,-0.12214000000000003
-0.7763199999999999,-0.58294,-0.10251999999999994
-0.67442,-0.36698000000000003,-0.11009000000000002
-0.70333,-0.42761,-0.10692999999999997
-0.7256800000000001,-0.33783,-0.11079000000000006
-0.64909,-0.30583000000000005,-0.29722000000000004
-0.6656500000000001,-0.45568000000000003,-0.2814
-0.6475500000000001,-0.42174000000000006,-0.27829000000000004
-0.65359,-0.47304,-0.26100999999999996
-0.67073,-0.5214799999999999,-0.615
-0.46080999999999994,-0.40076999999999996,-0.19565
-0.42699,-0.42611,-0.15960999999999992
-0.49687000000000003,-0.3595400000000001,-0.10772999999999999
-0.5946400000000001,-0.44165,-0.20813000000000004
-0.43077,-0.43564,-0.12356
-0.50813,-0.05217000000000005,-0.5506
-0.49938000000000005,-0.12397000000000002,-0.4870300000000001
-0.7771600000000001,-0.08888000000000007,-0.5244500000000001
-0.66091,-0.013639999999999985,-0.47186
-0.76141,-0.026110000000000078,-0.54947
-0.3997400000000001,-0.23123000000000005,-0.04973000000000005
-0.32359000000000004,-0.38054999999999994,-0.03920999999999997
-0.33771000000000007,-0.41623,-0.050530000000000075
-0.37432999999999994,-0.24043000000000003,-0.05486000000000002
-0.33940000000000003,-0.27480000000000004,-0.03485000000000005
-0.41817,-0.10272000000000003,-0.017249999999999988
-0.42133000000000004,-0.09261000000000008,-0.04366000000000003
-0.41834,-0.06677,-0.022459999999999924
-0.44924000000000003,-0.07983000000000007,-0.05514000000000008
-0.42427,-0.08874000000000004,-0.016469999999999985
-0.48230000000000006,-0.00598999999999994,-0.1492
-0.7119,-0.0021200000000000108,-0.15981
-0.62974,-0.06662000000000001,-0.11767000000000005
-0.6436200000000001,-0.06828000000000001,-0.12367000000000006
-0.64975,-0.08937000000000006,-0.11266999999999994
-0.5371999999999999,-0.09481000000000006,-0.3214699999999999
-0.50499,-0.06433999999999995,-0.29863000000000006
-0.49438,-0.08252999999999999,-0.29142
-0.48681,-0.056560000000000055,-0.24167000000000005
-0.49077,-0.07233,-0.29882999999999993
-0.32650999999999997,-0.16603,-0.15315999999999996
-0.18498000000000003,-0.13712000000000002,-0.044789999999999996
-0.77526,-0.16047,-0.12247999999999992
-0.7625500000000001,-0.17093999999999998,-0.14328000000000007
-0.29516999999999993,-0.13939000000000001,-0.11882999999999999
-0.56831,-0.30479,-0.12717999999999996
-0.5704199999999999,-0.52173,-0.23171999999999993
-0.5285299999999999,-0.35697999999999996,-0.07730999999999999
-0.55522,-0.32591000000000003,-0.11121999999999999
-0.5416300000000001,-0.19974000000000003,-0.15829000000000004
-0.6515,-0.65139,-0.22222999999999993
-0.46985,-0.51619,-0.21699000000000002
-0.63923,-0.69993,-0.20728000000000002
-0.7033,-0.6931,-0.26434
-0.61147,-0.64484,-0.19794
-0.2604599999999999,-0.54016,-0.06324999999999992
-0.27601999999999993,-0.11816000000000004,-0.05725999999999998
-0.5251100000000001,-0.12082999999999999,-0.06234000000000006
-0.26016000000000006,-0.41911,-0.05071999999999999
-0.24725000000000008,-0.4461,-0.049270000000000036
-0.55329,-0.17345,-0.29386999999999996
-0.61804,-0.18528999999999995,-0.30024000000000006
-0.5572999999999999,-0.16952999999999996,-0.32004
-0.61114,-0.21143,-0.30045
-0.5846199999999999,-0.18123,-0.31450999999999996
-0.68163,-0.0021700000000000053,-0.22533000000000003
-0.7164900000000001,-0.013819999999999943,-0.2872
-0.6813100000000001,-0.01480999999999999,-0.26924000000000003
-0.7218800000000001,-0.01436000000000004,-0.19947000000000004
-0.66178,-0.012989999999999946,-0.15888999999999998
-0.66754,-0.24444,-0.36597999999999997
-0.71009,-0.12279000000000007,-0.36134
-0.6742699999999999,-0.21997,-0.35406000000000004
-0.69916,-0.27934000000000003,-0.36356
-0.64615,-0.19750999999999996,-0.36924
-0.3472,-0.59186,-0.06960999999999995
-0.38573999999999997,-0.62323,-0.06548999999999994
-0.36446,-0.57393,-0.04918
-0.37618999999999997,-0.39102000000000003,-0.06433
-0.30432,-0.56599,-0.03310999999999997
-0.3745799999999999,-0.71123,-0.1431
-0.42978000000000005,-0.13695000000000002,-0.14863000000000004
-0.37609000000000004,-0.09831000000000001,-0.14498
-0.33033999999999997,-0.43303,-0.13376
-0.32277999999999996,-0.29114000000000007,-0.13454
-0.7440100000000001,-0.08092999999999995,-0.006690000000000085
-0.70502,-0.09286000000000005,0.0022199999999999998
-0.6010899999999999,-0.27581,-0.005170000000000008
-0.5959399999999999,-0.40571999999999997,-0.0021200000000000108
-0.7077100000000001,-0.08763999999999994,-0.45608
-0.11778999999999995,-0.35475999999999996,-0.06702999999999992
-0.09112999999999993,-0.32316,-0.07477999999999996
-0.25100999999999996,-0.51714,-0.09460000000000002
-0.08816000000000002,-0.43213999999999997,-0.07834999999999992
-0.11153999999999997,-0.58939,-0.07638
-0.6247400000000001,-0.26263000000000003,-0.0029400000000000537
-0.6235899999999999,-0.60452,0.0026400000000000867
-0.6315599999999999,-0.24412,-0.007050000000000001
-0.62164,-0.6099700000000001,-0.005300000000000082
-0.6165400000000001,-0.64021,0.00042999999999993044
-0.39387000000000005,-0.04475000000000007,-0.25036
-0.42681,-0.05848999999999993,-0.14840999999999993
-0.38642999999999994,-0.05453000000000008,-0.26010999999999995
-0.38302,-0.03591999999999995,-0.26968000000000003
-0.3825400000000001,-0.03910999999999998,-0.30466000000000004
-0.68066,-0.19498000000000004,-0.20843999999999996
-0.66393,-0.19031999999999993,-0.20887
-0.6829799999999999,-0.34077,-0.1745199999999999
-0.66515,-0.44310999999999995,-0.18671000000000004
-0.68455,-0.39501,-0.21467000000000003
-0.6293,-0.51724,-0.02098
-0.57813,-0.48095000000000004,-0.018900000000000028
-0.62267,-0.52768,-0.005699999999999927
-0.5885400000000001,-0.56974,-0.02259
-0.6099,-0.47671,-0.029200000000000004
-0.72594,-0.21121,-0.14919000000000004
-0.71206,-0.16598000000000002,-0.17252
-0.6817799999999999,-0.17041000000000006,-0.17174999999999996
-0.75882,-0.23175999999999997,-0.11036000000000001
-0.67551,-0.23487999999999998,-0.07923000000000002
-0.12644,-0.45481000000000005,-0.12037999999999993
-0.14462999999999993,-0.45460999999999996,-0.12527999999999995
-0.34295,-0.4359200000000001,-0.07669000000000004
-0.16917000000000004,-0.35352000000000006,-0.07785000000000009
-0.26869999999999994,-0.41795000000000004,-0.07401999999999997
-0.40234000000000003,-0.43846000000000007,-0.13685999999999998
-0.31837000000000004,-0.40547999999999995,-0.13119999999999998
-0.46458,-0.41469,-0.13156
-0.52906,-0.5371,-0.13490999999999997
-0.4757,-0.53223,-0.13378
-0.30455,-0.47315,-0.24937999999999994
-0.55349,-0.47828,-0.08398000000000005
-0.37803000000000003,-0.38082000000000005,-0.09259000000000006
-0.52721,-0.16784999999999994,-0.09534999999999993
-0.47438,-0.39476,-0.09684000000000004
-0.6121300000000001,-0.010759999999999992,-0.35751000000000005
-0.63351,-0.20004,-0.32733
-0.57925,-0.12956,-0.32819
-0.62057,-0.17640999999999996,-0.37013999999999997
-0.58908,-0.009319999999999995,-0.35734000000000005
-0.4786,-0.16778000000000004,-0.16468000000000005
-0.5470600000000001,-0.19340999999999997,-0.10605000000000009
-0.54261,-0.19799,-0.1421
-0.52996,-0.30396,-0.06808000000000003
-0.52803,-0.23869000000000007,-0.14773000000000003
-0.14142,-0.54973,-0.11231999999999998
-0.22272999999999998,-0.68353,-0.09895999999999994
-0.08975999999999995,-0.74968,-0.08619999999999994
-0.1997,-0.63764,-0.06553999999999993
-0.09580999999999995,-0.7315,-0.09885
-0.48650000000000004,-0.26664,-0.0037200000000000566
-0.31699999999999995,-0.40188999999999997,0.0016700000000000603
-0.7723099999999999,-0.28694,0.003269999999999995
-0.74464,-0.3035399999999999,-0.006500000000000061
-0.73129,-0.29613,0.0022599999999999287
-0.38729,-0.0242,-0.05191000000000001
-0.17069999999999996,-0.02173999999999998,-0.06442999999999999
-0.30389999999999995,0.03539000000000003,-0.053689999999999904
-0.18674999999999997,0.014050000000000007,-0.05569000000000002
-0.1842499999999999,-0.007689999999999975,-0.05784999999999996
-0.59849,-0.50973,-0.49154
-0.68492,-0.52027,-0.2985
-0.7001900000000001,-0.51994,-0.33875
-0.70983,-0.51854,-0.29279999999999995
-0.62992,-0.42025999999999997,-0.41531999999999997
-0.12897999999999998,-0.15346000000000004,-0.02577000000000007
-0.63164,-0.20049000000000006,0.00928999999999991
0.0833299999999999,-0.14786,0.06374999999999997
-0.60066,-0.17735999999999996,-0.15297000000000005
-0.35568,-0.12143999999999999,0.06217000000000006
-0.5547500000000001,-0.04153999999999991,-0.20809
-0.56699,-0.05142000000000002,-0.12922999999999996
-0.56259,-0.07279999999999998,-0.12321000000000004
-0.5583499999999999,-0.06823999999999997,-0.13842999999999994
-0.57331,-0.04911999999999994,-0.13524000000000003
-0.62584,-0.37753000000000003,-0.10408000000000006
-0.70163,-0.3801399999999999,-0.12359999999999993
-0.67328,-0.39113999999999993,-0.13055000000000005
-0.64282,-0.3718,-0.11603999999999992
-0.6872400000000001,-0.40432,-0.14160000000000006
-0.66142,-0.38053000000000003,-0.07734000000000008
-0.58699,-0.39609999999999995,-0.07989999999999997
-0.5651,-0.39835,-0.08742000000000005
-0.5775999999999999,-0.37005999999999994,-0.08095999999999992
-0.62921,-0.33807,-0.07274999999999998
-0.4005099999999999,-0.12880000000000003,-0.05175999999999992
-0.43855999999999995,-0.22875999999999996,-0.04925999999999997
-0.40687999999999996,-0.12666,-0.05659000000000003
-0.44250999999999996,-0.23541,-0.056520000000000015
-0.43093000000000004,-0.24827,-0.04634000000000005
-0.7072999999999999,-0.028320000000000012,-0.30538999999999994
-0.6198699999999999,-0.46809,-0.31594999999999995
-0.65505,-0.011680000000000024,-0.2672800000000001
-0.6827099999999999,-0.13573000000000002,-0.37271999999999994
-0.67411,-0.02527999999999997,-0.29180000000000006
-0.6167100000000001,-0.55972,-0.36388
-0.55688,-0.6635599999999999,-0.34984000000000004
-0.5657,-0.76576,-0.35814999999999997
-0.56666,-0.52856,-0.3032300000000001
-0.56578,-0.7308399999999999,-0.33551999999999993
-0.5007600000000001,-0.21104,-0.31095000000000006
-0.53403,-0.20414999999999994,-0.50359
-0.5300100000000001,-0.25068,-0.30746000000000007
-0.5596399999999999,-0.2555299999999999,-0.27574
-0.49002000000000007,-0.22097999999999995,-0.37188000000000004
-0.6440300000000001,-0.26791,-0.15029000000000003
-0.67268,-0.30755999999999994,-0.14600000000000002
-0.6358999999999999,-0.25415,-0.15035999999999994
-0.7867,-0.26697000000000004,-0.2207
-0.76723,-0.23813000000000006,-0.13683
-0.76848,-0.17274,-0.32437000000000005
-0.67792,-0.15538999999999992,-0.14356000000000002
-0.81618,-0.23728000000000005,-0.54304
-0.8112,-0.22846,-0.17051000000000005
-0.72376,-0.21368999999999994,-0.11404999999999998
-0.61093,-0.65774,-0.38719000000000003
-0.5712200000000001,-0.65503,-0.35878000000000004
-0.60829,-0.70533,-0.39171999999999996
-0.5916600000000001,-0.7340800000000001,-0.34959
-0.6050500000000001,-0.73171,-0.36202000000000006
-0.63053,-0.05554999999999999,-0.51085
-0.58541,-0.09201000000000004,-0.041629999999999945
-0.54225,-0.03530000000000011,-0.16815999999999998
-0.5360199999999999,-0.07379000000000002,-0.014650000000000052
-0.68791,-0.10354999999999992,-0.21711999999999998
-0.78281,-0.56696,-0.11237999999999992
-0.7450399999999999,-0.5526800000000001,-0.17257999999999996
-0.73969,-0.5334099999999999,-0.18330000000000002
-0.77725,-0.5335699999999999,-0.021029999999999993
-0.7829999999999999,-0.5463899999999999,-0.18670999999999993
-0.21824,-0.33903000000000005,-0.40913000000000005
-0.33869000000000005,-0.2638400000000001,-0.37441
-0.13954,-0.24785000000000001,-0.26939
-0.2092099999999999,-0.24417,-0.1718599999999999
-0.44214000000000003,-0.2831300000000001,-0.44092000000000003
-0.26766999999999996,-0.39451,-0.06483000000000005
-0.53267,-0.4432600000000001,-0.04862
-0.56736,-0.34607,-0.03979999999999995
-0.48156000000000004,-0.40583,-0.0420600000000001
-0.15056999999999998,-0.43534,-0.07597999999999994
-0.50244,-0.0789200000000001,-0.3096899999999999
-0.5164500000000001,-0.10021999999999998,-0.29178000000000004
-0.5179099999999999,-0.10876999999999992,-0.16545999999999994
-0.52779,-0.08461000000000007,-0.32414
-0.5133399999999999,-0.07859000000000005,-0.31433999999999995
-0.39413999999999993,-0.27505999999999997,-0.43687
-0.38703999999999994,-0.34238,-0.40286999999999995
-0.4239800000000001,-0.23172000000000004,-0.41598000000000007
-0.38837,-0.19943,-0.25115
-0.39180000000000004,-0.21445999999999998,-0.39061999999999997
-0.53933,-0.71139,-0.40567
-0.58774,-0.6784899999999999,-0.42422000000000004
-0.51067,-0.68909,-0.43110999999999994
-0.5019,-0.64977,-0.43010999999999994
-0.55062,-0.67218,-0.46219
-0.61598,-0.5027699999999999,-0.41228
-0.6801999999999999,-0.5342,-0.11585999999999996
-0.49203,-0.46297,-0.2639100000000001
-0.60798,-0.41352999999999995,-0.09885
-0.47524,-0.58044,-0.36161
-0.6573,-0.37671,-0.10163
-0.46302,-0.36524,-0.08250000000000002
-0.59906,-0.35517,-0.08394000000000001
-0.6842999999999999,-0.34962000000000004,-0.13126000000000004
-0.49951000000000007,-0.40556000000000003,-0.11423000000000005
-0.49773,-0.30166000000000004,-0.26911000000000007
-0.5985199999999999,-0.28956000000000004,-0.08473999999999993
-0.42702999999999997,-0.32887999999999995,-0.31629999999999997
-0.4066,-0.3706400000000001,-0.11711000000000005
-0.47619999999999996,-0.32492,-0.11761999999999995
-0.5596700000000001,-0.24419999999999997,-0.21559000000000006
-0.5958600000000001,-0.60282,-0.21793000000000007
-0.5967,-0.57859,-0.25576
-0.54745,-0.27239,-0.23585
-0.60497,-0.45643999999999996,-0.20065999999999995
-0.68787,-0.0775800000000001,-0.13892000000000004
-0.66525,-0.05234000000000005,-0.13290999999999997
-0.70144,-0.16469999999999996,-0.11209999999999998
-0.7567999999999999,-0.14776999999999996,-0.08692
-0.7019299999999999,-0.2040099999999999,-0.09558999999999995
-0.68588,-0.027200000000000002,-0.31206999999999996
-0.68856,-0.54786,-0.29435999999999996
-0.5953900000000001,-0.42955,-0.29961000000000004
-0.6425299999999999,-0.59527,-0.30528999999999995
-0.62514,-0.10442000000000007,-0.28383
-0.14855000000000007,-0.5798800000000001,-0.027780000000000027
-0.64656,-0.58962,-0.037860000000000005
0.026630000000000043,-0.5690900000000001,-0.0011700000000000044
0.006329999999999947,-0.59496,-0.02742
-0.020789999999999975,-0.62614,-0.03061999999999998
-0.2933800000000001,-0.01712999999999998,-0.06823000000000001
-0.3295,-0.07292999999999994,-0.07632000000000005
-0.2936500000000001,-0.01821000000000006,-0.07955000000000001
-0.28907000000000005,-0.04131000000000007,-0.09018000000000004
-0.29342999999999997,0.003409999999999913,-0.04574
-0.37278,-0.42298,-0.12976
-0.374,-0.42396999999999996,-0.1832999999999999
-0.36812999999999996,-0.49943999999999994,-0.12022999999999995
-0.45089999999999997,-0.45459000000000005,-0.26734
-0.33558,-0.3771899999999999,-0.14948000000000006
-0.56732,-0.12945000000000007,-0.08011000000000001
-0.6087400000000001,-0.12417999999999996,-0.07790999999999992
-0.76032,-0.35340000000000005,-0.09165999999999996
-0.67144,-0.14504000000000006,-0.06213999999999997
-0.66024,-0.12909000000000004,-0.04669000000000001
-0.49094000000000004,-0.26251,-0.08093000000000006
-0.47457000000000005,-0.27395,-0.08965999999999996
-0.50207,-0.40394,-0.14010999999999996
-0.57936,-0.4127,-0.24092999999999998
-0.47852000000000006,-0.413,-0.06949000000000005
-0.41954,-0.12558000000000002,-0.026120000000000032
-0.62782,-0.08035999999999999,-0.056849999999999956
-0.71106,-0.11835000000000007,-0.07113999999999998
-0.75203,-0.09253999999999996,-0.04979
-0.7685700000000001,-0.07718999999999998,-0.09359000000000006
-0.7824599999999999,-0.35541,-0.15996
-0.80955,-0.36032999999999993,-0.28103999999999996
-0.79677,-0.37936000000000003,-0.17979
-0.8131900000000001,-0.43493,-0.17507000000000006
-0.8269,-0.39947999999999995,-0.21394000000000002
-0.47298,-0.15280000000000005,-0.13843000000000005
-0.6405400000000001,-0.16538000000000008,-0.15538000000000007
-0.46263999999999994,-0.09167999999999998,-0.08887999999999996
-0.3401799999999999,-0.10063999999999995,-0.07065999999999995
-0.37086,-0.10031000000000001,-0.12019000000000002
-0.7976800000000001,-0.76703,-0.11442000000000008
-0.6193199999999999,-0.72269,-0.10855999999999999
-0.65368,-0.78571,-0.1126600000000001
-0.65974,-0.72505,-0.11821999999999999
-0.6229399999999999,-0.79339,-0.10849999999999993
-0.21073999999999993,-0.17240999999999995,0.00045000000000006146
-0.53989,-0.14647,0.003170000000000006
-0.5284800000000001,-0.3682700000000001,0.006379999999999941
-0.29479,-0.1480499999999999,0.005319999999999991
-0.27886999999999995,-0.40344,0.0036200000000000676
-0.33231,-0.23922999999999994,-0.08877999999999997
-0.5177799999999999,-0.28955999999999993,0.01961999999999997
-0.1774699999999999,-0.24641000000000002,0.019979999999999998
-0.4898,-0.22333000000000003,0.015199999999999991
-0.5073099999999999,-0.16465999999999992,0.015700000000000047
-0.53525,-0.16503999999999996,-0.5372300000000001
-0.5502499999999999,-0.17420000000000002,-0.48375999999999997
-0.49629,-0.16653000000000007,-0.364
-0.5238400000000001,-0.17003999999999997,-0.56653
-0.49127,-0.16581999999999997,-0.39508
-0.57584,-0.14478000000000002,-0.07166000000000006
-0.48081,-0.12435999999999992,-0.12339
-0.55915,-0.14733999999999992,-0.07208999999999999
-0.5996900000000001,-0.14959,-0.1109
-0.5725,-0.11336000000000002,-0.11532999999999993
-0.45848,-0.56994,-0.55563
-0.40911999999999993,-0.40212000000000003,-0.5658399999999999
-0.49881999999999993,-0.3974599999999999,-0.4922099999999999
-0.46747,-0.41337,-0.58317
-0.68995,-0.45718000000000003,-0.5308999999999999
-0.6393900000000001,-0.09651999999999994,-0.23098000000000007
-0.6510100000000001,-0.16765000000000008,-0.19737000000000005
-0.61904,-0.36128000000000005,-0.20345000000000002
-0.5787599999999999,-0.09240000000000004,-0.14849
-0.65996,-0.13573999999999997,-0.15813
-0.77769,-0.5130600000000001,-0.49877000000000005
-0.70204,-0.37375,-0.47535000000000005
-0.74339,-0.17055999999999993,-0.44382999999999995
-0.75878,-0.22619,-0.49066
-0.7156199999999999,-0.52735,-0.40219999999999995
-0.36489000000000005,-0.04579,-0.06539000000000006
-0.31536,-0.020789999999999975,-0.07591000000000003
-0.08695000000000008,-0.12297000000000002,-0.05839000000000005
-0.057010000000000005,-0.04019000000000006,-0.06861000000000006
-0.52759,-0.041000000000000036,-0.06916
-0.3191900000000001,-0.39713000000000004,-0.17269
-0.40566,-0.4041,-0.24624000000000001
-0.44806999999999997,-0.47279000000000004,-0.11936000000000002
-0.43499,-0.37942999999999993,-0.11386999999999992
-0.32348999999999994,-0.4661,-0.08368999999999993
-0.66001,-0.07224999999999993,-0.38798
-0.62591,-0.05498000000000003,-0.37027
-0.62012,-0.27336000000000005,-0.39702000000000004
-0.64647,-0.06176999999999999,-0.47324
-0.59989,-0.06407999999999991,-0.43251
-0.73773,-0.35852999999999996,-0.20411
-0.80687,-0.36610999999999994,-0.17174999999999996
-0.71746,-0.54586,-0.15114000000000005
-0.7254700000000001,-0.35692,-0.17035
-0.7195199999999999,-0.5201899999999999,-0.14561000000000002
-0.43387,-0.4304,-0.029869999999999952
-0.42241999999999996,-0.44362999999999997,0.0035800000000000276
-0.43645,-0.55341,0.008809999999999985
-0.45926,-0.4779399999999999,0.025820000000000065
-0.41657,-0.43198000000000003,0.00819000000000003
-0.55724,-0.26200999999999997,-0.09040000000000004
-0.6695199999999999,-0.29423999999999995,-0.21902
-0.5136000000000001,-0.2719999999999999,-0.09996000000000005
-0.6984999999999999,-0.3200200000000001,-0.09010999999999991
-0.57532,-0.3229000000000001,-0.09562000000000004
-0.24629999999999996,-0.14744000000000002,-0.06879999999999997
-0.42264,-0.15900000000000003,-0.037719999999999976
-0.14496999999999993,-0.1755899999999999,-0.03979999999999995
-0.4295,-0.15900000000000003,-0.06108999999999998
-0.31479999999999997,-0.17232999999999998,-0.03744999999999998
-0.60367,-0.12197000000000002,-0.55297
-0.6102299999999999,-0.09599000000000002,-0.55834
-0.5076499999999999,-0.10943000000000003,-0.5566199999999999
-0.59861,-0.11987000000000003,-0.49152999999999997
-0.5988800000000001,-0.1139,-0.52667
-0.39805999999999997,-0.65505,-0.11900999999999995
-0.36212,-0.56891,-0.08262999999999998
-0.42372,-0.67825,-0.07792999999999994
-0.42557,-0.50112,-0.09494999999999998
-0.44293999999999994,-0.6501300000000001,-0.10460999999999998
-0.74281,-0.34511000000000003,-0.22899999999999998
-0.74003,-0.46939000000000003,-0.22743999999999998
-0.69585,-0.2342599999999999,-0.23565999999999998
-0.7388899999999999,-0.28847999999999996,-0.21870999999999996
-0.73907,-0.18230000000000002,-0.23478
-0.6380699999999999,-0.70696,-0.20616
-0.6375600000000001,-0.71917,-0.1966
-0.63408,-0.7273000000000001,-0.1739099999999999
-0.6311899999999999,-0.6359400000000001,-0.2066
-0.68147,-0.70466,-0.22196000000000005
-0.62165,-0.5087299999999999,-0.004830000000000001
-0.7230000000000001,-0.49923,-0.00941000000000003
-0.6347099999999999,-0.43015,-0.01313999999999993
-0.66551,-0.44912,-0.010780000000000012
-0.6550499999999999,-0.42979999999999996,-0.00768000000000002
-0.37249,-0.55863,-0.07103999999999999
-0.35529999999999995,-0.36385,-0.06818000000000002
-0.3637699999999999,-0.32277999999999996,-0.07243999999999995
-0.4657300000000001,-0.28098,-0.06296000000000002
-0.3963500000000001,-0.32326999999999995,-0.06562000000000001
-0.7224999999999999,-0.04515999999999998,-0.44233
-0.7100500000000001,-0.045009999999999994,-0.45636
-0.70443,-0.04038000000000008,-0.14764
-0.7083999999999999,-0.049780000000000046,-0.4444
-0.67045,-0.054649999999999976,-0.38556
-0.83397,-0.37454,-0.25349
-0.7718,-0.34645000000000004,-0.21309999999999996
-0.69631,-0.31696,-0.2185600000000001
-0.7609999999999999,-0.38221999999999995,-0.2106699999999999
-0.74166,-0.36623,-0.21014999999999995
-0.61179,-0.21172999999999997,-0.09292
-0.6376999999999999,-0.22776000000000007,-0.08109
-0.60507,-0.19101,-0.07818999999999998
-0.4429700000000001,-0.2038500000000001,-0.13749
-0.62697,-0.2119000000000001,-0.07487999999999995
-0.75222,-0.16029000000000004,-0.39829000000000003
-0.72379,-0.18533999999999995,-0.47841000000000006
-0.7154900000000001,-0.15506999999999993,-0.4798700000000001
-0.70531,-0.15164,-0.49357
-0.73868,-0.20538,-0.51311
-0.70607,-0.3531500000000001,-0.20394999999999996
-0.65082,-0.30169,-0.13541000000000003
-0.6519699999999999,-0.22998000000000007,-0.06984999999999997
-0.6478600000000001,-0.3618,-0.19985000000000008
-0.70438,-0.30393000000000003,-0.2098199999999999
-0.65982,-0.60969,-0.17748999999999993
-0.71289,-0.5446899999999999,-0.17228
-0.6139600000000001,-0.5452300000000001,-0.27805
-0.67544,-0.5692900000000001,-0.19587999999999994
-0.62979,-0.5918700000000001,-0.08238999999999996
-0.24111000000000005,-0.70973,-0.40279
-0.2377100000000001,-0.68998,-0.51868
-0.1954800000000001,-0.64906,-0.1781100000000001
-0.20656999999999992,-0.69,-0.19243999999999994
-0.20782,-0.6745300000000001,-0.3643099999999999
-0.05454999999999999,-0.58323,-0.027020000000000044
-0.05528999999999995,-0.57376,-0.029590000000000005
-0.06386999999999998,-0.5664899999999999,-0.030410000000000048
-0.05746999999999991,-0.5700500000000001,-0.023359999999999936
-0.06679999999999997,-0.5900000000000001,-0.026499999999999968
-0.51017,-0.15603,-0.22002
-0.51149,-0.15591,-0.22810000000000008
-0.52858,-0.15979999999999994,-0.13834000000000002
-0.5084899999999999,-0.18196,-0.19116999999999995
-0.5127,-0.16035,-0.18402000000000007
-0.13519000000000003,-0.66046,-0.23907999999999996
-0.14422000000000001,-0.61273,-0.22220000000000006
-0.09536,-0.6805000000000001,-0.1924499999999999
-0.14769,-0.6555500000000001,-0.22365000000000002
-0.14722999999999997,-0.6564099999999999,-0.16501999999999994
-0.71748,-0.24309999999999998,-0.3697
-0.6906,-0.26329,-0.34147
-0.63335,-0.26304000000000005,-0.30623
-0.55653,-0.2610300000000001,-0.28608
-0.62046,-0.25797000000000003,-0.29158999999999996
-0.5458799999999999,-0.21146999999999994,-0.08224999999999993
-0.58354,-0.23278,-0.07820000000000005
-0.56758,-0.21228000000000002,-0.08074999999999999
-0.491,-0.21152000000000004,-0.07031999999999994
-0.66094,-0.20631999999999995,-0.07530999999999999
-0.63261,-0.34707999999999994,-0.46380000000000005
-0.63352,-0.3941800000000001,-0.2460199999999999
-0.6427400000000001,-0.1058,-0.3594900000000001
-0.6596500000000001,-0.25385,-0.40022
-0.62513,-0.33911,-0.4081699999999999
-0.3559,-0.2257,-0.17298000000000002
-0.36312,-0.28458000000000006,-0.16446000000000005
-0.4126000000000001,-0.20643,-0.18030000000000002
-0.34640000000000004,-0.3908999999999999,-0.18196
-0.36022,-0.26648000000000005,-0.16401
-0.28325,-0.5604899999999999,-0.13057999999999992
-0.30743,-0.53628,-0.17945
-0.67205,-0.57416,-0.15750999999999993
-0.64849,-0.6447700000000001,-0.21429999999999993
-0.3530000000000001,-0.54603,-0.57341
-0.59452,-0.10260000000000002,-0.28069
-0.48133,-0.10060999999999998,-0.04596
-0.6418900000000001,-0.08584000000000003,-0.014390000000000014
-0.70299,-0.10024999999999995,-0.0021400000000000308
-0.52341,-0.14598,-0.030390000000000028
-0.55664,-0.24694000000000005,-0.09569000000000005
-0.5130299999999999,-0.5927,-0.10619
-0.54727,-0.5215400000000001,-0.07097000000000009
-0.5267200000000001,-0.40312000000000003,-0.07222000000000006
-0.51336,-0.53129,-0.08252999999999999
-0.60141,-0.02729999999999999,-0.22220000000000006
-0.53136,-0.43760000000000004,-0.22333999999999998
-0.55435,-0.17258000000000007,-0.21758
-0.544,-0.48230999999999996,-0.21923000000000004
-0.6074900000000001,-0.33507,-0.2025300000000001
-0.74861,-0.75856,-0.06801000000000001
-0.7668200000000001,-0.7013,-0.07155
-0.78781,-0.70779,-0.07377
-0.79337,-0.72676,-0.07384999999999997
-0.77844,-0.69956,-0.07913999999999999
-0.62497,-0.37742,-0.020020000000000038
-0.62381,-0.3690800000000001,0.012739999999999974
-0.62353,-0.33604,-0.005230000000000068
-0.61791,-0.3771500000000001,-0.0050400000000000444
-0.5981799999999999,-0.3266300000000001,0.008770000000000056
-0.73606,-0.27896,-0.12735000000000007
-0.71974,-0.2780600000000001,-0.18523
-0.7661100000000001,-0.47547000000000006,-0.15708
-0.8066500000000001,-0.31652,-0.16909000000000007
-0.73259,-0.43889,-0.12148999999999999
-0.50674,-0.47617999999999994,-0.22684000000000004
-0.66798,-0.44675,-0.27513
-0.33613000000000004,-0.48321,-0.21709999999999996
-0.34540000000000004,-0.53478,-0.20396999999999998
-0.39760000000000006,-0.51098,-0.19596000000000002
-0.67618,-0.38738000000000006,-0.10337999999999992
-0.5213099999999999,-0.57413,-0.07106000000000001
-0.5151899999999999,-0.47740000000000005,-0.08331999999999995
-0.65827,-0.5601800000000001,-0.10246
-0.6075200000000001,-0.52493,-0.08123000000000002
-0.57391,-0.09451999999999994,-0.18818000000000001
-0.5747,-0.015029999999999988,-0.13316000000000006
-0.78442,-0.08782999999999996,-0.19893000000000005
-0.5673,-0.18380999999999992,-0.16856000000000004
-0.54931,-0.014409999999999923,-0.21672999999999998
-0.7110000000000001,-0.33419999999999994,-0.21164000000000005
-0.69873,-0.5459,-0.22194999999999998
-0.71272,-0.54742,-0.22455999999999998
-0.6872799999999999,-0.53859,-0.19887999999999995
-0.6941200000000001,-0.56576,-0.19696999999999998
-0.32686000000000004,-0.2832199999999999,-0.17283000000000004
-0.40504000000000007,-0.18245,-0.17175000000000007
-0.43395000000000006,-0.36073,-0.16771999999999998
-0.5472899999999999,-0.19767999999999997,-0.17958999999999992
-0.5880000000000001,-0.25249,-0.20700000000000007
-0.7971600000000001,-0.35755000000000003,-0.11551
-0.82471,-0.28596,-0.07901999999999998
-0.7692,-0.23278999999999994,-0.043259999999999965
-0.7949200000000001,-0.42379,-0.10441
-0.79078,-0.39226000000000005,-0.05457000000000001
-0.5621,-0.14193,-0.18990000000000007
-0.46281999999999995,-0.32230000000000003,-0.21577999999999997
-0.55278,-0.35891000000000006,-0.22615000000000007
-0.51614,-0.18436999999999992,-0.22472000000000003
-0.66299,-0.14447,-0.21792999999999996
-0.68611,-0.64332,-0.16809999999999992
-0.54806,-0.62382,-0.18331000000000008
-0.67368,-0.63205,-0.19389
-0.67717,-0.6473599999999999,-0.15061000000000002
-0.70042,-0.6601,-0.19494
-0.6483700000000001,-0.48137,-0.10715000000000008
-0.6645300000000001,-0.53262,-0.04842999999999997
-0.66567,-0.50641,-0.12263000000000002
-0.66418,-0.5143,-0.03603999999999996
-0.66181,-0.52162,-0.05915999999999999
-0.5678,-0.07976000000000005,-0.059559999999999946
-0.59501,-0.08162000000000003,-0.08762999999999999
-0.52081,-0.15513,-0.06954000000000005
-0.53983,-0.34851999999999994,-0.05217000000000005
-0.45909,-0.2662899999999999,-0.06501000000000001
-0.6546099999999999,-0.65178,-0.49363999999999997
-0.59575,-0.5908599999999999,-0.47986
-0.5486300000000001,-0.57422,-0.50358
-0.56113,-0.58397,-0.54238
-0.48853,-0.59874,-0.47429000000000004
-0.56115,-0.59466,-0.25232
-0.6175999999999999,-0.58042,-0.28108
-0.62096,-0.5927,-0.50882
-0.60971,-0.5847899999999999,-0.3200299999999999
-0.60293,-0.56681,-0.19404
-0.5161899999999999,-0.6149399999999999,-0.028590000000000004
-0.4327500000000001,-0.5866199999999999,-0.06066000000000005
-0.44384999999999997,-0.61425,-0.08081000000000005
-0.4557,-0.5882399999999999,-0.06533
-0.47768999999999995,-0.5648,-0.04066000000000003
-0.54323,-0.30062,-0.15891999999999995
-0.54337,-0.25629,-0.39315
-0.48023000000000005,-0.56614,-0.34564000000000006
-0.55273,-0.4394,-0.46766
-0.47334,-0.25137999999999994,-0.46067
-0.011270000000000002,-0.6632899999999999,0.02593000000000001
0.026049999999999907,-0.6933699999999999,0.044709999999999916
-0.04166000000000003,-0.70478,0.09589999999999999
-0.0027000000000000357,-0.6642399999999999,0.03817000000000004
0.022820000000000062,-0.66946,0.06532000000000004
-0.70191,-0.72373,-0.11803999999999992
-0.6208899999999999,-0.7375,-0.03748999999999991
-0.66543,-0.68282,-0.05162
-0.59509,-0.6682899999999999,-0.02681
-0.6624099999999999,-0.6893,-0.023009999999999975
-0.43233,-0.28009000000000006,0.03205999999999998
-0.45015,-0.42603,-0.06221999999999994
-0.4689,-0.27542999999999995,0.035030000000000006
-0.434,-0.28367,0.03049999999999997
-0.4598,-0.33407999999999993,0.02468999999999999
-0.36366999999999994,-0.48034,-0.0837199999999999
-0.2942199999999999,-0.45203000000000004,-0.10578999999999994
-0.46867000000000003,-0.07499999999999996,-0.09960000000000002
-0.48365,-0.19155,-0.10391000000000006
-0.43473000000000006,-0.21202,-0.09325000000000006
-0.6658,-0.23657000000000006,-0.21931
-0.70791,-0.20217000000000007,-0.23675999999999997
-0.6878500000000001,-0.15695000000000003,-0.25562000000000007
-0.70766,-0.12653999999999999,-0.35443
-0.6897800000000001,-0.12480999999999998,-0.40568000000000004
-0.72733,-0.5451699999999999,-0.12602999999999998
-0.7704799999999999,-0.5555300000000001,-0.13027
-0.74184,-0.59043,-0.09899999999999998
-0.72211,-0.55831,-0.05567
-0.72853,-0.57039,-0.13007000000000002
-0.76326,-0.57266,-0.3820300000000001
-0.72586,-0.28453000000000006,-0.3741
-0.6862,-0.2650100000000001,-0.13998
-0.77278,-0.29071,-0.10097
-0.7730899999999999,-0.32826,-0.2585099999999999
-0.71329,-0.14866999999999997,-0.37961
-0.71956,-0.1492,-0.34234999999999993
-0.73404,-0.08457000000000003,-0.37619
-0.7753300000000001,-0.27937,-0.36812
-0.69111,-0.17869000000000002,-0.36
-0.33296000000000003,-0.24661,-0.05971000000000004
-0.38635,-0.1747200000000001,-0.40862000000000004
-0.31653,-0.14687000000000006,-0.37124
-0.5007999999999999,-0.32182999999999995,-0.41467
-0.48368,-0.21152000000000004,-0.5482199999999999
-0.49474000000000007,-0.030930000000000013,-0.2287300000000001
-0.5181,-0.017079999999999984,-0.08163999999999993
-0.50417,-0.01611000000000007,-0.05905000000000005
-0.47035000000000005,-0.09215000000000007,-0.09487000000000001
-0.64242,-0.010739999999999972,-0.3248599999999999
-0.49422,-0.32797999999999994,-0.28117000000000003
-0.49069999999999997,-0.27312000000000003,-0.31670999999999994
-0.51984,-0.37293000000000004,-0.34073999999999993
-0.54037,-0.44888,-0.24895
-0.50061,-0.37664,-0.21267000000000003
-0.33462000000000003,-0.10185999999999995,-0.11708000000000007
-0.3325100000000001,-0.08352000000000004,-0.13197000000000003
-0.6462700000000001,-0.09192,-0.14812999999999998
-0.6575,-0.10450000000000004,-0.1344700000000001
-0.47086000000000006,-0.09959999999999991,-0.13485000000000003
-0.7168100000000001,-0.03012999999999999,-0.17012000000000005
-0.67387,-0.15152,-0.20631999999999995
-0.6969399999999999,-0.01911000000000007,-0.20655
-0.68207,-0.00878000000000001,-0.19526
-0.6731499999999999,-0.01576999999999995,-0.1609799999999999
-0.55436,-0.17335999999999996,-0.08146999999999993
-0.55843,-0.1638400000000001,-0.09168999999999994
-0.55385,-0.14858000000000005,-0.09077000000000002
-0.55324,-0.15952999999999995,-0.06901999999999997
-0.5486800000000001,-0.18229000000000006,-0.07051000000000007
-0.25965000000000005,-0.51963,-0.07865999999999995
-0.34106000000000003,-0.48984999999999995,-0.08496000000000004
-0.37558,-0.49071000000000004,-0.03939999999999999
-0.2686900000000001,-0.46889,-0.06123000000000001
-0.30306,-0.45524,-0.062040000000000095
-0.6377299999999999,-0.51202,-0.50485
-0.56092,-0.5166200000000001,-0.5075799999999999
-0.74197,-0.59219,-0.5361
-0.65511,-0.66821,-0.53411
-0.67266,-0.61531,-0.61862
-0.55685,-0.30188000000000004,-0.13439999999999996
-0.54752,-0.30921,-0.09297
-0.5407,-0.26672000000000007,-0.10072000000000003
-0.5539799999999999,-0.27518,-0.07023999999999997
-0.61375,-0.27642999999999995,-0.09899999999999998
-0.46354,-0.6924399999999999,-0.006800000000000028
-0.5401799999999999,-0.6467400000000001,-0.006809999999999983
-0.52295,-0.60824,-0.010089999999999932
-0.52721,-0.56001,-0.0031400000000000317
-0.54121,-0.66704,-0.01649999999999996
-0.69662,-0.44698,-0.16961000000000004
-0.6567000000000001,-0.34434,-0.43931
-0.5873200000000001,-0.36193999999999993,-0.43152
-0.6455599999999999,-0.44408,-0.3973399999999999
-0.65328,-0.38384999999999997,-0.41398999999999997
-0.75502,-0.50478,-0.2822
-0.72692,-0.47912000000000005,-0.25129
-0.73659,-0.4868,-0.3277199999999999
-0.74722,-0.48056000000000004,-0.34573999999999994
-0.69477,-0.48723,-0.24758999999999998
-0.58491,-0.3329,-0.24676999999999993
-0.5333700000000001,-0.37251999999999996,-0.41590000000000005
-0.5673999999999999,-0.4156599999999999,-0.35302999999999995
-0.5567500000000001,-0.38998999999999995,-0.22021000000000002
-0.64255,-0.41857999999999995,-0.29521
-0.38945,-0.07470999999999994,0.039510000000000045
-0.46634,-0.2060200000000001,-0.00717000000000001
-0.43367999999999995,-0.26456999999999997,0.02192000000000005
-0.40174,-0.22172000000000003,-0.003950000000000009
-0.46172,-0.12331999999999999,0.03708
-0.30713,-0.11081999999999992,-0.012199999999999989
-0.36217999999999995,-0.09517999999999993,0.02368999999999999
-0.3131900000000001,-0.36929999999999996,-0.02942
-0.31082999999999994,-0.22555999999999998,-0.007979999999999987
-0.31909,-0.21910000000000007,-0.3349
-0.55796,-0.09296000000000004,-0.03920000000000001
-0.51569,-0.11328000000000005,-0.07262999999999997
-0.60813,-0.11234,-0.08594999999999997
-0.45002,-0.12976,-0.06143999999999994
-0.48005999999999993,-0.07867000000000002,-0.051490000000000036
-0.43603,-0.14859,-0.10128999999999999
-0.58234,-0.12183,-0.07777999999999996
-0.59907,-0.11936000000000002,-0.07716
-0.6233299999999999,-0.11039999999999994,-0.09021999999999997
-0.51932,-0.15744000000000002,-0.0958
-0.39835999999999994,-0.61902,-0.06935999999999998
-0.39605999999999997,-0.60863,-0.06316999999999995
-0.4357500000000001,-0.58084,-0.08095000000000008
-0.40918999999999994,-0.6321100000000001,-0.0839399999999999
-0.43759000000000003,-0.61297,-0.07582
-0.6623999999999999,-0.45999,-0.41925
-0.66667,-0.32605000000000006,-0.45722
-0.7491000000000001,-0.30933999999999995,-0.4432600000000001
-0.6936,-0.20211999999999997,-0.48124000000000006
-0.6591,-0.2533500000000001,-0.24639
-0.11407,-0.18396,-0.13152999999999992
-0.10302,-0.13790999999999998,-0.07816000000000001
-0.12184000000000006,-0.10453999999999997,-0.07025999999999999
-0.13086999999999993,-0.14921000000000006,-0.0838199999999999
-0.09136999999999995,-0.13468999999999998,-0.08752000000000004
-0.26293,-0.70694,-0.0746
-0.31109,-0.56332,-0.0936999999999999
-0.30811,-0.6351500000000001,-0.11902000000000001
-0.25821000000000005,-0.57064,-0.09065000000000001
-0.29629000000000005,-0.6786000000000001,-0.08687
-0.38671,-0.49032000000000003,-0.05186000000000002
-0.43404,-0.30489,-0.027689999999999992
-0.39299000000000006,-0.51284,-0.04937999999999998
-0.41064999999999996,-0.5983799999999999,-0.04237999999999997
-0.30943,-0.51495,-0.05201
-0.56531,-0.6411899999999999,-0.04165999999999992
-0.54539,-0.50312,-0.035499999999999976
-0.5532900000000001,-0.63151,-0.03237000000000001
-0.52129,-0.6577999999999999,-0.02561000000000002
-0.48299000000000003,-0.55669,-0.10687999999999998
-0.79076,-0.30972,-0.36483
-0.7189399999999999,-0.31801,-0.39186
-0.7551399999999999,-0.3325600000000001,-0.31567999999999996
-0.76171,-0.38356,-0.39957999999999994
-0.7696500000000001,-0.32049000000000005,-0.30543
-0.71467,-0.07176000000000005,-0.44372
-0.6269,-0.10294000000000003,-0.45524
-0.6857,-0.05991999999999997,-0.43520000000000003
-0.6449,-0.06917000000000006,-0.32616999999999996
-0.5914699999999999,-0.07386999999999999,-0.39757
-0.72001,-0.024399999999999977,-0.09419
-0.72248,-0.07674999999999998,-0.31638
-0.71303,-0.22531,-0.21566000000000007
-0.7352399999999999,-0.19291999999999998,-0.29772
-0.62017,-0.11282000000000003,-0.2931
-0.71138,-0.17482999999999993,-0.05068000000000006
-0.71043,-0.14853000000000005,-0.08186000000000004
-0.7091000000000001,-0.35556999999999994,-0.056090000000000084
-0.6712400000000001,-0.32020000000000004,-0.06442999999999999
-0.6344399999999999,-0.45918,-0.06512999999999991
-0.7607999999999999,-0.24672000000000005,-0.15393
-0.75093,-0.27013,-0.26020999999999994
-0.72923,-0.33869000000000005,-0.13667000000000007
-0.77329,-0.16149999999999998,-0.12435000000000007
-0.76152,-0.16064,-0.14078999999999997
-0.49241999999999997,-0.5488900000000001,-0.3880699999999999
-0.4980399999999999,-0.6312399999999999,-0.4567
-0.48933,-0.55894,-0.3615999999999999
-0.7131000000000001,-0.5176399999999999,-0.38105
-0.49529,-0.52986,-0.43790000000000007
-0.38560000000000005,-0.11036999999999997,-0.11326000000000003
-0.44821,-0.29747999999999997,-0.1261500000000001
-0.50363,-0.11035000000000006,-0.05093000000000003
-0.6267199999999999,-0.12544999999999995,-0.05735999999999997
-0.49111000000000005,-0.06426999999999994,-0.08905000000000007
-0.619,-0.24029,-0.5182100000000001
-0.6308999999999999,-0.28293,-0.5540399999999999
-0.54991,-0.25814000000000004,-0.5234300000000001
-0.54031,-0.3947900000000001,-0.55197
-0.61296,-0.18434000000000006,-0.52904
-0.3881,-0.08236999999999994,-0.15180000000000005
-0.44032,-0.08044000000000007,-0.13305
-0.46074000000000004,-0.07716,-0.18292000000000008
-0.3979499999999999,-0.07896999999999998,-0.15672999999999992
-0.38287000000000004,-0.07316999999999996,-0.12157000000000007
-0.67224,-0.59449,-0.6625099999999999
-0.66712,-0.6410899999999999,-0.67397
-0.66879,-0.7471099999999999,-0.48617999999999995
-0.67706,-0.47003,-0.6677
-0.6502399999999999,-0.64167,-0.49862999999999996
-0.22560000000000002,-0.14208999999999994,-0.09687000000000001
-0.2738799999999999,-0.34943,-0.12896999999999992
-0.24770000000000003,-0.2906599999999999,-0.059209999999999985
-0.19723000000000002,-0.28768000000000005,-0.060799999999999965
-0.6469400000000001,-0.11851,-0.11182000000000003
-0.66243,-0.28495000000000004,-0.03774999999999995
-0.47570999999999997,-0.6569400000000001,-0.03634000000000004
-0.5020899999999999,-0.2703,-0.05735999999999997
-0.66963,-0.36988,-0.030909999999999993
-0.6808400000000001,-0.27386,-0.03836000000000006
-0.80721,-0.17320999999999998,-0.3105
-0.77052,-0.1743800000000001,-0.34197999999999995
-0.78915,-0.18779,-0.24159999999999993
-0.8068,-0.18615000000000004,-0.3073999999999999
-0.79762,-0.1783499999999999,-0.30417000000000005
-0.5604899999999999,-0.59437,-0.51449
-0.74409,-0.59215,-0.54943
-0.68361,-0.46895,-0.5192300000000001
-0.5245299999999999,-0.36944999999999995,-0.51244
-0.4705999999999999,-0.30935999999999997,-0.31484
-0.5367899999999999,-0.2649,-0.0502999999999999
-0.53317,-0.27618999999999994,-0.04256000000000004
-0.5986199999999999,-0.28950999999999993,-0.04233999999999993
-0.50804,-0.30966000000000005,-0.05215000000000003
-0.51569,-0.3186300000000001,-0.04744000000000004
-0.54847,-0.6803699999999999,-0.08684999999999998
-0.57223,-0.71123,-0.1348600000000001
-0.55666,-0.7464299999999999,-0.08652000000000004
-0.6038399999999999,-0.71509,-0.21294999999999997
-0.51128,-0.73708,-0.09075
-0.46563,-0.061799999999999966,-0.12795
-0.42251000000000005,-0.09314,-0.23153
-0.33701,-0.06882999999999995,-0.22078999999999993
-0.46013,-0.10947000000000007,-0.2157
-0.40291000000000005,-0.10835000000000006,-0.20913000000000004
-0.68985,-0.38054,-0.15898999999999996
-0.7095400000000001,-0.40689,-0.15644999999999998
-0.74483,-0.38065000000000004,-0.13739
-0.61564,-0.37459,-0.12719999999999998
-0.69751,-0.36663999999999997,-0.17179
-0.55275,0.07984000000000002,-0.06001000000000001
-0.50385,0.07532000000000005,-0.06416
-0.5501,0.06574999999999998,-0.06008999999999998
-0.54557,0.06817000000000006,-0.06101999999999996
-0.53605,0.07369000000000003,-0.07191999999999998
-0.6980299999999999,-0.009759999999999991,-0.19487
-0.60152,-0.007830000000000004,-0.15971000000000002
-0.68039,-0.01600999999999997,-0.2413200000000001
-0.62339,-0.008220000000000005,-0.17517000000000005
-0.66594,-0.008079999999999976,-0.19518999999999997
-0.3093,-0.30465999999999993,-0.20065
-0.41112,-0.27927,-0.39147999999999994
-0.364,-0.29769,-0.21199999999999997
-0.38729,-0.10330000000000006,-0.19260999999999995
-0.39871,-0.12495,-0.20291000000000003
-0.5476300000000001,-0.08236999999999994,-0.31687000000000004
-0.6154499999999999,-0.08458999999999994,-0.37335999999999997
-0.56131,-0.07867000000000002,-0.37918999999999997
-0.58543,-0.07869000000000004,-0.36094
-0.48149000000000003,-0.07047999999999999,-0.29573000000000005
-0.59097,-0.06050999999999995,-0.04076999999999997
-0.57822,-0.06791999999999998,-0.026459999999999928
-0.57202,-0.04861000000000004,-0.0121
-0.56641,-0.06396999999999997,-0.056809999999999916
-0.59354,-0.05686000000000002,-0.044970000000000065
-0.6459,-0.52423,-0.25778999999999996
-0.59632,-0.5125900000000001,-0.27510999999999997
-0.5791999999999999,-0.43928000000000006,-0.20914
-0.61309,-0.6074299999999999,-0.26388
-0.5566599999999999,-0.6061,-0.27227999999999997
-0.68591,-0.30157999999999996,-0.22587000000000002
-0.60338,-0.05432999999999999,-0.10235000000000005
-0.68225,-0.059599999999999986,-0.12198999999999993
-0.65893,-0.05171999999999999,-0.17418
-0.6778500000000001,-0.05944000000000005,-0.14178999999999997
-0.32975999999999994,-0.009929999999999994,-0.01144999999999996
-0.20975999999999995,-0.04897000000000007,-0.05624999999999991
-0.21594999999999998,-0.058069999999999955,-0.008519999999999972
-0.20591000000000004,-0.06259000000000003,-0.05918000000000001
-0.2188,-0.044009999999999994,-0.013490000000000002
-0.6426499999999999,-0.08616999999999997,-0.02416000000000007
-0.6303799999999999,-0.09286000000000005,-0.06479999999999997
-0.67213,-0.09880999999999995,-0.024760000000000004
-0.6801,-0.11285,-0.10750000000000004
-0.70876,-0.013009999999999966,-0.11454999999999993
-0.72916,-0.34898000000000007,-0.58148
-0.71361,-0.21634999999999993,-0.6329799999999999
-0.7253000000000001,-0.30466000000000004,-0.61714
-0.7149399999999999,-0.13883999999999996,-0.54807
-0.73254,-0.14859,-0.66197
-0.67881,-0.32988000000000006,-0.31453
-0.6421000000000001,-0.33141999999999994,-0.30615000000000003
-0.67055,-0.3931,-0.30193000000000003
-0.74642,-0.3603,-0.35151999999999994
-0.66876,-0.31510000000000005,-0.33316999999999997
-0.45325,-0.29231000000000007,-0.10321000000000002
-0.61531,-0.45484,-0.09754000000000007
-0.47979000000000005,-0.11741000000000001,-0.09112000000000009
-0.5084599999999999,-0.28466,-0.24142999999999992
-0.53839,-0.32471000000000005,-0.12531000000000003
-0.42606,-0.020029999999999992,-0.21221999999999996
-0.43826999999999994,-0.007759999999999989,-0.2639699999999999
-0.57416,-0.017630000000000035,-0.21391000000000004
-0.42813999999999997,-0.013029999999999986,-0.19216
-0.41816,-0.05930000000000002,-0.20034000000000007
-0.32555,-0.27124000000000004,-0.21782999999999997
-0.32369000000000003,-0.30469999999999997,-0.19245
-0.31132000000000004,-0.15933999999999993,-0.28263000000000005
-0.33673999999999993,-0.6264799999999999,-0.28733
-0.34226,-0.06006,-0.22858
-0.49998,-0.2639600000000001,-0.04910999999999999
-0.36409,-0.26959,-0.03614000000000006
-0.50402,-0.25431000000000004,-0.061309999999999976
-0.6385,-0.37529,-0.04118999999999995
-0.45009999999999994,-0.23049000000000008,-0.04578000000000004
-0.5992200000000001,-0.78554,-0.30387
-0.5688,-0.80452,-0.26821000000000006
-0.56644,-0.79245,-0.39925999999999995
-0.5822400000000001,-0.78233,-0.4152100000000001
-0.54864,-0.7695099999999999,-0.11020000000000008
-0.44596,-0.15244000000000002,-0.07506999999999997
-0.43348,-0.24827,-0.07257000000000002
-0.4637,-0.17305000000000004,-0.07159000000000004
-0.46829000000000004,-0.26734,-0.06858000000000009
-0.44492,-0.31289999999999996,-0.058049999999999935
-0.57727,-0.18830999999999998,-0.29616
-0.6365999999999999,-0.14891,-0.33587999999999996
-0.58191,-0.30886,-0.27339
-0.58391,-0.14749,-0.3079700000000001
-0.48895,-0.13827999999999996,-0.34309999999999996
-0.64096,-0.12964999999999993,-0.08329000000000009
-0.64301,-0.10658000000000001,-0.10560999999999998
-0.6082,-0.16671000000000002,-0.08296999999999999
-0.6136599999999999,-0.12072000000000005,-0.09270999999999996
-0.61318,-0.12844,-0.09100999999999992
-0.43401999999999996,-0.15407000000000004,-0.40097
-0.43590999999999996,-0.33274000000000004,-0.38948999999999995
-0.50468,-0.13212999999999997,-0.43291
-0.40482000000000007,-0.14239999999999997,-0.38446
-0.45838,-0.34570999999999996,-0.45371
-0.80881,-0.04752999999999996,-0.72172
-0.8172400000000001,-0.03722000000000003,-0.6937500000000001
-0.80236,-0.18001999999999996,-0.6871400000000001
-0.7985599999999999,-0.18758999999999992,-0.7057899999999999
-0.8545200000000001,-0.014970000000000039,-0.71892
-0.5802400000000001,-0.5968399999999999,-0.14060000000000006
-0.5559,-0.5919099999999999,-0.08514999999999995
-0.53451,-0.35434,-0.09897999999999996
-0.54026,-0.6892199999999999,-0.15131000000000006
-0.5598099999999999,-0.2674099999999999,-0.13126000000000004
-0.57246,-0.5161500000000001,-0.24807999999999997
-0.59245,-0.3701000000000001,-0.19041000000000008
-0.55938,-0.39152,-0.23874000000000006
-0.53959,-0.18567,-0.19409999999999994
-0.49998000000000004,-0.35428000000000004,-0.18746000000000007
-0.15754999999999997,-0.72352,-0.18448999999999993
-0.16314000000000006,-0.77827,-0.16226000000000007
-0.15983999999999998,-0.76837,-0.06447999999999998
-0.1521,-0.6848799999999999,-0.08450999999999997
-0.15976999999999997,-0.61525,-0.11854999999999993
-0.47551,-0.31623,-0.03754000000000002
-0.46268000000000004,-0.24988,-0.03183999999999998
-0.52623,-0.17676999999999998,-0.028839999999999977
-0.48854,-0.21038,-0.04188999999999998
-0.45951,-0.25205999999999995,-0.03106999999999993
-0.6661,-0.72142,-0.10970000000000002
-0.5933600000000001,-0.75044,-0.09850999999999999
-0.66564,-0.77456,-0.139
-0.57283,-0.7476299999999999,-0.11197999999999997
-0.57289,-0.74393,-0.10775000000000001
-0.2125300000000001,-0.030440000000000023,-0.12241000000000002
-0.2258,-0.047169999999999934,-0.15164999999999995
-0.20043,-0.002409999999999912,-0.14934999999999998
-0.23077000000000003,-0.03493999999999997,-0.11092999999999997
-0.18547000000000002,-0.035699999999999954,-0.11632000000000009
-0.5957600000000001,-0.11931000000000003,-0.23707
-0.68519,-0.12525999999999993,-0.09185999999999994
-0.6840600000000001,-0.08508000000000004,-0.07347000000000004
-0.70781,-0.33477,-0.06547999999999998
-0.6934899999999999,-0.10483999999999993,-0.11471999999999993
-0.65534,-0.7102700000000001,-0.19442000000000004
-0.74543,-0.6068399999999999,-0.16952999999999996
-0.73794,-0.73117,-0.19118000000000002
-0.57745,-0.72614,-0.09860000000000002
-0.6323799999999999,-0.59922,-0.15054
-0.5165000000000001,-0.3871800000000001,-0.04525000000000001
-0.5206,-0.13501000000000007,-0.05242000000000002
-0.24734999999999996,-0.18248999999999993,-0.04128999999999994
-0.54388,-0.1632,-0.09728000000000003
-0.61113,-0.52666,-0.06998000000000004
-0.38827,-0.1472,-0.10136
-0.54666,-0.09521000000000002,-0.10404000000000002
-0.40962,-0.09860000000000002,-0.10887000000000002
-0.5838,-0.08837000000000006,-0.11906000000000005
-0.40585000000000004,-0.08572000000000002,-0.11150000000000004
-0.2701300000000001,-0.14748000000000006,-0.08731
-0.30809,-0.09381000000000006,-0.09848999999999997
-0.25864999999999994,-0.08094000000000001,-0.07853999999999994
-0.33284,-0.07774000000000003,-0.10765999999999998
-0.3033,-0.06646000000000007,-0.09364000000000006
-0.63469,-0.54115,-0.19958999999999993
-0.5832,-0.55921,-0.10793000000000008
-0.65432,-0.5571200000000001,-0.11540000000000006
-0.6270899999999999,-0.52797,-0.13721000000000005
-0.40717000000000003,-0.5239199999999999,-0.15383999999999998
-0.55094,-0.44559999999999994,-0.46862000000000004
-0.57568,-0.39017,-0.49704999999999994
-0.48589,-0.49866,-0.45594
-0.5163599999999999,-0.5147600000000001,-0.52906
-0.4415,-0.45159,-0.50754
-0.47054000000000007,-0.09291999999999989,-0.49832000000000004
-0.44442000000000004,-0.23381000000000007,-0.38432
-0.5035,-0.22207999999999994,-0.30601999999999996
-0.5021,-0.21943999999999997,-0.34939999999999993
-0.49240999999999996,-0.25326000000000004,-0.31582
-0.40232,-0.18772,-0.12497999999999998
-0.46849999999999997,-0.15749999999999997,-0.29218999999999995
-0.43771000000000004,-0.14795000000000003,-0.10614999999999997
-0.40659,-0.1583,-0.1170500000000001
-0.40265000000000006,-0.16091999999999995,-0.29672
-0.6757500000000001,-0.11133000000000004,-0.07505000000000006
-0.6285099999999999,-0.10405000000000009,-0.09839999999999993
-0.62097,-0.11619999999999997,-0.10701000000000005
-0.5029000000000001,-0.08187,-0.10233000000000003
-0.47397000000000006,-0.10752000000000006,-0.10001000000000004
-0.41359,-0.33633,-0.14209000000000005
-0.6344099999999999,-0.44115000000000004,-0.15352999999999994
-0.66994,-0.47125,-0.13951000000000002
-0.55948,-0.42613,-0.13634999999999997
-0.6447700000000001,-0.37016000000000004,-0.09162999999999999
-0.67404,-0.60684,-0.09669000000000005
-0.64021,-0.60036,-0.11546000000000001
-0.5914699999999999,-0.43613,-0.08801000000000003
-0.5949200000000001,-0.5867600000000001,-0.07865
-0.53362,-0.62198,-0.08575999999999995
-0.67064,-0.10044999999999993,-0.07903000000000004
-0.65573,-0.10756999999999994,-0.06979999999999997
-0.69331,-0.10001000000000004,-0.10704999999999998
-0.66979,-0.01656000000000002,-0.07623000000000002
-0.69493,-0.15945999999999994,-0.37022
-0.57148,-0.68102,-0.4478599999999999
-0.6767099999999999,-0.65099,-0.49234999999999995
-0.55928,-0.67932,-0.45748
-0.63391,-0.6676,-0.48599999999999993
-0.49485,-0.6828400000000001,-0.55782
-0.24488,-0.19582,-0.05625999999999998
-0.33867,-0.17493000000000003,-0.08411000000000002
-0.33838,-0.31089,-0.07177999999999995
-0.20045000000000002,-0.38815999999999995,-0.05647000000000002
-0.19018000000000002,-0.22910999999999992,-0.07378000000000007
-0.55951,-0.15447,-0.055379999999999985
-0.5120100000000001,-0.13322999999999996,-0.05413000000000001
-0.41519,-0.14773999999999998,-0.04957999999999996
-0.5123899999999999,-0.12949999999999995,-0.03128999999999993
-0.48049000000000003,-0.09858,-0.04392000000000007
-0.62089,-0.5639700000000001,-0.6821900000000001
-0.59903,-0.58965,-0.64452
-0.66413,-0.5689299999999999,-0.68517
-0.6565300000000001,-0.56425,-0.68127
-0.66577,-0.58111,-0.6789
-0.64551,-0.29196,-0.46158
-0.73213,-0.23603000000000007,-0.36309
-0.65595,-0.052810000000000024,-0.3571
-0.7210799999999999,-0.23885,-0.5744100000000001
-0.7298899999999999,-0.26552,-0.3646999999999999
-0.45804999999999996,-0.44846,0.005959999999999965
-0.4613400000000001,-0.42294,0.0021399999999999197
-0.44592,-0.41978000000000004,0.006859999999999977
-0.44358,-0.36899000000000004,-0.0050000000000000044
-0.3165800000000001,-0.4043,-0.0012900000000000134
-0.53811,-0.4214800000000001,-0.13588
-0.4111600000000001,-0.49775,-0.11096000000000006
-0.21172000000000002,-0.5525199999999999,-0.11941999999999997
-0.2860999999999999,-0.633,-0.11627999999999994
-0.46033999999999997,-0.44931,-0.1422
-0.69156,-0.39017,-0.09619999999999995
-0.55442,-0.21955999999999998,-0.07681000000000004
-0.46041,-0.23585,-0.09809000000000001
-0.70223,-0.2374799999999999,-0.08694000000000002
-0.6409100000000001,-0.22558999999999996,-0.08345000000000002
-0.47300000000000003,-0.66703,-0.021109999999999962
-0.50351,-0.65893,-0.013719999999999954
-0.42878000000000005,-0.65129,-0.005630000000000024
-0.25625999999999993,-0.6389,-0.02668999999999999
-0.22348,-0.6391100000000001,-0.02024999999999999
-0.73851,-0.49867999999999996,-0.12763999999999998
-0.32299,-0.57341,-0.13903999999999994
-0.63796,-0.5433999999999999,-0.14193999999999996
-0.65325,-0.52601,-0.09192999999999996
-0.70444,-0.50984,-0.07784000000000002
-0.42905000000000004,-0.63679,-0.16747
-0.43299999999999994,-0.61345,-0.14461999999999997
-0.67364,-0.61639,-0.1752999999999999
-0.33718000000000004,-0.5724799999999999,-0.18564000000000003
-0.33630000000000004,-0.6970000000000001,-0.12938000000000005
-0.71104,-0.21297999999999995,-0.48383
-0.70994,-0.1856,-0.5327599999999999
-0.71378,-0.20845000000000002,-0.42747999999999997
-0.70514,-0.20084999999999997,-0.40684999999999993
-0.73504,-0.19383000000000006,-0.43816
-0.60829,-0.03304999999999991,-0.13352000000000008
-0.58447,-0.0242,-0.12231000000000003
-0.58956,-0.06282999999999994,-0.11687999999999998
-0.6024700000000001,-0.07513000000000003,-0.11480000000000001
-0.5690500000000001,-0.027839999999999976,-0.13729999999999998
-0.5728599999999999,-0.17405000000000004,-0.35333000000000003
-0.6065,-0.1775,-0.31692
-0.57436,-0.17679999999999996,-0.40485
-0.5899099999999999,-0.28291,-0.30291999999999997
-0.54481,-0.17591,-0.40525
-0.73607,-0.06778000000000006,-0.16742
-0.7029,-0.035559999999999925,-0.19487
-0.75273,-0.08137000000000005,-0.20465
-0.69707,-0.09014,-0.15161999999999998
-0.7064,-0.07713000000000003,-0.20716999999999997
-0.4125400000000001,-0.11579000000000006,-0.06958000000000009
-0.52645,-0.11627999999999994,-0.09329999999999994
-0.45293000000000005,-0.10902999999999996,-0.06398999999999999
-0.55907,-0.12491000000000008,-0.08799000000000001
-0.59885,-0.12353000000000003,-0.05565999999999993
-0.35857000000000006,-0.23396000000000006,0.0006899999999999684
-0.39612,-0.65281,0.002610000000000001
-0.19329000000000007,-0.26287000000000005,0.0011099999999999444
-0.3641,-0.24524999999999997,-0.0027599999999999847
-0.13241000000000003,-0.22877999999999998,-0.00875999999999999
-0.6887599999999999,-0.51074,-0.46770999999999996
-0.75798,-0.28196,-0.44638999999999995
-0.68432,-0.11441999999999997,-0.46717
-0.63708,-0.37044,-0.33641999999999994
-0.6477,-0.36949,-0.3869
-0.6958500000000001,-0.36205,-0.46031
-0.6983699999999999,-0.03589999999999993,-0.49859999999999993
-0.6652100000000001,-0.35395999999999994,-0.4683400000000001
-0.66632,-0.11336999999999997,-0.43892999999999993
-0.7185499999999999,-0.4007200000000001,-0.43531999999999993
-0.5607500000000001,-0.35830000000000006,-0.17576000000000003
-0.54847,-0.29680000000000006,-0.16157
-0.52322,-0.07194999999999996,-0.17118
-0.54323,-0.16295000000000004,-0.15646000000000004
-0.53661,-0.13305999999999996,-0.18208999999999997
-0.60227,-0.11570999999999998,-0.2816099999999999
-0.6022400000000001,-0.11724000000000001,-0.34421
-0.55524,-0.1177999999999999,-0.29506
-0.5772999999999999,-0.11872000000000005,-0.38634999999999997
-0.57358,-0.11712,-0.40826999999999997
-0.6437200000000001,-0.16637999999999997,-0.24599000000000004
-0.6787700000000001,-0.18633,-0.25907
-0.65364,-0.12064999999999992,-0.24814999999999998
-0.63797,-0.16841000000000006,-0.24358000000000002
-0.64226,-0.18869000000000002,-0.22823000000000004
-0.3020999999999999,-0.26083999999999996,-0.2073299999999999
-0.25641,-0.2249500000000001,-0.11611000000000005
-0.22459000000000007,-0.23066999999999993,-0.11096000000000006
-0.6091799999999999,-0.5254700000000001,-0.18472
-0.22181000000000006,-0.21935000000000004,-0.1700600000000001
-0.71004,-0.07928000000000002,-0.30167999999999995
-0.64055,-0.053120000000000056,-0.4869
-0.6654500000000001,-0.04359999999999997,-0.40805
-0.72043,-0.03993000000000002,-0.27464999999999995
-0.56903,-0.07524999999999993,-0.24849
-0.7319,-0.14490000000000003,-0.56185
-0.7551599999999999,-0.11775999999999998,-0.6776899999999999
-0.76094,-0.20741999999999994,-0.6418699999999999
-0.73368,-0.11011000000000004,-0.61363
-0.6738000000000001,-0.19113999999999998,-0.5523100000000001
-0.5817,-0.5252399999999999,-0.043259999999999965
-0.61348,-0.5909899999999999,-0.21048999999999995
-0.58559,-0.5032099999999999,-0.18188000000000004
-0.59571,-0.5207200000000001,-0.4939
-0.6756300000000001,-0.54723,-0.09757000000000005
-0.39388,-0.09126999999999996,-0.27266
-0.39483,-0.07860999999999996,-0.23865000000000003
-0.13754,-0.08985999999999994,-0.22435000000000005
-0.23295999999999994,-0.08789000000000002,-0.14922999999999997
-0.11116000000000004,-0.0626500000000001,-0.17776999999999998
-0.30625,-0.08458999999999994,-0.09362000000000004
-0.33555999999999997,-0.13671,-0.10248000000000002
-0.20522000000000007,-0.15474,-0.10345000000000004
-0.7238100000000001,-0.15335,-0.12414000000000003
-0.44316,-0.18298000000000003,-0.09725000000000006
-0.41009000000000007,-0.19599,-0.11850000000000005
-0.49867,-0.23197,-0.12697999999999998
-0.45174000000000003,-0.22161000000000008,-0.18874000000000002
-0.62382,-0.21507999999999994,-0.14786
-0.4681,-0.19002000000000008,-0.13522
-0.69452,-0.13857999999999993,-0.18533
-0.70913,-0.15629000000000004,-0.26112
-0.7075,-0.13926000000000005,-0.25704000000000005
-0.7119599999999999,-0.14639000000000002,-0.22504999999999997
-0.7036100000000001,-0.16603999999999997,-0.20545999999999998
-0.7658400000000001,-0.28808999999999996,-0.12487999999999999
-0.7282099999999999,-0.30169999999999997,-0.04506999999999994
-0.7132999999999999,-0.29556000000000004,-0.18563999999999992
-0.70053,-0.41907000000000005,-0.18383000000000005
-0.68828,-0.29079999999999995,-0.15156000000000003
-0.6764600000000001,-0.024639999999999995,-0.2885000000000001
-0.4223,-0.021890000000000076,-0.41762
-0.6680900000000001,-0.018059999999999965,-0.2575900000000001
-0.60515,-0.01812999999999998,-0.47245000000000004
-0.72131,-0.02234999999999998,-0.47077
-0.2637900000000001,-0.30121,-0.12645000000000006
-0.5448500000000001,-0.52042,-0.11820000000000008
-0.54139,-0.43489999999999995,-0.11660000000000004
-0.53728,-0.3183299999999999,-0.13263000000000003
-0.4906,-0.37132,-0.12670000000000003
-0.6724600000000001,-0.3802,-0.07867999999999997
-0.7101999999999999,-0.29916,-0.09047000000000005
-0.6942200000000001,-0.40391,-0.09106000000000003
-0.6697,-0.33747000000000005,-0.06213999999999997
-0.70374,-0.33421,-0.06701000000000001
-0.66919,-0.55496,-0.34112
-0.6190500000000001,-0.5054000000000001,-0.23938000000000004
-0.58758,-0.52381,-0.3186300000000001
-0.71885,-0.56046,-0.34670999999999996
-0.71962,-0.5047200000000001,-0.36134
-0.71902,-0.58823,-0.38503
-0.75558,-0.59568,-0.37322
-0.70042,-0.64059,-0.33467
-0.68684,-0.51719,-0.25642
-0.65733,-0.5020100000000001,-0.24072000000000005
-0.65664,-0.5048900000000001,-0.36539
-0.66425,-0.52746,-0.41045999999999994
-0.6961,-0.42566000000000004,-0.5061800000000001
-0.6733800000000001,-0.32199999999999995,-0.4117400000000001
-0.6594500000000001,-0.57246,-0.3752200000000001
-0.69299,-0.20249000000000006,-0.10173999999999994
-0.74529,-0.030370000000000008,-0.11182999999999998
-0.7398,-0.030530000000000057,-0.08606999999999998
-0.7500199999999999,-0.19183000000000006,-0.08296999999999999
-0.7491599999999999,-0.06629000000000007,-0.09593999999999991
-0.031009999999999982,-0.04305000000000003,-0.19769000000000003
-0.07980999999999994,-0.12606000000000006,-0.20892999999999995
-0.24611000000000005,-0.16668000000000005,-0.20454000000000006
-0.11564999999999992,-0.04368000000000005,-0.19806999999999997
-0.01968000000000003,-0.27476999999999996,-0.21611000000000002
-0.43618999999999997,-0.615,-0.16083999999999998
-0.46318000000000004,-0.65363,-0.18889999999999996
-0.63191,-0.5863100000000001,-0.18592999999999993
-0.62069,-0.59702,-0.17799999999999994
-0.47683,-0.5690200000000001,-0.2052799999999999
-0.16294999999999993,-0.04954000000000003,-0.006879999999999997
-0.18814000000000008,-0.05858999999999992,-0.005210000000000048
-0.1512300000000001,-0.041139999999999954,0.013429999999999942
-0.18789,-0.04032999999999998,-0.01538000000000006
-0.18457999999999997,-0.04685000000000006,0.0034000000000000696
-0.55564,-0.48872999999999994,-0.24543000000000004
-0.56583,-0.22385,-0.31109
-0.50657,-0.49915,-0.33292000000000005
-0.51986,-0.41117000000000004,-0.2656299999999999
-0.57451,-0.50163,-0.23724999999999996
-0.59803,-0.59534,-0.28513999999999995
-0.6131500000000001,-0.48811999999999994,-0.4044400000000001
-0.61802,-0.45663000000000004,-0.42056999999999994
-0.68074,-0.5132,-0.38521000000000005
-0.54999,-0.46425,-0.3368399999999999
-0.61821,-0.03656999999999999,-0.53732
-0.6515900000000001,-0.08113999999999999,-0.55701
-0.59958,-0.05088999999999999,-0.6805
-0.64649,-0.08095999999999992,-0.48387
-0.5969,-0.06108999999999998,-0.5959399999999999
-0.29357,-0.26115,-0.32134
-0.30870000000000003,-0.27523,-0.37172
-0.55838,-0.29583000000000004,-0.39493
-0.52372,-0.32602,-0.38348
-0.32096,-0.33258,-0.3284
-0.6885000000000001,-0.29015,-0.16634000000000004
-0.70418,-0.3396199999999999,-0.14444999999999997
-0.71347,-0.40526999999999996,-0.14184999999999992
-0.6564099999999999,-0.39307999999999993,-0.14978999999999998
-0.6980000000000001,-0.35273,-0.19533
-0.57004,-0.3084,-0.10353999999999997
-0.50989,-0.16645,-0.03499999999999992
-0.5260199999999999,-0.16081,-0.04214999999999991
-0.52915,-0.1704,-0.035109999999999975
-0.46697000000000005,-0.18573000000000006,-0.02526000000000006
-0.39999999999999997,-0.48922000000000004,-0.0756
-0.6699599999999999,-0.49208999999999997,-0.13835999999999993
-0.5165599999999999,-0.5166000000000001,-0.12017
-0.63101,-0.5575100000000001,-0.08816999999999997
-0.63409,-0.47978,-0.05205000000000004
-0.53101,-0.13105,-0.039309999999999956
-0.61676,-0.6276299999999999,-0.04298999999999997
-0.54952,-0.6245700000000001,-0.03641000000000005
-0.53809,-0.64105,-0.03203999999999996
-0.64082,-0.61405,-0.035479999999999956
-0.75701,-0.6849700000000001,-0.56697
-0.6970099999999999,-0.66902,-0.56908
-0.70339,-0.71348,-0.6808700000000001
-0.75905,-0.6899299999999999,-0.67467
-0.71773,-0.6650799999999999,-0.6692100000000001
-0.70389,-0.27947,-0.11228000000000005
-0.67502,-0.27881,-0.11492000000000002
-0.64241,-0.25638000000000005,-0.11133000000000004
-0.68346,-0.2784,-0.11707000000000001
-0.67327,-0.29862,-0.11580000000000001
-0.67174,-0.5716000000000001,-0.693
-0.69316,-0.56989,-0.34690999999999994
-0.70421,-0.73391,-0.3789600000000001
-0.69649,-0.6603600000000001,-0.32266000000000006
-0.66015,-0.5811,-0.30267
-0.75135,-0.41883000000000004,-0.13041999999999998
-0.7323299999999999,-0.3781,-0.14630999999999994
-0.74744,-0.36687000000000003,-0.13270000000000004
-0.66686,-0.5392699999999999,-0.1473
-0.68056,-0.37739,-0.14095000000000002
-0.4579,-0.50907,-0.5156399999999999
-0.41846000000000005,-0.36883,-0.49547
-0.53159,-0.15817000000000003,-0.49265000000000003
-0.44218,-0.41908,-0.48894000000000004
-0.54376,-0.37000999999999995,-0.5083
-0.53813,-0.24068,-0.30408
-0.52842,-0.23983,-0.30818
-0.60446,-0.5000899999999999,-0.30789999999999995
-0.49470000000000003,-0.21343,-0.32153
-0.5566599999999999,-0.24309000000000003,-0.2948299999999999
-0.44167,-0.20618999999999998,-0.3094
-0.51293,-0.17022000000000004,-0.11332999999999993
-0.46710999999999997,-0.22168,-0.04600000000000004
-0.39388,-0.21509,-0.22653
-0.4329799999999999,-0.18211999999999995,-0.11329999999999996
-0.21199,-0.65692,-0.047719999999999985
-0.3199000000000001,-0.63735,-0.10888000000000009
-0.16039000000000003,-0.63258,-0.04859999999999998
-0.2709999999999999,-0.61795,-0.03894999999999993
-0.2354799999999999,-0.6400699999999999,-0.06874999999999998
-0.3116,-0.24436999999999998,-0.13244
-0.34855,-0.24419999999999997,-0.12643000000000004
-0.361,-0.23016000000000003,-0.12931000000000004
-0.3333100000000001,-0.21921000000000002,-0.09823000000000004
-0.36724999999999997,-0.19799,-0.08831
-0.67365,-0.013639999999999985,-0.71656
-0.64412,-0.016449999999999965,-0.67872
-0.6718200000000001,-0.34695999999999994,-0.7017100000000001
-0.6619200000000001,-0.027469999999999994,-0.58506
-0.65764,0.009220000000000006,-0.71717
-0.40083,-0.06552999999999998,-0.026859999999999995
-0.4678399999999999,-0.07360999999999995,-0.017610000000000015
-0.22858999999999996,-0.06247999999999998,0.0029200000000000337
-0.46560999999999997,-0.10933999999999999,-0.01927000000000001
-0.24354999999999993,-0.07054000000000005,-0.018880000000000008
-0.6969099999999999,-0.61355,-0.22026
-0.6720999999999999,-0.69577,-0.2189899999999999
-0.6738700000000001,-0.6072,-0.18081000000000003
-0.67196,-0.51814,-0.21846
-0.71027,-0.64908,-0.20104999999999995
-0.58355,-0.44688,-0.21954000000000007
-0.54782,-0.44575,-0.15788000000000002
-0.5606500000000001,-0.47567999999999994,-0.18810000000000004
-0.55249,-0.44498999999999994,-0.18985000000000007
-0.6733100000000001,-0.46134000000000003,-0.19959000000000005
-0.35955000000000004,-0.20987999999999996,-0.23812
-0.26608,-0.12755000000000005,-0.23326000000000002
-0.35497,-0.18296,-0.13891999999999993
-0.46621999999999997,-0.19118000000000002,-0.22594999999999998
-0.35911000000000004,-0.12502999999999997,-0.21782999999999997
-0.6169199999999999,-0.06398000000000004,-0.10626999999999998
-0.4184999999999999,-0.08009,-0.10792999999999997
-0.49264,-0.04147999999999996,-0.12046000000000001
-0.56228,-0.08094999999999997,-0.15276999999999996
-0.43923999999999996,-0.04204000000000008,-0.008099999999999996
-0.60491,-0.052019999999999955,-0.12644
-0.57996,-0.04459999999999997,-0.12702000000000002
-0.57548,-0.02703,-0.15254999999999996
-0.5739799999999999,-0.050570000000000004,-0.10724
-0.6336200000000001,-0.030570000000000097,-0.17588000000000004
-0.54105,-0.14806999999999992,-0.04506999999999994
-0.58519,-0.05152000000000001,-0.046989999999999976
-0.57281,-0.19350999999999996,-0.06664000000000003
-0.58041,-0.015519999999999978,-0.04157999999999995
-0.5344,-0.10708000000000006,-0.05213000000000001
-0.5109600000000001,-0.385,-0.46778000000000003
-0.5112699999999999,-0.35075,-0.039879999999999916
-0.52425,-0.3955000000000001,-0.22106000000000003
-0.5044900000000001,-0.5105,-0.47294
-0.51293,-0.35911000000000004,-0.47704
-0.65809,-0.02986000000000011,-0.16054000000000002
-0.5965499999999999,-0.043889999999999985,-0.11968999999999996
-0.42584,-0.038169999999999926,-0.14838000000000007
-0.49918999999999997,-0.055929999999999924,-0.20338999999999996
-0.51753,-0.07828999999999997,-0.14681
-0.80025,-0.54905,-0.14844000000000002
-0.78121,-0.5392600000000001,-0.16371999999999998
-0.8283100000000001,-0.5182599999999999,-0.10599000000000003
-0.8135600000000001,-0.49023999999999995,-0.11828000000000005
-0.81938,-0.41278,-0.11582000000000003
-0.33799999999999997,-0.20381000000000005,-0.20469000000000004
-0.39264,-0.29719000000000007,-0.16535999999999995
-0.39337999999999995,-0.2407800000000001,-0.20877
-0.53263,-0.24397999999999997,-0.19164000000000003
-0.3752500000000001,-0.20639000000000007,-0.17206
-0.23030000000000006,-0.23635000000000006,-0.07103999999999999
-0.04231999999999991,-0.23640000000000005,-0.03362999999999994
-0.030010000000000092,-0.21295000000000008,-0.023440000000000016
-0.03781000000000001,-0.20274999999999999,0.0001300000000000745
-0.16708,-0.23551,-0.009319999999999995
-0.57657,-0.24127999999999994,-0.07069000000000003
-0.6548,-0.25985,-0.06684000000000001
-0.68855,-0.25288,-0.08175999999999994
-0.65666,-0.26333000000000006,-0.07611999999999997
-0.42306999999999995,-0.20626999999999995,-0.07135000000000002
-0.021210000000000062,-0.3647100000000001,-0.0706
-0.64819,-0.34712999999999994,-0.11324000000000001
-0.059760000000000035,-0.34207,-0.0734800000000001
-0.05823999999999996,-0.15430999999999995,-0.12998999999999994
-0.05747000000000002,-0.23946999999999996,-0.10670000000000002
-0.62668,-0.24156,-0.11909999999999998
-0.6374099999999999,-0.52607,-0.12463999999999997
-0.55074,-0.5322100000000001,-0.11646000000000001
-0.63134,-0.47219,-0.12085000000000001
-0.44654000000000005,-0.48982999999999993,-0.11082000000000003
-0.30326,-0.70367,-0.11282000000000003
-0.56201,-0.6660300000000001,-0.15500999999999998
-0.39879,-0.70696,-0.12244
-0.31227000000000005,-0.68379,-0.13310999999999995
-0.38887000000000005,-0.7170099999999999,-0.11097000000000001
-0.6163700000000001,-0.20031,-0.26071
-0.56965,-0.45607,-0.30338
-0.59663,-0.21853999999999996,-0.18735000000000002
-0.5659400000000001,-0.41103999999999996,-0.2545700000000001
-0.57941,-0.26761,-0.20726999999999995
-0.4179,-0.71933,-0.32670999999999994
-0.38083,-0.36975,-0.27669
-0.34063999999999994,-0.75905,-0.27393999999999996
-0.42367,-0.78778,-0.37189000000000005
-0.36445000000000005,-0.69801,-0.28144
-0.6611,-0.05628,-0.27915
-0.589,-0.026110000000000078,-0.4604999999999999
-0.67553,-0.15117999999999998,-0.27579
-0.62897,-0.10733000000000004,-0.28306
-0.6123500000000001,-0.08603000000000005,-0.49549000000000004
-0.6774199999999999,-0.2187,-0.09546999999999994
-0.62384,-0.09694999999999998,-0.08636999999999995
-0.65629,-0.15225999999999995,-0.15751000000000004
-0.63262,-0.1842600000000001,-0.17191999999999996
-0.5464800000000001,-0.23912,-0.17068000000000005
-0.78738,-0.36841,-0.2538
-0.7412000000000001,-0.57763,-0.28931000000000007
-0.7660600000000001,-0.62157,-0.29128
-0.75683,-0.34046999999999994,-0.26839999999999997
-0.73151,-0.41779,-0.26255000000000006
-0.63121,-0.25861999999999996,-0.16441000000000006
-0.64089,-0.21456999999999993,-0.16873000000000005
-0.60291,-0.24701000000000006,-0.18716999999999995
-0.63387,-0.17533999999999994,-0.18177
-0.6238,-0.17291,-0.15791999999999995
-0.69609,-0.24634999999999996,-0.31828999999999996
-0.6746399999999999,-0.18418,-0.273
-0.7115199999999999,-0.19134000000000007,-0.30282
-0.67021,-0.51234,-0.32763
-0.69612,-0.15655000000000008,-0.36041
-0.70743,-0.5943799999999999,-0.05685999999999991
-0.65815,-0.6191200000000001,-0.10039999999999993
-0.77192,-0.57355,-0.07748
-0.48456000000000005,-0.5728899999999999,-0.06462000000000001
-0.70959,-0.56639,-0.08810000000000007
-0.49867999999999996,-0.19932000000000005,-0.13917000000000002
-0.49276000000000003,-0.24056999999999995,-0.28302000000000005
-0.50518,-0.22863,-0.10895999999999995
-0.45637,-0.24773,-0.34800000000000003
-0.48628000000000005,-0.2830999999999999,-0.12184000000000006
-0.6578900000000001,-0.61543,-0.51837
-0.51094,-0.5670999999999999,-0.50194
-0.59053,-0.70283,-0.51998
-0.57527,-0.55238,-0.45486999999999994
-0.52546,-0.56439,-0.37843
-0.47471,-0.15910999999999997,-0.51257
-0.5283,-0.14268000000000003,-0.58413
-0.5574899999999999,-0.15708,-0.53352
-0.5294399999999999,-0.17908000000000002,-0.48834
-0.5404599999999999,-0.15998,-0.48561
-0.37345000000000006,-0.49895000000000006,-0.09343999999999997
-0.33774000000000004,-0.52918,-0.09684999999999999
-0.6241599999999999,-0.43468000000000007,-0.0948
-0.46879000000000004,-0.48628,-0.10714000000000001
-0.62871,-0.33739,-0.09236
-0.42846,-0.17537000000000003,-0.12265999999999999
-0.34707999999999994,-0.20601999999999998,-0.12337999999999993
-0.3256199999999999,-0.23582999999999998,0.005070000000000019
-0.59032,-0.19311999999999996,-0.13117
-0.5809,-0.17837999999999998,-0.10253000000000001
-0.69929,-0.09356999999999993,-0.16037
-0.72293,-0.0947,-0.08967999999999998
-0.72983,-0.18967,-0.16652
-0.70438,-0.15681,-0.13539
-0.72077,-0.11673999999999995,-0.14341000000000004
-0.71728,-0.17091,-0.21753
-0.70363,-0.19367,-0.24692999999999998
-0.77824,-0.06852999999999998,-0.24104000000000003
-0.72942,-0.16783000000000003,-0.27957999999999994
-0.73397,-0.21790999999999994,-0.2704000000000001
-0.45581,-0.64527,-0.17357
-0.46112999999999993,-0.6528700000000001,-0.33100999999999997
-0.46137,-0.67207,-0.22331999999999996
-0.4718399999999999,-0.7030000000000001,-0.2712
-0.46943999999999997,-0.5768200000000001,-0.24983999999999995
-0.6310199999999999,-0.5965799999999999,-0.56633
-0.57172,-0.53684,-0.6301000000000001
-0.6288799999999999,-0.56684,-0.55619
-0.5906399999999999,-0.52996,-0.52096
-0.5592999999999999,-0.61367,-0.62351
-0.57617,-0.04305999999999999,-0.5425599999999999
-0.5793,-0.03375000000000006,-0.56588
-0.5265000000000001,-0.03771000000000002,-0.5584600000000001
-0.49709000000000003,-0.05447999999999997,-0.53449
-0.5485500000000001,-0.07808999999999999,-0.48497000000000007
-0.33443,-0.71617,-0.12470999999999999
-0.35501000000000005,-0.7245,-0.20692999999999995
-0.34514,-0.7365200000000001,-0.1392
-0.25559,-0.71746,-0.07251000000000007
-0.31040999999999996,-0.70847,-0.09347000000000005
-0.58161,-0.56342,-0.5756399999999999
-0.62002,-0.26877000000000006,-0.1427299999999999
-0.60997,-0.49409000000000003,-0.56738
-0.5952200000000001,-0.5443500000000001,-0.30461000000000005
-0.63184,-0.52694,-0.14745999999999992
-0.47629,-0.14844999999999997,-0.01317999999999997
-0.50641,-0.39737999999999996,-0.03917999999999999
-0.4500799999999999,-0.15349999999999997,-0.14198
-0.54789,-0.25389000000000006,-0.0383
-0.30968000000000007,-0.13776999999999995,-0.15853000000000006
-0.66959,-0.29717,-0.17769000000000001
-0.62035,-0.30074999999999996,-0.17951000000000006
-0.70478,-0.3655,-0.19125000000000003
-0.5782499999999999,-0.34547,-0.20912999999999993
-0.5935,-0.34688,-0.19848
-0.61268,-0.07569999999999999,-0.08584999999999998
-0.6125700000000001,-0.06328,-0.09277000000000002
-0.67589,-0.08523999999999998,-0.09950000000000003
-0.58147,-0.44852000000000003,-0.061860000000000026
-0.6397200000000001,-0.29496999999999995,-0.09437000000000006
-0.83176,-0.59711,-0.16662
-0.7104699999999999,-0.5642400000000001,-0.21521
-0.8081699999999999,-0.5831500000000001,-0.15998999999999997
-0.76553,-0.61395,-0.24424
-0.8336699999999999,-0.56956,-0.26993999999999996
-0.5894699999999999,-0.6538900000000001,-0.08525000000000005
-0.5623,-0.61491,-0.35821000000000003
-0.56802,-0.64395,-0.30889999999999995
-0.62663,-0.64981,-0.5148900000000001
-0.6195999999999999,-0.6485099999999999,-0.08457999999999999
-0.25051,-0.2560800000000001,-0.6225
-0.24850000000000005,-0.29013,-0.56835
-0.22472999999999999,-0.28967999999999994,-0.55253
-0.5679400000000001,-0.22694000000000003,-0.59666
-0.5769200000000001,-0.17369,-0.6321100000000001
-0.1487400000000001,-0.7262799999999999,-0.33826
-0.37541,-0.64374,-0.36179000000000006
-0.42054,-0.72048,-0.38814000000000004
-0.36402999999999996,-0.68662,-0.3013699999999999
-0.34969000000000006,-0.72868,-0.33518000000000003
-0.23696000000000006,-0.22526000000000002,-0.021109999999999962
-0.5739399999999999,-0.17076000000000002,-0.01976
-0.63227,-0.39614000000000005,-0.42560999999999993
-0.64229,-0.30994,-0.48988000000000004
-0.19697999999999993,-0.34716,0.0005600000000000049
-0.46426999999999996,-0.27162,-0.03140999999999994
-0.44759000000000004,-0.35187,-0.23640000000000005
-0.47206,-0.31559000000000004,-0.061919999999999975
-0.5505800000000001,-0.23404999999999998,-0.06289
-0.50854,-0.24641999999999997,-0.3639800000000001
-0.5755,-0.33936,-0.14114000000000004
-0.39070000000000005,-0.23768,-0.11393000000000009
-0.50547,-0.34504999999999997,-0.13952999999999993
-0.5230999999999999,-0.41211,-0.13396999999999992
-0.40195000000000003,-0.44612000000000007,-0.12720999999999993
-0.15284999999999993,-0.25595999999999997,-0.030849999999999933
-0.3542099999999999,-0.24207999999999996,-0.09461999999999993
-0.42459,-0.09032000000000007,-0.050879999999999925
-0.39071999999999996,-0.24080000000000001,-0.09865999999999997
-0.32263,-0.4673900000000001,-0.09467000000000003
-0.57908,-0.55599,-0.50766
-0.5556,-0.49295999999999995,-0.5103199999999999
-0.56122,-0.38344,-0.47068
-0.573,-0.61026,-0.49303
-0.58418,-0.41798,-0.53154
-0.45319999999999994,-0.10088999999999992,-0.20572999999999997
-0.42732999999999993,-0.09045000000000003,-0.2072799999999999
-0.4455,-0.08564000000000005,-0.16724000000000006
-0.48918999999999996,-0.08994000000000002,-0.09356999999999993
-0.46679,-0.09069000000000005,-0.03488999999999998
-0.44157,-0.53601,-0.04404000000000008
-0.36723000000000006,-0.47289,-0.02251000000000003
-0.43007999999999996,-0.52273,-0.039019999999999944
-0.42856999999999995,-0.5335300000000001,-0.034399999999999986
-0.38201,-0.53323,-0.01876
-0.57858,-0.10167000000000004,-0.17642999999999998
-0.35741,-0.09906999999999999,-0.15546000000000004
-0.5023599999999999,-0.10150999999999999,-0.12825999999999993
-0.37617999999999996,-0.10160000000000002,-0.13500999999999996
-0.33668,-0.1222200000000001,-0.12459999999999993
-0.65611,-0.75135,-0.23571999999999993
-0.68153,-0.75409,-0.11214000000000002
-0.6972,-0.7509699999999999,-0.2080900000000001
-0.6592100000000001,-0.70585,-0.13031000000000004
-0.69719,-0.73699,-0.19415000000000004
-0.48788000000000004,-0.09350999999999998,-0.22018000000000004
-0.49012999999999995,-0.10162000000000004,-0.41935
-0.47666000000000003,-0.10985999999999996,-0.38282000000000005
-0.57816,-0.08938999999999997,-0.4456899999999999
-0.5253099999999999,-0.08449000000000007,-0.40957
-0.44903000000000004,-0.12921000000000005,-0.23921000000000003
-0.25168999999999997,-0.05496000000000001,-0.20419999999999994
-0.24368,-0.053159999999999985,-0.19427000000000005
-0.25643000000000005,-0.09767000000000003,-0.17157
-0.2733000000000001,-0.08298000000000005,-0.15481
-0.5127200000000001,-0.31601999999999997,-0.49805
-0.71871,-0.27259,-0.47201000000000004
-0.66961,-0.31952,-0.44987
-0.57846,-0.35539999999999994,-0.45500000000000007
-0.6136199999999999,-0.32782999999999995,-0.45426
-0.7352799999999999,-0.43893000000000004,-0.20189999999999997
-0.7643099999999999,-0.28942,-0.18755999999999995
-0.6514599999999999,-0.2978900000000001,-0.18796000000000002
-0.73,-0.55976,-0.1952299999999999
-0.7188300000000001,-0.28967,-0.1790400000000001
-0.67109,-0.14380000000000004,-0.07374999999999998
-0.63891,-0.11771000000000009,-0.023739999999999983
-0.6957800000000001,-0.15649999999999997,-0.04447000000000001
-0.6262599999999999,-0.09878000000000009,-0.0018699999999999273
-0.6361,-0.09074000000000004,-0.04349000000000003
-0.59063,-0.49811,-0.21677000000000002
-0.55958,-0.56559,-0.22687999999999997
-0.4152,-0.5132599999999999,-0.23555000000000004
-0.3870699999999999,-0.52644,-0.22343999999999997
-0.4428,-0.47395000000000004,-0.2555200000000001
-0.38936000000000004,-0.24430999999999992,-0.07768000000000008
-0.39294000000000007,-0.026040000000000063,-0.05317000000000005
-0.32854000000000005,-0.26922,-0.09219
-0.5734300000000001,-0.2267300000000001,-0.07034000000000007
-0.37955000000000005,-0.053300000000000014,-0.16453000000000007
-0.62564,-0.22477999999999998,0.04239000000000004
-0.7067399999999999,-0.29286,-0.02674999999999994
-0.65695,-0.14554999999999996,-0.05124000000000006
-0.6962999999999999,-0.28459999999999996,-0.03022999999999998
-0.62337,-0.2550699999999999,0.036719999999999975
-0.6370399999999999,-0.28324000000000005,-0.48839999999999995
-0.64879,-0.37414000000000003,-0.03582999999999992
-0.62046,-0.46741,-0.27786
-0.6708999999999999,-0.28035999999999994,-0.03228999999999993
-0.61226,-0.26371999999999995,-0.03286
-0.13556999999999997,-0.41180999999999995,-0.051939999999999986
-0.15430999999999995,-0.45056,-0.04744999999999999
-0.12365000000000004,-0.44686,-0.041059999999999985
-0.20172,-0.5500799999999999,-0.09189999999999998
-0.1232899999999999,-0.3427199999999999,-0.055199999999999916
-0.6161699999999999,-0.09769000000000005,-0.5002599999999999
-0.5197499999999999,-0.10546999999999995,-0.6013
-0.49600000000000005,-0.17658000000000007,-0.41496000000000005
-0.5463500000000001,-0.09571000000000007,-0.45854000000000006
-0.5121,-0.17670999999999992,-0.44528
-0.56932,-0.09497,-0.11451
-0.5414300000000001,-0.13839,-0.10971000000000009
-0.53193,-0.09825000000000006,-0.11912999999999996
-0.65081,-0.08839000000000008,-0.10853000000000002
-0.53979,-0.08362000000000003,-0.10421000000000002
-0.6133,-0.19521,-0.06872
-0.59779,-0.1653,-0.015000000000000013
-0.60433,-0.20494999999999997,-0.026070000000000038
-0.6017399999999999,-0.21067000000000002,-0.17268000000000006
-0.6086100000000001,-0.2356100000000001,-0.018160000000000065
-0.40904000000000007,-0.65756,-0.32799000000000006
-0.3889500000000001,-0.6782499999999999,-0.31847000000000003
-0.40257000000000004,-0.6837,-0.32953000000000005
-0.37056999999999995,-0.66883,-0.3126
-0.38685,-0.68202,-0.35197
-0.20367000000000002,-0.40742999999999996,-0.037799999999999945
-0.20509999999999995,-0.48228000000000004,-0.18930999999999998
-0.19629000000000008,-0.47411,-0.035230000000000095
-0.18864999999999998,-0.45080999999999993,-0.02523999999999993
-0.15675000000000006,-0.48552,-0.18905000000000005
-0.8083,-0.49691,-0.79674
-0.73692,-0.55114,-0.77855
-0.7961900000000001,-0.54662,-0.78362
-0.7621199999999999,-0.53305,-0.7716999999999999
-0.78921,-0.54905,-0.71741
-0.5220100000000001,-0.09259000000000006,-0.52488
-0.53073,-0.058250000000000024,-0.41225
-0.55805,-0.04856000000000005,-0.53403
-0.64732,-0.12437000000000009,-0.53459
-0.51614,-0.04227000000000003,-0.5177100000000001
-0.22587999999999997,-0.36353,-0.19171000000000005
-0.24094000000000004,-0.2818900000000001,-0.24901000000000006
-0.2119000000000001,-0.30057999999999996,-0.2377800000000001
-0.4478,-0.60114,-0.21736
-0.19318000000000002,-0.25588,-0.16646000000000005
-0.48515,-0.14140999999999992,-0.041020000000000056
-0.44980000000000003,-0.17310999999999999,-0.016179999999999972
-0.52607,-0.16243000000000007,-0.04513
-0.3486,-0.16639000000000004,-0.012149999999999994
-0.45683999999999997,-0.15266000000000002,-0.0048599999999999755
-0.35574000000000006,-0.49783999999999995,-0.04243000000000008
-0.41198,-0.47084,-0.04756000000000005
-0.42626,-0.46937,-0.010050000000000003
-0.44649,-0.50604,-0.048309999999999964
-0.3409,-0.69631,-0.03403999999999996
-0.65648,-0.27085000000000004,-0.09223000000000003
-0.6818899999999999,-0.13943000000000005,-0.11471999999999993
-0.62873,-0.2918299999999999,-0.10902
-0.75679,-0.36784000000000006,-0.14598
-0.6158399999999999,-0.2993699999999999,-0.048370000000000024
-0.47672000000000003,-0.44723999999999997,-0.34758
-0.4986499999999999,-0.29837,-0.36268999999999996
-0.49932000000000004,-0.25139,-0.41195000000000004
-0.44684,-0.24712,-0.36982000000000004
-0.44027999999999995,-0.30288000000000004,-0.44054999999999994
-0.73235,-0.010199999999999987,-0.69151
-0.7409100000000001,-0.006329999999999947,-0.627
-0.73794,-0.03720000000000001,-0.72267
-0.7990400000000001,-0.008830000000000005,-0.6942900000000001
-0.7093900000000001,-0.008489999999999998,-0.64998
-0.28258999999999995,-0.10819000000000001,-0.36486999999999997
-0.24780000000000002,-0.14554,-0.43776000000000004
-0.25993999999999995,-0.0934299999999999,-0.39095
-0.25927999999999995,-0.10027999999999992,-0.41004999999999997
-0.23664000000000007,-0.18464000000000003,-0.40492000000000006
-0.59053,-0.00985999999999998,-0.13141999999999998
-0.5621799999999999,-0.027249999999999996,-0.14983999999999997
-0.60549,-0.18845999999999996,-0.20726999999999995
-0.6669,-0.20881000000000005,-0.18308999999999997
-0.62459,-0.20617000000000008,-0.17707000000000006
-0.55643,-0.40908999999999995,-0.20689999999999997
-0.5534000000000001,-0.3964,-0.16317000000000004
-0.5533699999999999,-0.41023,-0.05886000000000002
-0.53891,-0.45342,-0.08610999999999991
-0.5335399999999999,-0.44667000000000007,-0.35250000000000004
-0.65568,-0.22052000000000005,-0.18057999999999996
-0.5105500000000001,-0.30155999999999994,-0.18001
-0.6277900000000001,-0.27235999999999994,-0.17822000000000005
-0.7075800000000001,-0.28888,-0.1976
-0.65433,-0.37403,-0.19562999999999997
-0.35325000000000006,-0.51088,-0.13990999999999998
-0.38187000000000004,-0.54122,-0.17517000000000005
-0.7904199999999999,-0.58016,-0.14357999999999993
-0.72163,-0.5728800000000001,-0.26373
-0.47165,-0.5659799999999999,-0.14334000000000002
-0.07883999999999991,-0.18245999999999996,-0.031689999999999996
-0.09997,-0.18010000000000004,-0.01094000000000006
-0.13396000000000008,-0.20231,-0.038530000000000064
-0.12434999999999996,-0.31583000000000006,-0.04479999999999995
-0.08964000000000005,-0.22850000000000004,-0.09982000000000002
-0.62592,-0.10214000000000001,-0.32909
-0.5147299999999999,-0.08709999999999996,-0.32309999999999994
-0.53839,-0.15841000000000005,-0.31861000000000006
-0.5766100000000001,-0.07612999999999992,-0.30955
-0.51956,-0.06442999999999999,-0.29544000000000004
-0.6585399999999999,-0.21810999999999992,-0.014409999999999923
-0.67239,-0.12919000000000003,-0.00927
-0.65595,-0.24196000000000006,-0.031019999999999937
-0.65229,-0.14888,-0.01089999999999991
-0.6707399999999999,-0.11397000000000002,-0.00714999999999999
0.0011400000000000299,-0.28911999999999993,-0.0011600000000000499
-0.00032999999999994145,-0.1624000000000001,-0.0045799999999999175
1.0000000000065512e-05,-0.16522000000000003,-0.0012499999999999734
-0.0040000000000000036,-0.15115,-0.008979999999999988
1.0000000000065512e-05,-0.21914,-0.004689999999999972
-0.68114,-0.51411,-0.16232999999999997
-0.6919200000000001,-0.25183999999999995,-0.16302000000000005
-0.6238900000000001,-0.24156999999999995,-0.16389999999999993
-0.66422,-0.21035000000000004,-0.16215999999999997
-0.49924999999999997,-0.21647000000000005,-0.15250999999999992
-0.50914,-0.050610000000000044,-0.06201000000000001
-0.51623,-0.06794,-0.04188000000000003
-0.5041500000000001,-0.043440000000000034,-0.038020000000000054
-0.5347299999999999,-0.06816999999999995,-0.2633399999999999
-0.54646,-0.07033,-0.11760999999999999
-0.64428,-0.36767000000000005,-0.5582400000000001
-0.61551,-0.41818000000000005,-0.52991
-0.6397599999999999,-0.40332,-0.42582999999999993
-0.62714,-0.51892,-0.42075999999999997
-0.6190899999999999,-0.51778,-0.53176
-0.5345599999999999,-0.5607800000000001,-0.16312000000000004
-0.56082,-0.67557,-0.16269999999999996
-0.54322,-0.60154,-0.16737999999999997
-0.52265,-0.57917,-0.15789999999999993
-0.5194000000000001,-0.6609,-0.11928000000000005
-0.37897000000000003,-0.10714999999999997,-0.05998000000000003
-0.50593,-0.11132999999999993,-0.08440999999999999
-0.37816000000000005,-0.13671,-0.07833000000000001
-0.35138,-0.1119,-0.07799999999999996
-0.3923500000000001,-0.12456,-0.07588000000000006
-0.6298900000000001,-0.25777000000000005,-0.10626999999999998
-0.55518,-0.33267,-0.08250000000000002
-0.6517,-0.5914,-0.12090999999999996
-0.56523,-0.3415,-0.12290000000000001
-0.58494,-0.31992,-0.09756999999999993
-0.6458499999999999,-0.07008000000000003,-0.2481199999999999
-0.72726,-0.0700900000000001,-0.29342999999999997
-0.71518,-0.047699999999999965,-0.24906000000000006
-0.69689,-0.05435000000000001,-0.26059
-0.59198,-0.02267000000000008,-0.17957
-0.64775,-0.32409999999999994,-0.35328000000000004
-0.6718200000000001,-0.3101600000000001,-0.28767
-0.74215,-0.32675,-0.28842999999999996
-0.78381,-0.32754000000000005,-0.3088200000000001
-0.74519,-0.33487999999999996,-0.30594
-0.5877999999999999,-0.48638,-0.25364
-0.54688,-0.37582000000000004,-0.23536999999999997
-0.5904400000000001,-0.40714000000000006,-0.24562000000000006
-0.56991,-0.34421999999999997,-0.2433700000000001
-0.56853,-0.34396000000000004,-0.26918
-0.6905399999999999,-0.48030999999999996,-0.06423999999999996
-0.68625,-0.55751,-0.06532000000000004
-0.66835,-0.5396099999999999,-0.09894999999999998
-0.70328,-0.59764,-0.07752999999999999
-0.72661,-0.5486,-0.06986000000000003
-0.5576599999999999,-0.019589999999999996,-0.40962
-0.52842,-0.03200000000000003,-0.35087999999999997
-0.52108,-0.03066000000000002,-0.25634
-0.52922,-0.03819000000000006,-0.20940999999999999
-0.48638000000000003,-0.01822999999999997,-0.35238
-0.75113,-0.63394,-0.19540999999999997
-0.68187,-0.5059400000000001,-0.19337000000000004
-0.7515700000000001,-0.52139,-0.21774000000000004
-0.75785,-0.6414099999999999,-0.21785
-0.70692,-0.5434699999999999,-0.26082000000000005
-0.6756500000000001,-0.16247999999999996,-0.15796
-0.54406,-0.16717000000000004,-0.13036999999999999
-0.45708000000000004,-0.30419000000000007,-0.11792999999999998
-0.65168,-0.16519000000000006,-0.13622
-0.57761,-0.16027999999999998,-0.12943000000000005
-0.53884,-0.31406,-0.1683699999999999
-0.4666600000000001,-0.24517,-0.15816000000000008
-0.5709200000000001,-0.4091600000000001,-0.27858000000000005
-0.58954,-0.3111400000000001,-0.16017000000000003
-0.78628,-0.27524000000000004,-0.31500000000000006
-0.56941,-0.32091000000000003,-0.5591900000000001
-0.53213,-0.30082999999999993,-0.43744000000000005
-0.48429,-0.3239000000000001,-0.33433
-0.48155000000000003,-0.3619,-0.41033000000000003
-0.57855,-0.5142100000000001,-0.26442
-0.6169800000000001,-0.38603,-0.3287
-0.61024,-0.36702999999999997,-0.33118000000000003
-0.58195,-0.38038000000000005,-0.33097
-0.56743,-0.37745000000000006,-0.33146999999999993
-0.59118,-0.38192000000000004,-0.34439
-0.35355000000000003,-0.028039999999999954,-0.27566
-0.3773099999999999,-0.011789999999999967,-0.30218
-0.37794000000000005,-0.01866000000000001,-0.25649999999999995
-0.33868,-0.013270000000000004,-0.24994000000000005
-0.33971000000000007,-0.01760000000000006,-0.27691
-0.44862,-0.2679,-0.15388000000000002
-0.47046000000000004,-0.29691,-0.17197000000000007
-0.49021000000000003,-0.23752000000000006,-0.15809000000000006
-0.48950000000000005,-0.38945,-0.14707000000000003
-0.50007,-0.030959999999999988,-0.15483999999999998
-0.44734999999999997,-0.46698000000000006,-0.5521499999999999
-0.5320400000000001,-0.44934999999999997,-0.49611
-0.52887,-0.45363,-0.5721499999999999
-0.43198999999999993,-0.5188900000000001,-0.48070999999999997
-0.49613,-0.48311000000000004,-0.52644
-0.60842,-0.07140999999999997,-0.38261999999999996
-0.68669,-0.06935000000000002,-0.3821800000000001
-0.63144,-0.04513999999999996,-0.35688999999999993
-0.68269,-0.06059999999999999,-0.46228
-0.6157299999999999,-0.06308999999999998,-0.42832
-0.85663,-0.05496999999999996,-0.75667
-0.80817,-0.10454999999999992,-0.66776
-0.81294,-0.06391000000000002,-0.68763
-0.76717,-0.11736999999999997,-0.66581
-0.7750600000000001,-0.10084000000000004,-0.66068
-0.61737,-0.01973999999999998,-0.08746999999999994
-0.52152,-0.03265000000000007,-0.2913199999999999
-0.5766800000000001,-0.16680000000000006,-0.13734999999999997
-0.62496,-0.44306,-0.16608
-0.50322,-0.03134999999999999,-0.26827
-0.15547999999999995,-0.11053999999999997,-0.11429999999999996
-0.21913000000000005,-0.39081,-0.11136000000000001
-0.15426000000000006,-0.19918999999999998,-0.11518000000000006
-0.16042,-0.21942000000000006,-0.1231000000000001
-0.15861000000000003,-0.15800000000000003,-0.12297000000000002
-0.7021700000000001,-0.08896000000000004,-0.56643
-0.7371000000000001,-0.07834000000000008,-0.71747
-0.73741,-0.12154999999999994,-0.6663300000000001
-0.68478,-0.07169999999999999,-0.66307
-0.73488,-0.06461000000000006,-0.5645
-0.18388000000000004,-0.26522,-0.14261000000000001
-0.36300999999999994,-0.26210999999999995,-0.15203999999999995
-0.10118000000000005,-0.2532500000000001,-0.13854
-0.15247999999999995,-0.43955,-0.13898
-0.15716000000000008,-0.473,-0.14882000000000006
-0.74726,-0.37593999999999994,-0.05681000000000003
-0.41045,-0.33784000000000003,-0.10399000000000003
-0.73455,-0.35270999999999997,-0.11687999999999998
-0.63418,-0.4463600000000001,-0.09706000000000004
-0.7367,-0.34038999999999997,-0.10149000000000008
-0.65242,-0.29302000000000006,-0.36739999999999995
-0.6254900000000001,-0.40312000000000003,-0.16526000000000007
-0.5692600000000001,-0.40271,-0.49675
-0.52152,-0.44972999999999996,-0.29805000000000004
-0.5536099999999999,-0.27848000000000006,-0.55165
-0.6483,-0.37097,-0.11834999999999996
-0.67564,-0.31775,-0.10772999999999999
-0.68665,-0.48648,-0.11821999999999999
-0.6428900000000001,-0.13134,-0.1136600000000001
-0.6673,-0.37429999999999997,-0.11924999999999997
-0.5699299999999999,-0.7241000000000001,-0.06936999999999993
-0.67269,-0.6999299999999999,-0.0715300000000001
-0.62458,-0.74234,-0.06810000000000005
-0.6277499999999999,-0.7194699999999999,-0.07774999999999999
-0.58511,-0.69281,-0.06929999999999992
-0.42947,-0.07772000000000001,-0.38953000000000004
-0.7141500000000001,-0.058659999999999934,-0.29847
-0.68087,-0.09555999999999998,-0.31410000000000005
-0.61897,-0.07730000000000004,-0.33510000000000006
-0.69905,-0.11094000000000004,-0.40466
-0.48649000000000003,-0.11751,-0.11028000000000004
-0.51254,-0.16420999999999997,-0.12178999999999995
-0.52365,-0.18669000000000002,-0.12218999999999991
-0.53375,-0.12163999999999997,-0.12268999999999997
-0.5277799999999999,-0.07490999999999992,-0.14986
-0.69742,-0.54103,-0.54473
-0.7021999999999999,-0.4661,-0.33441
-0.71855,-0.5755100000000001,-0.24075000000000002
-0.72902,-0.57417,-0.31006
-0.68665,-0.51423,-0.40259
-0.20115000000000005,-0.72239,-0.12158000000000002
-0.22709000000000001,-0.34391000000000005,-0.14057000000000008
-0.16093999999999997,-0.73654,-0.13446999999999998
-0.21836999999999995,-0.6893499999999999,-0.12593
-0.26854,-0.70225,-0.13339
-0.7060500000000001,-0.05864999999999998,-0.27335
-0.7608,-0.05613999999999997,-0.26763000000000003
-0.6429400000000001,-0.05450999999999995,-0.16112000000000004
-0.70252,-0.07835000000000003,-0.20004999999999995
-0.63508,-0.05713999999999997,-0.18475999999999992
-0.29840999999999995,-0.25483,-0.09621999999999997
-0.34677,-0.11051999999999995,-0.08809999999999996
-0.5415099999999999,-0.3388,-0.06442999999999999
-0.23636999999999997,-0.35558,-0.09560999999999997
-0.27582000000000007,-0.36127999999999993,-0.05953000000000008
-0.5361,-0.3396499999999999,-0.17115999999999998
-0.54209,-0.10426999999999997,-0.27927
-0.6440600000000001,-0.13052999999999992,-0.30459
-0.50647,-0.18845999999999996,-0.13892000000000004
-0.6498999999999999,-0.14234000000000002,-0.27886
-0.75754,-0.2077,-0.16203
-0.7472,-0.20080999999999993,-0.19246999999999992
-0.7560600000000001,-0.11965999999999999,-0.18456000000000006
-0.74953,-0.20016,-0.16993000000000003
-0.74603,-0.22499000000000002,-0.15089999999999992
-0.39288,-0.20910000000000006,-0.15422999999999998
-0.37660000000000005,-0.10533000000000003,-0.13306000000000007
-0.37751999999999997,-0.10533999999999999,-0.11956
-0.36257000000000006,-0.058780000000000054,-0.13943000000000005
-0.36767000000000005,-0.22509,-0.12545000000000006
-0.57176,-0.21486000000000005,-0.19662999999999997
-0.4151499999999999,-0.1657599999999999,-0.1387299999999999
-0.5489999999999999,-0.17444000000000004,-0.08857999999999999
-0.6069899999999999,-0.17096,-0.5638699999999999
-0.39807000000000003,-0.17184,-0.49054000000000003
-0.60351,-0.33472999999999997,-0.025009999999999977
-0.5721,-0.059920000000000084,-0.00607000000000002
-0.60882,-0.31991,-0.021950000000000025
-0.62293,-0.3190700000000001,-0.02611999999999992
-0.6183099999999999,-0.33176000000000005,-0.015059999999999962
-0.01432,-0.31073000000000006,-0.0014499999999999513
-0.006689999999999974,-0.27545,-0.02008999999999994
-0.032299999999999995,-0.08427999999999991,-0.012440000000000007
-0.030810000000000004,-0.28608999999999996,-0.04259000000000002
-0.02256999999999998,-0.28508999999999995,-0.05157999999999996
-0.37892000000000003,-0.48287,-0.09323000000000004
-0.3819199999999999,-0.61239,-0.09022999999999992
-0.38577999999999996,-0.11368,-0.08734999999999993
-0.39513000000000004,-0.47169999999999995,-0.06792000000000009
-0.38439999999999996,-0.47308999999999996,-0.04354999999999998
-0.6070599999999999,-0.07084000000000001,-0.2399199999999999
-0.60877,-0.15525,-0.25161
-0.5675699999999999,-0.05303000000000002,-0.24929999999999997
-0.63539,-0.13136000000000003,-0.25519000000000003
-0.62785,-0.09487000000000001,-0.2629699999999999
-0.63233,-0.1161899999999999,-0.21229999999999993
-0.6368400000000001,-0.08311999999999997,-0.17359000000000002
-0.62188,-0.08964000000000005,-0.20687999999999995
-0.62647,-0.10400999999999994,-0.21023000000000003
-0.59404,-0.07761000000000007,-0.17229000000000005
-0.46975,-0.53548,-0.07135000000000002
-0.43633,-0.5129699999999999,-0.053769999999999984
-0.37346,-0.40659000000000006,-0.05237000000000003
-0.36900999999999995,-0.45280000000000004,-0.05423
-0.37675000000000003,-0.49033000000000004,-0.050799999999999956
-0.65224,-0.2812,-0.37054
-0.685,-0.27512000000000003,-0.64851
-0.71528,-0.3232299999999999,-0.63338
-0.64049,-0.29152999999999996,-0.33891000000000004
-0.6257,-0.30933999999999995,-0.33431
-0.48182,-0.6214,-0.1710600000000001
-0.58649,-0.62601,-0.15521000000000007
-0.5580499999999999,-0.63511,-0.44432999999999995
-0.49984000000000006,-0.61152,-0.42650000000000005
-0.60002,-0.60826,-0.2086
-0.7041200000000001,-0.11244999999999994,-0.08889000000000002
-0.67719,-0.11428000000000005,-0.37927
-0.65032,-0.10045000000000004,-0.31813
-0.64181,-0.10945000000000005,-0.30763000000000007
-0.6406700000000001,-0.10005999999999993,-0.35755000000000003
-0.71416,-0.58909,-0.23238000000000003
-0.7145400000000001,-0.58654,-0.25904000000000005
-0.67468,-0.57725,-0.17769999999999997
-0.67421,-0.59324,-0.21061999999999992
-0.64392,-0.56784,-0.25803
-0.60494,-0.58537,-0.07816000000000001
-0.5995900000000001,-0.56858,-0.08075999999999994
-0.65812,-0.6089899999999999,-0.08549000000000007
-0.6775800000000001,-0.5791899999999999,-0.11631999999999998
-0.5864499999999999,-0.56101,-0.10531999999999997
-0.59874,-0.42313,-0.10572999999999999
-0.64799,-0.31962999999999997,-0.12242999999999993
-0.17269,-0.50144,-0.09182999999999997
-0.16605999999999999,-0.026670000000000083,-0.21002999999999994
-0.22246,-0.49768,-0.059269999999999934
-0.6444000000000001,-0.58493,-0.12150000000000005
-0.61835,-0.58148,-0.17517000000000005
-0.64343,-0.68729,-0.11478
-0.57994,-0.5373,-0.11636999999999997
-0.64345,-0.69518,-0.11621999999999999
-0.69913,-0.37342,-0.57431
-0.6754399999999999,-0.39029,-0.2594599999999999
-0.6611499999999999,-0.38392000000000004,-0.35326
-0.6636099999999999,-0.3866200000000001,-0.5445899999999999
-0.6671199999999999,-0.3658,-0.3369599999999999
-0.5605499999999999,-0.67241,-0.21711999999999998
-0.53512,-0.72507,-0.1824800000000001
-0.5782499999999999,-0.63556,-0.22584000000000004
-0.55422,-0.54901,-0.22484000000000004
-0.56964,-0.59445,-0.22753
-0.6676799999999999,-0.42474999999999996,-0.09354999999999991
-0.66232,-0.44462,-0.06795999999999991
-0.63104,-0.5069699999999999,-0.04789999999999994
-0.66639,-0.48638000000000003,-0.10113000000000005
-0.6338999999999999,-0.40480000000000005,-0.04705999999999999
-0.62098,-0.30413999999999997,-0.29023999999999994
-0.6280399999999999,-0.16379,-0.2623
-0.6218,-0.18411,-0.23596000000000006
-0.59882,-0.22960000000000003,-0.35653
-0.56912,-0.29452999999999996,-0.2664599999999999
-0.80717,-0.05191000000000001,-0.12595999999999996
-0.55846,-0.27698,-0.12667000000000006
-0.68263,-0.29045999999999994,-0.12529
-0.74359,-0.19242000000000004,-0.12766999999999995
-0.57514,-0.06010000000000004,-0.12246999999999997
-0.19572,-0.47665,-0.13629999999999998
-0.19919999999999993,-0.47021999999999997,-0.17792999999999992
-0.20848,-0.50331,-0.16539000000000004
-0.1896199999999999,-0.4557199999999999,-0.18018999999999996
-0.19543,-0.48518999999999995,-0.15614000000000006
-0.42529000000000006,-0.21063999999999994,-0.137
-0.43245,-0.18788000000000005,-0.10856999999999994
-0.43008,-0.19802999999999993,-0.10655999999999999
-0.4062199999999999,-0.17484,-0.13618999999999992
-0.42821,-0.12717,-0.12417999999999996
-0.71785,-0.07023999999999997,-0.64419
-0.76999,-0.20811999999999997,-0.6391100000000001
-0.77119,-0.08240000000000003,-0.60949
-0.76155,-0.052120000000000055,-0.6336999999999999
-0.75791,-0.04322999999999999,-0.62954
-0.75467,-0.33790999999999993,-0.3608199999999999
-0.7329399999999999,-0.38564,-0.40315999999999996
-0.66825,-0.35453999999999997,-0.3242900000000001
-0.67255,-0.35905999999999993,-0.2717799999999999
-0.68678,-0.38876999999999995,-0.34336999999999995
-0.42329000000000006,-0.45694999999999997,-0.012800000000000034
-0.42023000000000005,-0.35388,-0.014060000000000072
-0.43068,-0.34108000000000005,-0.018769999999999953
-0.44959999999999994,-0.37948999999999994,-0.05111999999999994
-0.5129299999999999,-0.36348,-0.05192999999999992
-0.68352,-0.37671,-0.0007500000000000284
-0.6551400000000001,-0.2719299999999999,0.005600000000000049
-0.76824,-0.34335000000000004,0.00277000000000005
-0.6579999999999999,-0.2364599999999999,-0.02478999999999998
-0.6646399999999999,-0.29015,-0.020549999999999957
-0.67994,-0.41245,-0.011729999999999907
-0.67212,-0.4257700000000001,-0.016129999999999978
-0.64201,-0.11870000000000003,-0.041669999999999985
-0.6629,-0.1461499999999999,-0.016660000000000008
-0.63503,-0.12147000000000008,-0.017900000000000027
-0.5140199999999999,-0.77855,-0.07707999999999993
-0.49557000000000007,-0.7088399999999999,-0.05468000000000006
-0.49261,-0.71253,-0.09139999999999993
-0.6627399999999999,-0.68249,-0.07889999999999997
-0.49499999999999994,-0.66891,-0.06530999999999998
-0.5461199999999999,-0.45774000000000004,-0.060289999999999955
-0.5022899999999999,-0.31228999999999996,-0.10819999999999996
-0.51031,-0.40876,-0.10884000000000005
-0.58062,-0.47258000000000006,-0.06984999999999997
-0.52026,-0.48135,-0.04310000000000003
-0.68657,-0.24988,-0.010610000000000008
-0.64713,-0.28654999999999997,-0.02578999999999998
-0.6718500000000001,-0.20035000000000003,-0.030240000000000045
-0.72303,-0.21431,-0.03800999999999999
-0.65649,-0.23037000000000007,-0.04659000000000002
-0.65447,-0.16325,-0.09552000000000005
-0.6597200000000001,-0.17593999999999999,-0.10504000000000002
-0.35383999999999993,-0.16011999999999993,-0.06897999999999993
-0.65509,-0.23177000000000003,-0.07513999999999998
-0.33455999999999997,-0.17745999999999995,-0.06692999999999993
-0.62616,-0.34873999999999994,-0.28834000000000004
-0.7218,-0.48331999999999997,-0.28706999999999994
-0.6654599999999999,-0.25651999999999997,-0.29196999999999995
-0.72378,-0.34541,-0.2932699999999999
-0.7061000000000001,-0.33444000000000007,-0.29537
-0.61765,-0.48518,-0.17419000000000007
-0.69447,-0.47257,-0.18538
-0.6946,-0.05393999999999999,-0.19928999999999997
-0.6452,-0.13995999999999997,-0.16745999999999994
-0.74507,-0.16913,-0.14756000000000002
-0.16634000000000004,-0.18335,-0.12853000000000003
-0.5382199999999999,-0.19855,-0.14144
-0.0807,-0.37849,-0.16366000000000003
-0.23135000000000006,-0.11989000000000005,-0.13149
-0.17223999999999995,-0.18076000000000003,-0.16496999999999995
-0.57522,-0.05413000000000001,-0.17171000000000003
-0.6198300000000001,-0.03691999999999995,-0.26167000000000007
-0.5925799999999999,-0.012380000000000058,-0.2030599999999999
-0.5702499999999999,-0.019899999999999918,-0.17579999999999996
-0.55329,-0.02181999999999995,-0.13354
-0.63591,-0.5631900000000001,-0.2976
-0.62275,-0.57302,-0.29791
-0.60242,-0.59624,-0.32022000000000006
-0.67922,-0.6163099999999999,-0.29783000000000004
-0.63255,-0.60431,-0.31892
-0.5703100000000001,-0.08343999999999996,-0.05313000000000001
-0.5720099999999999,-0.0900700000000001,-0.07653999999999994
-0.56514,-0.12849999999999995,-0.06588000000000005
-0.5923700000000001,-0.35791000000000006,-0.08494000000000002
-0.57454,-0.07895000000000008,-0.03826000000000007
-0.6022099999999999,-0.23326999999999998,-0.08941999999999994
-0.6239699999999999,-0.20501999999999998,-0.10290999999999995
-0.6151,-0.20804,-0.08753999999999995
-0.6811,-0.20879999999999999,-0.10857000000000006
-0.599,-0.23048000000000002,-0.10048000000000001
-0.5154700000000001,-0.10860000000000003,-0.19973000000000007
-0.48374,-0.21121,-0.19315000000000004
-0.48489999999999994,-0.12016000000000004,-0.26408999999999994
-0.47431,-0.11732999999999993,-0.20975
-0.48388000000000003,-0.16788999999999998,-0.20095000000000007
-0.6490500000000001,-0.11047999999999991,-0.024970000000000048
-0.55711,-0.15522000000000002,-0.029910000000000103
-0.62974,-0.13949,-0.028789999999999982
-0.5844400000000001,-0.15175000000000005,-0.02367000000000008
-0.61731,-0.06728999999999996,-0.024660000000000015
-0.44909,-0.13868000000000003,-0.19326999999999994
-0.22995999999999994,-0.22616999999999998,-0.16054999999999997
-0.45498000000000005,-0.19954000000000005,-0.45966000000000007
-0.4645,-0.21787999999999996,-0.17905000000000004
-0.45686,-0.13244,-0.48744
-0.6707400000000001,-0.38215000000000005,-0.11765000000000003
-0.6545099999999999,-0.33486000000000005,-0.08402999999999994
-0.64531,-0.44383000000000006,-0.11463000000000001
-0.64397,-0.33233,-0.11221000000000003
-0.65747,-0.25849,-0.11438999999999999
-0.37707,-0.09928000000000003,-0.10643000000000002
-0.44123999999999997,-0.11146999999999996,-0.08893000000000006
-0.36846,-0.07174999999999998,-0.11586999999999992
-0.42782,-0.10417999999999994,-0.07965999999999995
-0.39768000000000003,-0.11221999999999999,-0.18601999999999996
-0.65419,-0.6711,-0.69258
-0.70181,-0.68211,-0.5950799999999999
-0.63038,-0.64826,-0.66407
-0.72368,-0.6258900000000001,-0.70582
-0.6645099999999999,-0.66901,-0.6906399999999999
-0.52446,-0.32050999999999996,-0.08365
-0.47948999999999997,-0.32627000000000006,-0.06757000000000002
-0.52548,-0.3146399999999999,-0.09424999999999994
-0.63418,-0.31318,-0.06527000000000005
-0.64776,-0.33507,-0.06053999999999993
-0.61522,-0.32838,-0.5020800000000001
-0.5962799999999999,-0.3621500000000001,-0.38453
-0.66879,-0.28142999999999996,-0.48963999999999996
-0.65129,-0.35028000000000004,-0.48822000000000004
-0.65149,-0.56447,-0.55145
-0.5467,-0.02473000000000003,-0.20447000000000004
-0.58867,-0.04147999999999996,-0.19852000000000003
-0.55127,-0.045440000000000036,-0.17045
-0.71972,-0.04275999999999991,-0.19247999999999998
-0.6028500000000001,-0.047069999999999945,-0.17673000000000005
-0.36607,-0.37905,-0.025029999999999997
-0.48371,-0.41619000000000006,-0.010399999999999965
-0.3184,-0.36156,-0.012929999999999997
-0.3590500000000001,-0.52931,-0.012820000000000054
-0.37576,-0.4234800000000001,-0.01167000000000007
-0.58672,-0.62066,-0.18955
-0.5672,-0.63474,-0.17847000000000002
-0.59754,-0.61429,-0.16332000000000002
-0.66327,-0.60148,-0.27034
-0.61507,-0.58077,-0.15295000000000003
-0.77741,-0.40123,-0.09533000000000003
-0.81157,-0.42013999999999996,-0.12014000000000002
-0.7527200000000001,-0.42450999999999994,-0.09618000000000004
-0.74097,-0.39916000000000007,-0.09581000000000006
-0.75301,-0.42210000000000003,-0.10465000000000002
-0.63717,-0.25260000000000005,-0.09572999999999998
-0.6513800000000001,-0.42132000000000003,-0.10548000000000002
-0.621,-0.28368000000000004,-0.06264999999999998
-0.63938,-0.20448,-0.12858999999999998
-0.64029,-0.20908000000000004,-0.07923000000000002
-0.72244,-0.19870999999999994,-0.18844000000000005
-0.7853,-0.20087,-0.27118999999999993
-0.75103,-0.1940599999999999,-0.24797999999999998
-0.71555,-0.18326999999999993,-0.17413999999999996
-0.7505499999999999,-0.21803000000000006,-0.1631999999999999
-0.38541000000000003,-0.17576999999999998,-0.18171000000000004
-0.35685,-0.12934,-0.16511999999999993
-0.3580399999999999,-0.11021999999999998,-0.19077
-0.39681,-0.13612999999999997,-0.16247999999999996
-0.35806000000000004,-0.10722999999999994,-0.21189000000000002
-0.7467199999999999,-0.41718999999999995,-0.2352599999999999
-0.71146,-0.47756000000000004,-0.26197000000000004
-0.6785,-0.49873,-0.2882199999999999
-0.6850999999999999,-0.57004,-0.21831
-0.67683,-0.42971,-0.2185600000000001
-0.46385,-0.45597999999999994,-0.18948999999999994
-0.31870999999999994,-0.49101,-0.15244999999999997
-0.34946,-0.49968999999999997,-0.33148
-0.26664,-0.58094,-0.15744000000000002
-0.44776000000000005,-0.55008,-0.22268
-0.49632,-0.32119,-0.12827999999999995
-0.42943,-0.41575,-0.11090999999999995
-0.38477000000000006,-0.41925000000000007,-0.13351000000000002
-0.63827,-0.35184000000000004,-0.1279
-0.48097,-0.3447300000000001,-0.12202000000000002
-0.13732999999999995,-0.48788,-0.14191999999999994
-0.17886000000000002,-0.39171999999999996,-0.12518000000000007
-0.39605,-0.42949999999999994,-0.11402000000000001
-0.14923000000000008,-0.42128999999999994,-0.13788
-0.37886,-0.35323000000000004,-0.12939
-0.35570999999999997,-0.43479000000000007,-0.03525999999999996
-0.7533599999999999,-0.24302,-0.1020899999999999
-0.512,-0.32433999999999996,-0.05691999999999997
-0.40927,-0.19381000000000004,-0.06262000000000001
-0.4642,-0.16262999999999994,-0.06838
-0.06081000000000003,-0.2966399999999999,-0.020299999999999985
-0.006269999999999998,-0.20892999999999995,0.006290000000000018
-0.06147999999999998,-0.23684000000000005,-0.010399999999999965
-0.03261999999999998,-0.17348999999999992,-0.01366999999999996
-0.016839999999999966,-0.08703000000000005,0.006939999999999946
-0.47683,-0.67201,-0.07806999999999997
-0.51061,-0.6404,-0.08020000000000005
-0.44161000000000006,-0.63474,-0.11433000000000004
-0.41398999999999997,-0.69217,-0.07677999999999996
-0.4990200000000001,-0.6556,-0.10096000000000005
-0.25656,-0.30927000000000004,-0.10408000000000006
-0.26404000000000005,-0.34956,-0.13631000000000004
-0.2535099999999999,-0.33153,-0.13188
-0.27132999999999996,-0.54345,-0.14775000000000005
-0.33506,-0.33498000000000006,-0.13521000000000005
-0.41799,-0.26485000000000003,-0.07889000000000002
-0.37984,-0.26168,-0.038429999999999964
-0.42777999999999994,-0.24722,-0.005499999999999949
-0.42885999999999996,-0.29886999999999997,-0.03483999999999998
-0.27265000000000006,-0.28035999999999994,-0.09672000000000003
-0.29044000000000003,0.035189999999999944,-0.02322000000000002
-0.29081,-0.033050000000000024,-0.024129999999999985
-0.29808999999999997,0.014169999999999905,-0.0036000000000000476
-0.33841999999999994,-0.36121000000000003,-0.02857999999999994
-0.08277000000000001,0.09011999999999998,0.003029999999999977
-0.5292,-0.44500999999999996,-0.23204999999999998
-0.5066299999999999,-0.42156000000000005,-0.38531999999999994
-0.52423,-0.48797999999999997,-0.42103
-0.5583199999999999,-0.53937,-0.42877999999999994
-0.51356,-0.34143,-0.44905999999999996
-0.48723999999999995,-0.37514000000000003,-0.09024999999999994
-0.5456700000000001,-0.11519999999999997,-0.09116999999999997
-0.46064,-0.15600000000000003,-0.09199000000000002
-0.36893999999999993,-0.10133000000000003,-0.06059999999999999
-0.50314,-0.15669999999999995,-0.05274000000000001
-0.5246599999999999,-0.10713000000000006,-0.08528000000000002
-0.52108,-0.0945999999999999,-0.07746999999999993
-0.53624,-0.08766000000000007,-0.09026999999999996
-0.52362,-0.09936,-0.08430000000000004
-0.74928,-0.09231999999999996,-0.12080999999999997
-0.6373300000000001,-0.59423,-0.3131600000000001
-0.6188100000000001,-0.66898,-0.29439000000000004
-0.62527,-0.56592,-0.30182
-0.6158600000000001,-0.63192,-0.29308999999999996
-0.57474,-0.56221,-0.2989900000000001
-0.54872,-0.16548000000000007,-0.41988000000000003
-0.54858,-0.17011999999999994,-0.48363
-0.54596,-0.19553999999999994,-0.5327299999999999
-0.54384,-0.4039799999999999,-0.49298
-0.55816,-0.13178999999999996,-0.55991
-0.58406,-0.1753,-0.23448999999999998
-0.5680000000000001,-0.21725000000000005,-0.2541800000000001
-0.72384,-0.21998000000000006,-0.38450000000000006
-0.6074,-0.21989000000000003,-0.27549
-0.58831,-0.10807999999999995,-0.21160999999999996
-0.64825,-0.64025,-0.17731999999999992
-0.6390899999999999,-0.6138899999999999,-0.16457999999999995
-0.6511800000000001,-0.58577,-0.17792000000000008
-0.6243299999999999,-0.62582,-0.14483000000000001
-0.6086400000000001,-0.65867,-0.14788
-0.5029299999999999,-0.52151,-0.10259999999999991
-0.38783,-0.5482199999999999,-0.09131999999999996
-0.47717,-0.51054,-0.09767999999999999
-0.39419000000000004,-0.5291399999999999,-0.023480000000000056
-0.39064999999999994,-0.5361199999999999,-0.015859999999999985
-0.48207,-0.35380999999999996,-0.09018000000000004
-0.48918,-0.45275999999999994,-0.09982000000000002
-0.47714999999999996,-0.43960999999999995,-0.09728999999999999
-0.5206,-0.63064,-0.06782999999999995
-0.47227,-0.40182999999999996,-0.09776000000000007
-0.29147,-0.21506000000000003,-0.11702000000000001
-0.26732999999999996,-0.23012999999999995,-0.11963999999999997
-0.18380000000000007,-0.4407,-0.11604999999999999
-0.3776299999999999,-0.22988999999999993,-0.11495999999999995
-0.27130999999999994,-0.20537000000000005,-0.12517999999999996
-0.5132300000000001,-0.039020000000000055,-0.01880000000000004
-0.6742600000000001,-0.25485,-0.03388000000000002
-0.5103300000000001,0.0023199999999999887,-0.0403
-0.60961,-0.0040399999999999325,-0.03642000000000001
-0.5027699999999999,-0.01578999999999997,-0.037410000000000054
-0.13544999999999996,-0.41466000000000003,-0.13591999999999993
-0.15339000000000003,-0.38805,-0.11836000000000002
-0.14756999999999998,-0.40801,-0.11551
-0.17679999999999996,-0.4837,-0.11176999999999992
-0.15322000000000002,-0.3929600000000001,-0.11748999999999998
-0.62632,-0.25426000000000004,-0.33782999999999996
-0.60574,-0.22537000000000007,-0.24379000000000006
-0.63588,-0.28476999999999997,-0.40651
-0.6177,-0.20028,-0.35168
-0.6037300000000001,-0.23185,-0.37193
-0.62302,-0.14195999999999998,-0.09774000000000005
-0.55643,-0.08916999999999997,-0.06262000000000001
-0.6537200000000001,-0.34630000000000005,-0.10682999999999998
-0.57769,-0.09575,-0.10460999999999998
-0.6234999999999999,-0.08806999999999998,-0.1121399999999999
-0.61066,-0.64159,-0.6166400000000001
-0.41458000000000006,-0.63907,-0.5925900000000001
-0.36748000000000003,-0.6317699999999999,-0.5979300000000001
-0.56492,-0.6306700000000001,-0.38847
-0.56599,-0.6536700000000001,-0.6013599999999999
-0.41566000000000003,-0.54227,-0.07676000000000005
-0.39117999999999997,-0.56226,-0.0605
-0.48901,-0.56026,-0.09174000000000004
-0.46946,-0.56574,-0.08004999999999995
-0.37601999999999997,-0.58784,-0.07067999999999997
-0.5931900000000001,-0.52029,-0.3438000000000001
-0.70502,-0.55726,-0.38103
-0.70141,-0.5981400000000001,-0.15280000000000005
-0.78034,-0.53203,-0.33643999999999996
-0.734,-0.60319,-0.17867999999999995
-0.52655,-0.05423,-0.15047
-0.56664,-0.04871000000000003,-0.27713
-0.45871,-0.04849999999999999,-0.13902000000000003
-0.56275,-0.07730999999999999,-0.26810999999999996
-0.46801,-0.04399999999999993,-0.22226999999999997
-0.54425,-0.14392000000000005,-0.13663000000000003
-0.55586,-0.12163999999999997,-0.18359999999999999
-0.56365,-0.15819000000000005,-0.18120000000000003
-0.6359600000000001,-0.18564999999999998,-0.17990000000000006
-0.55383,-0.16247999999999996,-0.19029000000000007
-0.7207300000000001,-0.36261,-0.23119999999999996
-0.59171,-0.39655000000000007,-0.2283599999999999
-0.5196500000000001,-0.33171000000000006,-0.11965000000000003
-0.5883099999999999,-0.35335000000000005,-0.15406999999999993
-0.59887,-0.34843999999999997,-0.16600000000000004
-0.64561,-0.29576,-0.40859000000000006
-0.66045,-0.18294,-0.44027000000000005
-0.65849,-0.34563,-0.24156999999999995
-0.6222300000000001,-0.34219,-0.38230000000000003
-0.5357000000000001,-0.45819,-0.3859
-0.65404,-0.5887100000000001,-0.22834
-0.60334,-0.57214,-0.21663
-0.71688,-0.60332,-0.19796999999999998
-0.63721,-0.6069899999999999,-0.26059
-0.6285700000000001,-0.5583500000000001,-0.22424
-0.61636,-0.11912,-0.21875999999999995
-0.62506,-0.15169999999999995,-0.17954000000000003
-0.55461,-0.15133000000000008,-0.17637999999999998
-0.51676,-0.17462,-0.19089
-0.51827,-0.41068000000000005,-0.18056000000000005
-0.67769,-0.71049,-0.14144
-0.67826,-0.34918000000000005,-0.15274999999999994
-0.73093,-0.35724,-0.15481999999999996
-0.6947300000000001,-0.5244500000000001,-0.1431
-0.66827,-0.44447000000000003,-0.14278999999999997
-0.59918,-0.6524800000000001,-0.07199999999999995
-0.5557300000000001,-0.6731400000000001,-0.07788000000000006
-0.5803699999999999,-0.70223,-0.09167999999999998
-0.37059,-0.64059,-0.07079999999999997
-0.57359,-0.51729,-0.06508000000000003
-0.58878,-0.17174,-0.12110999999999994
-0.59132,-0.17913,-0.21361999999999992
-0.5701499999999999,-0.19140000000000001,-0.14493999999999996
-0.54479,-0.19066000000000005,-0.11942999999999993
-0.58288,-0.20287999999999995,-0.10582000000000003
-0.3706400000000001,-0.00875999999999999,-0.02182000000000006
-0.3972399999999999,-0.05303000000000002,-0.026529999999999943
-0.48980999999999997,-0.004630000000000023,-0.13476999999999995
-0.39083,-0.007499999999999951,-0.040179999999999993
-0.36851,-0.012460000000000027,-0.02093999999999996
-0.19925000000000004,-0.5495099999999999,-0.06288000000000005
-0.26952,-0.54852,-0.05396000000000001
-0.28686999999999996,-0.56498,-0.06920000000000004
-0.37151,-0.55048,-0.049429999999999974
-0.34151999999999993,-0.55389,-0.06542999999999999
-0.48458000000000007,-0.10699999999999998,-0.14822000000000002
-0.40342999999999996,-0.03960000000000008,-0.09658999999999995
-0.22938999999999998,0.02041000000000004,-0.14361000000000002
-0.40996000000000005,-0.32206,-0.14973000000000003
-0.30643,-0.34009,-0.06723999999999997
-0.63401,-0.14142,-0.02400000000000002
-0.6585000000000001,-0.16005999999999998,-0.027150000000000007
-0.60915,-0.14973999999999998,-0.04403999999999997
-0.59817,-0.15981999999999996,-0.02859999999999996
-0.59343,-0.07493000000000005,-0.024800000000000044
-0.74781,-0.15787000000000007,-0.25708
-0.73158,-0.47406999999999994,-0.37878999999999996
-0.7513,-0.45554000000000006,-0.3785099999999999
-0.74544,-0.52823,-0.7596099999999999
-0.75871,-0.68038,-0.4043
-0.44902,-0.38078,-0.22414999999999996
-0.5371900000000001,-0.32323,-0.19082
-0.5571300000000001,-0.24136000000000002,-0.22160000000000002
-0.5607199999999999,-0.36518000000000006,-0.18413000000000002
-0.45994,-0.34348,-0.22636999999999996
-0.57158,-0.34051,-0.09383000000000008
-0.61208,-0.46885000000000004,-0.11817
-0.58832,-0.30189,-0.14159
-0.61364,-0.41306,-0.10433999999999999
-0.60819,-0.32557,-0.11478
-0.61076,-0.08872000000000002,-0.10224
-0.5721700000000001,-0.10207,-0.14317000000000002
-0.6447499999999999,-0.03201999999999994,-0.11909999999999998
-0.54367,-0.06818999999999997,-0.10956999999999995
-0.53011,-0.09040999999999999,-0.06343999999999994
-0.32553,-0.06772,-0.52501
-0.13424999999999998,-0.07203000000000004,-0.12636000000000003
-0.12379999999999991,-0.08199000000000001,-0.11918999999999991
-0.31299999999999994,-0.06518000000000002,-0.11448000000000003
-0.10035000000000005,-0.07001000000000002,-0.11624000000000001
-0.09262000000000004,-0.48998,-0.041060000000000096
-0.05129000000000006,-0.5254,-0.05076000000000003
-0.047839999999999994,-0.5256000000000001,-0.06509999999999994
-0.22329,-0.51424,-0.08365999999999996
-0.10016000000000003,-0.44823999999999997,-0.05390000000000006
-0.47559,0.02100000000000002,-0.49581000000000003
-0.44491,0.018789999999999973,-0.18484999999999996
-0.46882,0.006149999999999989,-0.1533
-0.5409999999999999,0.006680000000000019,-0.3674599999999999
-0.54999,0.006900000000000017,-0.38095
-0.52142,-0.03900999999999999,-0.15979999999999994
-0.44698000000000004,-0.11279000000000006,-0.14005
-0.39956,-0.08143,-0.14329000000000003
-0.40446000000000004,-0.034069999999999934,-0.14361999999999997
-0.41766000000000003,-0.03344999999999998,-0.15756000000000003
-0.51322,-0.61487,0.02019000000000004
-0.5141100000000001,-0.61056,-0.03747
-0.53252,-0.62659,-0.06662999999999997
-0.50607,-0.6199000000000001,0.030909999999999993
-0.5350699999999999,-0.65876,0.035009999999999986
-0.22946999999999995,-0.03784999999999994,-0.1248499999999999
-0.55766,-0.031299999999999994,-0.09368999999999994
-0.5465599999999999,-0.03067999999999993,-0.13774999999999993
-0.25122,-0.04361999999999999,-0.1196100000000001
-0.29281,-0.03541000000000005,-0.12151999999999996
-0.5327200000000001,-0.16485000000000005,-0.026900000000000035
-0.55922,-0.08741999999999994,-0.09636
-0.57856,-0.13726000000000005,-0.04233999999999993
-0.48157,-0.19804,-0.024229999999999974
-0.59242,-0.11224,-0.10519
-0.53166,-0.27842,-0.14931000000000005
-0.53095,-0.25686,-0.16337999999999997
-0.5386900000000001,-0.24296000000000006,-0.1458100000000001
-0.5749500000000001,-0.35509999999999997,-0.16131000000000006
-0.45217000000000007,-0.25344999999999995,-0.15393
-0.57403,-0.03222999999999998,-0.22476000000000007
-0.46357000000000004,-0.02289999999999992,-0.22218000000000004
-0.5964499999999999,0.008050000000000002,-0.58837
-0.49165000000000003,-0.001040000000000041,-0.20069000000000004
-0.42033,-0.014580000000000037,-0.19743
-0.6707700000000001,-0.047579999999999956,-0.41609000000000007
-0.27466,0.0048599999999999755,-0.19104999999999994
-0.4240499999999999,-0.04337000000000002,-0.21695999999999993
-0.4101499999999999,0.0009399999999999409,-0.14037999999999995
-0.43235999999999997,0.08290999999999993,-0.22609999999999997
-0.62182,-0.41328,-0.13415
-0.59259,-0.30909999999999993,-0.13419999999999999
-0.5913200000000001,-0.33552000000000004,-0.06838
-0.57553,-0.46487,-0.09618000000000004
-0.5975699999999999,-0.3588,-0.10536000000000001
-0.5643400000000001,-0.52122,-0.6246
-0.5696800000000001,-0.51071,-0.55362
-0.6251599999999999,-0.56872,-0.59317
-0.60614,-0.6354299999999999,-0.61784
-0.61163,-0.5381199999999999,-0.62671
-0.6647399999999999,-0.43587999999999993,-0.22177999999999998
-0.651,-0.40239,-0.2007
-0.65789,-0.5032000000000001,-0.20609
-0.68607,-0.37265000000000004,-0.23533000000000004
-0.6357200000000001,-0.37153,-0.20113000000000003
-0.48867000000000005,-0.24480000000000002,-0.26513
-0.5013799999999999,-0.19479000000000002,-0.2207699999999999
-0.50192,-0.18689,-0.27156
-0.49366999999999994,-0.31194,-0.2709299999999999
-0.51546,-0.19318000000000002,-0.26461
-0.5207600000000001,-0.49215,-0.07321
-0.53861,-0.47501,-0.07950000000000002
-0.53405,-0.56806,-0.07528000000000001
-0.5132099999999999,-0.50467,-0.0605
-0.5329900000000001,-0.5444,-0.08411000000000002
-0.38798,-0.5848,-0.016759999999999997
-0.38963000000000003,-0.57082,-0.031090000000000062
-0.40583,-0.54965,-0.025530000000000053
-0.39427,-0.5993900000000001,-0.019440000000000013
-0.38260000000000005,-0.56004,-0.006350000000000078
-0.53576,-0.34937000000000007,-0.3214
-0.60137,-0.35036999999999996,-0.40801
-0.62371,-0.05732000000000004,-0.3415
-0.65317,-0.28335999999999995,-0.42635
-0.65515,-0.3565999999999999,-0.3057500000000001
-0.45632000000000006,0.05930000000000002,-0.0765300000000001
-0.46435000000000004,-0.030120000000000036,-0.06235999999999997
-0.49322,0.0474,-0.06694999999999995
-0.38977000000000006,-0.10838999999999999,-0.09215000000000007
-0.21621,-0.14693,-0.07323999999999997
-0.70779,-0.08881000000000006,-0.16948000000000008
-0.7121599999999999,-0.09537000000000007,-0.02474999999999994
-0.7163200000000001,-0.058680000000000065,-0.029240000000000044
-0.7133,-0.08533000000000002,-0.027270000000000016
-0.6955500000000001,-0.06744000000000006,-0.024560000000000026
-0.36374000000000006,-0.10667000000000004,-0.062450000000000006
-0.42316,-0.08687,-0.18713999999999997
-0.3949600000000001,-0.13402999999999998,-0.18998000000000004
-0.39814000000000005,-0.13198999999999994,-0.12519999999999998
-0.39053000000000004,-0.11157000000000006,-0.15968000000000004
-0.6334599999999999,-0.41339000000000004,-0.50953
-0.6586099999999999,-0.45504,-0.44871999999999995
-0.66961,-0.42328,-0.67598
-0.68139,-0.43344000000000005,-0.47832
-0.66198,-0.64886,-0.30225
-0.3817799999999999,-0.5240100000000001,-0.20926
-0.26988999999999996,-0.46832000000000007,-0.27271
-0.51348,-0.55631,-0.2090700000000001
-0.29590000000000005,-0.47351000000000004,-0.28414000000000006
-0.29193,-0.48504,-0.37355000000000005
-0.71805,-0.65168,-0.30165
-0.69172,-0.6570499999999999,-0.38295
-0.73855,-0.63845,-0.24882000000000004
-0.69439,-0.68296,-0.31128999999999996
-0.6836,-0.56027,-0.30402000000000007
-0.58034,-0.58719,-0.24209999999999998
-0.57375,-0.6352099999999999,-0.25625999999999993
-0.48983,-0.3875200000000001,-0.30596
-0.46494,-0.3616999999999999,-0.30394
-0.5533299999999999,-0.48088000000000003,-0.33687999999999996
-0.48,-0.08899999999999997,-0.08648
-0.51667,-0.10025000000000006,-0.049719999999999986
-0.47381,-0.12917,-0.09694999999999998
-0.5211,-0.11065999999999998,-0.06229000000000007
-0.52878,-0.08733000000000002,-0.04572999999999994
-0.6030199999999999,-0.6579900000000001,-0.52082
-0.5979300000000001,-0.57709,-0.48252000000000006
-0.68807,-0.59121,-0.45580999999999994
-0.6438200000000001,-0.61903,-0.52793
-0.6131599999999999,-0.61364,-0.49254999999999993
-0.50336,-0.60592,-0.25481999999999994
-0.49126000000000003,-0.58883,-0.23255000000000003
-0.6060800000000001,-0.50353,-0.29403
-0.5858399999999999,-0.51879,-0.32601
-0.61705,-0.52214,-0.14951000000000003
-0.6613800000000001,-0.11119000000000001,-0.11892999999999998
-0.69943,-0.13856000000000002,-0.06028
-0.69799,-0.19822000000000006,-0.14249999999999996
-0.70598,-0.14139000000000002,-0.06488000000000005
-0.69695,-0.3267199999999999,-0.08526999999999996
-0.63346,-0.17206,-0.22144000000000008
-0.65245,-0.14200999999999997,-0.26480000000000004
-0.7226,-0.1425599999999999,-0.23603000000000007
-0.6234500000000001,-0.17286,-0.20723999999999998
-0.57403,-0.14957999999999994,-0.25766999999999995
-0.6587799999999999,-0.55555,-0.2083299999999999
-0.74488,-0.5169,-0.19833
-0.6127400000000001,-0.48954000000000003,-0.19285000000000008
-0.68448,-0.5272600000000001,-0.25444999999999995
-0.66873,-0.53959,-0.22026
-0.6188899999999999,-0.41408999999999996,-0.54343
-0.62852,-0.40756000000000003,-0.5865900000000001
-0.5827,-0.5485800000000001,-0.51411
-0.60683,-0.4382100000000001,-0.56495
-0.62178,-0.39752,-0.55539
-0.42665,-0.44689,-0.21867000000000003
-0.35378999999999994,-0.47001,-0.02693000000000001
-0.47231,-0.4501200000000001,-0.14094000000000007
-0.37520999999999993,-0.44758,-0.05601999999999996
-0.57146,-0.46060999999999996,-0.2947599999999999
-0.62527,-0.1362,-0.24096000000000006
-0.6087199999999999,-0.20193000000000005,-0.2454099999999999
-0.35912999999999995,-0.22046999999999994,-0.24507999999999996
-0.54907,-0.13987000000000005,-0.25007
-0.53752,-0.22773,-0.27061999999999997
-0.67389,-0.45999999999999996,-0.06616
-0.71894,-0.40225,-0.11112
-0.6676500000000001,-0.49132000000000003,-0.10288000000000008
-0.68079,-0.38671,-0.058519999999999905
-0.6654800000000001,-0.40085000000000004,-0.09987000000000001
-0.5820700000000001,-0.5297499999999999,-0.05688000000000004
-0.56224,-0.19355999999999995,-0.12185999999999997
-0.56606,-0.46326999999999996,-0.13434999999999997
-0.58212,-0.23404000000000003,-0.05875000000000008
-0.60147,-0.13662000000000007,-0.15125999999999995
-0.32877999999999996,-0.38064,-0.046780000000000044
-0.31665999999999994,-0.59602,-0.17615999999999998
-0.32008000000000003,-0.5378799999999999,-0.043320000000000025
-0.28845,-0.47179000000000004,-0.18652999999999997
-0.31362999999999996,-0.48547000000000007,-0.2722199999999999
-0.70153,-0.04974999999999996,-0.040139999999999953
-0.73043,-0.04521999999999993,-0.0603800000000001
-0.56296,-0.013600000000000056,-0.043239999999999945
-0.71068,-0.024570000000000092,-0.06442999999999999
-0.70279,-0.04994999999999994,-0.049819999999999975
-0.4186399999999999,-0.24855000000000005,-0.045319999999999916
-0.59504,-0.11625999999999992,-0.027129999999999987
-0.5779799999999999,-0.16742999999999997,-0.025209999999999955
-0.5877700000000001,-0.29547,-0.37826000000000004
-0.5814699999999999,-0.24077000000000004,-0.37702
-0.47346,-0.02948000000000006,-0.25539
-0.62059,-0.054359999999999964,-0.17987000000000009
-0.46955,-0.013050000000000006,-0.15588999999999997
-0.47226999999999997,-0.016059999999999963,-0.13748000000000005
-0.4508,-0.03181999999999996,-0.17508999999999997
-0.66303,-0.06766000000000005,-0.15708
-0.67996,-0.07282,-0.23195999999999994
-0.61192,-0.09168999999999994,-0.19483000000000006
-0.6295299999999999,-0.0862400000000001,-0.21258
-0.6411100000000001,-0.09067999999999998,-0.18666000000000005
-0.65385,-0.13236000000000003,-0.14268999999999998
-0.6712,-0.15461999999999998,-0.16184999999999994
-0.6586,-0.17089,-0.15888000000000002
-0.65014,-0.15703,-0.15534000000000003
-0.67599,-0.1308100000000001,-0.21158
-0.2814899999999999,-0.57071,-0.13127
-0.22736999999999996,-0.33092999999999995,-0.031850000000000045
-0.6343000000000001,-0.5908100000000001,-0.11404000000000003
-0.18352999999999997,-0.5969599999999999,-0.02919000000000005
-0.45150999999999997,-0.34714,-0.027370000000000005
-0.6903900000000001,-0.34818000000000005,-0.22085999999999995
-0.73396,-0.3721,-0.26373
-0.7156899999999999,-0.25795999999999997,-0.28395000000000004
-0.69979,-0.3315,-0.26880000000000004
-0.6512100000000001,-0.3287300000000001,-0.24819999999999998
-0.5962700000000001,-0.14415999999999995,-0.24216000000000004
-0.6408499999999999,-0.09153999999999995,-0.23686999999999991
-0.6841299999999999,-0.14407999999999999,-0.23970999999999998
-0.66418,-0.12612,-0.23676000000000008
-0.63883,-0.13122,-0.24158000000000002
-0.72194,-0.69245,-0.05526000000000009
-0.74884,-0.7202,-0.06771000000000005
-0.71441,-0.67653,-0.05825999999999998
-0.71712,-0.5961399999999999,-0.06030000000000002
-0.68743,-0.63048,-0.07150000000000001
-0.5380400000000001,-0.01578999999999997,-0.18211
-0.44157,-0.011050000000000004,-0.16976000000000002
-0.39407000000000003,-0.01976,-0.15444999999999998
-0.50629,-0.036009999999999986,-0.17083000000000004
-0.40654,-0.018529999999999935,-0.16997000000000007
-0.7013199999999999,-0.05135999999999996,-0.04571000000000003
-0.7012700000000001,-0.057620000000000005,-0.019770000000000065
-0.75141,-0.04859999999999998,-0.03938000000000008
-0.7548600000000001,-0.06037999999999999,-0.02590999999999999
-0.7519899999999999,-0.058800000000000074,-0.036089999999999955
-0.77035,-0.027240000000000042,-0.12181999999999993
-0.5668,-0.024660000000000015,-0.08390999999999993
-0.5829300000000001,-0.21430000000000005,-0.09244000000000008
-0.56406,-0.014900000000000024,-0.08667000000000002
-0.5489900000000001,-0.07869000000000004,-0.09289000000000003
-0.55366,-0.45196,-0.05029000000000006
-0.6563,-0.4034,-0.09597
-0.6046400000000001,-0.40663000000000005,-0.14351999999999998
-0.6464700000000001,-0.41544000000000003,-0.057700000000000085
-0.53581,-0.41159,-0.06257999999999997
-0.6417,-0.28629000000000004,-0.2654700000000001
-0.65466,-0.21253,-0.26985000000000003
-0.66696,-0.2683,-0.23502
-0.7194499999999999,-0.28163000000000005,-0.23475999999999997
-0.6597500000000001,-0.31113999999999997,-0.23580999999999996
-0.44267,-0.34211,-0.18600000000000005
-0.17023,-0.32079,-0.18147000000000002
-0.08162000000000003,-0.33538,-0.15756000000000003
-0.10158999999999996,-0.34916,-0.15588000000000002
-0.10572999999999999,-0.30179,-0.15652
-0.7135800000000001,-0.36992,-0.10333000000000003
-0.59571,-0.34995,-0.08909999999999996
-0.73213,-0.30643,-0.07181000000000004
-0.73108,-0.43279,-0.11375999999999997
-0.7311099999999999,-0.39648,-0.07536999999999994
-0.57222,-0.021199999999999997,-0.02790999999999999
-0.58584,-0.02976000000000001,-0.026630000000000043
-0.6670099999999999,-0.024329999999999963,-0.02460999999999991
-0.61877,-0.06355,-0.024209999999999954
-0.61941,-0.022460000000000035,-0.029100000000000015
-0.5496300000000001,-0.20711999999999997,-0.11809999999999998
-0.52047,-0.21549000000000007,-0.15911999999999993
-0.48566000000000004,-0.24402000000000001,-0.12296000000000007
-0.50587,-0.21619,-0.1632
-0.58622,-0.48624,-0.5675000000000001
-0.24160000000000004,-0.43391,0.06064999999999998
-0.32430000000000003,-0.42128000000000004,0.029710000000000014
-0.27218999999999993,-0.45368,0.028780000000000028
-0.28018,-0.42075999999999997,-0.3511
-0.30813,-0.44675000000000004,-0.05726999999999993
-0.53969,-0.64343,-0.53615
-0.5220400000000001,-0.66904,-0.54156
-0.51511,-0.68403,-0.54247
-0.52667,-0.6392100000000001,-0.3216800000000001
-0.5831599999999999,-0.63507,-0.41829999999999995
-0.03566999999999998,-0.32894,-0.05837000000000003
-0.026660000000000017,-0.23114,-0.03371000000000002
-0.08497999999999994,-0.24344,-0.02957999999999994
-0.027599999999999958,-0.29051000000000005,-0.022639999999999993
-0.12890999999999997,-0.29511,-0.04644000000000004
-0.47347999999999996,-0.59717,-0.09051999999999993
-0.35514,-0.46142999999999995,-0.07420000000000004
-0.46784999999999993,-0.48053999999999997,-0.08162999999999998
-0.47545,-0.49648,-0.08275999999999994
-0.34069,-0.42661,-0.06481999999999999
-0.60025,-0.32791000000000003,-0.5632900000000001
-0.57372,-0.36637999999999993,-0.51316
-0.58823,-0.37211999999999995,-0.6226799999999999
-0.63326,-0.35111,-0.62296
-0.6176699999999999,-0.36111000000000004,-0.5888899999999999
-0.79006,-0.8004100000000001,-0.04749000000000003
-0.79508,-0.68689,-0.060919999999999974
-0.7703099999999999,-0.76908,-0.030629999999999935
-0.72547,-0.74902,-0.02010999999999996
-0.7566999999999999,-0.6046100000000001,-0.04106999999999994
-0.6080300000000001,-0.04512000000000005,-0.031770000000000076
-0.44401999999999997,-0.34936999999999996,-0.010020000000000029
-0.23664000000000007,-0.30195000000000005,-0.009700000000000042
-0.48078999999999994,-0.18657999999999997,-0.011229999999999962
-0.28857,-0.34287999999999996,-0.02954000000000001
-0.69137,-0.6338699999999999,-0.18723999999999996
-0.7908200000000001,-0.5562199999999999,-0.3069900000000001
-0.68248,-0.6465099999999999,-0.18952999999999998
-0.69999,-0.6332199999999999,-0.21223999999999998
-0.70489,-0.62493,-0.22134999999999994
-0.58972,-0.15688000000000002,-0.18496999999999997
-0.62659,-0.10962000000000005,-0.14068999999999998
-0.5742400000000001,-0.1760299999999999,-0.31762
-0.583,-0.12519999999999998,-0.15314000000000005
-0.52248,-0.13515999999999995,-0.3176
-0.5968800000000001,-0.17339000000000004,-0.5680499999999999
-0.65369,-0.08136999999999994,-0.5942700000000001
-0.6594099999999999,-0.08120000000000005,-0.5359499999999999
-0.60614,-0.37115,-0.62242
-0.59388,-0.0874600000000001,-0.66157
-0.72856,-0.16505000000000003,-0.18290000000000006
-0.7312000000000001,-0.15634000000000003,-0.17122000000000004
-0.7374,-0.1501300000000001,-0.18189
-0.70573,-0.16908,-0.22926000000000002
-0.6897300000000001,-0.16049000000000002,-0.21196000000000004
-0.70684,-0.41486,-0.14101000000000008
-0.65362,-0.47596999999999995,-0.19719999999999993
-0.63761,-0.43706999999999996,-0.20462000000000002
-0.67767,-0.44370999999999994,-0.13971
-0.7014199999999999,-0.41318,-0.16015000000000001
-0.37231000000000003,-0.50608,-0.44326
-0.33616999999999997,-0.49078,-0.39881
-0.12207000000000001,-0.16782999999999992,-0.28625
-0.12114999999999998,-0.22334999999999994,-0.048839999999999995
-0.14135999999999993,-0.04131000000000007,-0.33738999999999997
-0.63262,-0.44499000000000005,-0.3348
-0.63948,-0.45764999999999995,-0.19418000000000002
-0.6333,-0.6462000000000001,-0.13695000000000002
-0.65174,-0.58743,-0.33829
-0.67621,-0.36407999999999996,-0.3335
-0.6049199999999999,-0.39173,-0.10336000000000001
-0.65724,-0.33164000000000005,-0.10161000000000009
-0.60855,-0.36318000000000006,-0.09287000000000001
-0.6266700000000001,-0.51935,-0.10319
-0.57174,-0.46173,-0.08427000000000007
-0.45960999999999996,-0.40837,-0.18480999999999992
-0.44120000000000004,-0.12091000000000007,-0.16147
-0.40862999999999994,-0.07748,-0.31638
-0.49122000000000005,-0.51664,-0.27749
-0.48486,-0.49722000000000005,-0.18345
-0.5875400000000001,-0.26665000000000005,-0.22951
-0.59213,-0.64254,-0.24043000000000003
-0.6088899999999999,-0.2782800000000001,-0.21646999999999994
-0.6039000000000001,-0.24246999999999996,-0.24907
-0.60329,-0.22202,-0.22340000000000004
-0.60511,-0.27034,-0.11809999999999998
-0.57891,-0.14756000000000002,-0.06169999999999998
-0.5971500000000001,-0.14390999999999998,-0.044279999999999986
-0.59215,-0.25863,-0.11471999999999993
-0.59542,-0.13654,-0.11897999999999997
-0.6843,-0.24124,-0.01537999999999995
-0.61591,-0.34224999999999994,-0.018390000000000017
-0.67959,-0.22129,-0.01835000000000009
-0.6606399999999999,-0.31511,-0.014009999999999967
-0.53206,-0.25517999999999996,-0.012499999999999956
-0.36349,-0.43304,-0.06628999999999996
-0.43678999999999996,-0.48908,-0.07965
-0.42568,-0.39636,-0.04435
-0.41838,-0.3631,-0.02845999999999993
-0.44214,-0.40784,-0.049799999999999955
-0.5580700000000001,-0.04569999999999996,-0.22648000000000001
-0.6044,-0.014379999999999948,-0.22355999999999998
-0.7226199999999999,-0.11778999999999995,-0.2985399999999999
-0.7162299999999999,-0.015270000000000006,-0.30845
-0.6929099999999999,-0.015199999999999991,-0.28730999999999995
-0.72166,-0.41459,-0.14447
-0.73416,-0.55783,-0.10103000000000006
-0.7457900000000001,-0.42674,-0.07113999999999998
-0.71893,-0.48341999999999996,-0.058230000000000004
-0.75415,-0.4409,-0.09668999999999994
-0.73963,-0.68255,-0.5567
-0.70116,-0.67208,-0.54486
-0.72858,-0.71199,-0.6257699999999999
-0.7313000000000001,-0.6685800000000001,-0.54042
-0.76149,-0.6692499999999999,-0.60483
-0.51097,-0.42389,-0.25521000000000005
-0.63344,-0.41518999999999995,-0.25264999999999993
-0.68199,-0.37968999999999997,-0.15851000000000004
-0.6512500000000001,-0.42527000000000004,-0.15149
-0.57343,-0.4402400000000001,-0.21641
-0.7518,-0.0017800000000000038,-0.09992000000000001
-0.71809,-0.00270999999999999,-0.05615999999999999
-0.7576700000000001,-0.0020300000000000873,-0.05454000000000003
-0.75107,0.0013900000000000023,-0.13460000000000005
-0.74394,-0.00019999999999997797,-0.13127
-0.60775,-0.49023999999999995,-0.20813000000000004
-0.5846499999999999,-0.5272600000000001,-0.1967199999999999
-0.59738,-0.42781,-0.17024000000000006
-0.60788,-0.57079,-0.17601
-0.42651000000000006,-0.49926999999999994,-0.12175999999999998
-0.78039,-0.04159999999999997,-0.11065000000000003
-0.75094,-0.06880999999999993,-0.10576000000000008
-0.7723300000000001,-0.024390000000000023,-0.13640000000000008
-0.73906,-0.041179999999999994,-0.10342000000000007
-0.70172,-0.036009999999999986,-0.14686
-0.07600999999999991,-0.49439999999999995,-0.12968999999999997
-0.4000800000000001,-0.50999,-0.0777500000000001
-0.25171,-0.41215999999999997,-0.0855499999999999
-0.12469999999999992,-0.28997000000000006,-0.13571
-0.5105999999999999,-0.41220999999999997,-0.12160000000000004
-0.74079,-0.6425799999999999,-0.08696000000000004
-0.74698,-0.61161,-0.09287999999999996
-0.74349,-0.6380699999999999,-0.15859
-0.70346,-0.6251500000000001,-0.15531000000000006
-0.74921,-0.7196899999999999,-0.09448000000000001
-0.7122200000000001,-0.35871000000000003,-0.17986000000000002
-0.74683,-0.06916999999999995,-0.19322000000000006
-0.75687,-0.10342000000000007,-0.15800999999999998
-0.63906,-0.25417,-0.19789
-0.74744,-0.11711000000000005,-0.17466000000000004
-0.58692,-0.38300999999999996,-0.18361000000000005
-0.54969,-0.34613000000000005,-0.19113000000000002
-0.58411,-0.39107000000000003,-0.19023
-0.7212400000000001,-0.34892999999999996,-0.19036000000000008
-0.62349,-0.40585000000000004,-0.18028
-0.34421,-0.44353999999999993,-0.19240000000000002
-0.49338,-0.46673,-0.28015
-0.3948999999999999,-0.38451,-0.18465999999999994
-0.56549,-0.50122,-0.26060000000000005
-0.68892,-0.35625999999999997,-0.27817000000000003
-0.7297800000000001,-0.11019000000000001,-0.16397000000000006
-0.7501399999999999,-0.11202000000000001,-0.14371999999999996
-0.78688,-0.11192999999999997,-0.09255000000000002
-0.77612,-0.09431999999999996,-0.15721000000000007
-0.67045,-0.08938000000000001,-0.09025000000000005
