,aa,fold,score,name
0,14,Chemokine,0.74786,anc0_14_I_unrelaxed_rank_001_alphafold2_model_1_seed_002.pdb
1,14,Chemokine,0.64174,anc0_14_I_unrelaxed_rank_002_alphafold2_model_4_seed_002.pdb
2,14,Chemokine,0.64001,anc0_14_I_unrelaxed_rank_003_alphafold2_model_4_seed_001.pdb
3,14,Chemokine,0.64036,anc0_14_I_unrelaxed_rank_004_alphafold2_model_4_seed_003.pdb
4,14,Chemokine,0.64472,anc0_14_I_unrelaxed_rank_005_alphafold2_model_4_seed_004.pdb
5,14,Chemokine,0.64464,anc0_14_I_unrelaxed_rank_006_alphafold2_model_4_seed_000.pdb
6,14,Chemokine,0.63823,anc0_14_I_unrelaxed_rank_007_alphafold2_model_5_seed_002.pdb
7,14,Chemokine,0.64144,anc0_14_I_unrelaxed_rank_008_alphafold2_model_5_seed_001.pdb
8,14,Chemokine,0.65847,anc0_14_I_unrelaxed_rank_009_alphafold2_model_5_seed_003.pdb
9,14,Dimer,0.58219,anc0_14_I_unrelaxed_rank_010_alphafold2_model_3_seed_002.pdb
10,14,Dimer,0.57568,anc0_14_I_unrelaxed_rank_011_alphafold2_model_3_seed_004.pdb
11,14,Chemokine,0.51762,anc0_14_I_unrelaxed_rank_012_alphafold2_model_1_seed_000.pdb
12,14,Chemokine,0.51888,anc0_14_I_unrelaxed_rank_013_alphafold2_model_1_seed_003.pdb
13,14,Chemokine,0.72039,anc0_14_L_unrelaxed_rank_001_alphafold2_model_1_seed_001.pdb
14,14,Chemokine,0.71771,anc0_14_L_unrelaxed_rank_002_alphafold2_model_1_seed_002.pdb
15,14,Chemokine,0.63883,anc0_14_L_unrelaxed_rank_003_alphafold2_model_4_seed_003.pdb
16,14,Chemokine,0.63721,anc0_14_L_unrelaxed_rank_004_alphafold2_model_4_seed_004.pdb
17,14,Chemokine,0.63781,anc0_14_L_unrelaxed_rank_005_alphafold2_model_4_seed_002.pdb
18,14,Chemokine,0.6376,anc0_14_L_unrelaxed_rank_006_alphafold2_model_4_seed_000.pdb
19,14,Chemokine,0.63558,anc0_14_L_unrelaxed_rank_007_alphafold2_model_4_seed_001.pdb
20,14,Chemokine,0.63918,anc0_14_L_unrelaxed_rank_008_alphafold2_model_5_seed_002.pdb
21,14,Chemokine,0.63952,anc0_14_L_unrelaxed_rank_009_alphafold2_model_5_seed_001.pdb
22,14,Dimer,0.58573,anc0_14_L_unrelaxed_rank_010_alphafold2_model_3_seed_004.pdb
23,14,Dimer,0.58793,anc0_14_L_unrelaxed_rank_011_alphafold2_model_3_seed_002.pdb
24,14,Chemokine,0.52069,anc0_14_L_unrelaxed_rank_012_alphafold2_model_1_seed_000.pdb
25,14,Chemokine,0.52298,anc0_14_L_unrelaxed_rank_013_alphafold2_model_1_seed_003.pdb
26,14,Chemokine,0.7464,anc0_14_V_unrelaxed_rank_001_alphafold2_model_1_seed_002.pdb
27,14,Chemokine,0.71819,anc0_14_V_unrelaxed_rank_002_alphafold2_model_1_seed_001.pdb
28,14,Chemokine,0.64211,anc0_14_V_unrelaxed_rank_003_alphafold2_model_4_seed_002.pdb
29,14,Chemokine,0.64119,anc0_14_V_unrelaxed_rank_004_alphafold2_model_4_seed_003.pdb
30,14,Chemokine,0.65926,anc0_14_V_unrelaxed_rank_005_alphafold2_model_5_seed_002.pdb
31,14,Chemokine,0.64211,anc0_14_V_unrelaxed_rank_006_alphafold2_model_4_seed_004.pdb
32,14,Chemokine,0.6377,anc0_14_V_unrelaxed_rank_007_alphafold2_model_4_seed_001.pdb
33,14,Chemokine,0.64619,anc0_14_V_unrelaxed_rank_008_alphafold2_model_4_seed_000.pdb
34,14,Chemokine,0.65303,anc0_14_V_unrelaxed_rank_009_alphafold2_model_5_seed_001.pdb
35,14,Dimer,0.58125,anc0_14_V_unrelaxed_rank_010_alphafold2_model_3_seed_002.pdb
36,14,Dimer,0.57373,anc0_14_V_unrelaxed_rank_011_alphafold2_model_3_seed_001.pdb
37,36,Chemokine,0.71249,anc0_36_A_unrelaxed_rank_001_alphafold2_model_3_seed_002.pdb
38,36,Chemokine,0.72086,anc0_36_A_unrelaxed_rank_002_alphafold2_model_3_seed_004.pdb
39,36,Chemokine,0.73559,anc0_36_A_unrelaxed_rank_003_alphafold2_model_1_seed_002.pdb
40,36,Chemokine,0.73343,anc0_36_A_unrelaxed_rank_004_alphafold2_model_1_seed_004.pdb
41,36,Chemokine,0.71855,anc0_36_A_unrelaxed_rank_005_alphafold2_model_1_seed_001.pdb
42,36,Chemokine,0.64467,anc0_36_A_unrelaxed_rank_006_alphafold2_model_4_seed_003.pdb
43,36,Chemokine,0.6431,anc0_36_A_unrelaxed_rank_007_alphafold2_model_4_seed_004.pdb
44,36,Chemokine,0.64262,anc0_36_A_unrelaxed_rank_008_alphafold2_model_4_seed_000.pdb
45,36,Chemokine,0.64311,anc0_36_A_unrelaxed_rank_009_alphafold2_model_4_seed_002.pdb
46,36,Chemokine,0.64203,anc0_36_A_unrelaxed_rank_010_alphafold2_model_4_seed_001.pdb
47,36,Chemokine,0.65383,anc0_36_A_unrelaxed_rank_011_alphafold2_model_5_seed_002.pdb
48,36,Chemokine,0.65304,anc0_36_A_unrelaxed_rank_012_alphafold2_model_5_seed_001.pdb
49,36,Chemokine,0.66032,anc0_36_A_unrelaxed_rank_013_alphafold2_model_5_seed_003.pdb
50,36,Chemokine,0.6707,anc0_36_A_unrelaxed_rank_014_alphafold2_model_5_seed_004.pdb
51,36,Chemokine,0.53731,anc0_36_A_unrelaxed_rank_018_alphafold2_model_1_seed_000.pdb
52,36,Chemokine,0.75904,anc0_36_G_unrelaxed_rank_001_alphafold2_model_3_seed_004.pdb
53,36,Chemokine,0.76045,anc0_36_G_unrelaxed_rank_002_alphafold2_model_3_seed_001.pdb
54,36,Chemokine,0.7746,anc0_36_G_unrelaxed_rank_003_alphafold2_model_2_seed_002.pdb
55,36,Chemokine,0.76464,anc0_36_G_unrelaxed_rank_004_alphafold2_model_3_seed_003.pdb
56,36,Chemokine,0.76746,anc0_36_G_unrelaxed_rank_005_alphafold2_model_3_seed_002.pdb
57,36,Chemokine,0.76223,anc0_36_G_unrelaxed_rank_006_alphafold2_model_1_seed_002.pdb
58,36,Chemokine,0.76313,anc0_36_G_unrelaxed_rank_007_alphafold2_model_2_seed_003.pdb
59,36,Chemokine,0.69573,anc0_36_G_unrelaxed_rank_008_alphafold2_model_3_seed_000.pdb
60,36,Chemokine,0.74923,anc0_36_G_unrelaxed_rank_009_alphafold2_model_1_seed_004.pdb
61,36,Chemokine,0.74931,anc0_36_G_unrelaxed_rank_010_alphafold2_model_4_seed_001.pdb
62,36,Chemokine,0.75015,anc0_36_G_unrelaxed_rank_011_alphafold2_model_4_seed_004.pdb
63,36,Chemokine,0.74897,anc0_36_G_unrelaxed_rank_012_alphafold2_model_4_seed_000.pdb
64,36,Chemokine,0.74896,anc0_36_G_unrelaxed_rank_013_alphafold2_model_4_seed_002.pdb
65,36,Chemokine,0.74993,anc0_36_G_unrelaxed_rank_014_alphafold2_model_4_seed_003.pdb
66,36,Chemokine,0.74838,anc0_36_G_unrelaxed_rank_015_alphafold2_model_1_seed_001.pdb
67,36,Chemokine,0.75277,anc0_36_G_unrelaxed_rank_016_alphafold2_model_5_seed_002.pdb
68,36,Chemokine,0.72099,anc0_36_G_unrelaxed_rank_017_alphafold2_model_1_seed_003.pdb
69,36,Chemokine,0.72065,anc0_36_G_unrelaxed_rank_018_alphafold2_model_1_seed_000.pdb
70,36,Chemokine,0.6529,anc0_36_G_unrelaxed_rank_019_alphafold2_model_5_seed_003.pdb
71,36,Chemokine,0.64933,anc0_36_G_unrelaxed_rank_020_alphafold2_model_5_seed_000.pdb
72,36,Chemokine,0.64944,anc0_36_G_unrelaxed_rank_021_alphafold2_model_5_seed_004.pdb
73,36,Chemokine,0.65061,anc0_36_G_unrelaxed_rank_022_alphafold2_model_5_seed_001.pdb
74,36,Dimer,0.56146,anc0_36_I_unrelaxed_rank_005_alphafold2_model_3_seed_000.pdb
75,36,Dimer,0.54337,anc0_36_I_unrelaxed_rank_006_alphafold2_model_5_seed_003.pdb
76,36,Dimer,0.55741,anc0_36_I_unrelaxed_rank_007_alphafold2_model_5_seed_004.pdb
77,36,Dimer,0.55849,anc0_36_I_unrelaxed_rank_008_alphafold2_model_5_seed_001.pdb
78,36,Dimer,0.55486,anc0_36_I_unrelaxed_rank_009_alphafold2_model_5_seed_002.pdb
79,38,Chemokine,0.71249,anc0_38_I_unrelaxed_rank_001_alphafold2_model_3_seed_002.pdb
80,38,Chemokine,0.72086,anc0_38_I_unrelaxed_rank_002_alphafold2_model_3_seed_004.pdb
81,38,Chemokine,0.73559,anc0_38_I_unrelaxed_rank_003_alphafold2_model_1_seed_002.pdb
82,38,Chemokine,0.73343,anc0_38_I_unrelaxed_rank_004_alphafold2_model_1_seed_004.pdb
83,38,Chemokine,0.71855,anc0_38_I_unrelaxed_rank_005_alphafold2_model_1_seed_001.pdb
84,38,Chemokine,0.64467,anc0_38_I_unrelaxed_rank_006_alphafold2_model_4_seed_003.pdb
85,38,Chemokine,0.6431,anc0_38_I_unrelaxed_rank_007_alphafold2_model_4_seed_004.pdb
86,38,Chemokine,0.64262,anc0_38_I_unrelaxed_rank_008_alphafold2_model_4_seed_000.pdb
87,38,Chemokine,0.64311,anc0_38_I_unrelaxed_rank_009_alphafold2_model_4_seed_002.pdb
88,38,Chemokine,0.64203,anc0_38_I_unrelaxed_rank_010_alphafold2_model_4_seed_001.pdb
89,38,Chemokine,0.65383,anc0_38_I_unrelaxed_rank_011_alphafold2_model_5_seed_002.pdb
90,38,Chemokine,0.65304,anc0_38_I_unrelaxed_rank_012_alphafold2_model_5_seed_001.pdb
91,38,Chemokine,0.66032,anc0_38_I_unrelaxed_rank_013_alphafold2_model_5_seed_003.pdb
92,38,Chemokine,0.6707,anc0_38_I_unrelaxed_rank_014_alphafold2_model_5_seed_004.pdb
93,38,Chemokine,0.53731,anc0_38_I_unrelaxed_rank_018_alphafold2_model_1_seed_000.pdb
94,38,Chemokine,0.75071,anc0_38_L_unrelaxed_rank_001_alphafold2_model_1_seed_002.pdb
95,38,Chemokine,0.73892,anc0_38_L_unrelaxed_rank_002_alphafold2_model_4_seed_004.pdb
96,38,Chemokine,0.74554,anc0_38_L_unrelaxed_rank_003_alphafold2_model_4_seed_003.pdb
97,38,Chemokine,0.73699,anc0_38_L_unrelaxed_rank_004_alphafold2_model_4_seed_000.pdb
98,38,Dimer,0.53674,anc0_38_L_unrelaxed_rank_005_alphafold2_model_3_seed_000.pdb
99,38,Chemokine,0.64909,anc0_38_L_unrelaxed_rank_006_alphafold2_model_1_seed_003.pdb
100,38,Chemokine,0.66566,anc0_38_L_unrelaxed_rank_007_alphafold2_model_5_seed_000.pdb
101,38,Dimer,0.51474,anc0_38_L_unrelaxed_rank_008_alphafold2_model_3_seed_003.pdb
102,38,Chemokine,0.73618,anc0_38_V_unrelaxed_rank_001_alphafold2_model_1_seed_002.pdb
103,38,Chemokine,0.72164,anc0_38_V_unrelaxed_rank_002_alphafold2_model_1_seed_004.pdb
104,38,Chemokine,0.65385,anc0_38_V_unrelaxed_rank_003_alphafold2_model_4_seed_003.pdb
105,38,Chemokine,0.65042,anc0_38_V_unrelaxed_rank_004_alphafold2_model_4_seed_002.pdb
106,38,Chemokine,0.65223,anc0_38_V_unrelaxed_rank_005_alphafold2_model_4_seed_004.pdb
107,38,Chemokine,0.65241,anc0_38_V_unrelaxed_rank_006_alphafold2_model_4_seed_000.pdb
108,38,Chemokine,0.64784,anc0_38_V_unrelaxed_rank_007_alphafold2_model_4_seed_001.pdb
109,38,Chemokine,0.65246,anc0_38_V_unrelaxed_rank_008_alphafold2_model_5_seed_002.pdb
110,38,Chemokine,0.65565,anc0_38_V_unrelaxed_rank_009_alphafold2_model_5_seed_004.pdb
111,38,Chemokine,0.66104,anc0_38_V_unrelaxed_rank_010_alphafold2_model_5_seed_003.pdb
112,38,Chemokine,0.65874,anc0_38_V_unrelaxed_rank_011_alphafold2_model_5_seed_000.pdb
113,38,Chemokine,0.65548,anc0_38_V_unrelaxed_rank_012_alphafold2_model_5_seed_001.pdb
114,38,Chemokine,0.67425,anc0_38_V_unrelaxed_rank_013_alphafold2_model_3_seed_001.pdb
115,38,Chemokine,0.57977,anc0_38_V_unrelaxed_rank_015_alphafold2_model_1_seed_000.pdb
116,38,Chemokine,0.55711,anc0_38_V_unrelaxed_rank_018_alphafold2_model_1_seed_003.pdb
117,40,Dimer,0.52927,anc0_40_G_unrelaxed_rank_001_alphafold2_model_3_seed_004.pdb
118,40,Dimer,0.54711,anc0_40_G_unrelaxed_rank_002_alphafold2_model_3_seed_001.pdb
119,40,Dimer,0.5228,anc0_40_G_unrelaxed_rank_003_alphafold2_model_2_seed_001.pdb
120,40,Dimer,0.53826,anc0_40_G_unrelaxed_rank_004_alphafold2_model_3_seed_003.pdb
121,40,Dimer,0.53282,anc0_40_G_unrelaxed_rank_005_alphafold2_model_1_seed_000.pdb
122,40,Dimer,0.53263,anc0_40_G_unrelaxed_rank_006_alphafold2_model_1_seed_002.pdb
123,40,Dimer,0.53792,anc0_40_G_unrelaxed_rank_007_alphafold2_model_1_seed_004.pdb
124,40,Dimer,0.53081,anc0_40_G_unrelaxed_rank_008_alphafold2_model_1_seed_001.pdb
125,40,Dimer,0.5264,anc0_40_G_unrelaxed_rank_009_alphafold2_model_1_seed_003.pdb
126,40,Dimer,0.51992,anc0_40_G_unrelaxed_rank_010_alphafold2_model_2_seed_000.pdb
127,40,Dimer,0.50403,anc0_40_G_unrelaxed_rank_011_alphafold2_model_3_seed_002.pdb
128,40,Dimer,0.56708,anc0_40_I_unrelaxed_rank_001_alphafold2_model_2_seed_003.pdb
129,40,Dimer,0.56215,anc0_40_I_unrelaxed_rank_002_alphafold2_model_2_seed_000.pdb
130,40,Dimer,0.56201,anc0_40_I_unrelaxed_rank_003_alphafold2_model_2_seed_002.pdb
131,40,Dimer,0.57655,anc0_40_I_unrelaxed_rank_004_alphafold2_model_1_seed_002.pdb
132,40,Dimer,0.56844,anc0_40_I_unrelaxed_rank_005_alphafold2_model_2_seed_001.pdb
133,40,Dimer,0.55671,anc0_40_I_unrelaxed_rank_006_alphafold2_model_2_seed_004.pdb
134,40,Dimer,0.5765,anc0_40_I_unrelaxed_rank_007_alphafold2_model_1_seed_004.pdb
135,40,Dimer,0.5739,anc0_40_I_unrelaxed_rank_008_alphafold2_model_1_seed_003.pdb
136,40,Dimer,0.56279,anc0_40_V_unrelaxed_rank_001_alphafold2_model_2_seed_001.pdb
137,40,Dimer,0.59079,anc0_40_V_unrelaxed_rank_002_alphafold2_model_1_seed_002.pdb
138,47,Chemokine,0.71249,anc0_47_I_unrelaxed_rank_001_alphafold2_model_3_seed_002.pdb
139,47,Chemokine,0.72086,anc0_47_I_unrelaxed_rank_002_alphafold2_model_3_seed_004.pdb
140,47,Chemokine,0.73559,anc0_47_I_unrelaxed_rank_003_alphafold2_model_1_seed_002.pdb
141,47,Chemokine,0.73343,anc0_47_I_unrelaxed_rank_004_alphafold2_model_1_seed_004.pdb
142,47,Chemokine,0.71855,anc0_47_I_unrelaxed_rank_005_alphafold2_model_1_seed_001.pdb
143,47,Chemokine,0.64467,anc0_47_I_unrelaxed_rank_006_alphafold2_model_4_seed_003.pdb
144,47,Chemokine,0.6431,anc0_47_I_unrelaxed_rank_007_alphafold2_model_4_seed_004.pdb
145,47,Chemokine,0.64262,anc0_47_I_unrelaxed_rank_008_alphafold2_model_4_seed_000.pdb
146,47,Chemokine,0.64311,anc0_47_I_unrelaxed_rank_009_alphafold2_model_4_seed_002.pdb
147,47,Chemokine,0.64203,anc0_47_I_unrelaxed_rank_010_alphafold2_model_4_seed_001.pdb
148,47,Chemokine,0.65383,anc0_47_I_unrelaxed_rank_011_alphafold2_model_5_seed_002.pdb
149,47,Chemokine,0.65304,anc0_47_I_unrelaxed_rank_012_alphafold2_model_5_seed_001.pdb
150,47,Chemokine,0.66032,anc0_47_I_unrelaxed_rank_013_alphafold2_model_5_seed_003.pdb
151,47,Chemokine,0.6707,anc0_47_I_unrelaxed_rank_014_alphafold2_model_5_seed_004.pdb
152,47,Chemokine,0.53731,anc0_47_I_unrelaxed_rank_018_alphafold2_model_1_seed_000.pdb
153,47,Chemokine,0.71189,anc0_47_L_unrelaxed_rank_001_alphafold2_model_3_seed_002.pdb
154,47,Chemokine,0.75895,anc0_47_L_unrelaxed_rank_002_alphafold2_model_2_seed_002.pdb
155,47,Chemokine,0.71247,anc0_47_L_unrelaxed_rank_003_alphafold2_model_3_seed_004.pdb
156,47,Chemokine,0.75474,anc0_47_L_unrelaxed_rank_004_alphafold2_model_2_seed_000.pdb
157,47,Chemokine,0.75268,anc0_47_L_unrelaxed_rank_005_alphafold2_model_2_seed_004.pdb
158,47,Chemokine,0.74917,anc0_47_L_unrelaxed_rank_006_alphafold2_model_1_seed_002.pdb
159,47,Chemokine,0.70956,anc0_47_L_unrelaxed_rank_007_alphafold2_model_3_seed_001.pdb
160,47,Chemokine,0.74214,anc0_47_L_unrelaxed_rank_008_alphafold2_model_2_seed_003.pdb
161,47,Chemokine,0.74696,anc0_47_L_unrelaxed_rank_009_alphafold2_model_2_seed_001.pdb
162,47,Chemokine,0.72409,anc0_47_L_unrelaxed_rank_010_alphafold2_model_1_seed_004.pdb
163,47,Chemokine,0.72035,anc0_47_L_unrelaxed_rank_011_alphafold2_model_1_seed_001.pdb
164,47,Chemokine,0.70861,anc0_47_L_unrelaxed_rank_012_alphafold2_model_4_seed_000.pdb
165,47,Chemokine,0.71062,anc0_47_L_unrelaxed_rank_013_alphafold2_model_4_seed_004.pdb
166,47,Chemokine,0.64759,anc0_47_L_unrelaxed_rank_014_alphafold2_model_4_seed_003.pdb
167,47,Chemokine,0.64586,anc0_47_L_unrelaxed_rank_015_alphafold2_model_4_seed_002.pdb
168,47,Chemokine,0.6422,anc0_47_L_unrelaxed_rank_016_alphafold2_model_4_seed_001.pdb
169,47,Chemokine,0.66012,anc0_47_L_unrelaxed_rank_017_alphafold2_model_5_seed_002.pdb
170,47,Chemokine,0.66353,anc0_47_L_unrelaxed_rank_018_alphafold2_model_5_seed_003.pdb
171,47,Chemokine,0.66007,anc0_47_L_unrelaxed_rank_019_alphafold2_model_5_seed_004.pdb
172,47,Chemokine,0.65906,anc0_47_L_unrelaxed_rank_020_alphafold2_model_5_seed_001.pdb
173,47,Chemokine,0.66384,anc0_47_L_unrelaxed_rank_021_alphafold2_model_5_seed_000.pdb
174,47,Chemokine,0.5821,anc0_47_L_unrelaxed_rank_022_alphafold2_model_1_seed_000.pdb
175,47,Chemokine,0.57194,anc0_47_L_unrelaxed_rank_023_alphafold2_model_1_seed_003.pdb
176,47,Chemokine,0.75754,anc0_47_M_unrelaxed_rank_001_alphafold2_model_1_seed_002.pdb
177,47,Chemokine,0.7591,anc0_47_M_unrelaxed_rank_002_alphafold2_model_2_seed_002.pdb
178,47,Chemokine,0.72983,anc0_47_M_unrelaxed_rank_003_alphafold2_model_3_seed_002.pdb
179,47,Chemokine,0.74804,anc0_47_M_unrelaxed_rank_004_alphafold2_model_4_seed_004.pdb
180,47,Chemokine,0.74851,anc0_47_M_unrelaxed_rank_005_alphafold2_model_4_seed_000.pdb
181,47,Chemokine,0.7316,anc0_47_M_unrelaxed_rank_006_alphafold2_model_3_seed_001.pdb
182,47,Chemokine,0.74271,anc0_47_M_unrelaxed_rank_007_alphafold2_model_2_seed_001.pdb
183,47,Chemokine,0.74691,anc0_47_M_unrelaxed_rank_008_alphafold2_model_2_seed_003.pdb
184,47,Chemokine,0.6706,anc0_47_M_unrelaxed_rank_009_alphafold2_model_4_seed_003.pdb
185,47,Chemokine,0.65261,anc0_47_M_unrelaxed_rank_010_alphafold2_model_3_seed_000.pdb
186,47,Chemokine,0.66091,anc0_47_M_unrelaxed_rank_011_alphafold2_model_3_seed_003.pdb
187,47,Chemokine,0.66263,anc0_47_M_unrelaxed_rank_012_alphafold2_model_3_seed_004.pdb
188,47,Chemokine,0.64413,anc0_47_M_unrelaxed_rank_013_alphafold2_model_1_seed_000.pdb
189,47,Chemokine,0.64415,anc0_47_M_unrelaxed_rank_014_alphafold2_model_1_seed_003.pdb
190,47,Chemokine,0.72529,anc0_47_M_unrelaxed_rank_015_alphafold2_model_2_seed_004.pdb
191,47,Chemokine,0.6389,anc0_47_M_unrelaxed_rank_016_alphafold2_model_4_seed_002.pdb
192,47,Chemokine,0.65287,anc0_47_M_unrelaxed_rank_017_alphafold2_model_1_seed_004.pdb
193,47,Chemokine,0.63421,anc0_47_M_unrelaxed_rank_018_alphafold2_model_4_seed_001.pdb
194,47,Chemokine,0.65212,anc0_47_M_unrelaxed_rank_019_alphafold2_model_1_seed_001.pdb
195,47,Chemokine,0.7029,anc0_47_M_unrelaxed_rank_020_alphafold2_model_2_seed_000.pdb
196,47,Chemokine,0.65295,anc0_47_M_unrelaxed_rank_021_alphafold2_model_5_seed_002.pdb
197,47,Chemokine,0.65111,anc0_47_M_unrelaxed_rank_022_alphafold2_model_5_seed_004.pdb
198,47,Chemokine,0.65113,anc0_47_M_unrelaxed_rank_023_alphafold2_model_5_seed_001.pdb
199,47,Chemokine,0.65869,anc0_47_M_unrelaxed_rank_024_alphafold2_model_5_seed_003.pdb
200,47,Chemokine,0.65447,anc0_47_M_unrelaxed_rank_025_alphafold2_model_5_seed_000.pdb
201,I,Chemokine,0.73707,anc0_I_unrelaxed_rank_001_alphafold2_model_1_seed_002.pdb
202,I,Chemokine,0.64825,anc0_I_unrelaxed_rank_002_alphafold2_model_4_seed_004.pdb
203,I,Chemokine,0.64919,anc0_I_unrelaxed_rank_003_alphafold2_model_4_seed_003.pdb
204,I,Chemokine,0.64805,anc0_I_unrelaxed_rank_004_alphafold2_model_4_seed_002.pdb
205,I,Chemokine,0.64698,anc0_I_unrelaxed_rank_005_alphafold2_model_4_seed_000.pdb
206,I,Chemokine,0.64679,anc0_I_unrelaxed_rank_006_alphafold2_model_4_seed_001.pdb
207,I,Chemokine,0.65979,anc0_I_unrelaxed_rank_007_alphafold2_model_5_seed_001.pdb
208,I,Chemokine,0.66027,anc0_I_unrelaxed_rank_008_alphafold2_model_5_seed_000.pdb
209,I,Chemokine,0.67009,anc0_I_unrelaxed_rank_009_alphafold2_model_5_seed_002.pdb
210,I,Dimer,0.57147,anc0_I_unrelaxed_rank_010_alphafold2_model_3_seed_004.pdb
211,I,Dimer,0.57388,anc0_I_unrelaxed_rank_011_alphafold2_model_3_seed_002.pdb
212,I,Chemokine,0.53026,anc0_I_unrelaxed_rank_012_alphafold2_model_1_seed_003.pdb
213,L,Chemokine,0.70525,anc0_L_unrelaxed_rank_001_alphafold2_model_3_seed_004.pdb
214,L,Chemokine,0.71821,anc0_L_unrelaxed_rank_002_alphafold2_model_3_seed_002.pdb
215,L,Chemokine,0.72873,anc0_L_unrelaxed_rank_003_alphafold2_model_1_seed_004.pdb
216,L,Chemokine,0.71966,anc0_L_unrelaxed_rank_004_alphafold2_model_1_seed_002.pdb
217,L,Chemokine,0.72233,anc0_L_unrelaxed_rank_005_alphafold2_model_1_seed_001.pdb
218,L,Chemokine,0.64877,anc0_L_unrelaxed_rank_006_alphafold2_model_4_seed_003.pdb
219,L,Chemokine,0.64886,anc0_L_unrelaxed_rank_007_alphafold2_model_4_seed_004.pdb
220,L,Chemokine,0.64739,anc0_L_unrelaxed_rank_008_alphafold2_model_4_seed_000.pdb
221,L,Chemokine,0.64458,anc0_L_unrelaxed_rank_009_alphafold2_model_4_seed_001.pdb
222,L,Chemokine,0.64651,anc0_L_unrelaxed_rank_010_alphafold2_model_4_seed_002.pdb
223,L,Chemokine,0.65365,anc0_L_unrelaxed_rank_011_alphafold2_model_5_seed_002.pdb
224,L,Chemokine,0.65701,anc0_L_unrelaxed_rank_012_alphafold2_model_5_seed_001.pdb
225,L,Chemokine,0.65591,anc0_L_unrelaxed_rank_013_alphafold2_model_5_seed_004.pdb
226,L,Chemokine,0.65633,anc0_L_unrelaxed_rank_014_alphafold2_model_5_seed_003.pdb
227,L,Chemokine,0.65954,anc0_L_unrelaxed_rank_015_alphafold2_model_5_seed_000.pdb
228,L,Chemokine,0.55915,anc0_L_unrelaxed_rank_016_alphafold2_model_1_seed_003.pdb
229,L,Chemokine,0.55191,anc0_L_unrelaxed_rank_017_alphafold2_model_1_seed_000.pdb
230,V,Chemokine,0.71249,anc0_V_unrelaxed_rank_001_alphafold2_model_3_seed_002.pdb
231,V,Chemokine,0.72086,anc0_V_unrelaxed_rank_002_alphafold2_model_3_seed_004.pdb
232,V,Chemokine,0.73559,anc0_V_unrelaxed_rank_003_alphafold2_model_1_seed_002.pdb
233,V,Chemokine,0.73343,anc0_V_unrelaxed_rank_004_alphafold2_model_1_seed_004.pdb
234,V,Chemokine,0.71855,anc0_V_unrelaxed_rank_005_alphafold2_model_1_seed_001.pdb
235,V,Chemokine,0.64467,anc0_V_unrelaxed_rank_006_alphafold2_model_4_seed_003.pdb
236,V,Chemokine,0.6431,anc0_V_unrelaxed_rank_007_alphafold2_model_4_seed_004.pdb
237,V,Chemokine,0.64262,anc0_V_unrelaxed_rank_008_alphafold2_model_4_seed_000.pdb
238,V,Chemokine,0.64311,anc0_V_unrelaxed_rank_009_alphafold2_model_4_seed_002.pdb
239,V,Chemokine,0.64203,anc0_V_unrelaxed_rank_010_alphafold2_model_4_seed_001.pdb
240,V,Chemokine,0.65383,anc0_V_unrelaxed_rank_011_alphafold2_model_5_seed_002.pdb
241,V,Chemokine,0.65304,anc0_V_unrelaxed_rank_012_alphafold2_model_5_seed_001.pdb
242,V,Chemokine,0.66032,anc0_V_unrelaxed_rank_013_alphafold2_model_5_seed_003.pdb
243,V,Chemokine,0.6707,anc0_V_unrelaxed_rank_014_alphafold2_model_5_seed_004.pdb
244,V,Chemokine,0.53731,anc0_V_unrelaxed_rank_018_alphafold2_model_1_seed_000.pdb
245,14,Chemokine,0.75341,anc2_14_I_unrelaxed_rank_001_alphafold2_model_3_seed_003.pdb
246,14,Chemokine,0.75732,anc2_14_I_unrelaxed_rank_002_alphafold2_model_3_seed_004.pdb
247,14,Chemokine,0.73139,anc2_14_I_unrelaxed_rank_003_alphafold2_model_2_seed_002.pdb
248,14,Chemokine,0.73229,anc2_14_I_unrelaxed_rank_004_alphafold2_model_2_seed_001.pdb
249,14,Chemokine,0.72615,anc2_14_I_unrelaxed_rank_005_alphafold2_model_5_seed_004.pdb
250,14,Chemokine,0.72694,anc2_14_I_unrelaxed_rank_006_alphafold2_model_5_seed_000.pdb
251,14,Dimer,0.5837,anc2_14_I_unrelaxed_rank_007_alphafold2_model_1_seed_002.pdb
252,14,Chemokine,0.75191,anc2_14_I_unrelaxed_rank_008_alphafold2_model_5_seed_003.pdb
253,14,Dimer,0.5817,anc2_14_I_unrelaxed_rank_009_alphafold2_model_3_seed_001.pdb
254,14,Chemokine,0.5157,anc2_14_I_unrelaxed_rank_010_alphafold2_model_5_seed_002.pdb
255,14,Chemokine,0.75072,anc2_14_L_unrelaxed_rank_001_alphafold2_model_3_seed_000.pdb
256,14,Chemokine,0.74816,anc2_14_L_unrelaxed_rank_002_alphafold2_model_3_seed_002.pdb
257,14,Chemokine,0.73554,anc2_14_L_unrelaxed_rank_003_alphafold2_model_3_seed_004.pdb
258,14,Chemokine,0.72896,anc2_14_L_unrelaxed_rank_004_alphafold2_model_3_seed_003.pdb
259,14,Chemokine,0.7424,anc2_14_L_unrelaxed_rank_005_alphafold2_model_1_seed_003.pdb
260,14,Chemokine,0.73287,anc2_14_L_unrelaxed_rank_006_alphafold2_model_4_seed_004.pdb
261,14,Dimer,0.51079,anc2_14_L_unrelaxed_rank_007_alphafold2_model_2_seed_001.pdb
262,14,Chemokine,0.73878,anc2_14_L_unrelaxed_rank_008_alphafold2_model_4_seed_000.pdb
263,14,Chemokine,0.51716,anc2_14_L_unrelaxed_rank_009_alphafold2_model_1_seed_000.pdb
264,14,Chemokine,0.75398,anc2_14_V_unrelaxed_rank_001_alphafold2_model_3_seed_004.pdb
265,14,Chemokine,0.72389,anc2_14_V_unrelaxed_rank_002_alphafold2_model_2_seed_003.pdb
266,14,Chemokine,0.72801,anc2_14_V_unrelaxed_rank_003_alphafold2_model_2_seed_002.pdb
267,14,Chemokine,0.73605,anc2_14_V_unrelaxed_rank_004_alphafold2_model_5_seed_002.pdb
268,14,Chemokine,0.73699,anc2_14_V_unrelaxed_rank_005_alphafold2_model_5_seed_001.pdb
269,14,Chemokine,0.75815,anc2_14_V_unrelaxed_rank_006_alphafold2_model_5_seed_000.pdb
270,14,Chemokine,0.74772,anc2_14_V_unrelaxed_rank_007_alphafold2_model_5_seed_003.pdb
271,14,Dimer,0.57941,anc2_14_V_unrelaxed_rank_008_alphafold2_model_1_seed_002.pdb
272,14,Dimer,0.58549,anc2_14_V_unrelaxed_rank_009_alphafold2_model_3_seed_001.pdb
273,14,Dimer,0.58722,anc2_14_V_unrelaxed_rank_010_alphafold2_model_4_seed_001.pdb
274,14,Chemokine,0.72461,anc2_14_V_unrelaxed_rank_011_alphafold2_model_5_seed_004.pdb
275,14,Dimer,0.58164,anc2_14_V_unrelaxed_rank_012_alphafold2_model_3_seed_000.pdb
276,36,Chemokine,0.76704,anc2_36_A_unrelaxed_rank_001_alphafold2_model_2_seed_002.pdb
277,36,Chemokine,0.77422,anc2_36_A_unrelaxed_rank_002_alphafold2_model_5_seed_002.pdb
278,36,Dimer,0.5392,anc2_36_A_unrelaxed_rank_003_alphafold2_model_2_seed_004.pdb
279,36,Dimer,0.52208,anc2_36_A_unrelaxed_rank_004_alphafold2_model_2_seed_000.pdb
280,36,Dimer,0.52636,anc2_36_A_unrelaxed_rank_005_alphafold2_model_2_seed_001.pdb
281,36,Dimer,0.53165,anc2_36_A_unrelaxed_rank_006_alphafold2_model_1_seed_001.pdb
282,36,Dimer,0.54127,anc2_36_A_unrelaxed_rank_007_alphafold2_model_3_seed_003.pdb
283,36,Dimer,0.53962,anc2_36_A_unrelaxed_rank_008_alphafold2_model_4_seed_001.pdb
284,36,Dimer,0.53991,anc2_36_A_unrelaxed_rank_009_alphafold2_model_3_seed_004.pdb
285,36,Dimer,0.54059,anc2_36_A_unrelaxed_rank_010_alphafold2_model_4_seed_004.pdb
286,36,Chemokine,0.80138,anc2_36_G_unrelaxed_rank_001_alphafold2_model_2_seed_002.pdb
287,36,Chemokine,0.78851,anc2_36_G_unrelaxed_rank_002_alphafold2_model_3_seed_003.pdb
288,36,Chemokine,0.80024,anc2_36_G_unrelaxed_rank_003_alphafold2_model_2_seed_000.pdb
289,36,Chemokine,0.78962,anc2_36_G_unrelaxed_rank_004_alphafold2_model_3_seed_002.pdb
290,36,Chemokine,0.79061,anc2_36_G_unrelaxed_rank_005_alphafold2_model_1_seed_003.pdb
291,36,Chemokine,0.79968,anc2_36_G_unrelaxed_rank_006_alphafold2_model_2_seed_001.pdb
292,36,Chemokine,0.79063,anc2_36_G_unrelaxed_rank_007_alphafold2_model_1_seed_004.pdb
293,36,Chemokine,0.78923,anc2_36_G_unrelaxed_rank_008_alphafold2_model_1_seed_002.pdb
294,36,Chemokine,0.79047,anc2_36_G_unrelaxed_rank_009_alphafold2_model_1_seed_000.pdb
295,36,Chemokine,0.78809,anc2_36_G_unrelaxed_rank_010_alphafold2_model_3_seed_001.pdb
296,36,Chemokine,0.78815,anc2_36_G_unrelaxed_rank_011_alphafold2_model_1_seed_001.pdb
297,36,Chemokine,0.82565,anc2_36_G_unrelaxed_rank_012_alphafold2_model_2_seed_004.pdb
298,36,Chemokine,0.78479,anc2_36_G_unrelaxed_rank_013_alphafold2_model_3_seed_000.pdb
299,36,Chemokine,0.78581,anc2_36_G_unrelaxed_rank_014_alphafold2_model_3_seed_004.pdb
300,36,Chemokine,0.81888,anc2_36_G_unrelaxed_rank_015_alphafold2_model_2_seed_003.pdb
301,36,Chemokine,0.78365,anc2_36_G_unrelaxed_rank_016_alphafold2_model_4_seed_004.pdb
302,36,Chemokine,0.79363,anc2_36_G_unrelaxed_rank_017_alphafold2_model_4_seed_002.pdb
303,36,Chemokine,0.79072,anc2_36_G_unrelaxed_rank_018_alphafold2_model_4_seed_001.pdb
304,36,Chemokine,0.79864,anc2_36_G_unrelaxed_rank_019_alphafold2_model_4_seed_003.pdb
305,36,Chemokine,0.78573,anc2_36_G_unrelaxed_rank_020_alphafold2_model_4_seed_000.pdb
306,36,Chemokine,0.78393,anc2_36_G_unrelaxed_rank_021_alphafold2_model_5_seed_003.pdb
307,36,Chemokine,0.77864,anc2_36_G_unrelaxed_rank_022_alphafold2_model_5_seed_002.pdb
308,36,Chemokine,0.7842,anc2_36_G_unrelaxed_rank_023_alphafold2_model_5_seed_000.pdb
309,36,Chemokine,0.78519,anc2_36_G_unrelaxed_rank_024_alphafold2_model_5_seed_004.pdb
310,36,Chemokine,0.76852,anc2_36_G_unrelaxed_rank_025_alphafold2_model_5_seed_001.pdb
311,38,Chemokine,0.76704,anc2_38_I_unrelaxed_rank_001_alphafold2_model_2_seed_002.pdb
312,38,Chemokine,0.77422,anc2_38_I_unrelaxed_rank_002_alphafold2_model_5_seed_002.pdb
313,38,Dimer,0.5392,anc2_38_I_unrelaxed_rank_003_alphafold2_model_2_seed_004.pdb
314,38,Dimer,0.52208,anc2_38_I_unrelaxed_rank_004_alphafold2_model_2_seed_000.pdb
315,38,Dimer,0.52636,anc2_38_I_unrelaxed_rank_005_alphafold2_model_2_seed_001.pdb
316,38,Dimer,0.53165,anc2_38_I_unrelaxed_rank_006_alphafold2_model_1_seed_001.pdb
317,38,Dimer,0.54127,anc2_38_I_unrelaxed_rank_007_alphafold2_model_3_seed_003.pdb
318,38,Dimer,0.53962,anc2_38_I_unrelaxed_rank_008_alphafold2_model_4_seed_001.pdb
319,38,Dimer,0.53991,anc2_38_I_unrelaxed_rank_009_alphafold2_model_3_seed_004.pdb
320,38,Dimer,0.54059,anc2_38_I_unrelaxed_rank_010_alphafold2_model_4_seed_004.pdb
321,38,Chemokine,0.77389,anc2_38_L_unrelaxed_rank_001_alphafold2_model_5_seed_004.pdb
322,38,Chemokine,0.77335,anc2_38_L_unrelaxed_rank_002_alphafold2_model_5_seed_000.pdb
323,38,Chemokine,0.77495,anc2_38_L_unrelaxed_rank_003_alphafold2_model_5_seed_003.pdb
324,38,Chemokine,0.77495,anc2_38_L_unrelaxed_rank_004_alphafold2_model_5_seed_001.pdb
325,38,Chemokine,0.77394,anc2_38_L_unrelaxed_rank_005_alphafold2_model_5_seed_002.pdb
326,38,Chemokine,0.74329,anc2_38_L_unrelaxed_rank_006_alphafold2_model_2_seed_002.pdb
327,38,Dimer,0.51921,anc2_38_L_unrelaxed_rank_011_alphafold2_model_1_seed_001.pdb
328,38,Dimer,0.50901,anc2_38_L_unrelaxed_rank_012_alphafold2_model_1_seed_004.pdb
329,38,Dimer,0.53107,anc2_38_L_unrelaxed_rank_013_alphafold2_model_4_seed_001.pdb
330,38,Dimer,0.52622,anc2_38_L_unrelaxed_rank_014_alphafold2_model_4_seed_003.pdb
331,38,Dimer,0.52596,anc2_38_L_unrelaxed_rank_015_alphafold2_model_4_seed_000.pdb
332,38,Dimer,0.52791,anc2_38_L_unrelaxed_rank_016_alphafold2_model_4_seed_002.pdb
333,38,Dimer,0.5282,anc2_38_L_unrelaxed_rank_017_alphafold2_model_4_seed_004.pdb
334,38,Chemokine,0.76665,anc2_38_V_unrelaxed_rank_001_alphafold2_model_2_seed_002.pdb
335,38,Chemokine,0.77014,anc2_38_V_unrelaxed_rank_002_alphafold2_model_4_seed_004.pdb
336,38,Chemokine,0.76821,anc2_38_V_unrelaxed_rank_003_alphafold2_model_4_seed_002.pdb
337,38,Chemokine,0.77452,anc2_38_V_unrelaxed_rank_004_alphafold2_model_4_seed_003.pdb
338,38,Dimer,0.53278,anc2_38_V_unrelaxed_rank_005_alphafold2_model_2_seed_000.pdb
339,38,Chemokine,0.76261,anc2_38_V_unrelaxed_rank_006_alphafold2_model_5_seed_000.pdb
340,38,Chemokine,0.73989,anc2_38_V_unrelaxed_rank_007_alphafold2_model_2_seed_003.pdb
341,38,Chemokine,0.73527,anc2_38_V_unrelaxed_rank_008_alphafold2_model_4_seed_000.pdb
342,38,Chemokine,0.76917,anc2_38_V_unrelaxed_rank_009_alphafold2_model_5_seed_001.pdb
343,38,Chemokine,0.76644,anc2_38_V_unrelaxed_rank_010_alphafold2_model_5_seed_002.pdb
344,38,Chemokine,0.77552,anc2_38_V_unrelaxed_rank_011_alphafold2_model_5_seed_004.pdb
345,38,Dimer,0.5319,anc2_38_V_unrelaxed_rank_012_alphafold2_model_2_seed_004.pdb
346,38,Dimer,0.5348,anc2_38_V_unrelaxed_rank_013_alphafold2_model_2_seed_001.pdb
347,38,Chemokine,0.73463,anc2_38_V_unrelaxed_rank_014_alphafold2_model_5_seed_003.pdb
348,38,Dimer,0.55013,anc2_38_V_unrelaxed_rank_015_alphafold2_model_3_seed_004.pdb
349,38,Dimer,0.55008,anc2_38_V_unrelaxed_rank_016_alphafold2_model_3_seed_003.pdb
350,38,Dimer,0.54827,anc2_38_V_unrelaxed_rank_017_alphafold2_model_1_seed_001.pdb
351,38,Dimer,0.55797,anc2_38_V_unrelaxed_rank_018_alphafold2_model_3_seed_001.pdb
352,40,Dimer,0.52887,anc2_40_G_unrelaxed_rank_001_alphafold2_model_2_seed_002.pdb
353,40,Dimer,0.53105,anc2_40_G_unrelaxed_rank_002_alphafold2_model_2_seed_003.pdb
354,40,Dimer,0.5314,anc2_40_G_unrelaxed_rank_003_alphafold2_model_2_seed_001.pdb
355,40,Dimer,0.53061,anc2_40_G_unrelaxed_rank_004_alphafold2_model_2_seed_004.pdb
356,40,Dimer,0.53119,anc2_40_G_unrelaxed_rank_005_alphafold2_model_2_seed_000.pdb
357,40,Dimer,0.54092,anc2_40_G_unrelaxed_rank_006_alphafold2_model_3_seed_002.pdb
358,40,Dimer,0.54174,anc2_40_G_unrelaxed_rank_007_alphafold2_model_3_seed_004.pdb
359,40,Dimer,0.52601,anc2_40_G_unrelaxed_rank_008_alphafold2_model_1_seed_000.pdb
360,40,Dimer,0.52696,anc2_40_G_unrelaxed_rank_009_alphafold2_model_1_seed_004.pdb
361,40,Dimer,0.53983,anc2_40_G_unrelaxed_rank_010_alphafold2_model_3_seed_001.pdb
362,40,Dimer,0.527,anc2_40_G_unrelaxed_rank_011_alphafold2_model_1_seed_001.pdb
363,40,Dimer,0.53363,anc2_40_G_unrelaxed_rank_012_alphafold2_model_1_seed_002.pdb
364,40,Dimer,0.5394,anc2_40_G_unrelaxed_rank_013_alphafold2_model_3_seed_003.pdb
365,40,Dimer,0.53058,anc2_40_G_unrelaxed_rank_014_alphafold2_model_5_seed_002.pdb
366,40,Dimer,0.52928,anc2_40_G_unrelaxed_rank_015_alphafold2_model_5_seed_003.pdb
367,40,Dimer,0.52825,anc2_40_G_unrelaxed_rank_016_alphafold2_model_1_seed_003.pdb
368,40,Dimer,0.53043,anc2_40_G_unrelaxed_rank_017_alphafold2_model_5_seed_004.pdb
369,40,Dimer,0.5293,anc2_40_G_unrelaxed_rank_018_alphafold2_model_5_seed_000.pdb
370,40,Dimer,0.52815,anc2_40_G_unrelaxed_rank_019_alphafold2_model_3_seed_000.pdb
371,40,Dimer,0.53045,anc2_40_G_unrelaxed_rank_020_alphafold2_model_5_seed_001.pdb
372,40,Dimer,0.54085,anc2_40_G_unrelaxed_rank_021_alphafold2_model_4_seed_002.pdb
373,40,Dimer,0.53933,anc2_40_G_unrelaxed_rank_022_alphafold2_model_4_seed_001.pdb
374,40,Dimer,0.53179,anc2_40_G_unrelaxed_rank_023_alphafold2_model_4_seed_003.pdb
375,40,Dimer,0.53169,anc2_40_G_unrelaxed_rank_024_alphafold2_model_4_seed_004.pdb
376,40,Dimer,0.52909,anc2_40_G_unrelaxed_rank_025_alphafold2_model_4_seed_000.pdb
377,40,Dimer,0.53566,anc2_40_I_unrelaxed_rank_001_alphafold2_model_2_seed_001.pdb
378,40,Dimer,0.55405,anc2_40_I_unrelaxed_rank_002_alphafold2_model_2_seed_004.pdb
379,40,Dimer,0.53788,anc2_40_I_unrelaxed_rank_003_alphafold2_model_2_seed_002.pdb
380,40,Dimer,0.53473,anc2_40_I_unrelaxed_rank_004_alphafold2_model_2_seed_003.pdb
381,40,Dimer,0.62498,anc2_40_I_unrelaxed_rank_005_alphafold2_model_3_seed_001.pdb
382,40,Dimer,0.57779,anc2_40_I_unrelaxed_rank_006_alphafold2_model_1_seed_001.pdb
383,40,Dimer,0.57636,anc2_40_I_unrelaxed_rank_007_alphafold2_model_1_seed_000.pdb
384,40,Dimer,0.5739,anc2_40_I_unrelaxed_rank_008_alphafold2_model_1_seed_002.pdb
385,40,Dimer,0.61496,anc2_40_I_unrelaxed_rank_009_alphafold2_model_3_seed_004.pdb
386,40,Dimer,0.54396,anc2_40_I_unrelaxed_rank_010_alphafold2_model_1_seed_004.pdb
387,40,Dimer,0.56907,anc2_40_I_unrelaxed_rank_011_alphafold2_model_1_seed_003.pdb
388,40,Dimer,0.6006,anc2_40_I_unrelaxed_rank_012_alphafold2_model_3_seed_000.pdb
389,40,Dimer,0.57759,anc2_40_I_unrelaxed_rank_013_alphafold2_model_3_seed_002.pdb
390,40,Dimer,0.58085,anc2_40_I_unrelaxed_rank_014_alphafold2_model_3_seed_003.pdb
391,40,Dimer,0.58223,anc2_40_I_unrelaxed_rank_015_alphafold2_model_4_seed_002.pdb
392,40,Dimer,0.58281,anc2_40_I_unrelaxed_rank_016_alphafold2_model_4_seed_001.pdb
393,40,Dimer,0.5803,anc2_40_I_unrelaxed_rank_017_alphafold2_model_4_seed_003.pdb
394,40,Dimer,0.53237,anc2_40_I_unrelaxed_rank_018_alphafold2_model_5_seed_002.pdb
395,40,Dimer,0.58481,anc2_40_I_unrelaxed_rank_019_alphafold2_model_4_seed_000.pdb
396,40,Dimer,0.5811,anc2_40_I_unrelaxed_rank_020_alphafold2_model_4_seed_004.pdb
397,40,Dimer,0.532,anc2_40_I_unrelaxed_rank_021_alphafold2_model_5_seed_001.pdb
398,40,Dimer,0.53116,anc2_40_I_unrelaxed_rank_022_alphafold2_model_5_seed_000.pdb
399,40,Dimer,0.53323,anc2_40_I_unrelaxed_rank_023_alphafold2_model_5_seed_003.pdb
400,40,Dimer,0.53308,anc2_40_I_unrelaxed_rank_024_alphafold2_model_5_seed_004.pdb
401,40,Dimer,0.53444,anc2_40_V_unrelaxed_rank_001_alphafold2_model_2_seed_003.pdb
402,40,Dimer,0.53477,anc2_40_V_unrelaxed_rank_002_alphafold2_model_2_seed_004.pdb
403,40,Dimer,0.53651,anc2_40_V_unrelaxed_rank_003_alphafold2_model_2_seed_002.pdb
404,40,Dimer,0.57441,anc2_40_V_unrelaxed_rank_004_alphafold2_model_1_seed_004.pdb
405,40,Dimer,0.57414,anc2_40_V_unrelaxed_rank_005_alphafold2_model_1_seed_000.pdb
406,40,Dimer,0.53112,anc2_40_V_unrelaxed_rank_006_alphafold2_model_2_seed_001.pdb
407,40,Dimer,0.57455,anc2_40_V_unrelaxed_rank_007_alphafold2_model_1_seed_001.pdb
408,40,Dimer,0.57331,anc2_40_V_unrelaxed_rank_008_alphafold2_model_1_seed_002.pdb
409,40,Dimer,0.61986,anc2_40_V_unrelaxed_rank_009_alphafold2_model_3_seed_001.pdb
410,40,Dimer,0.6216,anc2_40_V_unrelaxed_rank_010_alphafold2_model_3_seed_004.pdb
411,40,Dimer,0.62111,anc2_40_V_unrelaxed_rank_011_alphafold2_model_3_seed_003.pdb
412,40,Dimer,0.59245,anc2_40_V_unrelaxed_rank_012_alphafold2_model_1_seed_003.pdb
413,40,Dimer,0.53971,anc2_40_V_unrelaxed_rank_013_alphafold2_model_2_seed_000.pdb
414,40,Dimer,0.61151,anc2_40_V_unrelaxed_rank_014_alphafold2_model_3_seed_002.pdb
415,40,Dimer,0.61311,anc2_40_V_unrelaxed_rank_015_alphafold2_model_3_seed_000.pdb
416,40,Dimer,0.59953,anc2_40_V_unrelaxed_rank_016_alphafold2_model_4_seed_004.pdb
417,40,Dimer,0.61269,anc2_40_V_unrelaxed_rank_017_alphafold2_model_4_seed_001.pdb
418,40,Dimer,0.59267,anc2_40_V_unrelaxed_rank_018_alphafold2_model_4_seed_003.pdb
419,40,Dimer,0.608,anc2_40_V_unrelaxed_rank_019_alphafold2_model_4_seed_002.pdb
420,40,Dimer,0.61983,anc2_40_V_unrelaxed_rank_020_alphafold2_model_5_seed_001.pdb
421,40,Dimer,0.61458,anc2_40_V_unrelaxed_rank_021_alphafold2_model_4_seed_000.pdb
422,40,Dimer,0.61114,anc2_40_V_unrelaxed_rank_022_alphafold2_model_5_seed_000.pdb
423,40,Dimer,0.60901,anc2_40_V_unrelaxed_rank_023_alphafold2_model_5_seed_003.pdb
424,47,Chemokine,0.76704,anc2_47_I_unrelaxed_rank_001_alphafold2_model_2_seed_002.pdb
425,47,Chemokine,0.77422,anc2_47_I_unrelaxed_rank_002_alphafold2_model_5_seed_002.pdb
426,47,Dimer,0.5392,anc2_47_I_unrelaxed_rank_003_alphafold2_model_2_seed_004.pdb
427,47,Dimer,0.52208,anc2_47_I_unrelaxed_rank_004_alphafold2_model_2_seed_000.pdb
428,47,Dimer,0.52636,anc2_47_I_unrelaxed_rank_005_alphafold2_model_2_seed_001.pdb
429,47,Dimer,0.53165,anc2_47_I_unrelaxed_rank_006_alphafold2_model_1_seed_001.pdb
430,47,Dimer,0.54127,anc2_47_I_unrelaxed_rank_007_alphafold2_model_3_seed_003.pdb
431,47,Dimer,0.53962,anc2_47_I_unrelaxed_rank_008_alphafold2_model_4_seed_001.pdb
432,47,Dimer,0.53991,anc2_47_I_unrelaxed_rank_009_alphafold2_model_3_seed_004.pdb
433,47,Dimer,0.54059,anc2_47_I_unrelaxed_rank_010_alphafold2_model_4_seed_004.pdb
434,47,Chemokine,0.72985,anc2_47_L_unrelaxed_rank_001_alphafold2_model_1_seed_002.pdb
435,47,Chemokine,0.76626,anc2_47_L_unrelaxed_rank_002_alphafold2_model_2_seed_003.pdb
436,47,Chemokine,0.76775,anc2_47_L_unrelaxed_rank_003_alphafold2_model_2_seed_001.pdb
437,47,Chemokine,0.76767,anc2_47_L_unrelaxed_rank_004_alphafold2_model_2_seed_004.pdb
438,47,Chemokine,0.74089,anc2_47_L_unrelaxed_rank_005_alphafold2_model_2_seed_002.pdb
439,47,Chemokine,0.73044,anc2_47_L_unrelaxed_rank_006_alphafold2_model_5_seed_002.pdb
440,47,Chemokine,0.76345,anc2_47_L_unrelaxed_rank_007_alphafold2_model_5_seed_004.pdb
441,47,Chemokine,0.74106,anc2_47_L_unrelaxed_rank_008_alphafold2_model_2_seed_000.pdb
442,47,Chemokine,0.76689,anc2_47_L_unrelaxed_rank_009_alphafold2_model_5_seed_001.pdb
443,47,Chemokine,0.76108,anc2_47_L_unrelaxed_rank_010_alphafold2_model_5_seed_003.pdb
444,47,Chemokine,0.76,anc2_47_L_unrelaxed_rank_011_alphafold2_model_5_seed_000.pdb
445,47,Dimer,0.52178,anc2_47_L_unrelaxed_rank_012_alphafold2_model_4_seed_004.pdb
446,47,Chemokine,0.77134,anc2_47_M_unrelaxed_rank_001_alphafold2_model_3_seed_003.pdb
447,47,Chemokine,0.77081,anc2_47_M_unrelaxed_rank_002_alphafold2_model_1_seed_000.pdb
448,47,Chemokine,0.77679,anc2_47_M_unrelaxed_rank_003_alphafold2_model_3_seed_004.pdb
449,47,Chemokine,0.77475,anc2_47_M_unrelaxed_rank_004_alphafold2_model_1_seed_002.pdb
450,47,Chemokine,0.77137,anc2_47_M_unrelaxed_rank_005_alphafold2_model_1_seed_003.pdb
451,47,Chemokine,0.78594,anc2_47_M_unrelaxed_rank_006_alphafold2_model_2_seed_003.pdb
452,47,Chemokine,0.78486,anc2_47_M_unrelaxed_rank_007_alphafold2_model_2_seed_002.pdb
453,47,Chemokine,0.7795,anc2_47_M_unrelaxed_rank_008_alphafold2_model_2_seed_000.pdb
454,47,Chemokine,0.70331,anc2_47_M_unrelaxed_rank_009_alphafold2_model_4_seed_000.pdb
455,47,Chemokine,0.7051,anc2_47_M_unrelaxed_rank_010_alphafold2_model_4_seed_004.pdb
456,47,Chemokine,0.77199,anc2_47_M_unrelaxed_rank_011_alphafold2_model_2_seed_001.pdb
457,47,Chemokine,0.76733,anc2_47_M_unrelaxed_rank_012_alphafold2_model_2_seed_004.pdb
458,47,Chemokine,0.69666,anc2_47_M_unrelaxed_rank_013_alphafold2_model_4_seed_003.pdb
459,47,Chemokine,0.69223,anc2_47_M_unrelaxed_rank_014_alphafold2_model_4_seed_002.pdb
460,47,Chemokine,0.66539,anc2_47_M_unrelaxed_rank_015_alphafold2_model_5_seed_003.pdb
461,47,Chemokine,0.66284,anc2_47_M_unrelaxed_rank_017_alphafold2_model_5_seed_004.pdb
462,14,Chemokine,0.7654,anc2a_14_I_unrelaxed_rank_001_alphafold2_model_2_seed_004.pdb
463,14,Chemokine,0.74232,anc2a_14_I_unrelaxed_rank_002_alphafold2_model_3_seed_004.pdb
464,14,Chemokine,0.74516,anc2a_14_I_unrelaxed_rank_003_alphafold2_model_3_seed_002.pdb
465,14,Chemokine,0.77903,anc2a_14_I_unrelaxed_rank_004_alphafold2_model_2_seed_003.pdb
466,14,Chemokine,0.77349,anc2a_14_I_unrelaxed_rank_005_alphafold2_model_2_seed_001.pdb
467,14,Chemokine,0.73998,anc2a_14_I_unrelaxed_rank_006_alphafold2_model_3_seed_003.pdb
468,14,Dimer,0.504,anc2a_14_I_unrelaxed_rank_008_alphafold2_model_2_seed_000.pdb
469,14,Chemokine,0.5376,anc2a_14_I_unrelaxed_rank_009_alphafold2_model_5_seed_002.pdb
470,14,Dimer,0.55132,anc2a_14_I_unrelaxed_rank_010_alphafold2_model_1_seed_004.pdb
471,14,Dimer,0.54887,anc2a_14_I_unrelaxed_rank_011_alphafold2_model_4_seed_001.pdb
472,14,Dimer,0.54568,anc2a_14_I_unrelaxed_rank_012_alphafold2_model_4_seed_002.pdb
473,14,Dimer,0.54829,anc2a_14_I_unrelaxed_rank_013_alphafold2_model_1_seed_002.pdb
474,14,Dimer,0.55977,anc2a_14_I_unrelaxed_rank_014_alphafold2_model_1_seed_000.pdb
475,14,Dimer,0.56897,anc2a_14_I_unrelaxed_rank_015_alphafold2_model_3_seed_001.pdb
476,14,Dimer,0.55294,anc2a_14_I_unrelaxed_rank_016_alphafold2_model_4_seed_004.pdb
477,14,Dimer,0.5595,anc2a_14_I_unrelaxed_rank_017_alphafold2_model_1_seed_001.pdb
478,14,Chemokine,0.56502,anc2a_14_I_unrelaxed_rank_018_alphafold2_model_5_seed_004.pdb
479,14,Dimer,0.50403,anc2a_14_L_unrelaxed_rank_001_alphafold2_model_2_seed_002.pdb
480,14,Chemokine,0.50882,anc2a_14_L_unrelaxed_rank_002_alphafold2_model_2_seed_000.pdb
481,14,Chemokine,0.76112,anc2a_14_L_unrelaxed_rank_003_alphafold2_model_2_seed_003.pdb
482,14,Chemokine,0.76462,anc2a_14_L_unrelaxed_rank_004_alphafold2_model_2_seed_004.pdb
483,14,Chemokine,0.77236,anc2a_14_L_unrelaxed_rank_005_alphafold2_model_2_seed_001.pdb
484,14,Chemokine,0.74629,anc2a_14_L_unrelaxed_rank_006_alphafold2_model_1_seed_003.pdb
485,14,Chemokine,0.74166,anc2a_14_L_unrelaxed_rank_007_alphafold2_model_3_seed_000.pdb
486,14,Chemokine,0.71815,anc2a_14_L_unrelaxed_rank_008_alphafold2_model_3_seed_003.pdb
487,14,Chemokine,0.71425,anc2a_14_L_unrelaxed_rank_009_alphafold2_model_3_seed_002.pdb
488,14,Chemokine,0.59814,anc2a_14_L_unrelaxed_rank_010_alphafold2_model_5_seed_003.pdb
489,14,Chemokine,0.59797,anc2a_14_L_unrelaxed_rank_011_alphafold2_model_5_seed_000.pdb
490,14,Chemokine,0.539,anc2a_14_L_unrelaxed_rank_012_alphafold2_model_5_seed_002.pdb
491,14,Chemokine,0.72711,anc2a_14_L_unrelaxed_rank_013_alphafold2_model_4_seed_000.pdb
492,14,Chemokine,0.57957,anc2a_14_L_unrelaxed_rank_014_alphafold2_model_5_seed_004.pdb
493,14,Chemokine,0.59588,anc2a_14_L_unrelaxed_rank_015_alphafold2_model_5_seed_001.pdb
494,14,Chemokine,0.56174,anc2a_14_L_unrelaxed_rank_016_alphafold2_model_3_seed_004.pdb
495,14,Dimer,0.51075,anc2a_14_L_unrelaxed_rank_017_alphafold2_model_1_seed_004.pdb
496,14,Dimer,0.52583,anc2a_14_L_unrelaxed_rank_018_alphafold2_model_1_seed_001.pdb
497,14,Dimer,0.51079,anc2a_14_V_unrelaxed_rank_001_alphafold2_model_2_seed_000.pdb
498,14,Chemokine,0.74894,anc2a_14_V_unrelaxed_rank_002_alphafold2_model_3_seed_003.pdb
499,14,Chemokine,0.74409,anc2a_14_V_unrelaxed_rank_003_alphafold2_model_2_seed_002.pdb
500,14,Chemokine,0.73873,anc2a_14_V_unrelaxed_rank_004_alphafold2_model_5_seed_001.pdb
501,14,Chemokine,0.73502,anc2a_14_V_unrelaxed_rank_005_alphafold2_model_5_seed_003.pdb
502,14,Chemokine,0.73935,anc2a_14_V_unrelaxed_rank_006_alphafold2_model_5_seed_004.pdb
503,14,Chemokine,0.7502,anc2a_14_V_unrelaxed_rank_007_alphafold2_model_2_seed_003.pdb
504,14,Dimer,0.56062,anc2a_14_V_unrelaxed_rank_008_alphafold2_model_3_seed_000.pdb
505,14,Dimer,0.56442,anc2a_14_V_unrelaxed_rank_009_alphafold2_model_3_seed_001.pdb
506,14,Dimer,0.58116,anc2a_14_V_unrelaxed_rank_010_alphafold2_model_4_seed_001.pdb
507,14,Dimer,0.56948,anc2a_14_V_unrelaxed_rank_011_alphafold2_model_4_seed_002.pdb
508,14,Dimer,0.57794,anc2a_14_V_unrelaxed_rank_012_alphafold2_model_4_seed_004.pdb
509,14,Dimer,0.54269,anc2a_14_V_unrelaxed_rank_013_alphafold2_model_1_seed_002.pdb
510,14,Dimer,0.54485,anc2a_14_V_unrelaxed_rank_014_alphafold2_model_1_seed_004.pdb
511,14,Dimer,0.55783,anc2a_14_V_unrelaxed_rank_015_alphafold2_model_1_seed_001.pdb
512,14,Chemokine,0.71718,anc2a_14_V_unrelaxed_rank_016_alphafold2_model_5_seed_002.pdb
513,14,Dimer,0.54786,anc2a_14_V_unrelaxed_rank_017_alphafold2_model_1_seed_000.pdb
514,36,Dimer,0.51484,anc2a_36_A_unrelaxed_rank_001_alphafold2_model_2_seed_000.pdb
515,36,Dimer,0.52442,anc2a_36_A_unrelaxed_rank_002_alphafold2_model_1_seed_001.pdb
516,36,Chemokine,0.78374,anc2a_36_A_unrelaxed_rank_003_alphafold2_model_2_seed_002.pdb
517,36,Dimer,0.51835,anc2a_36_A_unrelaxed_rank_004_alphafold2_model_2_seed_004.pdb
518,36,Dimer,0.51363,anc2a_36_A_unrelaxed_rank_005_alphafold2_model_2_seed_001.pdb
519,36,Chemokine,0.78351,anc2a_36_A_unrelaxed_rank_006_alphafold2_model_2_seed_003.pdb
520,36,Dimer,0.53683,anc2a_36_A_unrelaxed_rank_007_alphafold2_model_3_seed_004.pdb
521,36,Dimer,0.53733,anc2a_36_A_unrelaxed_rank_008_alphafold2_model_3_seed_001.pdb
522,36,Dimer,0.52517,anc2a_36_A_unrelaxed_rank_009_alphafold2_model_1_seed_004.pdb
523,36,Chemokine,0.76622,anc2a_36_A_unrelaxed_rank_010_alphafold2_model_5_seed_002.pdb
524,36,Dimer,0.53673,anc2a_36_A_unrelaxed_rank_011_alphafold2_model_3_seed_000.pdb
525,36,Dimer,0.52983,anc2a_36_A_unrelaxed_rank_012_alphafold2_model_4_seed_001.pdb
526,36,Chemokine,0.72741,anc2a_36_A_unrelaxed_rank_013_alphafold2_model_5_seed_000.pdb
527,36,Dimer,0.53079,anc2a_36_A_unrelaxed_rank_014_alphafold2_model_3_seed_002.pdb
528,36,Dimer,0.53185,anc2a_36_A_unrelaxed_rank_015_alphafold2_model_3_seed_003.pdb
529,36,Dimer,0.53106,anc2a_36_A_unrelaxed_rank_016_alphafold2_model_4_seed_002.pdb
530,36,Chemokine,0.72569,anc2a_36_A_unrelaxed_rank_017_alphafold2_model_5_seed_004.pdb
531,36,Dimer,0.53216,anc2a_36_A_unrelaxed_rank_018_alphafold2_model_4_seed_004.pdb
532,36,Dimer,0.52933,anc2a_36_A_unrelaxed_rank_019_alphafold2_model_1_seed_000.pdb
533,36,Chemokine,0.7366,anc2a_36_A_unrelaxed_rank_020_alphafold2_model_1_seed_003.pdb
534,36,Chemokine,0.79298,anc2a_36_G_unrelaxed_rank_001_alphafold2_model_2_seed_002.pdb
535,36,Chemokine,0.78882,anc2a_36_G_unrelaxed_rank_002_alphafold2_model_2_seed_001.pdb
536,36,Chemokine,0.79618,anc2a_36_G_unrelaxed_rank_003_alphafold2_model_2_seed_000.pdb
537,36,Chemokine,0.80701,anc2a_36_G_unrelaxed_rank_004_alphafold2_model_2_seed_004.pdb
538,36,Chemokine,0.80228,anc2a_36_G_unrelaxed_rank_005_alphafold2_model_2_seed_003.pdb
539,36,Chemokine,0.78207,anc2a_36_G_unrelaxed_rank_006_alphafold2_model_1_seed_002.pdb
540,36,Chemokine,0.7795,anc2a_36_G_unrelaxed_rank_007_alphafold2_model_1_seed_004.pdb
541,36,Chemokine,0.7775,anc2a_36_G_unrelaxed_rank_008_alphafold2_model_1_seed_003.pdb
542,36,Chemokine,0.77552,anc2a_36_G_unrelaxed_rank_009_alphafold2_model_1_seed_000.pdb
543,36,Chemokine,0.77804,anc2a_36_G_unrelaxed_rank_010_alphafold2_model_1_seed_001.pdb
544,36,Chemokine,0.75863,anc2a_36_G_unrelaxed_rank_011_alphafold2_model_3_seed_000.pdb
545,36,Chemokine,0.76256,anc2a_36_G_unrelaxed_rank_012_alphafold2_model_3_seed_002.pdb
546,36,Chemokine,0.7559,anc2a_36_G_unrelaxed_rank_013_alphafold2_model_3_seed_001.pdb
547,36,Chemokine,0.76274,anc2a_36_G_unrelaxed_rank_014_alphafold2_model_3_seed_003.pdb
548,36,Chemokine,0.76303,anc2a_36_G_unrelaxed_rank_015_alphafold2_model_3_seed_004.pdb
549,36,Chemokine,0.77817,anc2a_36_G_unrelaxed_rank_016_alphafold2_model_4_seed_004.pdb
550,36,Chemokine,0.7763,anc2a_36_G_unrelaxed_rank_017_alphafold2_model_4_seed_001.pdb
551,36,Chemokine,0.77496,anc2a_36_G_unrelaxed_rank_018_alphafold2_model_4_seed_003.pdb
552,36,Chemokine,0.7762,anc2a_36_G_unrelaxed_rank_019_alphafold2_model_4_seed_002.pdb
553,36,Chemokine,0.77599,anc2a_36_G_unrelaxed_rank_020_alphafold2_model_4_seed_000.pdb
554,36,Chemokine,0.76222,anc2a_36_G_unrelaxed_rank_021_alphafold2_model_5_seed_002.pdb
555,36,Chemokine,0.7618,anc2a_36_G_unrelaxed_rank_022_alphafold2_model_5_seed_003.pdb
556,36,Chemokine,0.75347,anc2a_36_G_unrelaxed_rank_023_alphafold2_model_5_seed_000.pdb
557,36,Chemokine,0.7551,anc2a_36_G_unrelaxed_rank_024_alphafold2_model_5_seed_001.pdb
558,36,Chemokine,0.72898,anc2a_36_G_unrelaxed_rank_025_alphafold2_model_5_seed_004.pdb
559,38,Dimer,0.51484,anc2a_38_I_unrelaxed_rank_001_alphafold2_model_2_seed_000.pdb
560,38,Dimer,0.52442,anc2a_38_I_unrelaxed_rank_002_alphafold2_model_1_seed_001.pdb
561,38,Chemokine,0.78374,anc2a_38_I_unrelaxed_rank_003_alphafold2_model_2_seed_002.pdb
562,38,Dimer,0.51835,anc2a_38_I_unrelaxed_rank_004_alphafold2_model_2_seed_004.pdb
563,38,Dimer,0.51363,anc2a_38_I_unrelaxed_rank_005_alphafold2_model_2_seed_001.pdb
564,38,Chemokine,0.78351,anc2a_38_I_unrelaxed_rank_006_alphafold2_model_2_seed_003.pdb
565,38,Dimer,0.53683,anc2a_38_I_unrelaxed_rank_007_alphafold2_model_3_seed_004.pdb
566,38,Dimer,0.53733,anc2a_38_I_unrelaxed_rank_008_alphafold2_model_3_seed_001.pdb
567,38,Dimer,0.52517,anc2a_38_I_unrelaxed_rank_009_alphafold2_model_1_seed_004.pdb
568,38,Chemokine,0.76622,anc2a_38_I_unrelaxed_rank_010_alphafold2_model_5_seed_002.pdb
569,38,Dimer,0.53673,anc2a_38_I_unrelaxed_rank_011_alphafold2_model_3_seed_000.pdb
570,38,Dimer,0.52983,anc2a_38_I_unrelaxed_rank_012_alphafold2_model_4_seed_001.pdb
571,38,Chemokine,0.72741,anc2a_38_I_unrelaxed_rank_013_alphafold2_model_5_seed_000.pdb
572,38,Dimer,0.53079,anc2a_38_I_unrelaxed_rank_014_alphafold2_model_3_seed_002.pdb
573,38,Dimer,0.53185,anc2a_38_I_unrelaxed_rank_015_alphafold2_model_3_seed_003.pdb
574,38,Dimer,0.53106,anc2a_38_I_unrelaxed_rank_016_alphafold2_model_4_seed_002.pdb
575,38,Chemokine,0.72569,anc2a_38_I_unrelaxed_rank_017_alphafold2_model_5_seed_004.pdb
576,38,Dimer,0.53216,anc2a_38_I_unrelaxed_rank_018_alphafold2_model_4_seed_004.pdb
577,38,Dimer,0.52933,anc2a_38_I_unrelaxed_rank_019_alphafold2_model_1_seed_000.pdb
578,38,Chemokine,0.7366,anc2a_38_I_unrelaxed_rank_020_alphafold2_model_1_seed_003.pdb
579,38,Dimer,0.51561,anc2a_38_L_unrelaxed_rank_001_alphafold2_model_2_seed_003.pdb
580,38,Dimer,0.51888,anc2a_38_L_unrelaxed_rank_002_alphafold2_model_2_seed_000.pdb
581,38,Dimer,0.51962,anc2a_38_L_unrelaxed_rank_003_alphafold2_model_2_seed_001.pdb
582,38,Dimer,0.50516,anc2a_38_L_unrelaxed_rank_004_alphafold2_model_2_seed_004.pdb
583,38,Dimer,0.52901,anc2a_38_L_unrelaxed_rank_005_alphafold2_model_1_seed_002.pdb
584,38,Chemokine,0.77039,anc2a_38_L_unrelaxed_rank_006_alphafold2_model_5_seed_002.pdb
585,38,Chemokine,0.76701,anc2a_38_L_unrelaxed_rank_007_alphafold2_model_5_seed_003.pdb
586,38,Chemokine,0.76611,anc2a_38_L_unrelaxed_rank_008_alphafold2_model_5_seed_004.pdb
587,38,Chemokine,0.76481,anc2a_38_L_unrelaxed_rank_009_alphafold2_model_5_seed_000.pdb
588,38,Chemokine,0.76681,anc2a_38_L_unrelaxed_rank_010_alphafold2_model_5_seed_001.pdb
589,38,Dimer,0.51125,anc2a_38_L_unrelaxed_rank_011_alphafold2_model_1_seed_001.pdb
590,38,Dimer,0.51076,anc2a_38_L_unrelaxed_rank_012_alphafold2_model_1_seed_003.pdb
591,38,Dimer,0.51748,anc2a_38_L_unrelaxed_rank_013_alphafold2_model_1_seed_000.pdb
592,38,Dimer,0.51023,anc2a_38_L_unrelaxed_rank_014_alphafold2_model_4_seed_003.pdb
593,38,Dimer,0.51235,anc2a_38_L_unrelaxed_rank_015_alphafold2_model_4_seed_004.pdb
594,38,Dimer,0.51983,anc2a_38_L_unrelaxed_rank_016_alphafold2_model_4_seed_001.pdb
595,38,Dimer,0.51498,anc2a_38_L_unrelaxed_rank_017_alphafold2_model_4_seed_000.pdb
596,38,Dimer,0.51836,anc2a_38_L_unrelaxed_rank_018_alphafold2_model_4_seed_002.pdb
597,38,Dimer,0.5479,anc2a_38_V_unrelaxed_rank_001_alphafold2_model_1_seed_001.pdb
598,38,Dimer,0.52901,anc2a_38_V_unrelaxed_rank_002_alphafold2_model_2_seed_001.pdb
599,38,Dimer,0.52601,anc2a_38_V_unrelaxed_rank_003_alphafold2_model_2_seed_000.pdb
600,38,Dimer,0.52285,anc2a_38_V_unrelaxed_rank_004_alphafold2_model_2_seed_004.pdb
601,38,Chemokine,0.76305,anc2a_38_V_unrelaxed_rank_005_alphafold2_model_2_seed_002.pdb
602,38,Dimer,0.55024,anc2a_38_V_unrelaxed_rank_006_alphafold2_model_3_seed_004.pdb
603,38,Chemokine,0.76928,anc2a_38_V_unrelaxed_rank_007_alphafold2_model_2_seed_003.pdb
604,38,Chemokine,0.77694,anc2a_38_V_unrelaxed_rank_008_alphafold2_model_4_seed_004.pdb
605,38,Dimer,0.53432,anc2a_38_V_unrelaxed_rank_009_alphafold2_model_1_seed_004.pdb
606,38,Chemokine,0.76873,anc2a_38_V_unrelaxed_rank_010_alphafold2_model_4_seed_002.pdb
607,38,Dimer,0.54722,anc2a_38_V_unrelaxed_rank_011_alphafold2_model_3_seed_001.pdb
608,38,Chemokine,0.77669,anc2a_38_V_unrelaxed_rank_012_alphafold2_model_4_seed_000.pdb
609,38,Chemokine,0.77219,anc2a_38_V_unrelaxed_rank_013_alphafold2_model_4_seed_003.pdb
610,38,Dimer,0.54193,anc2a_38_V_unrelaxed_rank_014_alphafold2_model_1_seed_000.pdb
611,38,Dimer,0.53742,anc2a_38_V_unrelaxed_rank_015_alphafold2_model_3_seed_003.pdb
612,38,Chemokine,0.76494,anc2a_38_V_unrelaxed_rank_016_alphafold2_model_5_seed_003.pdb
613,38,Chemokine,0.73263,anc2a_38_V_unrelaxed_rank_017_alphafold2_model_5_seed_004.pdb
614,38,Chemokine,0.75914,anc2a_38_V_unrelaxed_rank_018_alphafold2_model_5_seed_001.pdb
615,38,Chemokine,0.73757,anc2a_38_V_unrelaxed_rank_019_alphafold2_model_5_seed_002.pdb
616,38,Dimer,0.52705,anc2a_38_V_unrelaxed_rank_020_alphafold2_model_3_seed_002.pdb
617,38,Chemokine,0.73066,anc2a_38_V_unrelaxed_rank_021_alphafold2_model_5_seed_000.pdb
618,38,Dimer,0.5292,anc2a_38_V_unrelaxed_rank_022_alphafold2_model_1_seed_002.pdb
619,40,Dimer,0.53561,anc2a_40_G_unrelaxed_rank_001_alphafold2_model_3_seed_004.pdb
620,40,Dimer,0.53349,anc2a_40_G_unrelaxed_rank_002_alphafold2_model_3_seed_002.pdb
621,40,Dimer,0.51458,anc2a_40_G_unrelaxed_rank_003_alphafold2_model_3_seed_003.pdb
622,40,Dimer,0.5205,anc2a_40_G_unrelaxed_rank_004_alphafold2_model_3_seed_001.pdb
623,40,Dimer,0.51814,anc2a_40_G_unrelaxed_rank_005_alphafold2_model_2_seed_003.pdb
624,40,Dimer,0.51748,anc2a_40_G_unrelaxed_rank_006_alphafold2_model_2_seed_002.pdb
625,40,Dimer,0.51729,anc2a_40_G_unrelaxed_rank_007_alphafold2_model_2_seed_004.pdb
626,40,Dimer,0.51728,anc2a_40_G_unrelaxed_rank_008_alphafold2_model_2_seed_001.pdb
627,40,Dimer,0.52208,anc2a_40_G_unrelaxed_rank_009_alphafold2_model_2_seed_000.pdb
628,40,Dimer,0.52398,anc2a_40_G_unrelaxed_rank_010_alphafold2_model_1_seed_003.pdb
629,40,Dimer,0.52036,anc2a_40_G_unrelaxed_rank_011_alphafold2_model_1_seed_002.pdb
630,40,Dimer,0.51087,anc2a_40_G_unrelaxed_rank_012_alphafold2_model_3_seed_000.pdb
631,40,Dimer,0.52626,anc2a_40_G_unrelaxed_rank_013_alphafold2_model_5_seed_003.pdb
632,40,Dimer,0.5251,anc2a_40_G_unrelaxed_rank_014_alphafold2_model_5_seed_004.pdb
633,40,Dimer,0.5164,anc2a_40_G_unrelaxed_rank_015_alphafold2_model_5_seed_001.pdb
634,40,Dimer,0.52226,anc2a_40_G_unrelaxed_rank_016_alphafold2_model_5_seed_000.pdb
635,40,Dimer,0.52824,anc2a_40_G_unrelaxed_rank_017_alphafold2_model_1_seed_001.pdb
636,40,Dimer,0.52667,anc2a_40_G_unrelaxed_rank_018_alphafold2_model_1_seed_000.pdb
637,40,Dimer,0.52236,anc2a_40_G_unrelaxed_rank_019_alphafold2_model_5_seed_002.pdb
638,40,Dimer,0.52698,anc2a_40_G_unrelaxed_rank_020_alphafold2_model_1_seed_004.pdb
639,40,Dimer,0.52925,anc2a_40_G_unrelaxed_rank_021_alphafold2_model_4_seed_002.pdb
640,40,Dimer,0.52544,anc2a_40_G_unrelaxed_rank_022_alphafold2_model_4_seed_003.pdb
641,40,Dimer,0.52587,anc2a_40_G_unrelaxed_rank_023_alphafold2_model_4_seed_001.pdb
642,40,Dimer,0.52694,anc2a_40_G_unrelaxed_rank_024_alphafold2_model_4_seed_000.pdb
643,40,Dimer,0.52634,anc2a_40_G_unrelaxed_rank_025_alphafold2_model_4_seed_004.pdb
644,40,Dimer,0.53977,anc2a_40_I_unrelaxed_rank_001_alphafold2_model_2_seed_002.pdb
645,40,Dimer,0.57139,anc2a_40_I_unrelaxed_rank_002_alphafold2_model_3_seed_002.pdb
646,40,Dimer,0.5754,anc2a_40_I_unrelaxed_rank_003_alphafold2_model_3_seed_004.pdb
647,40,Dimer,0.57695,anc2a_40_I_unrelaxed_rank_004_alphafold2_model_3_seed_003.pdb
648,40,Dimer,0.57413,anc2a_40_I_unrelaxed_rank_005_alphafold2_model_3_seed_000.pdb
649,40,Dimer,0.53781,anc2a_40_I_unrelaxed_rank_006_alphafold2_model_2_seed_001.pdb
650,40,Dimer,0.57324,anc2a_40_I_unrelaxed_rank_007_alphafold2_model_2_seed_003.pdb
651,40,Dimer,0.56933,anc2a_40_I_unrelaxed_rank_008_alphafold2_model_3_seed_001.pdb
652,40,Dimer,0.52962,anc2a_40_I_unrelaxed_rank_009_alphafold2_model_2_seed_004.pdb
653,40,Dimer,0.53593,anc2a_40_I_unrelaxed_rank_010_alphafold2_model_2_seed_000.pdb
654,40,Dimer,0.56161,anc2a_40_I_unrelaxed_rank_011_alphafold2_model_1_seed_003.pdb
655,40,Dimer,0.56222,anc2a_40_I_unrelaxed_rank_012_alphafold2_model_1_seed_001.pdb
656,40,Dimer,0.55928,anc2a_40_I_unrelaxed_rank_013_alphafold2_model_1_seed_002.pdb
657,40,Dimer,0.55521,anc2a_40_I_unrelaxed_rank_014_alphafold2_model_1_seed_004.pdb
658,40,Dimer,0.5473,anc2a_40_I_unrelaxed_rank_015_alphafold2_model_1_seed_000.pdb
659,40,Dimer,0.57531,anc2a_40_I_unrelaxed_rank_016_alphafold2_model_4_seed_004.pdb
660,40,Dimer,0.57843,anc2a_40_I_unrelaxed_rank_017_alphafold2_model_4_seed_002.pdb
661,40,Dimer,0.54103,anc2a_40_I_unrelaxed_rank_018_alphafold2_model_5_seed_002.pdb
662,40,Dimer,0.57546,anc2a_40_I_unrelaxed_rank_019_alphafold2_model_4_seed_001.pdb
663,40,Dimer,0.57425,anc2a_40_I_unrelaxed_rank_020_alphafold2_model_4_seed_003.pdb
664,40,Dimer,0.5757,anc2a_40_I_unrelaxed_rank_021_alphafold2_model_4_seed_000.pdb
665,40,Dimer,0.55234,anc2a_40_I_unrelaxed_rank_022_alphafold2_model_5_seed_003.pdb
666,40,Dimer,0.54256,anc2a_40_I_unrelaxed_rank_023_alphafold2_model_5_seed_000.pdb
667,40,Dimer,0.54463,anc2a_40_I_unrelaxed_rank_024_alphafold2_model_5_seed_001.pdb
668,40,Dimer,0.55284,anc2a_40_I_unrelaxed_rank_025_alphafold2_model_5_seed_004.pdb
669,40,Dimer,0.57556,anc2a_40_V_unrelaxed_rank_001_alphafold2_model_3_seed_003.pdb
670,40,Dimer,0.54141,anc2a_40_V_unrelaxed_rank_002_alphafold2_model_2_seed_003.pdb
671,40,Dimer,0.5743,anc2a_40_V_unrelaxed_rank_003_alphafold2_model_3_seed_002.pdb
672,40,Dimer,0.57579,anc2a_40_V_unrelaxed_rank_004_alphafold2_model_3_seed_004.pdb
673,40,Dimer,0.57105,anc2a_40_V_unrelaxed_rank_005_alphafold2_model_3_seed_000.pdb
674,40,Dimer,0.56838,anc2a_40_V_unrelaxed_rank_006_alphafold2_model_3_seed_001.pdb
675,40,Dimer,0.54129,anc2a_40_V_unrelaxed_rank_007_alphafold2_model_2_seed_000.pdb
676,40,Dimer,0.53144,anc2a_40_V_unrelaxed_rank_008_alphafold2_model_1_seed_003.pdb
677,40,Dimer,0.52888,anc2a_40_V_unrelaxed_rank_009_alphafold2_model_1_seed_004.pdb
678,40,Dimer,0.57101,anc2a_40_V_unrelaxed_rank_010_alphafold2_model_2_seed_002.pdb
679,40,Dimer,0.54378,anc2a_40_V_unrelaxed_rank_011_alphafold2_model_2_seed_001.pdb
680,40,Dimer,0.52927,anc2a_40_V_unrelaxed_rank_012_alphafold2_model_1_seed_000.pdb
681,40,Dimer,0.56035,anc2a_40_V_unrelaxed_rank_013_alphafold2_model_1_seed_002.pdb
682,40,Dimer,0.55609,anc2a_40_V_unrelaxed_rank_014_alphafold2_model_1_seed_001.pdb
683,40,Dimer,0.59828,anc2a_40_V_unrelaxed_rank_015_alphafold2_model_5_seed_003.pdb
684,40,Dimer,0.55803,anc2a_40_V_unrelaxed_rank_016_alphafold2_model_2_seed_004.pdb
685,40,Dimer,0.58298,anc2a_40_V_unrelaxed_rank_017_alphafold2_model_5_seed_002.pdb
686,40,Dimer,0.57575,anc2a_40_V_unrelaxed_rank_018_alphafold2_model_4_seed_004.pdb
687,40,Dimer,0.58669,anc2a_40_V_unrelaxed_rank_019_alphafold2_model_5_seed_001.pdb
688,40,Dimer,0.59258,anc2a_40_V_unrelaxed_rank_020_alphafold2_model_5_seed_000.pdb
689,40,Dimer,0.58874,anc2a_40_V_unrelaxed_rank_021_alphafold2_model_5_seed_004.pdb
690,40,Dimer,0.5838,anc2a_40_V_unrelaxed_rank_022_alphafold2_model_4_seed_001.pdb
691,40,Dimer,0.57606,anc2a_40_V_unrelaxed_rank_023_alphafold2_model_4_seed_002.pdb
692,40,Dimer,0.5828,anc2a_40_V_unrelaxed_rank_024_alphafold2_model_4_seed_000.pdb
693,40,Dimer,0.54932,anc2a_40_V_unrelaxed_rank_025_alphafold2_model_4_seed_003.pdb
694,47,Dimer,0.51484,anc2a_47_I_unrelaxed_rank_001_alphafold2_model_2_seed_000.pdb
695,47,Dimer,0.52442,anc2a_47_I_unrelaxed_rank_002_alphafold2_model_1_seed_001.pdb
696,47,Chemokine,0.78374,anc2a_47_I_unrelaxed_rank_003_alphafold2_model_2_seed_002.pdb
697,47,Dimer,0.51835,anc2a_47_I_unrelaxed_rank_004_alphafold2_model_2_seed_004.pdb
698,47,Dimer,0.51363,anc2a_47_I_unrelaxed_rank_005_alphafold2_model_2_seed_001.pdb
699,47,Chemokine,0.78351,anc2a_47_I_unrelaxed_rank_006_alphafold2_model_2_seed_003.pdb
700,47,Dimer,0.53683,anc2a_47_I_unrelaxed_rank_007_alphafold2_model_3_seed_004.pdb
701,47,Dimer,0.53733,anc2a_47_I_unrelaxed_rank_008_alphafold2_model_3_seed_001.pdb
702,47,Dimer,0.52517,anc2a_47_I_unrelaxed_rank_009_alphafold2_model_1_seed_004.pdb
703,47,Chemokine,0.76622,anc2a_47_I_unrelaxed_rank_010_alphafold2_model_5_seed_002.pdb
704,47,Dimer,0.53673,anc2a_47_I_unrelaxed_rank_011_alphafold2_model_3_seed_000.pdb
705,47,Dimer,0.52983,anc2a_47_I_unrelaxed_rank_012_alphafold2_model_4_seed_001.pdb
706,47,Chemokine,0.72741,anc2a_47_I_unrelaxed_rank_013_alphafold2_model_5_seed_000.pdb
707,47,Dimer,0.53079,anc2a_47_I_unrelaxed_rank_014_alphafold2_model_3_seed_002.pdb
708,47,Dimer,0.53185,anc2a_47_I_unrelaxed_rank_015_alphafold2_model_3_seed_003.pdb
709,47,Dimer,0.53106,anc2a_47_I_unrelaxed_rank_016_alphafold2_model_4_seed_002.pdb
710,47,Chemokine,0.72569,anc2a_47_I_unrelaxed_rank_017_alphafold2_model_5_seed_004.pdb
711,47,Dimer,0.53216,anc2a_47_I_unrelaxed_rank_018_alphafold2_model_4_seed_004.pdb
712,47,Dimer,0.52933,anc2a_47_I_unrelaxed_rank_019_alphafold2_model_1_seed_000.pdb
713,47,Chemokine,0.7366,anc2a_47_I_unrelaxed_rank_020_alphafold2_model_1_seed_003.pdb
714,47,Chemokine,0.787,anc2a_47_L_unrelaxed_rank_001_alphafold2_model_2_seed_001.pdb
715,47,Chemokine,0.78687,anc2a_47_L_unrelaxed_rank_002_alphafold2_model_2_seed_004.pdb
716,47,Chemokine,0.77696,anc2a_47_L_unrelaxed_rank_003_alphafold2_model_2_seed_003.pdb
717,47,Chemokine,0.78659,anc2a_47_L_unrelaxed_rank_004_alphafold2_model_2_seed_002.pdb
718,47,Chemokine,0.7768,anc2a_47_L_unrelaxed_rank_005_alphafold2_model_2_seed_000.pdb
719,47,Chemokine,0.76298,anc2a_47_L_unrelaxed_rank_006_alphafold2_model_1_seed_002.pdb
720,47,Chemokine,0.76813,anc2a_47_L_unrelaxed_rank_007_alphafold2_model_1_seed_003.pdb
721,47,Dimer,0.51182,anc2a_47_L_unrelaxed_rank_008_alphafold2_model_3_seed_001.pdb
722,47,Dimer,0.51247,anc2a_47_L_unrelaxed_rank_009_alphafold2_model_3_seed_000.pdb
723,47,Chemokine,0.7292,anc2a_47_L_unrelaxed_rank_010_alphafold2_model_5_seed_004.pdb
724,47,Chemokine,0.73259,anc2a_47_L_unrelaxed_rank_011_alphafold2_model_5_seed_002.pdb
725,47,Chemokine,0.72734,anc2a_47_L_unrelaxed_rank_012_alphafold2_model_5_seed_000.pdb
726,47,Chemokine,0.72926,anc2a_47_L_unrelaxed_rank_013_alphafold2_model_5_seed_001.pdb
727,47,Chemokine,0.73087,anc2a_47_L_unrelaxed_rank_014_alphafold2_model_5_seed_003.pdb
728,47,Chemokine,0.7607,anc2a_47_L_unrelaxed_rank_015_alphafold2_model_4_seed_000.pdb
729,47,Dimer,0.50926,anc2a_47_L_unrelaxed_rank_016_alphafold2_model_3_seed_004.pdb
730,47,Dimer,0.52173,anc2a_47_L_unrelaxed_rank_017_alphafold2_model_4_seed_004.pdb
731,47,Dimer,0.52266,anc2a_47_L_unrelaxed_rank_018_alphafold2_model_4_seed_001.pdb
732,47,Dimer,0.51231,anc2a_47_L_unrelaxed_rank_019_alphafold2_model_4_seed_002.pdb
733,47,Dimer,0.51057,anc2a_47_L_unrelaxed_rank_020_alphafold2_model_1_seed_001.pdb
734,47,Chemokine,0.70977,anc2a_47_M_unrelaxed_rank_001_alphafold2_model_3_seed_003.pdb
735,47,Chemokine,0.76745,anc2a_47_M_unrelaxed_rank_002_alphafold2_model_3_seed_004.pdb
736,47,Chemokine,0.76644,anc2a_47_M_unrelaxed_rank_003_alphafold2_model_3_seed_002.pdb
737,47,Chemokine,0.77021,anc2a_47_M_unrelaxed_rank_004_alphafold2_model_3_seed_000.pdb
738,47,Chemokine,0.77743,anc2a_47_M_unrelaxed_rank_005_alphafold2_model_2_seed_002.pdb
739,47,Chemokine,0.76829,anc2a_47_M_unrelaxed_rank_006_alphafold2_model_1_seed_002.pdb
740,47,Chemokine,0.77082,anc2a_47_M_unrelaxed_rank_007_alphafold2_model_1_seed_000.pdb
741,47,Chemokine,0.78726,anc2a_47_M_unrelaxed_rank_008_alphafold2_model_4_seed_004.pdb
742,47,Chemokine,0.77816,anc2a_47_M_unrelaxed_rank_009_alphafold2_model_2_seed_003.pdb
743,47,Chemokine,0.77471,anc2a_47_M_unrelaxed_rank_010_alphafold2_model_2_seed_004.pdb
744,47,Chemokine,0.76533,anc2a_47_M_unrelaxed_rank_011_alphafold2_model_1_seed_004.pdb
745,47,Dimer,0.51808,anc2a_47_M_unrelaxed_rank_012_alphafold2_model_3_seed_001.pdb
746,47,Chemokine,0.76152,anc2a_47_M_unrelaxed_rank_013_alphafold2_model_2_seed_001.pdb
747,47,Chemokine,0.70174,anc2a_47_M_unrelaxed_rank_014_alphafold2_model_5_seed_004.pdb
748,47,Chemokine,0.70383,anc2a_47_M_unrelaxed_rank_015_alphafold2_model_5_seed_003.pdb
749,47,Chemokine,0.75074,anc2a_47_M_unrelaxed_rank_016_alphafold2_model_2_seed_000.pdb
750,47,Dimer,0.51323,anc2a_47_M_unrelaxed_rank_017_alphafold2_model_4_seed_001.pdb
751,47,Chemokine,0.70384,anc2a_47_M_unrelaxed_rank_018_alphafold2_model_5_seed_000.pdb
752,47,Chemokine,0.70161,anc2a_47_M_unrelaxed_rank_019_alphafold2_model_4_seed_002.pdb
753,47,Chemokine,0.70151,anc2a_47_M_unrelaxed_rank_020_alphafold2_model_4_seed_003.pdb
754,47,Chemokine,0.69037,anc2a_47_M_unrelaxed_rank_021_alphafold2_model_4_seed_000.pdb
755,47,Chemokine,0.69484,anc2a_47_M_unrelaxed_rank_022_alphafold2_model_5_seed_001.pdb
756,47,Chemokine,0.66467,anc2a_47_M_unrelaxed_rank_023_alphafold2_model_5_seed_002.pdb
757,I,Dimer,0.5205,anc2a_I_unrelaxed_rank_001_alphafold2_model_2_seed_003.pdb
758,I,Dimer,0.52094,anc2a_I_unrelaxed_rank_002_alphafold2_model_2_seed_004.pdb
759,I,Dimer,0.51066,anc2a_I_unrelaxed_rank_003_alphafold2_model_2_seed_002.pdb
760,I,Dimer,0.52211,anc2a_I_unrelaxed_rank_004_alphafold2_model_2_seed_001.pdb
761,I,Dimer,0.5209,anc2a_I_unrelaxed_rank_005_alphafold2_model_2_seed_000.pdb
762,I,Dimer,0.53464,anc2a_I_unrelaxed_rank_006_alphafold2_model_1_seed_001.pdb
763,I,Dimer,0.53568,anc2a_I_unrelaxed_rank_007_alphafold2_model_3_seed_004.pdb
764,I,Dimer,0.53734,anc2a_I_unrelaxed_rank_008_alphafold2_model_3_seed_001.pdb
765,I,Dimer,0.53416,anc2a_I_unrelaxed_rank_009_alphafold2_model_3_seed_003.pdb
766,I,Dimer,0.53258,anc2a_I_unrelaxed_rank_010_alphafold2_model_1_seed_004.pdb
767,I,Dimer,0.52809,anc2a_I_unrelaxed_rank_011_alphafold2_model_1_seed_002.pdb
768,I,Dimer,0.53497,anc2a_I_unrelaxed_rank_012_alphafold2_model_3_seed_000.pdb
769,I,Dimer,0.52793,anc2a_I_unrelaxed_rank_013_alphafold2_model_1_seed_000.pdb
770,I,Dimer,0.53401,anc2a_I_unrelaxed_rank_014_alphafold2_model_3_seed_002.pdb
771,I,Chemokine,0.74009,anc2a_I_unrelaxed_rank_015_alphafold2_model_5_seed_002.pdb
772,I,Dimer,0.52811,anc2a_I_unrelaxed_rank_016_alphafold2_model_4_seed_004.pdb
773,I,Dimer,0.51981,anc2a_I_unrelaxed_rank_017_alphafold2_model_1_seed_003.pdb
774,I,Dimer,0.53109,anc2a_I_unrelaxed_rank_018_alphafold2_model_4_seed_002.pdb
775,I,Dimer,0.53776,anc2a_I_unrelaxed_rank_019_alphafold2_model_4_seed_003.pdb
776,I,Dimer,0.53158,anc2a_I_unrelaxed_rank_020_alphafold2_model_4_seed_001.pdb
777,I,Dimer,0.53867,anc2a_I_unrelaxed_rank_021_alphafold2_model_4_seed_000.pdb
778,I,Chemokine,0.72056,anc2a_I_unrelaxed_rank_022_alphafold2_model_5_seed_001.pdb
779,I,Chemokine,0.72206,anc2a_I_unrelaxed_rank_023_alphafold2_model_5_seed_000.pdb
780,L,Dimer,0.51135,anc2a_L_unrelaxed_rank_001_alphafold2_model_2_seed_004.pdb
781,L,Dimer,0.5131,anc2a_L_unrelaxed_rank_002_alphafold2_model_3_seed_001.pdb
782,L,Dimer,0.50742,anc2a_L_unrelaxed_rank_003_alphafold2_model_3_seed_004.pdb
783,L,Dimer,0.51284,anc2a_L_unrelaxed_rank_004_alphafold2_model_3_seed_003.pdb
784,L,Dimer,0.50326,anc2a_L_unrelaxed_rank_005_alphafold2_model_2_seed_001.pdb
785,L,Dimer,0.51113,anc2a_L_unrelaxed_rank_006_alphafold2_model_2_seed_000.pdb
786,L,Dimer,0.51572,anc2a_L_unrelaxed_rank_007_alphafold2_model_3_seed_000.pdb
787,L,Dimer,0.50629,anc2a_L_unrelaxed_rank_008_alphafold2_model_1_seed_001.pdb
788,L,Dimer,0.50361,anc2a_L_unrelaxed_rank_009_alphafold2_model_1_seed_004.pdb
789,L,Chemokine,0.7263,anc2a_L_unrelaxed_rank_010_alphafold2_model_5_seed_001.pdb
790,L,Chemokine,0.74498,anc2a_L_unrelaxed_rank_011_alphafold2_model_5_seed_002.pdb
791,L,Chemokine,0.72832,anc2a_L_unrelaxed_rank_012_alphafold2_model_5_seed_003.pdb
792,L,Chemokine,0.76344,anc2a_L_unrelaxed_rank_013_alphafold2_model_5_seed_000.pdb
793,L,Chemokine,0.73042,anc2a_L_unrelaxed_rank_014_alphafold2_model_5_seed_004.pdb
794,L,Dimer,0.5,anc2a_L_unrelaxed_rank_015_alphafold2_model_1_seed_000.pdb
795,L,Chemokine,0.72749,anc2a_L_unrelaxed_rank_016_alphafold2_model_2_seed_003.pdb
796,L,Dimer,0.50969,anc2a_L_unrelaxed_rank_017_alphafold2_model_4_seed_004.pdb
797,L,Dimer,0.51091,anc2a_L_unrelaxed_rank_019_alphafold2_model_4_seed_001.pdb
798,L,Dimer,0.50876,anc2a_L_unrelaxed_rank_020_alphafold2_model_4_seed_003.pdb
799,L,Dimer,0.51069,anc2a_L_unrelaxed_rank_021_alphafold2_model_4_seed_002.pdb
800,L,Dimer,0.50889,anc2a_L_unrelaxed_rank_022_alphafold2_model_4_seed_000.pdb
801,V,Dimer,0.51484,anc2a_V_unrelaxed_rank_001_alphafold2_model_2_seed_000.pdb
802,V,Dimer,0.52442,anc2a_V_unrelaxed_rank_002_alphafold2_model_1_seed_001.pdb
803,V,Chemokine,0.78374,anc2a_V_unrelaxed_rank_003_alphafold2_model_2_seed_002.pdb
804,V,Dimer,0.51835,anc2a_V_unrelaxed_rank_004_alphafold2_model_2_seed_004.pdb
805,V,Dimer,0.51363,anc2a_V_unrelaxed_rank_005_alphafold2_model_2_seed_001.pdb
806,V,Chemokine,0.78351,anc2a_V_unrelaxed_rank_006_alphafold2_model_2_seed_003.pdb
807,V,Dimer,0.53683,anc2a_V_unrelaxed_rank_007_alphafold2_model_3_seed_004.pdb
808,V,Dimer,0.53733,anc2a_V_unrelaxed_rank_008_alphafold2_model_3_seed_001.pdb
809,V,Dimer,0.52517,anc2a_V_unrelaxed_rank_009_alphafold2_model_1_seed_004.pdb
810,V,Chemokine,0.76622,anc2a_V_unrelaxed_rank_010_alphafold2_model_5_seed_002.pdb
811,V,Dimer,0.53673,anc2a_V_unrelaxed_rank_011_alphafold2_model_3_seed_000.pdb
812,V,Dimer,0.52983,anc2a_V_unrelaxed_rank_012_alphafold2_model_4_seed_001.pdb
813,V,Chemokine,0.72741,anc2a_V_unrelaxed_rank_013_alphafold2_model_5_seed_000.pdb
814,V,Dimer,0.53079,anc2a_V_unrelaxed_rank_014_alphafold2_model_3_seed_002.pdb
815,V,Dimer,0.53185,anc2a_V_unrelaxed_rank_015_alphafold2_model_3_seed_003.pdb
816,V,Dimer,0.53106,anc2a_V_unrelaxed_rank_016_alphafold2_model_4_seed_002.pdb
817,V,Chemokine,0.72569,anc2a_V_unrelaxed_rank_017_alphafold2_model_5_seed_004.pdb
818,V,Dimer,0.53216,anc2a_V_unrelaxed_rank_018_alphafold2_model_4_seed_004.pdb
819,V,Dimer,0.52933,anc2a_V_unrelaxed_rank_019_alphafold2_model_1_seed_000.pdb
820,V,Chemokine,0.7366,anc2a_V_unrelaxed_rank_020_alphafold2_model_1_seed_003.pdb
821,14,Chemokine,0.75533,anc2b_14_I_unrelaxed_rank_001_alphafold2_model_3_seed_001.pdb
822,14,Chemokine,0.76372,anc2b_14_I_unrelaxed_rank_002_alphafold2_model_3_seed_004.pdb
823,14,Chemokine,0.76748,anc2b_14_I_unrelaxed_rank_003_alphafold2_model_2_seed_004.pdb
824,14,Chemokine,0.75593,anc2b_14_I_unrelaxed_rank_004_alphafold2_model_3_seed_002.pdb
825,14,Chemokine,0.72877,anc2b_14_I_unrelaxed_rank_005_alphafold2_model_1_seed_003.pdb
826,14,Chemokine,0.72905,anc2b_14_I_unrelaxed_rank_006_alphafold2_model_1_seed_000.pdb
827,14,Chemokine,0.73831,anc2b_14_I_unrelaxed_rank_007_alphafold2_model_1_seed_001.pdb
828,14,Chemokine,0.72974,anc2b_14_I_unrelaxed_rank_008_alphafold2_model_1_seed_002.pdb
829,14,Chemokine,0.73295,anc2b_14_I_unrelaxed_rank_009_alphafold2_model_1_seed_004.pdb
830,14,Chemokine,0.73256,anc2b_14_I_unrelaxed_rank_010_alphafold2_model_4_seed_000.pdb
831,14,Chemokine,0.75512,anc2b_14_I_unrelaxed_rank_011_alphafold2_model_3_seed_003.pdb
832,14,Chemokine,0.73231,anc2b_14_I_unrelaxed_rank_012_alphafold2_model_4_seed_004.pdb
833,14,Chemokine,0.73521,anc2b_14_I_unrelaxed_rank_013_alphafold2_model_4_seed_003.pdb
834,14,Chemokine,0.74394,anc2b_14_I_unrelaxed_rank_014_alphafold2_model_3_seed_000.pdb
835,14,Chemokine,0.74048,anc2b_14_I_unrelaxed_rank_015_alphafold2_model_2_seed_002.pdb
836,14,Chemokine,0.74959,anc2b_14_I_unrelaxed_rank_016_alphafold2_model_2_seed_000.pdb
837,14,Chemokine,0.73156,anc2b_14_I_unrelaxed_rank_017_alphafold2_model_5_seed_004.pdb
838,14,Chemokine,0.73322,anc2b_14_I_unrelaxed_rank_018_alphafold2_model_5_seed_003.pdb
839,14,Chemokine,0.75241,anc2b_14_I_unrelaxed_rank_019_alphafold2_model_5_seed_002.pdb
840,14,Dimer,0.51836,anc2b_14_I_unrelaxed_rank_020_alphafold2_model_2_seed_001.pdb
841,14,Chemokine,0.75505,anc2b_14_L_unrelaxed_rank_001_alphafold2_model_3_seed_003.pdb
842,14,Chemokine,0.75518,anc2b_14_L_unrelaxed_rank_002_alphafold2_model_3_seed_004.pdb
843,14,Chemokine,0.75283,anc2b_14_L_unrelaxed_rank_003_alphafold2_model_2_seed_003.pdb
844,14,Chemokine,0.76498,anc2b_14_L_unrelaxed_rank_004_alphafold2_model_2_seed_000.pdb
845,14,Chemokine,0.73934,anc2b_14_L_unrelaxed_rank_005_alphafold2_model_3_seed_002.pdb
846,14,Chemokine,0.74066,anc2b_14_L_unrelaxed_rank_006_alphafold2_model_3_seed_000.pdb
847,14,Chemokine,0.72289,anc2b_14_L_unrelaxed_rank_007_alphafold2_model_1_seed_003.pdb
848,14,Chemokine,0.73241,anc2b_14_L_unrelaxed_rank_008_alphafold2_model_1_seed_004.pdb
849,14,Chemokine,0.72743,anc2b_14_L_unrelaxed_rank_009_alphafold2_model_3_seed_001.pdb
850,14,Chemokine,0.73897,anc2b_14_L_unrelaxed_rank_010_alphafold2_model_1_seed_000.pdb
851,14,Chemokine,0.7382,anc2b_14_L_unrelaxed_rank_011_alphafold2_model_4_seed_004.pdb
852,14,Dimer,0.50882,anc2b_14_L_unrelaxed_rank_012_alphafold2_model_2_seed_001.pdb
853,14,Chemokine,0.72836,anc2b_14_L_unrelaxed_rank_013_alphafold2_model_4_seed_000.pdb
854,14,Chemokine,0.72411,anc2b_14_L_unrelaxed_rank_014_alphafold2_model_4_seed_003.pdb
855,14,Chemokine,0.75519,anc2b_14_L_unrelaxed_rank_015_alphafold2_model_2_seed_004.pdb
856,14,Dimer,0.51961,anc2b_14_L_unrelaxed_rank_016_alphafold2_model_2_seed_002.pdb
857,14,Chemokine,0.51908,anc2b_14_L_unrelaxed_rank_017_alphafold2_model_1_seed_002.pdb
858,14,Chemokine,0.76069,anc2b_14_V_unrelaxed_rank_001_alphafold2_model_2_seed_000.pdb
859,14,Chemokine,0.75919,anc2b_14_V_unrelaxed_rank_002_alphafold2_model_3_seed_001.pdb
860,14,Chemokine,0.72687,anc2b_14_V_unrelaxed_rank_003_alphafold2_model_1_seed_004.pdb
861,14,Chemokine,0.75628,anc2b_14_V_unrelaxed_rank_004_alphafold2_model_3_seed_002.pdb
862,14,Chemokine,0.75733,anc2b_14_V_unrelaxed_rank_005_alphafold2_model_3_seed_003.pdb
863,14,Chemokine,0.72391,anc2b_14_V_unrelaxed_rank_006_alphafold2_model_1_seed_003.pdb
864,14,Chemokine,0.72743,anc2b_14_V_unrelaxed_rank_007_alphafold2_model_1_seed_000.pdb
865,14,Chemokine,0.75323,anc2b_14_V_unrelaxed_rank_008_alphafold2_model_3_seed_004.pdb
866,14,Chemokine,0.72172,anc2b_14_V_unrelaxed_rank_009_alphafold2_model_1_seed_002.pdb
867,14,Chemokine,0.73217,anc2b_14_V_unrelaxed_rank_010_alphafold2_model_4_seed_004.pdb
868,14,Chemokine,0.73257,anc2b_14_V_unrelaxed_rank_011_alphafold2_model_4_seed_000.pdb
869,14,Chemokine,0.72871,anc2b_14_V_unrelaxed_rank_012_alphafold2_model_5_seed_003.pdb
870,14,Chemokine,0.73627,anc2b_14_V_unrelaxed_rank_013_alphafold2_model_1_seed_001.pdb
871,14,Chemokine,0.73293,anc2b_14_V_unrelaxed_rank_014_alphafold2_model_4_seed_003.pdb
872,14,Chemokine,0.74031,anc2b_14_V_unrelaxed_rank_015_alphafold2_model_2_seed_002.pdb
873,14,Chemokine,0.741,anc2b_14_V_unrelaxed_rank_016_alphafold2_model_2_seed_003.pdb
874,14,Chemokine,0.73767,anc2b_14_V_unrelaxed_rank_017_alphafold2_model_2_seed_004.pdb
875,14,Chemokine,0.72818,anc2b_14_V_unrelaxed_rank_018_alphafold2_model_3_seed_000.pdb
876,14,Chemokine,0.75497,anc2b_14_V_unrelaxed_rank_019_alphafold2_model_2_seed_001.pdb
877,14,Chemokine,0.73012,anc2b_14_V_unrelaxed_rank_020_alphafold2_model_5_seed_004.pdb
878,14,Chemokine,0.74558,anc2b_14_V_unrelaxed_rank_021_alphafold2_model_5_seed_000.pdb
879,36,Chemokine,0.77407,anc2b_36_A_unrelaxed_rank_001_alphafold2_model_2_seed_002.pdb
880,36,Chemokine,0.77323,anc2b_36_A_unrelaxed_rank_002_alphafold2_model_2_seed_004.pdb
881,36,Chemokine,0.76387,anc2b_36_A_unrelaxed_rank_003_alphafold2_model_3_seed_003.pdb
882,36,Chemokine,0.76351,anc2b_36_A_unrelaxed_rank_004_alphafold2_model_3_seed_002.pdb
883,36,Chemokine,0.76444,anc2b_36_A_unrelaxed_rank_005_alphafold2_model_3_seed_000.pdb
884,36,Chemokine,0.77363,anc2b_36_A_unrelaxed_rank_006_alphafold2_model_2_seed_003.pdb
885,36,Chemokine,0.75898,anc2b_36_A_unrelaxed_rank_007_alphafold2_model_3_seed_004.pdb
886,36,Chemokine,0.77862,anc2b_36_A_unrelaxed_rank_008_alphafold2_model_2_seed_001.pdb
887,36,Chemokine,0.76766,anc2b_36_A_unrelaxed_rank_009_alphafold2_model_1_seed_002.pdb
888,36,Chemokine,0.75286,anc2b_36_A_unrelaxed_rank_010_alphafold2_model_1_seed_003.pdb
889,36,Chemokine,0.73796,anc2b_36_A_unrelaxed_rank_011_alphafold2_model_1_seed_000.pdb
890,36,Chemokine,0.74507,anc2b_36_A_unrelaxed_rank_012_alphafold2_model_1_seed_004.pdb
891,36,Chemokine,0.75035,anc2b_36_A_unrelaxed_rank_013_alphafold2_model_2_seed_000.pdb
892,36,Chemokine,0.76986,anc2b_36_A_unrelaxed_rank_014_alphafold2_model_4_seed_000.pdb
893,36,Dimer,0.54295,anc2b_36_A_unrelaxed_rank_015_alphafold2_model_3_seed_001.pdb
894,36,Chemokine,0.7184,anc2b_36_A_unrelaxed_rank_016_alphafold2_model_4_seed_003.pdb
895,36,Chemokine,0.68839,anc2b_36_A_unrelaxed_rank_017_alphafold2_model_4_seed_004.pdb
896,36,Chemokine,0.78962,anc2b_36_G_unrelaxed_rank_001_alphafold2_model_1_seed_003.pdb
897,36,Chemokine,0.78869,anc2b_36_G_unrelaxed_rank_002_alphafold2_model_1_seed_004.pdb
898,36,Chemokine,0.78791,anc2b_36_G_unrelaxed_rank_003_alphafold2_model_1_seed_000.pdb
899,36,Chemokine,0.78808,anc2b_36_G_unrelaxed_rank_004_alphafold2_model_1_seed_001.pdb
900,36,Chemokine,0.79024,anc2b_36_G_unrelaxed_rank_005_alphafold2_model_1_seed_002.pdb
901,36,Chemokine,0.79627,anc2b_36_G_unrelaxed_rank_006_alphafold2_model_2_seed_002.pdb
902,36,Chemokine,0.76277,anc2b_36_G_unrelaxed_rank_007_alphafold2_model_3_seed_001.pdb
903,36,Chemokine,0.7613,anc2b_36_G_unrelaxed_rank_008_alphafold2_model_3_seed_004.pdb
904,36,Chemokine,0.77477,anc2b_36_G_unrelaxed_rank_009_alphafold2_model_3_seed_003.pdb
905,36,Chemokine,0.79626,anc2b_36_G_unrelaxed_rank_010_alphafold2_model_2_seed_001.pdb
906,36,Chemokine,0.76231,anc2b_36_G_unrelaxed_rank_011_alphafold2_model_3_seed_002.pdb
907,36,Chemokine,0.79688,anc2b_36_G_unrelaxed_rank_012_alphafold2_model_2_seed_003.pdb
908,36,Chemokine,0.76323,anc2b_36_G_unrelaxed_rank_013_alphafold2_model_3_seed_000.pdb
909,36,Chemokine,0.79716,anc2b_36_G_unrelaxed_rank_014_alphafold2_model_2_seed_000.pdb
910,36,Chemokine,0.78232,anc2b_36_G_unrelaxed_rank_015_alphafold2_model_4_seed_004.pdb
911,36,Chemokine,0.78978,anc2b_36_G_unrelaxed_rank_016_alphafold2_model_4_seed_003.pdb
912,36,Chemokine,0.7935,anc2b_36_G_unrelaxed_rank_017_alphafold2_model_4_seed_002.pdb
913,36,Chemokine,0.77993,anc2b_36_G_unrelaxed_rank_018_alphafold2_model_4_seed_001.pdb
914,36,Chemokine,0.78399,anc2b_36_G_unrelaxed_rank_019_alphafold2_model_4_seed_000.pdb
915,36,Chemokine,0.77372,anc2b_36_G_unrelaxed_rank_020_alphafold2_model_5_seed_002.pdb
916,36,Chemokine,0.7795,anc2b_36_G_unrelaxed_rank_021_alphafold2_model_5_seed_003.pdb
917,36,Chemokine,0.75487,anc2b_36_G_unrelaxed_rank_022_alphafold2_model_2_seed_004.pdb
918,36,Chemokine,0.77234,anc2b_36_G_unrelaxed_rank_023_alphafold2_model_5_seed_000.pdb
919,36,Chemokine,0.71601,anc2b_36_G_unrelaxed_rank_024_alphafold2_model_5_seed_001.pdb
920,36,Chemokine,0.74227,anc2b_36_I_unrelaxed_rank_001_alphafold2_model_2_seed_003.pdb
921,36,Chemokine,0.74428,anc2b_36_I_unrelaxed_rank_002_alphafold2_model_2_seed_002.pdb
922,36,Chemokine,0.72942,anc2b_36_I_unrelaxed_rank_003_alphafold2_model_1_seed_002.pdb
923,36,Chemokine,0.7357,anc2b_36_I_unrelaxed_rank_004_alphafold2_model_2_seed_004.pdb
924,36,Chemokine,0.73703,anc2b_36_I_unrelaxed_rank_005_alphafold2_model_2_seed_000.pdb
925,36,Chemokine,0.66975,anc2b_36_I_unrelaxed_rank_006_alphafold2_model_1_seed_004.pdb
926,36,Chemokine,0.66849,anc2b_36_I_unrelaxed_rank_007_alphafold2_model_1_seed_003.pdb
927,36,Chemokine,0.67351,anc2b_36_I_unrelaxed_rank_008_alphafold2_model_1_seed_000.pdb
928,38,Chemokine,0.77407,anc2b_38_I_unrelaxed_rank_001_alphafold2_model_2_seed_002.pdb
929,38,Chemokine,0.77323,anc2b_38_I_unrelaxed_rank_002_alphafold2_model_2_seed_004.pdb
930,38,Chemokine,0.76387,anc2b_38_I_unrelaxed_rank_003_alphafold2_model_3_seed_003.pdb
931,38,Chemokine,0.76351,anc2b_38_I_unrelaxed_rank_004_alphafold2_model_3_seed_002.pdb
932,38,Chemokine,0.76444,anc2b_38_I_unrelaxed_rank_005_alphafold2_model_3_seed_000.pdb
933,38,Chemokine,0.77363,anc2b_38_I_unrelaxed_rank_006_alphafold2_model_2_seed_003.pdb
934,38,Chemokine,0.75898,anc2b_38_I_unrelaxed_rank_007_alphafold2_model_3_seed_004.pdb
935,38,Chemokine,0.77862,anc2b_38_I_unrelaxed_rank_008_alphafold2_model_2_seed_001.pdb
936,38,Chemokine,0.76766,anc2b_38_I_unrelaxed_rank_009_alphafold2_model_1_seed_002.pdb
937,38,Chemokine,0.75286,anc2b_38_I_unrelaxed_rank_010_alphafold2_model_1_seed_003.pdb
938,38,Chemokine,0.73796,anc2b_38_I_unrelaxed_rank_011_alphafold2_model_1_seed_000.pdb
939,38,Chemokine,0.74507,anc2b_38_I_unrelaxed_rank_012_alphafold2_model_1_seed_004.pdb
940,38,Chemokine,0.75035,anc2b_38_I_unrelaxed_rank_013_alphafold2_model_2_seed_000.pdb
941,38,Chemokine,0.76986,anc2b_38_I_unrelaxed_rank_014_alphafold2_model_4_seed_000.pdb
942,38,Dimer,0.54295,anc2b_38_I_unrelaxed_rank_015_alphafold2_model_3_seed_001.pdb
943,38,Chemokine,0.7184,anc2b_38_I_unrelaxed_rank_016_alphafold2_model_4_seed_003.pdb
944,38,Chemokine,0.68839,anc2b_38_I_unrelaxed_rank_017_alphafold2_model_4_seed_004.pdb
945,38,Chemokine,0.77686,anc2b_38_L_unrelaxed_rank_001_alphafold2_model_1_seed_002.pdb
946,38,Chemokine,0.78247,anc2b_38_L_unrelaxed_rank_002_alphafold2_model_2_seed_003.pdb
947,38,Chemokine,0.78658,anc2b_38_L_unrelaxed_rank_003_alphafold2_model_2_seed_002.pdb
948,38,Chemokine,0.76474,anc2b_38_L_unrelaxed_rank_004_alphafold2_model_1_seed_000.pdb
949,38,Chemokine,0.76426,anc2b_38_L_unrelaxed_rank_005_alphafold2_model_5_seed_004.pdb
950,38,Chemokine,0.73302,anc2b_38_L_unrelaxed_rank_006_alphafold2_model_1_seed_004.pdb
951,38,Chemokine,0.73631,anc2b_38_L_unrelaxed_rank_007_alphafold2_model_1_seed_003.pdb
952,38,Chemokine,0.76585,anc2b_38_L_unrelaxed_rank_008_alphafold2_model_5_seed_002.pdb
953,38,Chemokine,0.77024,anc2b_38_L_unrelaxed_rank_009_alphafold2_model_5_seed_003.pdb
954,38,Chemokine,0.76852,anc2b_38_L_unrelaxed_rank_010_alphafold2_model_5_seed_001.pdb
955,38,Chemokine,0.76589,anc2b_38_L_unrelaxed_rank_011_alphafold2_model_5_seed_000.pdb
956,38,Dimer,0.52196,anc2b_38_L_unrelaxed_rank_012_alphafold2_model_2_seed_001.pdb
957,38,Dimer,0.51885,anc2b_38_L_unrelaxed_rank_013_alphafold2_model_2_seed_000.pdb
958,38,Dimer,0.52664,anc2b_38_L_unrelaxed_rank_014_alphafold2_model_4_seed_001.pdb
959,38,Dimer,0.52385,anc2b_38_L_unrelaxed_rank_015_alphafold2_model_4_seed_003.pdb
960,38,Dimer,0.52313,anc2b_38_L_unrelaxed_rank_016_alphafold2_model_4_seed_000.pdb
961,38,Dimer,0.5262,anc2b_38_L_unrelaxed_rank_017_alphafold2_model_4_seed_002.pdb
962,38,Dimer,0.52196,anc2b_38_L_unrelaxed_rank_018_alphafold2_model_4_seed_004.pdb
963,38,Chemokine,0.76065,anc2b_38_V_unrelaxed_rank_001_alphafold2_model_3_seed_002.pdb
964,38,Chemokine,0.76474,anc2b_38_V_unrelaxed_rank_002_alphafold2_model_3_seed_004.pdb
965,38,Chemokine,0.76773,anc2b_38_V_unrelaxed_rank_003_alphafold2_model_3_seed_003.pdb
966,38,Chemokine,0.78511,anc2b_38_V_unrelaxed_rank_004_alphafold2_model_2_seed_002.pdb
967,38,Chemokine,0.76245,anc2b_38_V_unrelaxed_rank_005_alphafold2_model_1_seed_000.pdb
968,38,Chemokine,0.77246,anc2b_38_V_unrelaxed_rank_006_alphafold2_model_4_seed_002.pdb
969,38,Chemokine,0.7868,anc2b_38_V_unrelaxed_rank_007_alphafold2_model_2_seed_001.pdb
970,38,Chemokine,0.78129,anc2b_38_V_unrelaxed_rank_008_alphafold2_model_4_seed_003.pdb
971,38,Chemokine,0.78848,anc2b_38_V_unrelaxed_rank_009_alphafold2_model_2_seed_003.pdb
972,38,Chemokine,0.73164,anc2b_38_V_unrelaxed_rank_010_alphafold2_model_1_seed_002.pdb
973,38,Chemokine,0.73304,anc2b_38_V_unrelaxed_rank_011_alphafold2_model_1_seed_003.pdb
974,38,Chemokine,0.77693,anc2b_38_V_unrelaxed_rank_012_alphafold2_model_4_seed_001.pdb
975,38,Chemokine,0.78564,anc2b_38_V_unrelaxed_rank_013_alphafold2_model_2_seed_000.pdb
976,38,Chemokine,0.74472,anc2b_38_V_unrelaxed_rank_014_alphafold2_model_1_seed_004.pdb
977,38,Dimer,0.52635,anc2b_38_V_unrelaxed_rank_015_alphafold2_model_2_seed_004.pdb
978,38,Chemokine,0.73714,anc2b_38_V_unrelaxed_rank_016_alphafold2_model_4_seed_004.pdb
979,38,Chemokine,0.73521,anc2b_38_V_unrelaxed_rank_017_alphafold2_model_4_seed_000.pdb
980,38,Dimer,0.55164,anc2b_38_V_unrelaxed_rank_018_alphafold2_model_3_seed_000.pdb
981,38,Dimer,0.55226,anc2b_38_V_unrelaxed_rank_019_alphafold2_model_3_seed_001.pdb
982,38,Chemokine,0.72643,anc2b_38_V_unrelaxed_rank_020_alphafold2_model_5_seed_003.pdb
983,40,Dimer,0.53999,anc2b_40_G_unrelaxed_rank_001_alphafold2_model_3_seed_002.pdb
984,40,Dimer,0.53119,anc2b_40_G_unrelaxed_rank_002_alphafold2_model_2_seed_001.pdb
985,40,Dimer,0.54055,anc2b_40_G_unrelaxed_rank_003_alphafold2_model_3_seed_004.pdb
986,40,Dimer,0.53811,anc2b_40_G_unrelaxed_rank_004_alphafold2_model_1_seed_004.pdb
987,40,Dimer,0.53814,anc2b_40_G_unrelaxed_rank_005_alphafold2_model_1_seed_002.pdb
988,40,Dimer,0.52371,anc2b_40_G_unrelaxed_rank_006_alphafold2_model_2_seed_004.pdb
989,40,Dimer,0.53978,anc2b_40_G_unrelaxed_rank_007_alphafold2_model_3_seed_003.pdb
990,40,Dimer,0.54059,anc2b_40_G_unrelaxed_rank_008_alphafold2_model_3_seed_001.pdb
991,40,Dimer,0.52724,anc2b_40_G_unrelaxed_rank_009_alphafold2_model_1_seed_001.pdb
992,40,Dimer,0.53584,anc2b_40_G_unrelaxed_rank_010_alphafold2_model_1_seed_000.pdb
993,40,Dimer,0.53921,anc2b_40_G_unrelaxed_rank_011_alphafold2_model_1_seed_003.pdb
994,40,Dimer,0.52691,anc2b_40_G_unrelaxed_rank_012_alphafold2_model_5_seed_002.pdb
995,40,Dimer,0.53602,anc2b_40_G_unrelaxed_rank_013_alphafold2_model_3_seed_000.pdb
996,40,Dimer,0.53843,anc2b_40_G_unrelaxed_rank_014_alphafold2_model_4_seed_002.pdb
997,40,Dimer,0.53043,anc2b_40_G_unrelaxed_rank_015_alphafold2_model_5_seed_004.pdb
998,40,Dimer,0.53199,anc2b_40_G_unrelaxed_rank_016_alphafold2_model_5_seed_003.pdb
999,40,Dimer,0.53754,anc2b_40_G_unrelaxed_rank_017_alphafold2_model_4_seed_003.pdb
1000,40,Dimer,0.5376,anc2b_40_G_unrelaxed_rank_018_alphafold2_model_4_seed_004.pdb
1001,40,Dimer,0.52805,anc2b_40_G_unrelaxed_rank_019_alphafold2_model_5_seed_000.pdb
1002,40,Dimer,0.53795,anc2b_40_G_unrelaxed_rank_020_alphafold2_model_4_seed_000.pdb
1003,40,Dimer,0.50934,anc2b_40_G_unrelaxed_rank_021_alphafold2_model_2_seed_002.pdb
1004,40,Dimer,0.53817,anc2b_40_G_unrelaxed_rank_022_alphafold2_model_4_seed_001.pdb
1005,40,Dimer,0.53107,anc2b_40_G_unrelaxed_rank_023_alphafold2_model_5_seed_001.pdb
1006,40,Dimer,0.51794,anc2b_40_G_unrelaxed_rank_024_alphafold2_model_2_seed_003.pdb
1007,40,Dimer,0.51698,anc2b_40_G_unrelaxed_rank_025_alphafold2_model_2_seed_000.pdb
1008,40,Dimer,0.53651,anc2b_40_I_unrelaxed_rank_001_alphafold2_model_2_seed_004.pdb
1009,40,Dimer,0.53754,anc2b_40_I_unrelaxed_rank_002_alphafold2_model_2_seed_002.pdb
1010,40,Dimer,0.57798,anc2b_40_I_unrelaxed_rank_003_alphafold2_model_2_seed_003.pdb
1011,40,Dimer,0.53505,anc2b_40_I_unrelaxed_rank_004_alphafold2_model_2_seed_000.pdb
1012,40,Dimer,0.56271,anc2b_40_I_unrelaxed_rank_005_alphafold2_model_2_seed_001.pdb
1013,40,Dimer,0.61264,anc2b_40_I_unrelaxed_rank_006_alphafold2_model_3_seed_003.pdb
1014,40,Dimer,0.61256,anc2b_40_I_unrelaxed_rank_007_alphafold2_model_3_seed_001.pdb
1015,40,Dimer,0.57644,anc2b_40_I_unrelaxed_rank_008_alphafold2_model_1_seed_000.pdb
1016,40,Dimer,0.61329,anc2b_40_I_unrelaxed_rank_009_alphafold2_model_3_seed_000.pdb
1017,40,Dimer,0.60212,anc2b_40_I_unrelaxed_rank_010_alphafold2_model_3_seed_004.pdb
1018,40,Dimer,0.57571,anc2b_40_I_unrelaxed_rank_011_alphafold2_model_3_seed_002.pdb
1019,40,Dimer,0.56861,anc2b_40_I_unrelaxed_rank_012_alphafold2_model_1_seed_003.pdb
1020,40,Dimer,0.53237,anc2b_40_I_unrelaxed_rank_013_alphafold2_model_5_seed_002.pdb
1021,40,Dimer,0.58888,anc2b_40_I_unrelaxed_rank_014_alphafold2_model_1_seed_004.pdb
1022,40,Dimer,0.57799,anc2b_40_I_unrelaxed_rank_015_alphafold2_model_1_seed_001.pdb
1023,40,Dimer,0.59105,anc2b_40_I_unrelaxed_rank_016_alphafold2_model_4_seed_002.pdb
1024,40,Dimer,0.58147,anc2b_40_I_unrelaxed_rank_017_alphafold2_model_1_seed_002.pdb
1025,40,Dimer,0.56719,anc2b_40_I_unrelaxed_rank_018_alphafold2_model_5_seed_000.pdb
1026,40,Dimer,0.59254,anc2b_40_I_unrelaxed_rank_019_alphafold2_model_4_seed_004.pdb
1027,40,Dimer,0.5958,anc2b_40_I_unrelaxed_rank_020_alphafold2_model_4_seed_003.pdb
1028,40,Dimer,0.59612,anc2b_40_I_unrelaxed_rank_021_alphafold2_model_4_seed_000.pdb
1029,40,Dimer,0.57509,anc2b_40_I_unrelaxed_rank_022_alphafold2_model_5_seed_001.pdb
1030,40,Dimer,0.597,anc2b_40_I_unrelaxed_rank_023_alphafold2_model_4_seed_001.pdb
1031,40,Dimer,0.54892,anc2b_40_I_unrelaxed_rank_024_alphafold2_model_5_seed_003.pdb
1032,40,Dimer,0.53837,anc2b_40_V_unrelaxed_rank_001_alphafold2_model_2_seed_003.pdb
1033,40,Dimer,0.53659,anc2b_40_V_unrelaxed_rank_002_alphafold2_model_2_seed_000.pdb
1034,40,Dimer,0.54042,anc2b_40_V_unrelaxed_rank_003_alphafold2_model_2_seed_004.pdb
1035,40,Dimer,0.53799,anc2b_40_V_unrelaxed_rank_004_alphafold2_model_2_seed_001.pdb
1036,40,Dimer,0.54162,anc2b_40_V_unrelaxed_rank_005_alphafold2_model_1_seed_002.pdb
1037,40,Dimer,0.62077,anc2b_40_V_unrelaxed_rank_006_alphafold2_model_3_seed_004.pdb
1038,40,Dimer,0.6223,anc2b_40_V_unrelaxed_rank_007_alphafold2_model_3_seed_003.pdb
1039,40,Dimer,0.54715,anc2b_40_V_unrelaxed_rank_008_alphafold2_model_1_seed_004.pdb
1040,40,Dimer,0.61715,anc2b_40_V_unrelaxed_rank_009_alphafold2_model_3_seed_000.pdb
1041,40,Dimer,0.61603,anc2b_40_V_unrelaxed_rank_010_alphafold2_model_3_seed_001.pdb
1042,40,Dimer,0.57094,anc2b_40_V_unrelaxed_rank_011_alphafold2_model_1_seed_001.pdb
1043,40,Dimer,0.54316,anc2b_40_V_unrelaxed_rank_012_alphafold2_model_1_seed_003.pdb
1044,40,Dimer,0.54051,anc2b_40_V_unrelaxed_rank_013_alphafold2_model_2_seed_002.pdb
1045,40,Dimer,0.58039,anc2b_40_V_unrelaxed_rank_014_alphafold2_model_3_seed_002.pdb
1046,40,Dimer,0.58012,anc2b_40_V_unrelaxed_rank_015_alphafold2_model_1_seed_000.pdb
1047,40,Dimer,0.62566,anc2b_40_V_unrelaxed_rank_016_alphafold2_model_4_seed_004.pdb
1048,40,Dimer,0.60925,anc2b_40_V_unrelaxed_rank_017_alphafold2_model_4_seed_002.pdb
1049,40,Dimer,0.59204,anc2b_40_V_unrelaxed_rank_018_alphafold2_model_5_seed_002.pdb
1050,40,Dimer,0.56892,anc2b_40_V_unrelaxed_rank_019_alphafold2_model_4_seed_003.pdb
1051,47,Chemokine,0.77407,anc2b_47_I_unrelaxed_rank_001_alphafold2_model_2_seed_002.pdb
1052,47,Chemokine,0.77323,anc2b_47_I_unrelaxed_rank_002_alphafold2_model_2_seed_004.pdb
1053,47,Chemokine,0.76387,anc2b_47_I_unrelaxed_rank_003_alphafold2_model_3_seed_003.pdb
1054,47,Chemokine,0.76351,anc2b_47_I_unrelaxed_rank_004_alphafold2_model_3_seed_002.pdb
1055,47,Chemokine,0.76444,anc2b_47_I_unrelaxed_rank_005_alphafold2_model_3_seed_000.pdb
1056,47,Chemokine,0.77363,anc2b_47_I_unrelaxed_rank_006_alphafold2_model_2_seed_003.pdb
1057,47,Chemokine,0.75898,anc2b_47_I_unrelaxed_rank_007_alphafold2_model_3_seed_004.pdb
1058,47,Chemokine,0.77862,anc2b_47_I_unrelaxed_rank_008_alphafold2_model_2_seed_001.pdb
1059,47,Chemokine,0.76766,anc2b_47_I_unrelaxed_rank_009_alphafold2_model_1_seed_002.pdb
1060,47,Chemokine,0.75286,anc2b_47_I_unrelaxed_rank_010_alphafold2_model_1_seed_003.pdb
1061,47,Chemokine,0.73796,anc2b_47_I_unrelaxed_rank_011_alphafold2_model_1_seed_000.pdb
1062,47,Chemokine,0.74507,anc2b_47_I_unrelaxed_rank_012_alphafold2_model_1_seed_004.pdb
1063,47,Chemokine,0.75035,anc2b_47_I_unrelaxed_rank_013_alphafold2_model_2_seed_000.pdb
1064,47,Chemokine,0.76986,anc2b_47_I_unrelaxed_rank_014_alphafold2_model_4_seed_000.pdb
1065,47,Dimer,0.54295,anc2b_47_I_unrelaxed_rank_015_alphafold2_model_3_seed_001.pdb
1066,47,Chemokine,0.7184,anc2b_47_I_unrelaxed_rank_016_alphafold2_model_4_seed_003.pdb
1067,47,Chemokine,0.68839,anc2b_47_I_unrelaxed_rank_017_alphafold2_model_4_seed_004.pdb
1068,47,Chemokine,0.76828,anc2b_47_L_unrelaxed_rank_001_alphafold2_model_3_seed_003.pdb
1069,47,Chemokine,0.76559,anc2b_47_L_unrelaxed_rank_002_alphafold2_model_2_seed_004.pdb
1070,47,Chemokine,0.7653,anc2b_47_L_unrelaxed_rank_003_alphafold2_model_3_seed_004.pdb
1071,47,Chemokine,0.77347,anc2b_47_L_unrelaxed_rank_004_alphafold2_model_2_seed_000.pdb
1072,47,Chemokine,0.75867,anc2b_47_L_unrelaxed_rank_005_alphafold2_model_3_seed_002.pdb
1073,47,Chemokine,0.7673,anc2b_47_L_unrelaxed_rank_006_alphafold2_model_1_seed_004.pdb
1074,47,Chemokine,0.76563,anc2b_47_L_unrelaxed_rank_007_alphafold2_model_1_seed_000.pdb
1075,47,Chemokine,0.75878,anc2b_47_L_unrelaxed_rank_008_alphafold2_model_3_seed_000.pdb
1076,47,Chemokine,0.77287,anc2b_47_L_unrelaxed_rank_009_alphafold2_model_4_seed_000.pdb
1077,47,Chemokine,0.75309,anc2b_47_L_unrelaxed_rank_010_alphafold2_model_3_seed_001.pdb
1078,47,Chemokine,0.77364,anc2b_47_L_unrelaxed_rank_011_alphafold2_model_4_seed_001.pdb
1079,47,Chemokine,0.72506,anc2b_47_L_unrelaxed_rank_012_alphafold2_model_1_seed_003.pdb
1080,47,Chemokine,0.72427,anc2b_47_L_unrelaxed_rank_013_alphafold2_model_1_seed_002.pdb
1081,47,Chemokine,0.72789,anc2b_47_L_unrelaxed_rank_014_alphafold2_model_1_seed_001.pdb
1082,47,Chemokine,0.72951,anc2b_47_L_unrelaxed_rank_015_alphafold2_model_5_seed_004.pdb
1083,47,Chemokine,0.75862,anc2b_47_L_unrelaxed_rank_016_alphafold2_model_5_seed_002.pdb
1084,47,Chemokine,0.74541,anc2b_47_L_unrelaxed_rank_017_alphafold2_model_2_seed_002.pdb
1085,47,Chemokine,0.72856,anc2b_47_L_unrelaxed_rank_018_alphafold2_model_5_seed_000.pdb
1086,47,Chemokine,0.76415,anc2b_47_L_unrelaxed_rank_019_alphafold2_model_5_seed_003.pdb
1087,47,Chemokine,0.7327,anc2b_47_L_unrelaxed_rank_020_alphafold2_model_4_seed_003.pdb
1088,47,Chemokine,0.74638,anc2b_47_L_unrelaxed_rank_021_alphafold2_model_2_seed_001.pdb
1089,47,Chemokine,0.75062,anc2b_47_L_unrelaxed_rank_022_alphafold2_model_2_seed_003.pdb
1090,47,Chemokine,0.75449,anc2b_47_L_unrelaxed_rank_023_alphafold2_model_4_seed_002.pdb
1091,47,Chemokine,0.75926,anc2b_47_L_unrelaxed_rank_024_alphafold2_model_5_seed_001.pdb
1092,47,Chemokine,0.71816,anc2b_47_L_unrelaxed_rank_025_alphafold2_model_4_seed_004.pdb
1093,47,Chemokine,0.77757,anc2b_47_M_unrelaxed_rank_001_alphafold2_model_2_seed_002.pdb
1094,47,Chemokine,0.76288,anc2b_47_M_unrelaxed_rank_002_alphafold2_model_3_seed_002.pdb
1095,47,Chemokine,0.77287,anc2b_47_M_unrelaxed_rank_003_alphafold2_model_1_seed_001.pdb
1096,47,Chemokine,0.76498,anc2b_47_M_unrelaxed_rank_004_alphafold2_model_3_seed_001.pdb
1097,47,Chemokine,0.7693,anc2b_47_M_unrelaxed_rank_005_alphafold2_model_1_seed_004.pdb
1098,47,Chemokine,0.76953,anc2b_47_M_unrelaxed_rank_006_alphafold2_model_3_seed_000.pdb
1099,47,Chemokine,0.78138,anc2b_47_M_unrelaxed_rank_007_alphafold2_model_2_seed_004.pdb
1100,47,Chemokine,0.78215,anc2b_47_M_unrelaxed_rank_008_alphafold2_model_2_seed_003.pdb
1101,47,Chemokine,0.77736,anc2b_47_M_unrelaxed_rank_009_alphafold2_model_4_seed_002.pdb
1102,47,Chemokine,0.77848,anc2b_47_M_unrelaxed_rank_010_alphafold2_model_4_seed_000.pdb
1103,47,Chemokine,0.78908,anc2b_47_M_unrelaxed_rank_011_alphafold2_model_2_seed_000.pdb
1104,47,Chemokine,0.77257,anc2b_47_M_unrelaxed_rank_012_alphafold2_model_2_seed_001.pdb
1105,47,Chemokine,0.70258,anc2b_47_M_unrelaxed_rank_013_alphafold2_model_3_seed_004.pdb
1106,47,Chemokine,0.70041,anc2b_47_M_unrelaxed_rank_014_alphafold2_model_3_seed_003.pdb
1107,47,Chemokine,0.75636,anc2b_47_M_unrelaxed_rank_015_alphafold2_model_1_seed_002.pdb
1108,47,Chemokine,0.7534,anc2b_47_M_unrelaxed_rank_016_alphafold2_model_1_seed_000.pdb
1109,47,Chemokine,0.70632,anc2b_47_M_unrelaxed_rank_017_alphafold2_model_4_seed_003.pdb
1110,47,Chemokine,0.73666,anc2b_47_M_unrelaxed_rank_018_alphafold2_model_1_seed_003.pdb
1111,47,Chemokine,0.69687,anc2b_47_M_unrelaxed_rank_019_alphafold2_model_4_seed_004.pdb
1112,47,Chemokine,0.69146,anc2b_47_M_unrelaxed_rank_020_alphafold2_model_4_seed_001.pdb
1113,47,Chemokine,0.70784,anc2b_47_M_unrelaxed_rank_021_alphafold2_model_5_seed_004.pdb
1114,47,Chemokine,0.66644,anc2b_47_M_unrelaxed_rank_022_alphafold2_model_5_seed_003.pdb
1115,47,Chemokine,0.66108,anc2b_47_M_unrelaxed_rank_023_alphafold2_model_5_seed_000.pdb
1116,47,Chemokine,0.66198,anc2b_47_M_unrelaxed_rank_024_alphafold2_model_5_seed_001.pdb
1117,47,Chemokine,0.66108,anc2b_47_M_unrelaxed_rank_025_alphafold2_model_5_seed_002.pdb
1118,I,Chemokine,0.75739,anc2b_I_unrelaxed_rank_001_alphafold2_model_3_seed_002.pdb
1119,I,Chemokine,0.75833,anc2b_I_unrelaxed_rank_002_alphafold2_model_3_seed_003.pdb
1120,I,Chemokine,0.77091,anc2b_I_unrelaxed_rank_003_alphafold2_model_1_seed_001.pdb
1121,I,Chemokine,0.76836,anc2b_I_unrelaxed_rank_004_alphafold2_model_1_seed_003.pdb
1122,I,Chemokine,0.76789,anc2b_I_unrelaxed_rank_005_alphafold2_model_3_seed_004.pdb
1123,I,Chemokine,0.72622,anc2b_I_unrelaxed_rank_006_alphafold2_model_1_seed_004.pdb
1124,I,Chemokine,0.74867,anc2b_I_unrelaxed_rank_007_alphafold2_model_1_seed_000.pdb
1125,I,Chemokine,0.75154,anc2b_I_unrelaxed_rank_008_alphafold2_model_1_seed_002.pdb
1126,I,Dimer,0.51801,anc2b_I_unrelaxed_rank_009_alphafold2_model_2_seed_000.pdb
1127,I,Dimer,0.52785,anc2b_I_unrelaxed_rank_010_alphafold2_model_2_seed_001.pdb
1128,I,Dimer,0.52263,anc2b_I_unrelaxed_rank_011_alphafold2_model_2_seed_004.pdb
1129,I,Dimer,0.54156,anc2b_I_unrelaxed_rank_012_alphafold2_model_3_seed_001.pdb
1130,I,Dimer,0.53438,anc2b_I_unrelaxed_rank_013_alphafold2_model_4_seed_004.pdb
1131,I,Dimer,0.53686,anc2b_I_unrelaxed_rank_014_alphafold2_model_4_seed_002.pdb
1132,I,Dimer,0.53542,anc2b_I_unrelaxed_rank_015_alphafold2_model_4_seed_001.pdb
1133,L,Chemokine,0.75689,anc2b_L_unrelaxed_rank_001_alphafold2_model_3_seed_002.pdb
1134,L,Chemokine,0.76308,anc2b_L_unrelaxed_rank_002_alphafold2_model_3_seed_000.pdb
1135,L,Chemokine,0.76899,anc2b_L_unrelaxed_rank_003_alphafold2_model_3_seed_004.pdb
1136,L,Chemokine,0.76679,anc2b_L_unrelaxed_rank_004_alphafold2_model_1_seed_002.pdb
1137,L,Chemokine,0.76608,anc2b_L_unrelaxed_rank_005_alphafold2_model_3_seed_003.pdb
1138,L,Chemokine,0.76198,anc2b_L_unrelaxed_rank_006_alphafold2_model_1_seed_003.pdb
1139,L,Chemokine,0.72872,anc2b_L_unrelaxed_rank_007_alphafold2_model_1_seed_004.pdb
1140,L,Chemokine,0.72524,anc2b_L_unrelaxed_rank_008_alphafold2_model_1_seed_001.pdb
1141,L,Chemokine,0.7806,anc2b_L_unrelaxed_rank_009_alphafold2_model_2_seed_003.pdb
1142,L,Chemokine,0.72907,anc2b_L_unrelaxed_rank_010_alphafold2_model_1_seed_000.pdb
1143,L,Chemokine,0.78617,anc2b_L_unrelaxed_rank_011_alphafold2_model_2_seed_000.pdb
1144,L,Chemokine,0.73568,anc2b_L_unrelaxed_rank_012_alphafold2_model_2_seed_004.pdb
1145,L,Chemokine,0.76475,anc2b_L_unrelaxed_rank_013_alphafold2_model_5_seed_002.pdb
1146,L,Chemokine,0.7313,anc2b_L_unrelaxed_rank_014_alphafold2_model_2_seed_001.pdb
1147,L,Chemokine,0.74018,anc2b_L_unrelaxed_rank_015_alphafold2_model_2_seed_002.pdb
1148,L,Chemokine,0.7537,anc2b_L_unrelaxed_rank_016_alphafold2_model_5_seed_000.pdb
1149,L,Chemokine,0.73193,anc2b_L_unrelaxed_rank_017_alphafold2_model_5_seed_003.pdb
1150,L,Chemokine,0.72863,anc2b_L_unrelaxed_rank_018_alphafold2_model_5_seed_004.pdb
1151,L,Dimer,0.51487,anc2b_L_unrelaxed_rank_019_alphafold2_model_3_seed_001.pdb
1152,L,Dimer,0.50632,anc2b_L_unrelaxed_rank_020_alphafold2_model_4_seed_004.pdb
1153,V,Chemokine,0.77407,anc2b_V_unrelaxed_rank_001_alphafold2_model_2_seed_002.pdb
1154,V,Chemokine,0.77323,anc2b_V_unrelaxed_rank_002_alphafold2_model_2_seed_004.pdb
1155,V,Chemokine,0.76387,anc2b_V_unrelaxed_rank_003_alphafold2_model_3_seed_003.pdb
1156,V,Chemokine,0.76351,anc2b_V_unrelaxed_rank_004_alphafold2_model_3_seed_002.pdb
1157,V,Chemokine,0.76444,anc2b_V_unrelaxed_rank_005_alphafold2_model_3_seed_000.pdb
1158,V,Chemokine,0.77363,anc2b_V_unrelaxed_rank_006_alphafold2_model_2_seed_003.pdb
1159,V,Chemokine,0.75898,anc2b_V_unrelaxed_rank_007_alphafold2_model_3_seed_004.pdb
1160,V,Chemokine,0.77862,anc2b_V_unrelaxed_rank_008_alphafold2_model_2_seed_001.pdb
1161,V,Chemokine,0.76766,anc2b_V_unrelaxed_rank_009_alphafold2_model_1_seed_002.pdb
1162,V,Chemokine,0.75286,anc2b_V_unrelaxed_rank_010_alphafold2_model_1_seed_003.pdb
1163,V,Chemokine,0.73796,anc2b_V_unrelaxed_rank_011_alphafold2_model_1_seed_000.pdb
1164,V,Chemokine,0.74507,anc2b_V_unrelaxed_rank_012_alphafold2_model_1_seed_004.pdb
1165,V,Chemokine,0.75035,anc2b_V_unrelaxed_rank_013_alphafold2_model_2_seed_000.pdb
1166,V,Chemokine,0.76986,anc2b_V_unrelaxed_rank_014_alphafold2_model_4_seed_000.pdb
1167,V,Dimer,0.54295,anc2b_V_unrelaxed_rank_015_alphafold2_model_3_seed_001.pdb
1168,V,Chemokine,0.7184,anc2b_V_unrelaxed_rank_016_alphafold2_model_4_seed_003.pdb
1169,V,Chemokine,0.68839,anc2b_V_unrelaxed_rank_017_alphafold2_model_4_seed_004.pdb
1170,14,Dimer,0.57044,anc2c_14_I_unrelaxed_rank_001_alphafold2_model_1_seed_001.pdb
1171,14,Dimer,0.57283,anc2c_14_I_unrelaxed_rank_002_alphafold2_model_1_seed_003.pdb
1172,14,Dimer,0.56852,anc2c_14_I_unrelaxed_rank_003_alphafold2_model_1_seed_000.pdb
1173,14,Dimer,0.573,anc2c_14_I_unrelaxed_rank_004_alphafold2_model_1_seed_002.pdb
1174,14,Dimer,0.57028,anc2c_14_I_unrelaxed_rank_010_alphafold2_model_1_seed_004.pdb
1175,14,Chemokine,0.53822,anc2c_14_I_unrelaxed_rank_011_alphafold2_model_4_seed_003.pdb
1176,14,Chemokine,0.54613,anc2c_14_I_unrelaxed_rank_012_alphafold2_model_4_seed_002.pdb
1177,14,Dimer,0.56159,anc2c_14_I_unrelaxed_rank_013_alphafold2_model_3_seed_001.pdb
1178,14,Dimer,0.56757,anc2c_14_L_unrelaxed_rank_001_alphafold2_model_1_seed_001.pdb
1179,14,Dimer,0.57064,anc2c_14_L_unrelaxed_rank_002_alphafold2_model_1_seed_003.pdb
1180,14,Dimer,0.57005,anc2c_14_L_unrelaxed_rank_003_alphafold2_model_1_seed_002.pdb
1181,14,Dimer,0.5698,anc2c_14_L_unrelaxed_rank_004_alphafold2_model_1_seed_000.pdb
1182,14,Dimer,0.56954,anc2c_14_L_unrelaxed_rank_005_alphafold2_model_1_seed_004.pdb
1183,14,Chemokine,0.52063,anc2c_14_L_unrelaxed_rank_006_alphafold2_model_4_seed_002.pdb
1184,14,Chemokine,0.51993,anc2c_14_L_unrelaxed_rank_007_alphafold2_model_4_seed_004.pdb
1185,14,Chemokine,0.55515,anc2c_14_L_unrelaxed_rank_008_alphafold2_model_4_seed_003.pdb
1186,14,Chemokine,0.55859,anc2c_14_L_unrelaxed_rank_009_alphafold2_model_4_seed_000.pdb
1187,14,Chemokine,0.57377,anc2c_14_L_unrelaxed_rank_010_alphafold2_model_4_seed_001.pdb
1188,14,Dimer,0.57413,anc2c_14_V_unrelaxed_rank_001_alphafold2_model_1_seed_001.pdb
1189,14,Chemokine,0.51181,anc2c_14_V_unrelaxed_rank_002_alphafold2_model_4_seed_002.pdb
1190,14,Chemokine,0.51202,anc2c_14_V_unrelaxed_rank_003_alphafold2_model_4_seed_003.pdb
1191,14,Dimer,0.57167,anc2c_14_V_unrelaxed_rank_005_alphafold2_model_1_seed_003.pdb
1192,14,Dimer,0.5762,anc2c_14_V_unrelaxed_rank_010_alphafold2_model_1_seed_002.pdb
1193,14,Dimer,0.57556,anc2c_14_V_unrelaxed_rank_011_alphafold2_model_1_seed_000.pdb
1194,14,Dimer,0.57412,anc2c_14_V_unrelaxed_rank_012_alphafold2_model_1_seed_004.pdb
1195,14,Chemokine,0.54383,anc2c_14_V_unrelaxed_rank_013_alphafold2_model_4_seed_000.pdb
1196,14,Chemokine,0.5218,anc2c_14_V_unrelaxed_rank_014_alphafold2_model_4_seed_001.pdb
1197,36,Chemokine,0.55122,anc2c_36_A_unrelaxed_rank_001_alphafold2_model_4_seed_003.pdb
1198,36,Chemokine,0.55441,anc2c_36_A_unrelaxed_rank_002_alphafold2_model_4_seed_000.pdb
1199,36,Chemokine,0.56042,anc2c_36_A_unrelaxed_rank_003_alphafold2_model_4_seed_001.pdb
1200,36,Chemokine,0.5504,anc2c_36_A_unrelaxed_rank_004_alphafold2_model_4_seed_002.pdb
1201,36,Dimer,0.58376,anc2c_36_A_unrelaxed_rank_005_alphafold2_model_1_seed_004.pdb
1202,36,Dimer,0.58626,anc2c_36_A_unrelaxed_rank_006_alphafold2_model_1_seed_001.pdb
1203,36,Dimer,0.5897,anc2c_36_A_unrelaxed_rank_007_alphafold2_model_1_seed_003.pdb
1204,36,Chemokine,0.79558,anc2c_36_G_unrelaxed_rank_001_alphafold2_model_3_seed_001.pdb
1205,36,Chemokine,0.77345,anc2c_36_G_unrelaxed_rank_002_alphafold2_model_3_seed_000.pdb
1206,36,Chemokine,0.50688,anc2c_36_G_unrelaxed_rank_003_alphafold2_model_2_seed_004.pdb
1207,36,Chemokine,0.5285,anc2c_36_G_unrelaxed_rank_004_alphafold2_model_4_seed_004.pdb
1208,36,Chemokine,0.52174,anc2c_36_G_unrelaxed_rank_005_alphafold2_model_4_seed_001.pdb
1209,36,Chemokine,0.52892,anc2c_36_G_unrelaxed_rank_006_alphafold2_model_4_seed_002.pdb
1210,36,Chemokine,0.52959,anc2c_36_G_unrelaxed_rank_007_alphafold2_model_4_seed_000.pdb
1211,36,Chemokine,0.50913,anc2c_36_G_unrelaxed_rank_008_alphafold2_model_4_seed_003.pdb
1212,36,Chemokine,0.5145,anc2c_36_G_unrelaxed_rank_009_alphafold2_model_2_seed_001.pdb
1213,36,Chemokine,0.51163,anc2c_36_G_unrelaxed_rank_010_alphafold2_model_2_seed_000.pdb
1214,36,Chemokine,0.51795,anc2c_36_G_unrelaxed_rank_011_alphafold2_model_2_seed_003.pdb
1215,36,Chemokine,0.77852,anc2c_36_G_unrelaxed_rank_012_alphafold2_model_3_seed_003.pdb
1216,36,Chemokine,0.51582,anc2c_36_G_unrelaxed_rank_013_alphafold2_model_2_seed_002.pdb
1217,36,Chemokine,0.52802,anc2c_36_G_unrelaxed_rank_014_alphafold2_model_1_seed_003.pdb
1218,36,Chemokine,0.50889,anc2c_36_G_unrelaxed_rank_015_alphafold2_model_1_seed_002.pdb
1219,36,Dimer,0.50138,anc2c_36_G_unrelaxed_rank_016_alphafold2_model_1_seed_001.pdb
1220,36,Dimer,0.50029,anc2c_36_G_unrelaxed_rank_017_alphafold2_model_1_seed_000.pdb
1221,36,Chemokine,0.65728,anc2c_36_G_unrelaxed_rank_018_alphafold2_model_3_seed_004.pdb
1222,38,Chemokine,0.55122,anc2c_38_I_unrelaxed_rank_001_alphafold2_model_4_seed_003.pdb
1223,38,Chemokine,0.55441,anc2c_38_I_unrelaxed_rank_002_alphafold2_model_4_seed_000.pdb
1224,38,Chemokine,0.56042,anc2c_38_I_unrelaxed_rank_003_alphafold2_model_4_seed_001.pdb
1225,38,Chemokine,0.5504,anc2c_38_I_unrelaxed_rank_004_alphafold2_model_4_seed_002.pdb
1226,38,Dimer,0.58376,anc2c_38_I_unrelaxed_rank_005_alphafold2_model_1_seed_004.pdb
1227,38,Dimer,0.58626,anc2c_38_I_unrelaxed_rank_006_alphafold2_model_1_seed_001.pdb
1228,38,Dimer,0.5897,anc2c_38_I_unrelaxed_rank_007_alphafold2_model_1_seed_003.pdb
1229,38,Dimer,0.57291,anc2c_38_L_unrelaxed_rank_001_alphafold2_model_1_seed_001.pdb
1230,38,Dimer,0.57688,anc2c_38_L_unrelaxed_rank_002_alphafold2_model_1_seed_002.pdb
1231,38,Dimer,0.57433,anc2c_38_L_unrelaxed_rank_003_alphafold2_model_1_seed_004.pdb
1232,38,Dimer,0.57825,anc2c_38_L_unrelaxed_rank_004_alphafold2_model_1_seed_003.pdb
1233,38,Dimer,0.57785,anc2c_38_L_unrelaxed_rank_005_alphafold2_model_1_seed_000.pdb
1234,38,Chemokine,0.52499,anc2c_38_V_unrelaxed_rank_001_alphafold2_model_4_seed_002.pdb
1235,38,Chemokine,0.52546,anc2c_38_V_unrelaxed_rank_002_alphafold2_model_4_seed_003.pdb
1236,38,Chemokine,0.54569,anc2c_38_V_unrelaxed_rank_003_alphafold2_model_4_seed_004.pdb
1237,38,Chemokine,0.52862,anc2c_38_V_unrelaxed_rank_004_alphafold2_model_4_seed_000.pdb
1238,38,Chemokine,0.54232,anc2c_38_V_unrelaxed_rank_005_alphafold2_model_4_seed_001.pdb
1239,38,Dimer,0.57861,anc2c_38_V_unrelaxed_rank_006_alphafold2_model_1_seed_001.pdb
1240,38,Dimer,0.58348,anc2c_38_V_unrelaxed_rank_007_alphafold2_model_1_seed_003.pdb
1241,38,Dimer,0.58229,anc2c_38_V_unrelaxed_rank_008_alphafold2_model_1_seed_002.pdb
1242,38,Dimer,0.58786,anc2c_38_V_unrelaxed_rank_009_alphafold2_model_1_seed_000.pdb
1243,40,Dimer,0.56425,anc2c_40_G_unrelaxed_rank_001_alphafold2_model_1_seed_000.pdb
1244,40,Dimer,0.57392,anc2c_40_G_unrelaxed_rank_003_alphafold2_model_1_seed_001.pdb
1245,40,Dimer,0.57743,anc2c_40_G_unrelaxed_rank_005_alphafold2_model_1_seed_003.pdb
1246,40,Dimer,0.55923,anc2c_40_G_unrelaxed_rank_006_alphafold2_model_3_seed_003.pdb
1247,40,Dimer,0.55335,anc2c_40_G_unrelaxed_rank_007_alphafold2_model_3_seed_001.pdb
1248,40,Dimer,0.60596,anc2c_40_I_unrelaxed_rank_001_alphafold2_model_1_seed_000.pdb
1249,40,Dimer,0.60376,anc2c_40_I_unrelaxed_rank_002_alphafold2_model_1_seed_002.pdb
1250,40,Dimer,0.60285,anc2c_40_I_unrelaxed_rank_003_alphafold2_model_1_seed_001.pdb
1251,40,Dimer,0.60453,anc2c_40_I_unrelaxed_rank_004_alphafold2_model_1_seed_004.pdb
1252,40,Dimer,0.60743,anc2c_40_I_unrelaxed_rank_005_alphafold2_model_1_seed_003.pdb
1253,40,Dimer,0.5812,anc2c_40_I_unrelaxed_rank_006_alphafold2_model_5_seed_002.pdb
1254,40,Dimer,0.57629,anc2c_40_V_unrelaxed_rank_001_alphafold2_model_1_seed_002.pdb
1255,40,Dimer,0.60435,anc2c_40_V_unrelaxed_rank_002_alphafold2_model_1_seed_004.pdb
1256,40,Dimer,0.58056,anc2c_40_V_unrelaxed_rank_003_alphafold2_model_1_seed_000.pdb
1257,40,Dimer,0.62076,anc2c_40_V_unrelaxed_rank_004_alphafold2_model_1_seed_001.pdb
1258,40,Dimer,0.59321,anc2c_40_V_unrelaxed_rank_005_alphafold2_model_1_seed_003.pdb
1259,47,Chemokine,0.55122,anc2c_47_I_unrelaxed_rank_001_alphafold2_model_4_seed_003.pdb
1260,47,Chemokine,0.55441,anc2c_47_I_unrelaxed_rank_002_alphafold2_model_4_seed_000.pdb
1261,47,Chemokine,0.56042,anc2c_47_I_unrelaxed_rank_003_alphafold2_model_4_seed_001.pdb
1262,47,Chemokine,0.5504,anc2c_47_I_unrelaxed_rank_004_alphafold2_model_4_seed_002.pdb
1263,47,Dimer,0.58376,anc2c_47_I_unrelaxed_rank_005_alphafold2_model_1_seed_004.pdb
1264,47,Dimer,0.58626,anc2c_47_I_unrelaxed_rank_006_alphafold2_model_1_seed_001.pdb
1265,47,Dimer,0.5897,anc2c_47_I_unrelaxed_rank_007_alphafold2_model_1_seed_003.pdb
1266,47,Chemokine,0.53288,anc2c_47_L_unrelaxed_rank_001_alphafold2_model_2_seed_003.pdb
1267,47,Chemokine,0.54054,anc2c_47_L_unrelaxed_rank_002_alphafold2_model_2_seed_002.pdb
1268,47,Chemokine,0.55868,anc2c_47_L_unrelaxed_rank_003_alphafold2_model_2_seed_004.pdb
1269,47,Chemokine,0.54396,anc2c_47_L_unrelaxed_rank_004_alphafold2_model_2_seed_000.pdb
1270,47,Chemokine,0.52048,anc2c_47_L_unrelaxed_rank_005_alphafold2_model_4_seed_002.pdb
1271,47,Chemokine,0.5504,anc2c_47_L_unrelaxed_rank_006_alphafold2_model_4_seed_001.pdb
1272,47,Chemokine,0.54181,anc2c_47_L_unrelaxed_rank_007_alphafold2_model_4_seed_003.pdb
1273,47,Chemokine,0.54632,anc2c_47_L_unrelaxed_rank_008_alphafold2_model_4_seed_000.pdb
1274,47,Chemokine,0.53996,anc2c_47_L_unrelaxed_rank_009_alphafold2_model_4_seed_004.pdb
1275,47,Dimer,0.58164,anc2c_47_L_unrelaxed_rank_011_alphafold2_model_1_seed_000.pdb
1276,47,Chemokine,0.5238,anc2c_47_M_unrelaxed_rank_001_alphafold2_model_4_seed_000.pdb
1277,47,Chemokine,0.52914,anc2c_47_M_unrelaxed_rank_002_alphafold2_model_4_seed_004.pdb
1278,47,Chemokine,0.53649,anc2c_47_M_unrelaxed_rank_003_alphafold2_model_4_seed_001.pdb
1279,47,Chemokine,0.53376,anc2c_47_M_unrelaxed_rank_004_alphafold2_model_4_seed_003.pdb
1280,47,Chemokine,0.55581,anc2c_47_M_unrelaxed_rank_005_alphafold2_model_3_seed_004.pdb
1281,47,Chemokine,0.53782,anc2c_47_M_unrelaxed_rank_006_alphafold2_model_4_seed_002.pdb
1282,47,Chemokine,0.55449,anc2c_47_M_unrelaxed_rank_007_alphafold2_model_3_seed_000.pdb
1283,47,Chemokine,0.57282,anc2c_47_M_unrelaxed_rank_009_alphafold2_model_3_seed_002.pdb
1284,47,Chemokine,0.5564,anc2c_47_M_unrelaxed_rank_010_alphafold2_model_3_seed_003.pdb
1285,47,Chemokine,0.58937,anc2c_47_M_unrelaxed_rank_017_alphafold2_model_3_seed_001.pdb
1286,47,Chemokine,0.50528,anc2c_47_M_unrelaxed_rank_018_alphafold2_model_5_seed_001.pdb
1287,I,Dimer,0.58506,anc2c_I_unrelaxed_rank_002_alphafold2_model_1_seed_001.pdb
1288,I,Dimer,0.58213,anc2c_I_unrelaxed_rank_003_alphafold2_model_1_seed_000.pdb
1289,I,Dimer,0.58186,anc2c_I_unrelaxed_rank_004_alphafold2_model_1_seed_002.pdb
1290,I,Dimer,0.58258,anc2c_I_unrelaxed_rank_005_alphafold2_model_1_seed_004.pdb
1291,I,Dimer,0.59416,anc2c_I_unrelaxed_rank_006_alphafold2_model_1_seed_003.pdb
1292,L,Chemokine,0.54406,anc2c_L_unrelaxed_rank_001_alphafold2_model_4_seed_002.pdb
1293,L,Chemokine,0.54202,anc2c_L_unrelaxed_rank_002_alphafold2_model_4_seed_003.pdb
1294,L,Dimer,0.56944,anc2c_L_unrelaxed_rank_003_alphafold2_model_1_seed_000.pdb
1295,L,Dimer,0.57323,anc2c_L_unrelaxed_rank_004_alphafold2_model_1_seed_001.pdb
1296,L,Dimer,0.57682,anc2c_L_unrelaxed_rank_005_alphafold2_model_1_seed_003.pdb
1297,L,Dimer,0.56802,anc2c_L_unrelaxed_rank_006_alphafold2_model_1_seed_004.pdb
1298,V,Chemokine,0.55122,anc2c_V_unrelaxed_rank_001_alphafold2_model_4_seed_003.pdb
1299,V,Chemokine,0.55441,anc2c_V_unrelaxed_rank_002_alphafold2_model_4_seed_000.pdb
1300,V,Chemokine,0.56042,anc2c_V_unrelaxed_rank_003_alphafold2_model_4_seed_001.pdb
1301,V,Chemokine,0.5504,anc2c_V_unrelaxed_rank_004_alphafold2_model_4_seed_002.pdb
1302,V,Dimer,0.58376,anc2c_V_unrelaxed_rank_005_alphafold2_model_1_seed_004.pdb
1303,V,Dimer,0.58626,anc2c_V_unrelaxed_rank_006_alphafold2_model_1_seed_001.pdb
1304,V,Dimer,0.5897,anc2c_V_unrelaxed_rank_007_alphafold2_model_1_seed_003.pdb
1305,14,Dimer,0.58087,anc2d_14_I_unrelaxed_rank_001_alphafold2_model_1_seed_004.pdb
1306,14,Dimer,0.5806,anc2d_14_I_unrelaxed_rank_002_alphafold2_model_1_seed_000.pdb
1307,14,Dimer,0.5833,anc2d_14_I_unrelaxed_rank_003_alphafold2_model_1_seed_002.pdb
1308,14,Dimer,0.58708,anc2d_14_I_unrelaxed_rank_004_alphafold2_model_3_seed_002.pdb
1309,14,Dimer,0.6076,anc2d_14_I_unrelaxed_rank_005_alphafold2_model_3_seed_004.pdb
1310,14,Dimer,0.60434,anc2d_14_I_unrelaxed_rank_006_alphafold2_model_1_seed_003.pdb
1311,14,Dimer,0.58664,anc2d_14_I_unrelaxed_rank_007_alphafold2_model_3_seed_000.pdb
1312,14,Dimer,0.59244,anc2d_14_I_unrelaxed_rank_008_alphafold2_model_3_seed_003.pdb
1313,14,Dimer,0.6013,anc2d_14_I_unrelaxed_rank_009_alphafold2_model_1_seed_001.pdb
1314,14,Dimer,0.5753,anc2d_14_I_unrelaxed_rank_010_alphafold2_model_5_seed_002.pdb
1315,14,Dimer,0.59411,anc2d_14_I_unrelaxed_rank_011_alphafold2_model_3_seed_001.pdb
1316,14,Dimer,0.57608,anc2d_14_I_unrelaxed_rank_012_alphafold2_model_5_seed_001.pdb
1317,14,Dimer,0.62507,anc2d_14_I_unrelaxed_rank_013_alphafold2_model_4_seed_001.pdb
1318,14,Dimer,0.62383,anc2d_14_I_unrelaxed_rank_014_alphafold2_model_4_seed_003.pdb
1319,14,Dimer,0.62824,anc2d_14_I_unrelaxed_rank_015_alphafold2_model_4_seed_004.pdb
1320,14,Dimer,0.57573,anc2d_14_I_unrelaxed_rank_016_alphafold2_model_5_seed_000.pdb
1321,14,Dimer,0.57521,anc2d_14_I_unrelaxed_rank_017_alphafold2_model_4_seed_002.pdb
1322,14,Dimer,0.58094,anc2d_14_L_unrelaxed_rank_001_alphafold2_model_1_seed_000.pdb
1323,14,Dimer,0.58262,anc2d_14_L_unrelaxed_rank_002_alphafold2_model_1_seed_004.pdb
1324,14,Dimer,0.58271,anc2d_14_L_unrelaxed_rank_003_alphafold2_model_1_seed_001.pdb
1325,14,Dimer,0.62382,anc2d_14_L_unrelaxed_rank_004_alphafold2_model_3_seed_000.pdb
1326,14,Dimer,0.62249,anc2d_14_L_unrelaxed_rank_005_alphafold2_model_3_seed_002.pdb
1327,14,Dimer,0.60023,anc2d_14_L_unrelaxed_rank_006_alphafold2_model_1_seed_003.pdb
1328,14,Dimer,0.6061,anc2d_14_L_unrelaxed_rank_007_alphafold2_model_3_seed_003.pdb
1329,14,Dimer,0.60817,anc2d_14_L_unrelaxed_rank_008_alphafold2_model_3_seed_004.pdb
1330,14,Dimer,0.59859,anc2d_14_L_unrelaxed_rank_009_alphafold2_model_3_seed_001.pdb
1331,14,Dimer,0.60695,anc2d_14_L_unrelaxed_rank_010_alphafold2_model_4_seed_004.pdb
1332,14,Dimer,0.58264,anc2d_14_L_unrelaxed_rank_011_alphafold2_model_4_seed_000.pdb
1333,14,Dimer,0.61066,anc2d_14_L_unrelaxed_rank_012_alphafold2_model_4_seed_001.pdb
1334,14,Dimer,0.58486,anc2d_14_L_unrelaxed_rank_013_alphafold2_model_4_seed_002.pdb
1335,14,Dimer,0.59201,anc2d_14_L_unrelaxed_rank_014_alphafold2_model_4_seed_003.pdb
1336,14,Dimer,0.58683,anc2d_14_V_unrelaxed_rank_001_alphafold2_model_3_seed_002.pdb
1337,14,Dimer,0.58124,anc2d_14_V_unrelaxed_rank_002_alphafold2_model_1_seed_000.pdb
1338,14,Dimer,0.58226,anc2d_14_V_unrelaxed_rank_003_alphafold2_model_1_seed_001.pdb
1339,14,Dimer,0.61319,anc2d_14_V_unrelaxed_rank_004_alphafold2_model_3_seed_001.pdb
1340,14,Dimer,0.58335,anc2d_14_V_unrelaxed_rank_005_alphafold2_model_1_seed_004.pdb
1341,14,Dimer,0.58879,anc2d_14_V_unrelaxed_rank_006_alphafold2_model_3_seed_003.pdb
1342,14,Dimer,0.61763,anc2d_14_V_unrelaxed_rank_007_alphafold2_model_1_seed_003.pdb
1343,14,Dimer,0.57489,anc2d_14_V_unrelaxed_rank_008_alphafold2_model_5_seed_002.pdb
1344,14,Dimer,0.58806,anc2d_14_V_unrelaxed_rank_009_alphafold2_model_3_seed_004.pdb
1345,14,Dimer,0.5901,anc2d_14_V_unrelaxed_rank_010_alphafold2_model_3_seed_000.pdb
1346,14,Dimer,0.58596,anc2d_14_V_unrelaxed_rank_011_alphafold2_model_1_seed_002.pdb
1347,14,Dimer,0.62226,anc2d_14_V_unrelaxed_rank_012_alphafold2_model_4_seed_003.pdb
1348,14,Dimer,0.62364,anc2d_14_V_unrelaxed_rank_013_alphafold2_model_4_seed_001.pdb
1349,14,Dimer,0.57607,anc2d_14_V_unrelaxed_rank_014_alphafold2_model_5_seed_000.pdb
1350,14,Dimer,0.62509,anc2d_14_V_unrelaxed_rank_015_alphafold2_model_4_seed_004.pdb
1351,14,Dimer,0.57468,anc2d_14_V_unrelaxed_rank_016_alphafold2_model_5_seed_001.pdb
1352,14,Dimer,0.58446,anc2d_14_V_unrelaxed_rank_017_alphafold2_model_2_seed_004.pdb
1353,14,Dimer,0.62027,anc2d_14_V_unrelaxed_rank_018_alphafold2_model_4_seed_000.pdb
1354,14,Dimer,0.57552,anc2d_14_V_unrelaxed_rank_019_alphafold2_model_5_seed_003.pdb
1355,14,Dimer,0.58568,anc2d_14_V_unrelaxed_rank_020_alphafold2_model_4_seed_002.pdb
1356,36,Dimer,0.53566,anc2d_36_A_unrelaxed_rank_001_alphafold2_model_2_seed_001.pdb
1357,36,Dimer,0.55405,anc2d_36_A_unrelaxed_rank_002_alphafold2_model_2_seed_004.pdb
1358,36,Dimer,0.53788,anc2d_36_A_unrelaxed_rank_003_alphafold2_model_2_seed_002.pdb
1359,36,Dimer,0.53473,anc2d_36_A_unrelaxed_rank_004_alphafold2_model_2_seed_003.pdb
1360,36,Dimer,0.62498,anc2d_36_A_unrelaxed_rank_005_alphafold2_model_3_seed_001.pdb
1361,36,Dimer,0.57779,anc2d_36_A_unrelaxed_rank_006_alphafold2_model_1_seed_001.pdb
1362,36,Dimer,0.57636,anc2d_36_A_unrelaxed_rank_007_alphafold2_model_1_seed_000.pdb
1363,36,Dimer,0.5739,anc2d_36_A_unrelaxed_rank_008_alphafold2_model_1_seed_002.pdb
1364,36,Dimer,0.61496,anc2d_36_A_unrelaxed_rank_009_alphafold2_model_3_seed_004.pdb
1365,36,Dimer,0.54396,anc2d_36_A_unrelaxed_rank_010_alphafold2_model_1_seed_004.pdb
1366,36,Dimer,0.56907,anc2d_36_A_unrelaxed_rank_011_alphafold2_model_1_seed_003.pdb
1367,36,Dimer,0.6006,anc2d_36_A_unrelaxed_rank_012_alphafold2_model_3_seed_000.pdb
1368,36,Dimer,0.57759,anc2d_36_A_unrelaxed_rank_013_alphafold2_model_3_seed_002.pdb
1369,36,Dimer,0.58085,anc2d_36_A_unrelaxed_rank_014_alphafold2_model_3_seed_003.pdb
1370,36,Dimer,0.58223,anc2d_36_A_unrelaxed_rank_015_alphafold2_model_4_seed_002.pdb
1371,36,Dimer,0.58281,anc2d_36_A_unrelaxed_rank_016_alphafold2_model_4_seed_001.pdb
1372,36,Dimer,0.5803,anc2d_36_A_unrelaxed_rank_017_alphafold2_model_4_seed_003.pdb
1373,36,Dimer,0.53237,anc2d_36_A_unrelaxed_rank_018_alphafold2_model_5_seed_002.pdb
1374,36,Dimer,0.58481,anc2d_36_A_unrelaxed_rank_019_alphafold2_model_4_seed_000.pdb
1375,36,Dimer,0.5811,anc2d_36_A_unrelaxed_rank_020_alphafold2_model_4_seed_004.pdb
1376,36,Dimer,0.532,anc2d_36_A_unrelaxed_rank_021_alphafold2_model_5_seed_001.pdb
1377,36,Dimer,0.53116,anc2d_36_A_unrelaxed_rank_022_alphafold2_model_5_seed_000.pdb
1378,36,Dimer,0.53323,anc2d_36_A_unrelaxed_rank_023_alphafold2_model_5_seed_003.pdb
1379,36,Dimer,0.53308,anc2d_36_A_unrelaxed_rank_024_alphafold2_model_5_seed_004.pdb
1380,36,Dimer,0.5925,anc2d_36_G_unrelaxed_rank_001_alphafold2_model_3_seed_001.pdb
1381,36,Dimer,0.58752,anc2d_36_G_unrelaxed_rank_002_alphafold2_model_5_seed_000.pdb
1382,36,Dimer,0.59175,anc2d_36_G_unrelaxed_rank_003_alphafold2_model_3_seed_004.pdb
1383,36,Dimer,0.58686,anc2d_36_G_unrelaxed_rank_004_alphafold2_model_5_seed_004.pdb
1384,36,Dimer,0.58634,anc2d_36_G_unrelaxed_rank_005_alphafold2_model_5_seed_002.pdb
1385,36,Dimer,0.58914,anc2d_36_G_unrelaxed_rank_006_alphafold2_model_5_seed_001.pdb
1386,36,Dimer,0.58865,anc2d_36_G_unrelaxed_rank_007_alphafold2_model_5_seed_003.pdb
1387,36,Dimer,0.56436,anc2d_36_G_unrelaxed_rank_008_alphafold2_model_2_seed_000.pdb
1388,36,Dimer,0.56701,anc2d_36_G_unrelaxed_rank_009_alphafold2_model_2_seed_003.pdb
1389,36,Dimer,0.55098,anc2d_36_G_unrelaxed_rank_010_alphafold2_model_2_seed_002.pdb
1390,36,Dimer,0.56378,anc2d_36_G_unrelaxed_rank_011_alphafold2_model_2_seed_004.pdb
1391,36,Dimer,0.59944,anc2d_36_G_unrelaxed_rank_012_alphafold2_model_1_seed_004.pdb
1392,36,Dimer,0.56635,anc2d_36_G_unrelaxed_rank_013_alphafold2_model_2_seed_001.pdb
1393,36,Dimer,0.54845,anc2d_36_G_unrelaxed_rank_014_alphafold2_model_3_seed_002.pdb
1394,36,Dimer,0.59895,anc2d_36_G_unrelaxed_rank_015_alphafold2_model_1_seed_000.pdb
1395,36,Dimer,0.59363,anc2d_36_G_unrelaxed_rank_016_alphafold2_model_1_seed_003.pdb
1396,36,Dimer,0.59811,anc2d_36_G_unrelaxed_rank_017_alphafold2_model_1_seed_001.pdb
1397,36,Dimer,0.58428,anc2d_36_G_unrelaxed_rank_018_alphafold2_model_3_seed_003.pdb
1398,36,Dimer,0.58716,anc2d_36_G_unrelaxed_rank_019_alphafold2_model_3_seed_000.pdb
1399,36,Dimer,0.58422,anc2d_36_G_unrelaxed_rank_020_alphafold2_model_4_seed_004.pdb
1400,36,Dimer,0.54496,anc2d_36_G_unrelaxed_rank_021_alphafold2_model_4_seed_002.pdb
1401,36,Dimer,0.60914,anc2d_36_G_unrelaxed_rank_022_alphafold2_model_4_seed_001.pdb
1402,36,Dimer,0.59548,anc2d_36_G_unrelaxed_rank_023_alphafold2_model_1_seed_002.pdb
1403,36,Dimer,0.60265,anc2d_36_G_unrelaxed_rank_024_alphafold2_model_4_seed_000.pdb
1404,36,Dimer,0.57371,anc2d_36_G_unrelaxed_rank_025_alphafold2_model_4_seed_003.pdb
1405,38,Dimer,0.53566,anc2d_38_I_unrelaxed_rank_001_alphafold2_model_2_seed_001.pdb
1406,38,Dimer,0.55405,anc2d_38_I_unrelaxed_rank_002_alphafold2_model_2_seed_004.pdb
1407,38,Dimer,0.53788,anc2d_38_I_unrelaxed_rank_003_alphafold2_model_2_seed_002.pdb
1408,38,Dimer,0.53473,anc2d_38_I_unrelaxed_rank_004_alphafold2_model_2_seed_003.pdb
1409,38,Dimer,0.62498,anc2d_38_I_unrelaxed_rank_005_alphafold2_model_3_seed_001.pdb
1410,38,Dimer,0.57779,anc2d_38_I_unrelaxed_rank_006_alphafold2_model_1_seed_001.pdb
1411,38,Dimer,0.57636,anc2d_38_I_unrelaxed_rank_007_alphafold2_model_1_seed_000.pdb
1412,38,Dimer,0.5739,anc2d_38_I_unrelaxed_rank_008_alphafold2_model_1_seed_002.pdb
1413,38,Dimer,0.61496,anc2d_38_I_unrelaxed_rank_009_alphafold2_model_3_seed_004.pdb
1414,38,Dimer,0.54396,anc2d_38_I_unrelaxed_rank_010_alphafold2_model_1_seed_004.pdb
1415,38,Dimer,0.56907,anc2d_38_I_unrelaxed_rank_011_alphafold2_model_1_seed_003.pdb
1416,38,Dimer,0.6006,anc2d_38_I_unrelaxed_rank_012_alphafold2_model_3_seed_000.pdb
1417,38,Dimer,0.57759,anc2d_38_I_unrelaxed_rank_013_alphafold2_model_3_seed_002.pdb
1418,38,Dimer,0.58085,anc2d_38_I_unrelaxed_rank_014_alphafold2_model_3_seed_003.pdb
1419,38,Dimer,0.58223,anc2d_38_I_unrelaxed_rank_015_alphafold2_model_4_seed_002.pdb
1420,38,Dimer,0.58281,anc2d_38_I_unrelaxed_rank_016_alphafold2_model_4_seed_001.pdb
1421,38,Dimer,0.5803,anc2d_38_I_unrelaxed_rank_017_alphafold2_model_4_seed_003.pdb
1422,38,Dimer,0.53237,anc2d_38_I_unrelaxed_rank_018_alphafold2_model_5_seed_002.pdb
1423,38,Dimer,0.58481,anc2d_38_I_unrelaxed_rank_019_alphafold2_model_4_seed_000.pdb
1424,38,Dimer,0.5811,anc2d_38_I_unrelaxed_rank_020_alphafold2_model_4_seed_004.pdb
1425,38,Dimer,0.532,anc2d_38_I_unrelaxed_rank_021_alphafold2_model_5_seed_001.pdb
1426,38,Dimer,0.53116,anc2d_38_I_unrelaxed_rank_022_alphafold2_model_5_seed_000.pdb
1427,38,Dimer,0.53323,anc2d_38_I_unrelaxed_rank_023_alphafold2_model_5_seed_003.pdb
1428,38,Dimer,0.53308,anc2d_38_I_unrelaxed_rank_024_alphafold2_model_5_seed_004.pdb
1429,38,Dimer,0.58179,anc2d_38_L_unrelaxed_rank_001_alphafold2_model_2_seed_004.pdb
1430,38,Dimer,0.57604,anc2d_38_L_unrelaxed_rank_002_alphafold2_model_2_seed_001.pdb
1431,38,Dimer,0.57386,anc2d_38_L_unrelaxed_rank_003_alphafold2_model_2_seed_002.pdb
1432,38,Dimer,0.57996,anc2d_38_L_unrelaxed_rank_004_alphafold2_model_2_seed_003.pdb
1433,38,Dimer,0.57137,anc2d_38_L_unrelaxed_rank_005_alphafold2_model_2_seed_000.pdb
1434,38,Dimer,0.53096,anc2d_38_L_unrelaxed_rank_006_alphafold2_model_1_seed_003.pdb
1435,38,Dimer,0.58406,anc2d_38_L_unrelaxed_rank_007_alphafold2_model_3_seed_002.pdb
1436,38,Dimer,0.52709,anc2d_38_L_unrelaxed_rank_008_alphafold2_model_1_seed_000.pdb
1437,38,Dimer,0.52986,anc2d_38_L_unrelaxed_rank_009_alphafold2_model_1_seed_004.pdb
1438,38,Dimer,0.55968,anc2d_38_L_unrelaxed_rank_010_alphafold2_model_1_seed_001.pdb
1439,38,Dimer,0.58339,anc2d_38_L_unrelaxed_rank_011_alphafold2_model_3_seed_000.pdb
1440,38,Dimer,0.58281,anc2d_38_L_unrelaxed_rank_012_alphafold2_model_3_seed_004.pdb
1441,38,Dimer,0.58383,anc2d_38_L_unrelaxed_rank_013_alphafold2_model_3_seed_003.pdb
1442,38,Dimer,0.54806,anc2d_38_L_unrelaxed_rank_014_alphafold2_model_1_seed_002.pdb
1443,38,Dimer,0.57652,anc2d_38_L_unrelaxed_rank_015_alphafold2_model_4_seed_001.pdb
1444,38,Dimer,0.545,anc2d_38_L_unrelaxed_rank_016_alphafold2_model_4_seed_002.pdb
1445,38,Dimer,0.56911,anc2d_38_L_unrelaxed_rank_017_alphafold2_model_4_seed_000.pdb
1446,38,Dimer,0.56423,anc2d_38_L_unrelaxed_rank_018_alphafold2_model_3_seed_001.pdb
1447,38,Dimer,0.57123,anc2d_38_L_unrelaxed_rank_019_alphafold2_model_5_seed_002.pdb
1448,38,Dimer,0.56967,anc2d_38_L_unrelaxed_rank_020_alphafold2_model_5_seed_001.pdb
1449,38,Dimer,0.56165,anc2d_38_L_unrelaxed_rank_021_alphafold2_model_4_seed_003.pdb
1450,38,Dimer,0.55755,anc2d_38_L_unrelaxed_rank_022_alphafold2_model_4_seed_004.pdb
1451,38,Dimer,0.56555,anc2d_38_L_unrelaxed_rank_023_alphafold2_model_5_seed_000.pdb
1452,38,Dimer,0.54289,anc2d_38_V_unrelaxed_rank_001_alphafold2_model_2_seed_002.pdb
1453,38,Dimer,0.54136,anc2d_38_V_unrelaxed_rank_002_alphafold2_model_2_seed_004.pdb
1454,38,Dimer,0.54154,anc2d_38_V_unrelaxed_rank_003_alphafold2_model_2_seed_003.pdb
1455,38,Dimer,0.54226,anc2d_38_V_unrelaxed_rank_004_alphafold2_model_2_seed_001.pdb
1456,38,Dimer,0.60148,anc2d_38_V_unrelaxed_rank_005_alphafold2_model_3_seed_002.pdb
1457,38,Dimer,0.6137,anc2d_38_V_unrelaxed_rank_006_alphafold2_model_3_seed_001.pdb
1458,38,Dimer,0.61793,anc2d_38_V_unrelaxed_rank_007_alphafold2_model_3_seed_004.pdb
1459,38,Dimer,0.61679,anc2d_38_V_unrelaxed_rank_008_alphafold2_model_3_seed_000.pdb
1460,38,Dimer,0.54799,anc2d_38_V_unrelaxed_rank_009_alphafold2_model_1_seed_004.pdb
1461,38,Dimer,0.54546,anc2d_38_V_unrelaxed_rank_010_alphafold2_model_1_seed_002.pdb
1462,38,Dimer,0.5568,anc2d_38_V_unrelaxed_rank_011_alphafold2_model_1_seed_000.pdb
1463,38,Dimer,0.55342,anc2d_38_V_unrelaxed_rank_012_alphafold2_model_1_seed_001.pdb
1464,38,Dimer,0.57889,anc2d_38_V_unrelaxed_rank_013_alphafold2_model_3_seed_003.pdb
1465,38,Dimer,0.57612,anc2d_38_V_unrelaxed_rank_014_alphafold2_model_1_seed_003.pdb
1466,38,Dimer,0.58419,anc2d_38_V_unrelaxed_rank_015_alphafold2_model_4_seed_001.pdb
1467,38,Dimer,0.59043,anc2d_38_V_unrelaxed_rank_016_alphafold2_model_4_seed_002.pdb
1468,38,Dimer,0.57981,anc2d_38_V_unrelaxed_rank_017_alphafold2_model_4_seed_003.pdb
1469,38,Dimer,0.58417,anc2d_38_V_unrelaxed_rank_018_alphafold2_model_4_seed_004.pdb
1470,38,Dimer,0.54747,anc2d_38_V_unrelaxed_rank_019_alphafold2_model_5_seed_002.pdb
1471,38,Dimer,0.54979,anc2d_38_V_unrelaxed_rank_020_alphafold2_model_5_seed_003.pdb
1472,38,Dimer,0.59089,anc2d_38_V_unrelaxed_rank_021_alphafold2_model_4_seed_000.pdb
1473,38,Dimer,0.54873,anc2d_38_V_unrelaxed_rank_022_alphafold2_model_5_seed_000.pdb
1474,38,Dimer,0.53979,anc2d_38_V_unrelaxed_rank_023_alphafold2_model_5_seed_001.pdb
1475,40,Dimer,0.52887,anc2d_40_G_unrelaxed_rank_001_alphafold2_model_2_seed_002.pdb
1476,40,Dimer,0.53105,anc2d_40_G_unrelaxed_rank_002_alphafold2_model_2_seed_003.pdb
1477,40,Dimer,0.5314,anc2d_40_G_unrelaxed_rank_003_alphafold2_model_2_seed_001.pdb
1478,40,Dimer,0.53061,anc2d_40_G_unrelaxed_rank_004_alphafold2_model_2_seed_004.pdb
1479,40,Dimer,0.53119,anc2d_40_G_unrelaxed_rank_005_alphafold2_model_2_seed_000.pdb
1480,40,Dimer,0.54092,anc2d_40_G_unrelaxed_rank_006_alphafold2_model_3_seed_002.pdb
1481,40,Dimer,0.54174,anc2d_40_G_unrelaxed_rank_007_alphafold2_model_3_seed_004.pdb
1482,40,Dimer,0.52601,anc2d_40_G_unrelaxed_rank_008_alphafold2_model_1_seed_000.pdb
1483,40,Dimer,0.52696,anc2d_40_G_unrelaxed_rank_009_alphafold2_model_1_seed_004.pdb
1484,40,Dimer,0.53983,anc2d_40_G_unrelaxed_rank_010_alphafold2_model_3_seed_001.pdb
1485,40,Dimer,0.527,anc2d_40_G_unrelaxed_rank_011_alphafold2_model_1_seed_001.pdb
1486,40,Dimer,0.53363,anc2d_40_G_unrelaxed_rank_012_alphafold2_model_1_seed_002.pdb
1487,40,Dimer,0.5394,anc2d_40_G_unrelaxed_rank_013_alphafold2_model_3_seed_003.pdb
1488,40,Dimer,0.53058,anc2d_40_G_unrelaxed_rank_014_alphafold2_model_5_seed_002.pdb
1489,40,Dimer,0.52928,anc2d_40_G_unrelaxed_rank_015_alphafold2_model_5_seed_003.pdb
1490,40,Dimer,0.52825,anc2d_40_G_unrelaxed_rank_016_alphafold2_model_1_seed_003.pdb
1491,40,Dimer,0.53043,anc2d_40_G_unrelaxed_rank_017_alphafold2_model_5_seed_004.pdb
1492,40,Dimer,0.5293,anc2d_40_G_unrelaxed_rank_018_alphafold2_model_5_seed_000.pdb
1493,40,Dimer,0.52815,anc2d_40_G_unrelaxed_rank_019_alphafold2_model_3_seed_000.pdb
1494,40,Dimer,0.53045,anc2d_40_G_unrelaxed_rank_020_alphafold2_model_5_seed_001.pdb
1495,40,Dimer,0.54085,anc2d_40_G_unrelaxed_rank_021_alphafold2_model_4_seed_002.pdb
1496,40,Dimer,0.53933,anc2d_40_G_unrelaxed_rank_022_alphafold2_model_4_seed_001.pdb
1497,40,Dimer,0.53179,anc2d_40_G_unrelaxed_rank_023_alphafold2_model_4_seed_003.pdb
1498,40,Dimer,0.53169,anc2d_40_G_unrelaxed_rank_024_alphafold2_model_4_seed_004.pdb
1499,40,Dimer,0.52909,anc2d_40_G_unrelaxed_rank_025_alphafold2_model_4_seed_000.pdb
1500,40,Dimer,0.53566,anc2d_40_I_unrelaxed_rank_001_alphafold2_model_2_seed_001.pdb
1501,40,Dimer,0.55405,anc2d_40_I_unrelaxed_rank_002_alphafold2_model_2_seed_004.pdb
1502,40,Dimer,0.53788,anc2d_40_I_unrelaxed_rank_003_alphafold2_model_2_seed_002.pdb
1503,40,Dimer,0.53473,anc2d_40_I_unrelaxed_rank_004_alphafold2_model_2_seed_003.pdb
1504,40,Dimer,0.62498,anc2d_40_I_unrelaxed_rank_005_alphafold2_model_3_seed_001.pdb
1505,40,Dimer,0.57779,anc2d_40_I_unrelaxed_rank_006_alphafold2_model_1_seed_001.pdb
1506,40,Dimer,0.57636,anc2d_40_I_unrelaxed_rank_007_alphafold2_model_1_seed_000.pdb
1507,40,Dimer,0.5739,anc2d_40_I_unrelaxed_rank_008_alphafold2_model_1_seed_002.pdb
1508,40,Dimer,0.61496,anc2d_40_I_unrelaxed_rank_009_alphafold2_model_3_seed_004.pdb
1509,40,Dimer,0.54396,anc2d_40_I_unrelaxed_rank_010_alphafold2_model_1_seed_004.pdb
1510,40,Dimer,0.56907,anc2d_40_I_unrelaxed_rank_011_alphafold2_model_1_seed_003.pdb
1511,40,Dimer,0.6006,anc2d_40_I_unrelaxed_rank_012_alphafold2_model_3_seed_000.pdb
1512,40,Dimer,0.57759,anc2d_40_I_unrelaxed_rank_013_alphafold2_model_3_seed_002.pdb
1513,40,Dimer,0.58085,anc2d_40_I_unrelaxed_rank_014_alphafold2_model_3_seed_003.pdb
1514,40,Dimer,0.58223,anc2d_40_I_unrelaxed_rank_015_alphafold2_model_4_seed_002.pdb
1515,40,Dimer,0.58281,anc2d_40_I_unrelaxed_rank_016_alphafold2_model_4_seed_001.pdb
1516,40,Dimer,0.5803,anc2d_40_I_unrelaxed_rank_017_alphafold2_model_4_seed_003.pdb
1517,40,Dimer,0.53237,anc2d_40_I_unrelaxed_rank_018_alphafold2_model_5_seed_002.pdb
1518,40,Dimer,0.58481,anc2d_40_I_unrelaxed_rank_019_alphafold2_model_4_seed_000.pdb
1519,40,Dimer,0.5811,anc2d_40_I_unrelaxed_rank_020_alphafold2_model_4_seed_004.pdb
1520,40,Dimer,0.532,anc2d_40_I_unrelaxed_rank_021_alphafold2_model_5_seed_001.pdb
1521,40,Dimer,0.53116,anc2d_40_I_unrelaxed_rank_022_alphafold2_model_5_seed_000.pdb
1522,40,Dimer,0.53323,anc2d_40_I_unrelaxed_rank_023_alphafold2_model_5_seed_003.pdb
1523,40,Dimer,0.53308,anc2d_40_I_unrelaxed_rank_024_alphafold2_model_5_seed_004.pdb
1524,40,Dimer,0.53444,anc2d_40_V_unrelaxed_rank_001_alphafold2_model_2_seed_003.pdb
1525,40,Dimer,0.53477,anc2d_40_V_unrelaxed_rank_002_alphafold2_model_2_seed_004.pdb
1526,40,Dimer,0.53651,anc2d_40_V_unrelaxed_rank_003_alphafold2_model_2_seed_002.pdb
1527,40,Dimer,0.57441,anc2d_40_V_unrelaxed_rank_004_alphafold2_model_1_seed_004.pdb
1528,40,Dimer,0.57414,anc2d_40_V_unrelaxed_rank_005_alphafold2_model_1_seed_000.pdb
1529,40,Dimer,0.53112,anc2d_40_V_unrelaxed_rank_006_alphafold2_model_2_seed_001.pdb
1530,40,Dimer,0.57455,anc2d_40_V_unrelaxed_rank_007_alphafold2_model_1_seed_001.pdb
1531,40,Dimer,0.57331,anc2d_40_V_unrelaxed_rank_008_alphafold2_model_1_seed_002.pdb
1532,40,Dimer,0.61986,anc2d_40_V_unrelaxed_rank_009_alphafold2_model_3_seed_001.pdb
1533,40,Dimer,0.6216,anc2d_40_V_unrelaxed_rank_010_alphafold2_model_3_seed_004.pdb
1534,40,Dimer,0.62111,anc2d_40_V_unrelaxed_rank_011_alphafold2_model_3_seed_003.pdb
1535,40,Dimer,0.59245,anc2d_40_V_unrelaxed_rank_012_alphafold2_model_1_seed_003.pdb
1536,40,Dimer,0.53971,anc2d_40_V_unrelaxed_rank_013_alphafold2_model_2_seed_000.pdb
1537,40,Dimer,0.61151,anc2d_40_V_unrelaxed_rank_014_alphafold2_model_3_seed_002.pdb
1538,40,Dimer,0.61311,anc2d_40_V_unrelaxed_rank_015_alphafold2_model_3_seed_000.pdb
1539,40,Dimer,0.59953,anc2d_40_V_unrelaxed_rank_016_alphafold2_model_4_seed_004.pdb
1540,40,Dimer,0.61269,anc2d_40_V_unrelaxed_rank_017_alphafold2_model_4_seed_001.pdb
1541,40,Dimer,0.59267,anc2d_40_V_unrelaxed_rank_018_alphafold2_model_4_seed_003.pdb
1542,40,Dimer,0.608,anc2d_40_V_unrelaxed_rank_019_alphafold2_model_4_seed_002.pdb
1543,40,Dimer,0.61983,anc2d_40_V_unrelaxed_rank_020_alphafold2_model_5_seed_001.pdb
1544,40,Dimer,0.61458,anc2d_40_V_unrelaxed_rank_021_alphafold2_model_4_seed_000.pdb
1545,40,Dimer,0.61114,anc2d_40_V_unrelaxed_rank_022_alphafold2_model_5_seed_000.pdb
1546,40,Dimer,0.60901,anc2d_40_V_unrelaxed_rank_023_alphafold2_model_5_seed_003.pdb
1547,47,Dimer,0.53566,anc2d_47_I_unrelaxed_rank_001_alphafold2_model_2_seed_001.pdb
1548,47,Dimer,0.55405,anc2d_47_I_unrelaxed_rank_002_alphafold2_model_2_seed_004.pdb
1549,47,Dimer,0.53788,anc2d_47_I_unrelaxed_rank_003_alphafold2_model_2_seed_002.pdb
1550,47,Dimer,0.53473,anc2d_47_I_unrelaxed_rank_004_alphafold2_model_2_seed_003.pdb
1551,47,Dimer,0.62498,anc2d_47_I_unrelaxed_rank_005_alphafold2_model_3_seed_001.pdb
1552,47,Dimer,0.57779,anc2d_47_I_unrelaxed_rank_006_alphafold2_model_1_seed_001.pdb
1553,47,Dimer,0.57636,anc2d_47_I_unrelaxed_rank_007_alphafold2_model_1_seed_000.pdb
1554,47,Dimer,0.5739,anc2d_47_I_unrelaxed_rank_008_alphafold2_model_1_seed_002.pdb
1555,47,Dimer,0.61496,anc2d_47_I_unrelaxed_rank_009_alphafold2_model_3_seed_004.pdb
1556,47,Dimer,0.54396,anc2d_47_I_unrelaxed_rank_010_alphafold2_model_1_seed_004.pdb
1557,47,Dimer,0.56907,anc2d_47_I_unrelaxed_rank_011_alphafold2_model_1_seed_003.pdb
1558,47,Dimer,0.6006,anc2d_47_I_unrelaxed_rank_012_alphafold2_model_3_seed_000.pdb
1559,47,Dimer,0.57759,anc2d_47_I_unrelaxed_rank_013_alphafold2_model_3_seed_002.pdb
1560,47,Dimer,0.58085,anc2d_47_I_unrelaxed_rank_014_alphafold2_model_3_seed_003.pdb
1561,47,Dimer,0.58223,anc2d_47_I_unrelaxed_rank_015_alphafold2_model_4_seed_002.pdb
1562,47,Dimer,0.58281,anc2d_47_I_unrelaxed_rank_016_alphafold2_model_4_seed_001.pdb
1563,47,Dimer,0.5803,anc2d_47_I_unrelaxed_rank_017_alphafold2_model_4_seed_003.pdb
1564,47,Dimer,0.53237,anc2d_47_I_unrelaxed_rank_018_alphafold2_model_5_seed_002.pdb
1565,47,Dimer,0.58481,anc2d_47_I_unrelaxed_rank_019_alphafold2_model_4_seed_000.pdb
1566,47,Dimer,0.5811,anc2d_47_I_unrelaxed_rank_020_alphafold2_model_4_seed_004.pdb
1567,47,Dimer,0.532,anc2d_47_I_unrelaxed_rank_021_alphafold2_model_5_seed_001.pdb
1568,47,Dimer,0.53116,anc2d_47_I_unrelaxed_rank_022_alphafold2_model_5_seed_000.pdb
1569,47,Dimer,0.53323,anc2d_47_I_unrelaxed_rank_023_alphafold2_model_5_seed_003.pdb
1570,47,Dimer,0.53308,anc2d_47_I_unrelaxed_rank_024_alphafold2_model_5_seed_004.pdb
1571,47,Dimer,0.51681,anc2d_47_L_unrelaxed_rank_001_alphafold2_model_2_seed_003.pdb
1572,47,Dimer,0.51719,anc2d_47_L_unrelaxed_rank_002_alphafold2_model_2_seed_001.pdb
1573,47,Dimer,0.5647,anc2d_47_L_unrelaxed_rank_003_alphafold2_model_2_seed_002.pdb
1574,47,Dimer,0.57867,anc2d_47_L_unrelaxed_rank_004_alphafold2_model_3_seed_003.pdb
1575,47,Dimer,0.54773,anc2d_47_L_unrelaxed_rank_005_alphafold2_model_2_seed_004.pdb
1576,47,Dimer,0.52402,anc2d_47_L_unrelaxed_rank_006_alphafold2_model_1_seed_000.pdb
1577,47,Dimer,0.52492,anc2d_47_L_unrelaxed_rank_007_alphafold2_model_1_seed_002.pdb
1578,47,Dimer,0.57459,anc2d_47_L_unrelaxed_rank_008_alphafold2_model_3_seed_004.pdb
1579,47,Dimer,0.52547,anc2d_47_L_unrelaxed_rank_009_alphafold2_model_1_seed_001.pdb
1580,47,Dimer,0.5734,anc2d_47_L_unrelaxed_rank_010_alphafold2_model_3_seed_001.pdb
1581,47,Dimer,0.52517,anc2d_47_L_unrelaxed_rank_011_alphafold2_model_1_seed_004.pdb
1582,47,Dimer,0.52628,anc2d_47_L_unrelaxed_rank_012_alphafold2_model_2_seed_000.pdb
1583,47,Dimer,0.55544,anc2d_47_L_unrelaxed_rank_013_alphafold2_model_1_seed_003.pdb
1584,47,Dimer,0.57171,anc2d_47_L_unrelaxed_rank_014_alphafold2_model_4_seed_001.pdb
1585,47,Dimer,0.57152,anc2d_47_L_unrelaxed_rank_015_alphafold2_model_4_seed_003.pdb
1586,47,Dimer,0.57163,anc2d_47_L_unrelaxed_rank_016_alphafold2_model_4_seed_004.pdb
1587,47,Dimer,0.55679,anc2d_47_L_unrelaxed_rank_017_alphafold2_model_3_seed_002.pdb
1588,47,Dimer,0.56869,anc2d_47_L_unrelaxed_rank_018_alphafold2_model_3_seed_000.pdb
1589,47,Dimer,0.54236,anc2d_47_L_unrelaxed_rank_019_alphafold2_model_5_seed_002.pdb
1590,47,Dimer,0.56302,anc2d_47_L_unrelaxed_rank_020_alphafold2_model_4_seed_002.pdb
1591,47,Dimer,0.54401,anc2d_47_L_unrelaxed_rank_021_alphafold2_model_5_seed_001.pdb
1592,47,Dimer,0.54169,anc2d_47_L_unrelaxed_rank_022_alphafold2_model_5_seed_000.pdb
1593,47,Dimer,0.5766,anc2d_47_L_unrelaxed_rank_023_alphafold2_model_4_seed_000.pdb
1594,47,Dimer,0.5765,anc2d_47_M_unrelaxed_rank_001_alphafold2_model_3_seed_004.pdb
1595,47,Dimer,0.5782,anc2d_47_M_unrelaxed_rank_002_alphafold2_model_3_seed_001.pdb
1596,47,Dimer,0.57777,anc2d_47_M_unrelaxed_rank_003_alphafold2_model_3_seed_003.pdb
1597,47,Dimer,0.57281,anc2d_47_M_unrelaxed_rank_004_alphafold2_model_3_seed_000.pdb
1598,47,Dimer,0.57111,anc2d_47_M_unrelaxed_rank_005_alphafold2_model_3_seed_002.pdb
1599,47,Dimer,0.56483,anc2d_47_M_unrelaxed_rank_006_alphafold2_model_1_seed_003.pdb
1600,47,Dimer,0.52819,anc2d_47_M_unrelaxed_rank_007_alphafold2_model_1_seed_000.pdb
1601,47,Dimer,0.52893,anc2d_47_M_unrelaxed_rank_008_alphafold2_model_1_seed_001.pdb
1602,47,Dimer,0.52907,anc2d_47_M_unrelaxed_rank_009_alphafold2_model_1_seed_004.pdb
1603,47,Dimer,0.55545,anc2d_47_M_unrelaxed_rank_010_alphafold2_model_1_seed_002.pdb
1604,47,Dimer,0.57612,anc2d_47_M_unrelaxed_rank_011_alphafold2_model_4_seed_001.pdb
1605,47,Dimer,0.57861,anc2d_47_M_unrelaxed_rank_012_alphafold2_model_4_seed_004.pdb
1606,47,Dimer,0.57789,anc2d_47_M_unrelaxed_rank_013_alphafold2_model_4_seed_000.pdb
1607,47,Dimer,0.53064,anc2d_47_M_unrelaxed_rank_014_alphafold2_model_4_seed_002.pdb
1608,47,Dimer,0.57296,anc2d_47_M_unrelaxed_rank_015_alphafold2_model_5_seed_001.pdb
1609,47,Dimer,0.52875,anc2d_47_M_unrelaxed_rank_016_alphafold2_model_4_seed_003.pdb
1610,47,Dimer,0.55132,anc2d_47_M_unrelaxed_rank_017_alphafold2_model_5_seed_002.pdb
1611,47,Dimer,0.55125,anc2d_47_M_unrelaxed_rank_018_alphafold2_model_5_seed_000.pdb
1612,47,Dimer,0.54429,anc2d_47_M_unrelaxed_rank_019_alphafold2_model_5_seed_003.pdb
1613,I,Dimer,0.60345,anc2d_I_unrelaxed_rank_001_alphafold2_model_3_seed_001.pdb
1614,I,Dimer,0.53331,anc2d_I_unrelaxed_rank_002_alphafold2_model_2_seed_004.pdb
1615,I,Dimer,0.53081,anc2d_I_unrelaxed_rank_003_alphafold2_model_2_seed_000.pdb
1616,I,Dimer,0.53482,anc2d_I_unrelaxed_rank_004_alphafold2_model_2_seed_002.pdb
1617,I,Dimer,0.53364,anc2d_I_unrelaxed_rank_005_alphafold2_model_2_seed_001.pdb
1618,I,Dimer,0.57867,anc2d_I_unrelaxed_rank_006_alphafold2_model_1_seed_001.pdb
1619,I,Dimer,0.57461,anc2d_I_unrelaxed_rank_007_alphafold2_model_1_seed_002.pdb
1620,I,Dimer,0.57588,anc2d_I_unrelaxed_rank_008_alphafold2_model_1_seed_004.pdb
1621,I,Dimer,0.57618,anc2d_I_unrelaxed_rank_009_alphafold2_model_1_seed_000.pdb
1622,I,Dimer,0.56058,anc2d_I_unrelaxed_rank_010_alphafold2_model_2_seed_003.pdb
1623,I,Dimer,0.58383,anc2d_I_unrelaxed_rank_011_alphafold2_model_3_seed_003.pdb
1624,I,Dimer,0.58189,anc2d_I_unrelaxed_rank_012_alphafold2_model_3_seed_004.pdb
1625,I,Dimer,0.58,anc2d_I_unrelaxed_rank_013_alphafold2_model_1_seed_003.pdb
1626,I,Dimer,0.54162,anc2d_I_unrelaxed_rank_014_alphafold2_model_5_seed_002.pdb
1627,I,Dimer,0.57812,anc2d_I_unrelaxed_rank_015_alphafold2_model_3_seed_000.pdb
1628,I,Dimer,0.54826,anc2d_I_unrelaxed_rank_016_alphafold2_model_3_seed_002.pdb
1629,I,Dimer,0.58174,anc2d_I_unrelaxed_rank_017_alphafold2_model_4_seed_002.pdb
1630,I,Dimer,0.54249,anc2d_I_unrelaxed_rank_018_alphafold2_model_5_seed_003.pdb
1631,I,Dimer,0.58127,anc2d_I_unrelaxed_rank_019_alphafold2_model_4_seed_003.pdb
1632,I,Dimer,0.53368,anc2d_I_unrelaxed_rank_020_alphafold2_model_5_seed_000.pdb
1633,I,Dimer,0.58257,anc2d_I_unrelaxed_rank_021_alphafold2_model_4_seed_004.pdb
1634,I,Dimer,0.5812,anc2d_I_unrelaxed_rank_022_alphafold2_model_4_seed_001.pdb
1635,I,Dimer,0.58179,anc2d_I_unrelaxed_rank_023_alphafold2_model_4_seed_000.pdb
1636,I,Dimer,0.54384,anc2d_I_unrelaxed_rank_024_alphafold2_model_5_seed_001.pdb
1637,I,Dimer,0.54412,anc2d_I_unrelaxed_rank_025_alphafold2_model_5_seed_004.pdb
1638,L,Dimer,0.53154,anc2d_L_unrelaxed_rank_001_alphafold2_model_2_seed_001.pdb
1639,L,Dimer,0.52888,anc2d_L_unrelaxed_rank_002_alphafold2_model_2_seed_002.pdb
1640,L,Dimer,0.57228,anc2d_L_unrelaxed_rank_003_alphafold2_model_2_seed_000.pdb
1641,L,Dimer,0.58001,anc2d_L_unrelaxed_rank_004_alphafold2_model_3_seed_002.pdb
1642,L,Dimer,0.52748,anc2d_L_unrelaxed_rank_005_alphafold2_model_2_seed_003.pdb
1643,L,Dimer,0.52856,anc2d_L_unrelaxed_rank_006_alphafold2_model_2_seed_004.pdb
1644,L,Dimer,0.57405,anc2d_L_unrelaxed_rank_007_alphafold2_model_3_seed_001.pdb
1645,L,Dimer,0.53854,anc2d_L_unrelaxed_rank_008_alphafold2_model_1_seed_002.pdb
1646,L,Dimer,0.58111,anc2d_L_unrelaxed_rank_009_alphafold2_model_3_seed_000.pdb
1647,L,Dimer,0.58202,anc2d_L_unrelaxed_rank_010_alphafold2_model_3_seed_004.pdb
1648,L,Dimer,0.57665,anc2d_L_unrelaxed_rank_011_alphafold2_model_3_seed_003.pdb
1649,L,Dimer,0.56109,anc2d_L_unrelaxed_rank_012_alphafold2_model_1_seed_003.pdb
1650,L,Dimer,0.53917,anc2d_L_unrelaxed_rank_013_alphafold2_model_1_seed_000.pdb
1651,L,Dimer,0.53418,anc2d_L_unrelaxed_rank_014_alphafold2_model_5_seed_002.pdb
1652,L,Dimer,0.56014,anc2d_L_unrelaxed_rank_015_alphafold2_model_1_seed_001.pdb
1653,L,Dimer,0.5522,anc2d_L_unrelaxed_rank_016_alphafold2_model_1_seed_004.pdb
1654,L,Dimer,0.53405,anc2d_L_unrelaxed_rank_017_alphafold2_model_5_seed_003.pdb
1655,L,Dimer,0.53089,anc2d_L_unrelaxed_rank_018_alphafold2_model_5_seed_000.pdb
1656,L,Dimer,0.53156,anc2d_L_unrelaxed_rank_019_alphafold2_model_5_seed_001.pdb
1657,L,Dimer,0.56998,anc2d_L_unrelaxed_rank_020_alphafold2_model_4_seed_003.pdb
1658,L,Dimer,0.57009,anc2d_L_unrelaxed_rank_021_alphafold2_model_4_seed_004.pdb
1659,L,Dimer,0.5711,anc2d_L_unrelaxed_rank_022_alphafold2_model_4_seed_001.pdb
1660,L,Dimer,0.5645,anc2d_L_unrelaxed_rank_023_alphafold2_model_4_seed_002.pdb
1661,L,Dimer,0.5723,anc2d_L_unrelaxed_rank_024_alphafold2_model_4_seed_000.pdb
1662,L,Dimer,0.53631,anc2d_L_unrelaxed_rank_025_alphafold2_model_5_seed_004.pdb
1663,V,Dimer,0.53566,anc2d_V_unrelaxed_rank_001_alphafold2_model_2_seed_001.pdb
1664,V,Dimer,0.55405,anc2d_V_unrelaxed_rank_002_alphafold2_model_2_seed_004.pdb
1665,V,Dimer,0.53788,anc2d_V_unrelaxed_rank_003_alphafold2_model_2_seed_002.pdb
1666,V,Dimer,0.53473,anc2d_V_unrelaxed_rank_004_alphafold2_model_2_seed_003.pdb
1667,V,Dimer,0.62498,anc2d_V_unrelaxed_rank_005_alphafold2_model_3_seed_001.pdb
1668,V,Dimer,0.57779,anc2d_V_unrelaxed_rank_006_alphafold2_model_1_seed_001.pdb
1669,V,Dimer,0.57636,anc2d_V_unrelaxed_rank_007_alphafold2_model_1_seed_000.pdb
1670,V,Dimer,0.5739,anc2d_V_unrelaxed_rank_008_alphafold2_model_1_seed_002.pdb
1671,V,Dimer,0.61496,anc2d_V_unrelaxed_rank_009_alphafold2_model_3_seed_004.pdb
1672,V,Dimer,0.54396,anc2d_V_unrelaxed_rank_010_alphafold2_model_1_seed_004.pdb
1673,V,Dimer,0.56907,anc2d_V_unrelaxed_rank_011_alphafold2_model_1_seed_003.pdb
1674,V,Dimer,0.6006,anc2d_V_unrelaxed_rank_012_alphafold2_model_3_seed_000.pdb
1675,V,Dimer,0.57759,anc2d_V_unrelaxed_rank_013_alphafold2_model_3_seed_002.pdb
1676,V,Dimer,0.58085,anc2d_V_unrelaxed_rank_014_alphafold2_model_3_seed_003.pdb
1677,V,Dimer,0.58223,anc2d_V_unrelaxed_rank_015_alphafold2_model_4_seed_002.pdb
1678,V,Dimer,0.58281,anc2d_V_unrelaxed_rank_016_alphafold2_model_4_seed_001.pdb
1679,V,Dimer,0.5803,anc2d_V_unrelaxed_rank_017_alphafold2_model_4_seed_003.pdb
1680,V,Dimer,0.53237,anc2d_V_unrelaxed_rank_018_alphafold2_model_5_seed_002.pdb
1681,V,Dimer,0.58481,anc2d_V_unrelaxed_rank_019_alphafold2_model_4_seed_000.pdb
1682,V,Dimer,0.5811,anc2d_V_unrelaxed_rank_020_alphafold2_model_4_seed_004.pdb
1683,V,Dimer,0.532,anc2d_V_unrelaxed_rank_021_alphafold2_model_5_seed_001.pdb
1684,V,Dimer,0.53116,anc2d_V_unrelaxed_rank_022_alphafold2_model_5_seed_000.pdb
1685,V,Dimer,0.53323,anc2d_V_unrelaxed_rank_023_alphafold2_model_5_seed_003.pdb
1686,V,Dimer,0.53308,anc2d_V_unrelaxed_rank_024_alphafold2_model_5_seed_004.pdb
1687,14,Chemokine,0.50826,anc2f_14_I_unrelaxed_rank_002_alphafold2_model_2_seed_001.pdb
1688,14,Chemokine,0.51445,anc2f_14_I_unrelaxed_rank_003_alphafold2_model_2_seed_004.pdb
1689,14,Chemokine,0.51447,anc2f_14_I_unrelaxed_rank_004_alphafold2_model_2_seed_000.pdb
1690,14,Chemokine,0.76758,anc2f_14_I_unrelaxed_rank_005_alphafold2_model_3_seed_001.pdb
1691,14,Chemokine,0.74644,anc2f_14_I_unrelaxed_rank_006_alphafold2_model_3_seed_000.pdb
1692,14,Chemokine,0.77722,anc2f_14_I_unrelaxed_rank_007_alphafold2_model_1_seed_002.pdb
1693,14,Chemokine,0.74435,anc2f_14_I_unrelaxed_rank_008_alphafold2_model_1_seed_004.pdb
1694,14,Chemokine,0.7274,anc2f_14_I_unrelaxed_rank_009_alphafold2_model_1_seed_001.pdb
1695,14,Chemokine,0.74883,anc2f_14_I_unrelaxed_rank_010_alphafold2_model_3_seed_002.pdb
1696,14,Chemokine,0.73295,anc2f_14_I_unrelaxed_rank_011_alphafold2_model_1_seed_003.pdb
1697,14,Dimer,0.51084,anc2f_14_I_unrelaxed_rank_012_alphafold2_model_2_seed_002.pdb
1698,14,Dimer,0.51856,anc2f_14_I_unrelaxed_rank_013_alphafold2_model_1_seed_000.pdb
1699,14,Chemokine,0.73589,anc2f_14_I_unrelaxed_rank_014_alphafold2_model_3_seed_004.pdb
1700,14,Chemokine,0.51024,anc2f_14_L_unrelaxed_rank_001_alphafold2_model_2_seed_001.pdb
1701,14,Chemokine,0.5089,anc2f_14_L_unrelaxed_rank_002_alphafold2_model_2_seed_000.pdb
1702,14,Chemokine,0.50218,anc2f_14_L_unrelaxed_rank_003_alphafold2_model_2_seed_004.pdb
1703,14,Chemokine,0.50882,anc2f_14_L_unrelaxed_rank_004_alphafold2_model_2_seed_003.pdb
1704,14,Chemokine,0.54184,anc2f_14_L_unrelaxed_rank_005_alphafold2_model_2_seed_002.pdb
1705,14,Chemokine,0.51349,anc2f_14_L_unrelaxed_rank_006_alphafold2_model_1_seed_001.pdb
1706,14,Chemokine,0.5134,anc2f_14_L_unrelaxed_rank_007_alphafold2_model_1_seed_000.pdb
1707,14,Chemokine,0.51581,anc2f_14_L_unrelaxed_rank_008_alphafold2_model_1_seed_003.pdb
1708,14,Chemokine,0.51428,anc2f_14_L_unrelaxed_rank_009_alphafold2_model_1_seed_004.pdb
1709,14,Chemokine,0.78207,anc2f_14_V_unrelaxed_rank_001_alphafold2_model_3_seed_000.pdb
1710,14,Chemokine,0.758,anc2f_14_V_unrelaxed_rank_002_alphafold2_model_3_seed_002.pdb
1711,14,Dimer,0.50303,anc2f_14_V_unrelaxed_rank_003_alphafold2_model_2_seed_002.pdb
1712,14,Chemokine,0.7529,anc2f_14_V_unrelaxed_rank_004_alphafold2_model_1_seed_003.pdb
1713,14,Dimer,0.50472,anc2f_14_V_unrelaxed_rank_005_alphafold2_model_2_seed_001.pdb
1714,14,Chemokine,0.50612,anc2f_14_V_unrelaxed_rank_006_alphafold2_model_2_seed_003.pdb
1715,14,Dimer,0.59195,anc2f_14_V_unrelaxed_rank_007_alphafold2_model_3_seed_001.pdb
1716,14,Chemokine,0.51376,anc2f_14_V_unrelaxed_rank_008_alphafold2_model_2_seed_004.pdb
1717,14,Chemokine,0.74375,anc2f_14_V_unrelaxed_rank_009_alphafold2_model_3_seed_004.pdb
1718,14,Chemokine,0.73749,anc2f_14_V_unrelaxed_rank_010_alphafold2_model_3_seed_003.pdb
1719,14,Chemokine,0.51746,anc2f_14_V_unrelaxed_rank_011_alphafold2_model_1_seed_000.pdb
1720,14,Dimer,0.51765,anc2f_14_V_unrelaxed_rank_012_alphafold2_model_1_seed_001.pdb
1721,36,Dimer,0.55823,anc2f_36_A_unrelaxed_rank_001_alphafold2_model_3_seed_001.pdb
1722,36,Dimer,0.59674,anc2f_36_A_unrelaxed_rank_002_alphafold2_model_3_seed_004.pdb
1723,36,Chemokine,0.77048,anc2f_36_A_unrelaxed_rank_003_alphafold2_model_2_seed_002.pdb
1724,36,Dimer,0.59911,anc2f_36_A_unrelaxed_rank_004_alphafold2_model_3_seed_002.pdb
1725,36,Dimer,0.59819,anc2f_36_A_unrelaxed_rank_005_alphafold2_model_3_seed_003.pdb
1726,36,Dimer,0.60049,anc2f_36_A_unrelaxed_rank_006_alphafold2_model_3_seed_000.pdb
1727,36,Dimer,0.52967,anc2f_36_A_unrelaxed_rank_007_alphafold2_model_2_seed_004.pdb
1728,36,Chemokine,0.75991,anc2f_36_A_unrelaxed_rank_008_alphafold2_model_5_seed_004.pdb
1729,36,Chemokine,0.83406,anc2f_36_G_unrelaxed_rank_001_alphafold2_model_2_seed_003.pdb
1730,36,Chemokine,0.83307,anc2f_36_G_unrelaxed_rank_002_alphafold2_model_2_seed_001.pdb
1731,36,Chemokine,0.81449,anc2f_36_G_unrelaxed_rank_003_alphafold2_model_3_seed_002.pdb
1732,36,Chemokine,0.81541,anc2f_36_G_unrelaxed_rank_004_alphafold2_model_3_seed_000.pdb
1733,36,Chemokine,0.81413,anc2f_36_G_unrelaxed_rank_005_alphafold2_model_3_seed_003.pdb
1734,36,Chemokine,0.81825,anc2f_36_G_unrelaxed_rank_006_alphafold2_model_3_seed_004.pdb
1735,36,Chemokine,0.81814,anc2f_36_G_unrelaxed_rank_007_alphafold2_model_3_seed_001.pdb
1736,36,Chemokine,0.83812,anc2f_36_G_unrelaxed_rank_008_alphafold2_model_2_seed_004.pdb
1737,36,Chemokine,0.83359,anc2f_36_G_unrelaxed_rank_009_alphafold2_model_1_seed_001.pdb
1738,36,Chemokine,0.81119,anc2f_36_G_unrelaxed_rank_010_alphafold2_model_1_seed_002.pdb
1739,36,Chemokine,0.81044,anc2f_36_G_unrelaxed_rank_011_alphafold2_model_1_seed_004.pdb
1740,36,Chemokine,0.80911,anc2f_36_G_unrelaxed_rank_012_alphafold2_model_1_seed_003.pdb
1741,36,Chemokine,0.81037,anc2f_36_G_unrelaxed_rank_013_alphafold2_model_1_seed_000.pdb
1742,36,Chemokine,0.81932,anc2f_36_G_unrelaxed_rank_014_alphafold2_model_2_seed_002.pdb
1743,36,Chemokine,0.82226,anc2f_36_G_unrelaxed_rank_015_alphafold2_model_2_seed_000.pdb
1744,36,Chemokine,0.79612,anc2f_36_G_unrelaxed_rank_016_alphafold2_model_5_seed_002.pdb
1745,36,Chemokine,0.80963,anc2f_36_G_unrelaxed_rank_017_alphafold2_model_4_seed_000.pdb
1746,36,Chemokine,0.81228,anc2f_36_G_unrelaxed_rank_018_alphafold2_model_4_seed_003.pdb
1747,36,Chemokine,0.79326,anc2f_36_G_unrelaxed_rank_019_alphafold2_model_4_seed_002.pdb
1748,36,Chemokine,0.79675,anc2f_36_G_unrelaxed_rank_020_alphafold2_model_5_seed_003.pdb
1749,36,Chemokine,0.79869,anc2f_36_G_unrelaxed_rank_021_alphafold2_model_4_seed_001.pdb
1750,36,Chemokine,0.79481,anc2f_36_G_unrelaxed_rank_022_alphafold2_model_5_seed_000.pdb
1751,36,Chemokine,0.79348,anc2f_36_G_unrelaxed_rank_023_alphafold2_model_5_seed_004.pdb
1752,36,Chemokine,0.79073,anc2f_36_G_unrelaxed_rank_024_alphafold2_model_5_seed_001.pdb
1753,36,Chemokine,0.78003,anc2f_36_G_unrelaxed_rank_025_alphafold2_model_4_seed_004.pdb
1754,36,Dimer,0.52585,anc2f_36_I_unrelaxed_rank_001_alphafold2_model_2_seed_000.pdb
1755,38,Dimer,0.55823,anc2f_38_I_unrelaxed_rank_001_alphafold2_model_3_seed_001.pdb
1756,38,Dimer,0.59674,anc2f_38_I_unrelaxed_rank_002_alphafold2_model_3_seed_004.pdb
1757,38,Chemokine,0.77048,anc2f_38_I_unrelaxed_rank_003_alphafold2_model_2_seed_002.pdb
1758,38,Dimer,0.59911,anc2f_38_I_unrelaxed_rank_004_alphafold2_model_3_seed_002.pdb
1759,38,Dimer,0.59819,anc2f_38_I_unrelaxed_rank_005_alphafold2_model_3_seed_003.pdb
1760,38,Dimer,0.60049,anc2f_38_I_unrelaxed_rank_006_alphafold2_model_3_seed_000.pdb
1761,38,Dimer,0.52967,anc2f_38_I_unrelaxed_rank_007_alphafold2_model_2_seed_004.pdb
1762,38,Chemokine,0.75991,anc2f_38_I_unrelaxed_rank_008_alphafold2_model_5_seed_004.pdb
1763,38,Chemokine,0.78654,anc2f_38_L_unrelaxed_rank_001_alphafold2_model_5_seed_002.pdb
1764,38,Chemokine,0.78862,anc2f_38_L_unrelaxed_rank_002_alphafold2_model_5_seed_004.pdb
1765,38,Chemokine,0.79008,anc2f_38_L_unrelaxed_rank_003_alphafold2_model_5_seed_003.pdb
1766,38,Dimer,0.53514,anc2f_38_L_unrelaxed_rank_004_alphafold2_model_4_seed_001.pdb
1767,38,Dimer,0.53064,anc2f_38_L_unrelaxed_rank_008_alphafold2_model_4_seed_000.pdb
1768,38,Chemokine,0.80157,anc2f_38_V_unrelaxed_rank_001_alphafold2_model_2_seed_002.pdb
1769,38,Chemokine,0.78708,anc2f_38_V_unrelaxed_rank_002_alphafold2_model_4_seed_004.pdb
1770,38,Chemokine,0.78675,anc2f_38_V_unrelaxed_rank_003_alphafold2_model_4_seed_002.pdb
1771,38,Chemokine,0.77428,anc2f_38_V_unrelaxed_rank_005_alphafold2_model_5_seed_002.pdb
1772,38,Chemokine,0.78217,anc2f_38_V_unrelaxed_rank_006_alphafold2_model_5_seed_004.pdb
1773,38,Dimer,0.59645,anc2f_38_V_unrelaxed_rank_007_alphafold2_model_3_seed_002.pdb
1774,38,Dimer,0.59436,anc2f_38_V_unrelaxed_rank_008_alphafold2_model_3_seed_003.pdb
1775,38,Chemokine,0.78594,anc2f_38_V_unrelaxed_rank_009_alphafold2_model_5_seed_000.pdb
1776,38,Dimer,0.59493,anc2f_38_V_unrelaxed_rank_011_alphafold2_model_3_seed_001.pdb
1777,38,Dimer,0.5936,anc2f_38_V_unrelaxed_rank_013_alphafold2_model_3_seed_000.pdb
1778,38,Chemokine,0.77611,anc2f_38_V_unrelaxed_rank_014_alphafold2_model_5_seed_001.pdb
1779,38,Dimer,0.59186,anc2f_38_V_unrelaxed_rank_015_alphafold2_model_3_seed_004.pdb
1780,38,Dimer,0.51746,anc2f_38_V_unrelaxed_rank_016_alphafold2_model_1_seed_002.pdb
1781,40,Dimer,0.53438,anc2f_40_G_unrelaxed_rank_001_alphafold2_model_4_seed_002.pdb
1782,40,Dimer,0.55691,anc2f_40_G_unrelaxed_rank_002_alphafold2_model_3_seed_004.pdb
1783,40,Dimer,0.53467,anc2f_40_G_unrelaxed_rank_003_alphafold2_model_4_seed_001.pdb
1784,40,Dimer,0.55662,anc2f_40_G_unrelaxed_rank_004_alphafold2_model_3_seed_002.pdb
1785,40,Dimer,0.56017,anc2f_40_G_unrelaxed_rank_005_alphafold2_model_3_seed_003.pdb
1786,40,Dimer,0.5595,anc2f_40_G_unrelaxed_rank_006_alphafold2_model_3_seed_001.pdb
1787,40,Dimer,0.55801,anc2f_40_G_unrelaxed_rank_007_alphafold2_model_3_seed_000.pdb
1788,40,Dimer,0.53463,anc2f_40_G_unrelaxed_rank_008_alphafold2_model_4_seed_004.pdb
1789,40,Dimer,0.55508,anc2f_40_G_unrelaxed_rank_009_alphafold2_model_1_seed_002.pdb
1790,40,Dimer,0.53494,anc2f_40_G_unrelaxed_rank_010_alphafold2_model_4_seed_000.pdb
1791,40,Dimer,0.55288,anc2f_40_G_unrelaxed_rank_011_alphafold2_model_1_seed_003.pdb
1792,40,Dimer,0.53754,anc2f_40_G_unrelaxed_rank_012_alphafold2_model_4_seed_003.pdb
1793,40,Dimer,0.56948,anc2f_40_G_unrelaxed_rank_013_alphafold2_model_2_seed_003.pdb
1794,40,Dimer,0.55195,anc2f_40_G_unrelaxed_rank_014_alphafold2_model_1_seed_004.pdb
1795,40,Dimer,0.55315,anc2f_40_G_unrelaxed_rank_015_alphafold2_model_1_seed_001.pdb
1796,40,Dimer,0.54927,anc2f_40_G_unrelaxed_rank_016_alphafold2_model_1_seed_000.pdb
1797,40,Dimer,0.56643,anc2f_40_G_unrelaxed_rank_017_alphafold2_model_2_seed_002.pdb
1798,40,Dimer,0.57851,anc2f_40_I_unrelaxed_rank_001_alphafold2_model_1_seed_002.pdb
1799,40,Dimer,0.58893,anc2f_40_I_unrelaxed_rank_002_alphafold2_model_3_seed_002.pdb
1800,40,Dimer,0.59066,anc2f_40_I_unrelaxed_rank_003_alphafold2_model_3_seed_001.pdb
1801,40,Dimer,0.58988,anc2f_40_I_unrelaxed_rank_004_alphafold2_model_3_seed_000.pdb
1802,40,Dimer,0.6003,anc2f_40_I_unrelaxed_rank_005_alphafold2_model_3_seed_004.pdb
1803,40,Dimer,0.5903,anc2f_40_I_unrelaxed_rank_006_alphafold2_model_1_seed_003.pdb
1804,40,Dimer,0.57629,anc2f_40_I_unrelaxed_rank_007_alphafold2_model_1_seed_000.pdb
1805,40,Dimer,0.59056,anc2f_40_I_unrelaxed_rank_008_alphafold2_model_1_seed_004.pdb
1806,40,Dimer,0.58294,anc2f_40_I_unrelaxed_rank_009_alphafold2_model_2_seed_001.pdb
1807,40,Dimer,0.58885,anc2f_40_I_unrelaxed_rank_010_alphafold2_model_1_seed_001.pdb
1808,40,Dimer,0.59598,anc2f_40_I_unrelaxed_rank_011_alphafold2_model_3_seed_003.pdb
1809,40,Dimer,0.5835,anc2f_40_I_unrelaxed_rank_012_alphafold2_model_2_seed_002.pdb
1810,40,Dimer,0.5866,anc2f_40_I_unrelaxed_rank_013_alphafold2_model_2_seed_003.pdb
1811,40,Dimer,0.58156,anc2f_40_I_unrelaxed_rank_014_alphafold2_model_2_seed_004.pdb
1812,40,Dimer,0.59314,anc2f_40_I_unrelaxed_rank_015_alphafold2_model_2_seed_000.pdb
1813,40,Dimer,0.58587,anc2f_40_I_unrelaxed_rank_016_alphafold2_model_4_seed_003.pdb
1814,40,Dimer,0.59109,anc2f_40_I_unrelaxed_rank_017_alphafold2_model_4_seed_004.pdb
1815,40,Dimer,0.58724,anc2f_40_I_unrelaxed_rank_018_alphafold2_model_4_seed_001.pdb
1816,40,Dimer,0.58805,anc2f_40_I_unrelaxed_rank_019_alphafold2_model_4_seed_002.pdb
1817,40,Dimer,0.58316,anc2f_40_V_unrelaxed_rank_001_alphafold2_model_3_seed_002.pdb
1818,40,Dimer,0.59764,anc2f_40_V_unrelaxed_rank_002_alphafold2_model_3_seed_001.pdb
1819,40,Dimer,0.57999,anc2f_40_V_unrelaxed_rank_003_alphafold2_model_1_seed_002.pdb
1820,40,Dimer,0.5939,anc2f_40_V_unrelaxed_rank_004_alphafold2_model_1_seed_003.pdb
1821,40,Dimer,0.58336,anc2f_40_V_unrelaxed_rank_005_alphafold2_model_1_seed_004.pdb
1822,40,Dimer,0.60449,anc2f_40_V_unrelaxed_rank_006_alphafold2_model_3_seed_004.pdb
1823,40,Dimer,0.57508,anc2f_40_V_unrelaxed_rank_007_alphafold2_model_2_seed_000.pdb
1824,40,Dimer,0.59041,anc2f_40_V_unrelaxed_rank_008_alphafold2_model_3_seed_000.pdb
1825,40,Dimer,0.58758,anc2f_40_V_unrelaxed_rank_009_alphafold2_model_1_seed_000.pdb
1826,40,Dimer,0.58658,anc2f_40_V_unrelaxed_rank_010_alphafold2_model_2_seed_004.pdb
1827,40,Dimer,0.60451,anc2f_40_V_unrelaxed_rank_011_alphafold2_model_3_seed_003.pdb
1828,40,Dimer,0.58389,anc2f_40_V_unrelaxed_rank_012_alphafold2_model_2_seed_002.pdb
1829,40,Dimer,0.58775,anc2f_40_V_unrelaxed_rank_013_alphafold2_model_2_seed_003.pdb
1830,40,Dimer,0.58115,anc2f_40_V_unrelaxed_rank_014_alphafold2_model_1_seed_001.pdb
1831,40,Dimer,0.58558,anc2f_40_V_unrelaxed_rank_015_alphafold2_model_2_seed_001.pdb
1832,40,Dimer,0.5886,anc2f_40_V_unrelaxed_rank_016_alphafold2_model_4_seed_002.pdb
1833,40,Dimer,0.58511,anc2f_40_V_unrelaxed_rank_017_alphafold2_model_4_seed_003.pdb
1834,40,Dimer,0.59423,anc2f_40_V_unrelaxed_rank_018_alphafold2_model_4_seed_004.pdb
1835,47,Dimer,0.55823,anc2f_47_I_unrelaxed_rank_001_alphafold2_model_3_seed_001.pdb
1836,47,Dimer,0.59674,anc2f_47_I_unrelaxed_rank_002_alphafold2_model_3_seed_004.pdb
1837,47,Chemokine,0.77048,anc2f_47_I_unrelaxed_rank_003_alphafold2_model_2_seed_002.pdb
1838,47,Dimer,0.59911,anc2f_47_I_unrelaxed_rank_004_alphafold2_model_3_seed_002.pdb
1839,47,Dimer,0.59819,anc2f_47_I_unrelaxed_rank_005_alphafold2_model_3_seed_003.pdb
1840,47,Dimer,0.60049,anc2f_47_I_unrelaxed_rank_006_alphafold2_model_3_seed_000.pdb
1841,47,Dimer,0.52967,anc2f_47_I_unrelaxed_rank_007_alphafold2_model_2_seed_004.pdb
1842,47,Chemokine,0.75991,anc2f_47_I_unrelaxed_rank_008_alphafold2_model_5_seed_004.pdb
1843,47,Chemokine,0.82173,anc2f_47_L_unrelaxed_rank_001_alphafold2_model_2_seed_002.pdb
1844,47,Chemokine,0.80359,anc2f_47_L_unrelaxed_rank_002_alphafold2_model_2_seed_000.pdb
1845,47,Chemokine,0.79727,anc2f_47_L_unrelaxed_rank_003_alphafold2_model_2_seed_004.pdb
1846,47,Chemokine,0.79326,anc2f_47_L_unrelaxed_rank_004_alphafold2_model_2_seed_001.pdb
1847,47,Chemokine,0.80637,anc2f_47_L_unrelaxed_rank_005_alphafold2_model_2_seed_003.pdb
1848,47,Chemokine,0.767,anc2f_47_L_unrelaxed_rank_006_alphafold2_model_1_seed_002.pdb
1849,47,Chemokine,0.78364,anc2f_47_L_unrelaxed_rank_007_alphafold2_model_5_seed_003.pdb
1850,47,Chemokine,0.7207,anc2f_47_L_unrelaxed_rank_008_alphafold2_model_5_seed_002.pdb
1851,47,Chemokine,0.72199,anc2f_47_L_unrelaxed_rank_009_alphafold2_model_5_seed_000.pdb
1852,47,Chemokine,0.69227,anc2f_47_L_unrelaxed_rank_010_alphafold2_model_5_seed_004.pdb
1853,47,Chemokine,0.6957,anc2f_47_L_unrelaxed_rank_011_alphafold2_model_5_seed_001.pdb
1854,47,Dimer,0.52971,anc2f_47_L_unrelaxed_rank_012_alphafold2_model_4_seed_001.pdb
1855,47,Dimer,0.5726,anc2f_47_L_unrelaxed_rank_013_alphafold2_model_3_seed_001.pdb
1856,47,Chemokine,0.79882,anc2f_47_M_unrelaxed_rank_001_alphafold2_model_3_seed_003.pdb
1857,47,Chemokine,0.78402,anc2f_47_M_unrelaxed_rank_002_alphafold2_model_3_seed_004.pdb
1858,47,Chemokine,0.78911,anc2f_47_M_unrelaxed_rank_003_alphafold2_model_1_seed_002.pdb
1859,47,Chemokine,0.79061,anc2f_47_M_unrelaxed_rank_004_alphafold2_model_1_seed_000.pdb
1860,47,Chemokine,0.79362,anc2f_47_M_unrelaxed_rank_005_alphafold2_model_4_seed_003.pdb
1861,47,Chemokine,0.78966,anc2f_47_M_unrelaxed_rank_006_alphafold2_model_1_seed_003.pdb
1862,47,Chemokine,0.78789,anc2f_47_M_unrelaxed_rank_007_alphafold2_model_4_seed_004.pdb
1863,47,Chemokine,0.78827,anc2f_47_M_unrelaxed_rank_008_alphafold2_model_4_seed_002.pdb
1864,47,Chemokine,0.78705,anc2f_47_M_unrelaxed_rank_009_alphafold2_model_2_seed_002.pdb
1865,47,Chemokine,0.76968,anc2f_47_M_unrelaxed_rank_010_alphafold2_model_5_seed_000.pdb
1866,47,Chemokine,0.71335,anc2f_47_M_unrelaxed_rank_011_alphafold2_model_4_seed_000.pdb
1867,47,Chemokine,0.65726,anc2f_47_M_unrelaxed_rank_012_alphafold2_model_2_seed_004.pdb
1868,47,Chemokine,0.64699,anc2f_47_M_unrelaxed_rank_013_alphafold2_model_2_seed_000.pdb
1869,47,Chemokine,0.64729,anc2f_47_M_unrelaxed_rank_014_alphafold2_model_2_seed_001.pdb
1870,47,Chemokine,0.61436,anc2f_47_M_unrelaxed_rank_015_alphafold2_model_2_seed_003.pdb
1871,I,Dimer,0.60839,anc2f_I_unrelaxed_rank_001_alphafold2_model_3_seed_001.pdb
1872,I,Dimer,0.60553,anc2f_I_unrelaxed_rank_002_alphafold2_model_3_seed_003.pdb
1873,I,Dimer,0.59654,anc2f_I_unrelaxed_rank_003_alphafold2_model_3_seed_002.pdb
1874,I,Dimer,0.60094,anc2f_I_unrelaxed_rank_004_alphafold2_model_3_seed_004.pdb
1875,I,Dimer,0.59486,anc2f_I_unrelaxed_rank_005_alphafold2_model_3_seed_000.pdb
1876,I,Dimer,0.54017,anc2f_I_unrelaxed_rank_006_alphafold2_model_2_seed_004.pdb
1877,I,Dimer,0.53007,anc2f_I_unrelaxed_rank_007_alphafold2_model_1_seed_002.pdb
1878,I,Dimer,0.53794,anc2f_I_unrelaxed_rank_008_alphafold2_model_1_seed_003.pdb
1879,I,Dimer,0.54116,anc2f_I_unrelaxed_rank_009_alphafold2_model_2_seed_001.pdb
1880,L,Chemokine,0.77957,anc2f_L_unrelaxed_rank_001_alphafold2_model_5_seed_000.pdb
1881,L,Chemokine,0.78067,anc2f_L_unrelaxed_rank_002_alphafold2_model_5_seed_002.pdb
1882,L,Chemokine,0.78533,anc2f_L_unrelaxed_rank_003_alphafold2_model_5_seed_003.pdb
1883,L,Chemokine,0.78376,anc2f_L_unrelaxed_rank_004_alphafold2_model_2_seed_002.pdb
1884,L,Chemokine,0.78954,anc2f_L_unrelaxed_rank_005_alphafold2_model_5_seed_001.pdb
1885,L,Dimer,0.54927,anc2f_L_unrelaxed_rank_006_alphafold2_model_3_seed_004.pdb
1886,L,Dimer,0.54899,anc2f_L_unrelaxed_rank_007_alphafold2_model_3_seed_001.pdb
1887,L,Dimer,0.55029,anc2f_L_unrelaxed_rank_008_alphafold2_model_3_seed_002.pdb
1888,L,Dimer,0.54935,anc2f_L_unrelaxed_rank_009_alphafold2_model_3_seed_003.pdb
1889,L,Chemokine,0.76169,anc2f_L_unrelaxed_rank_010_alphafold2_model_2_seed_003.pdb
1890,L,Dimer,0.54849,anc2f_L_unrelaxed_rank_011_alphafold2_model_3_seed_000.pdb
1891,L,Dimer,0.53035,anc2f_L_unrelaxed_rank_012_alphafold2_model_1_seed_002.pdb
1892,V,Dimer,0.55823,anc2f_V_unrelaxed_rank_001_alphafold2_model_3_seed_001.pdb
1893,V,Dimer,0.59674,anc2f_V_unrelaxed_rank_002_alphafold2_model_3_seed_004.pdb
1894,V,Chemokine,0.77048,anc2f_V_unrelaxed_rank_003_alphafold2_model_2_seed_002.pdb
1895,V,Dimer,0.59911,anc2f_V_unrelaxed_rank_004_alphafold2_model_3_seed_002.pdb
1896,V,Dimer,0.59819,anc2f_V_unrelaxed_rank_005_alphafold2_model_3_seed_003.pdb
1897,V,Dimer,0.60049,anc2f_V_unrelaxed_rank_006_alphafold2_model_3_seed_000.pdb
1898,V,Dimer,0.52967,anc2f_V_unrelaxed_rank_007_alphafold2_model_2_seed_004.pdb
1899,V,Chemokine,0.75991,anc2f_V_unrelaxed_rank_008_alphafold2_model_5_seed_004.pdb
1900,14,Dimer,0.57251,anc2g_14_I_unrelaxed_rank_001_alphafold2_model_3_seed_000.pdb
1901,14,Dimer,0.56346,anc2g_14_I_unrelaxed_rank_002_alphafold2_model_1_seed_004.pdb
1902,14,Dimer,0.57271,anc2g_14_I_unrelaxed_rank_003_alphafold2_model_3_seed_004.pdb
1903,14,Dimer,0.56397,anc2g_14_I_unrelaxed_rank_004_alphafold2_model_1_seed_000.pdb
1904,14,Dimer,0.56662,anc2g_14_I_unrelaxed_rank_005_alphafold2_model_1_seed_002.pdb
1905,14,Dimer,0.57384,anc2g_14_I_unrelaxed_rank_006_alphafold2_model_3_seed_001.pdb
1906,14,Dimer,0.57616,anc2g_14_I_unrelaxed_rank_007_alphafold2_model_3_seed_003.pdb
1907,14,Dimer,0.59148,anc2g_14_I_unrelaxed_rank_008_alphafold2_model_1_seed_001.pdb
1908,14,Dimer,0.56535,anc2g_14_I_unrelaxed_rank_013_alphafold2_model_3_seed_002.pdb
1909,14,Dimer,0.58907,anc2g_14_I_unrelaxed_rank_014_alphafold2_model_1_seed_003.pdb
1910,14,Dimer,0.57358,anc2g_14_I_unrelaxed_rank_015_alphafold2_model_5_seed_003.pdb
1911,14,Dimer,0.57805,anc2g_14_I_unrelaxed_rank_016_alphafold2_model_4_seed_002.pdb
1912,14,Dimer,0.57884,anc2g_14_I_unrelaxed_rank_017_alphafold2_model_4_seed_003.pdb
1913,14,Dimer,0.56994,anc2g_14_I_unrelaxed_rank_018_alphafold2_model_5_seed_000.pdb
1914,14,Dimer,0.57913,anc2g_14_I_unrelaxed_rank_019_alphafold2_model_4_seed_000.pdb
1915,14,Dimer,0.58334,anc2g_14_I_unrelaxed_rank_020_alphafold2_model_4_seed_004.pdb
1916,14,Dimer,0.56955,anc2g_14_I_unrelaxed_rank_021_alphafold2_model_5_seed_004.pdb
1917,14,Dimer,0.5643,anc2g_14_L_unrelaxed_rank_001_alphafold2_model_1_seed_000.pdb
1918,14,Dimer,0.56266,anc2g_14_L_unrelaxed_rank_002_alphafold2_model_1_seed_002.pdb
1919,14,Dimer,0.57485,anc2g_14_L_unrelaxed_rank_003_alphafold2_model_1_seed_003.pdb
1920,14,Dimer,0.57599,anc2g_14_L_unrelaxed_rank_004_alphafold2_model_1_seed_001.pdb
1921,14,Dimer,0.56867,anc2g_14_L_unrelaxed_rank_005_alphafold2_model_1_seed_004.pdb
1922,14,Dimer,0.56334,anc2g_14_V_unrelaxed_rank_001_alphafold2_model_1_seed_004.pdb
1923,14,Dimer,0.56802,anc2g_14_V_unrelaxed_rank_002_alphafold2_model_1_seed_000.pdb
1924,14,Dimer,0.56842,anc2g_14_V_unrelaxed_rank_003_alphafold2_model_1_seed_002.pdb
1925,14,Dimer,0.60339,anc2g_14_V_unrelaxed_rank_006_alphafold2_model_1_seed_001.pdb
1926,14,Dimer,0.58199,anc2g_14_V_unrelaxed_rank_010_alphafold2_model_4_seed_002.pdb
1927,14,Dimer,0.58279,anc2g_14_V_unrelaxed_rank_011_alphafold2_model_4_seed_004.pdb
1928,14,Dimer,0.58523,anc2g_14_V_unrelaxed_rank_012_alphafold2_model_4_seed_003.pdb
1929,14,Dimer,0.57892,anc2g_14_V_unrelaxed_rank_013_alphafold2_model_5_seed_003.pdb
1930,14,Dimer,0.58481,anc2g_14_V_unrelaxed_rank_014_alphafold2_model_4_seed_000.pdb
1931,36,Dimer,0.57201,anc2g_36_A_unrelaxed_rank_001_alphafold2_model_1_seed_004.pdb
1932,36,Dimer,0.57786,anc2g_36_A_unrelaxed_rank_002_alphafold2_model_1_seed_000.pdb
1933,36,Dimer,0.57536,anc2g_36_A_unrelaxed_rank_003_alphafold2_model_1_seed_002.pdb
1934,36,Chemokine,0.76381,anc2g_36_G_unrelaxed_rank_001_alphafold2_model_3_seed_001.pdb
1935,36,Chemokine,0.75947,anc2g_36_G_unrelaxed_rank_002_alphafold2_model_3_seed_003.pdb
1936,36,Chemokine,0.76242,anc2g_36_G_unrelaxed_rank_003_alphafold2_model_3_seed_004.pdb
1937,36,Chemokine,0.76117,anc2g_36_G_unrelaxed_rank_004_alphafold2_model_3_seed_000.pdb
1938,36,Chemokine,0.7813,anc2g_36_G_unrelaxed_rank_005_alphafold2_model_4_seed_000.pdb
1939,36,Chemokine,0.77934,anc2g_36_G_unrelaxed_rank_006_alphafold2_model_4_seed_003.pdb
1940,36,Chemokine,0.78123,anc2g_36_G_unrelaxed_rank_007_alphafold2_model_4_seed_001.pdb
1941,36,Chemokine,0.78069,anc2g_36_G_unrelaxed_rank_008_alphafold2_model_4_seed_004.pdb
1942,36,Chemokine,0.77928,anc2g_36_G_unrelaxed_rank_009_alphafold2_model_4_seed_002.pdb
1943,36,Chemokine,0.76289,anc2g_36_G_unrelaxed_rank_010_alphafold2_model_5_seed_003.pdb
1944,36,Chemokine,0.77529,anc2g_36_G_unrelaxed_rank_011_alphafold2_model_5_seed_002.pdb
1945,36,Chemokine,0.7811,anc2g_36_G_unrelaxed_rank_012_alphafold2_model_5_seed_000.pdb
1946,36,Chemokine,0.77678,anc2g_36_G_unrelaxed_rank_013_alphafold2_model_5_seed_001.pdb
1947,36,Chemokine,0.74767,anc2g_36_G_unrelaxed_rank_014_alphafold2_model_5_seed_004.pdb
1948,36,Dimer,0.5295,anc2g_36_G_unrelaxed_rank_015_alphafold2_model_1_seed_002.pdb
1949,36,Dimer,0.52972,anc2g_36_G_unrelaxed_rank_016_alphafold2_model_1_seed_000.pdb
1950,36,Dimer,0.5293,anc2g_36_G_unrelaxed_rank_017_alphafold2_model_1_seed_004.pdb
1951,36,Dimer,0.53129,anc2g_36_G_unrelaxed_rank_018_alphafold2_model_1_seed_001.pdb
1952,36,Dimer,0.5593,anc2g_36_I_unrelaxed_rank_001_alphafold2_model_2_seed_000.pdb
1953,36,Dimer,0.56204,anc2g_36_I_unrelaxed_rank_002_alphafold2_model_2_seed_001.pdb
1954,36,Dimer,0.55882,anc2g_36_I_unrelaxed_rank_003_alphafold2_model_2_seed_003.pdb
1955,36,Dimer,0.55939,anc2g_36_I_unrelaxed_rank_004_alphafold2_model_2_seed_002.pdb
1956,38,Dimer,0.57201,anc2g_38_I_unrelaxed_rank_001_alphafold2_model_1_seed_004.pdb
1957,38,Dimer,0.57786,anc2g_38_I_unrelaxed_rank_002_alphafold2_model_1_seed_000.pdb
1958,38,Dimer,0.57536,anc2g_38_I_unrelaxed_rank_003_alphafold2_model_1_seed_002.pdb
1959,38,Dimer,0.57579,anc2g_38_L_unrelaxed_rank_001_alphafold2_model_1_seed_000.pdb
1960,38,Dimer,0.54505,anc2g_38_L_unrelaxed_rank_002_alphafold2_model_2_seed_001.pdb
1961,38,Dimer,0.5609,anc2g_38_L_unrelaxed_rank_003_alphafold2_model_1_seed_002.pdb
1962,38,Chemokine,0.75509,anc2g_38_V_unrelaxed_rank_001_alphafold2_model_4_seed_002.pdb
1963,38,Dimer,0.57098,anc2g_38_V_unrelaxed_rank_002_alphafold2_model_1_seed_002.pdb
1964,38,Dimer,0.57012,anc2g_38_V_unrelaxed_rank_003_alphafold2_model_1_seed_004.pdb
1965,40,Dimer,0.56162,anc2g_40_G_unrelaxed_rank_001_alphafold2_model_1_seed_000.pdb
1966,40,Dimer,0.56561,anc2g_40_G_unrelaxed_rank_002_alphafold2_model_1_seed_004.pdb
1967,40,Dimer,0.56366,anc2g_40_G_unrelaxed_rank_003_alphafold2_model_3_seed_001.pdb
1968,40,Dimer,0.5626,anc2g_40_G_unrelaxed_rank_004_alphafold2_model_3_seed_002.pdb
1969,40,Dimer,0.56464,anc2g_40_G_unrelaxed_rank_005_alphafold2_model_1_seed_002.pdb
1970,40,Dimer,0.56243,anc2g_40_G_unrelaxed_rank_006_alphafold2_model_3_seed_004.pdb
1971,40,Dimer,0.56258,anc2g_40_G_unrelaxed_rank_007_alphafold2_model_3_seed_003.pdb
1972,40,Dimer,0.5613,anc2g_40_G_unrelaxed_rank_008_alphafold2_model_3_seed_000.pdb
1973,40,Dimer,0.58483,anc2g_40_G_unrelaxed_rank_009_alphafold2_model_1_seed_001.pdb
1974,40,Dimer,0.57896,anc2g_40_I_unrelaxed_rank_001_alphafold2_model_1_seed_002.pdb
1975,40,Dimer,0.59146,anc2g_40_I_unrelaxed_rank_002_alphafold2_model_3_seed_004.pdb
1976,40,Dimer,0.58249,anc2g_40_I_unrelaxed_rank_003_alphafold2_model_3_seed_000.pdb
1977,40,Dimer,0.58337,anc2g_40_I_unrelaxed_rank_004_alphafold2_model_3_seed_003.pdb
1978,40,Dimer,0.58483,anc2g_40_I_unrelaxed_rank_005_alphafold2_model_3_seed_001.pdb
1979,40,Dimer,0.57146,anc2g_40_I_unrelaxed_rank_006_alphafold2_model_3_seed_002.pdb
1980,40,Dimer,0.58092,anc2g_40_V_unrelaxed_rank_001_alphafold2_model_1_seed_002.pdb
1981,40,Dimer,0.61298,anc2g_40_V_unrelaxed_rank_002_alphafold2_model_3_seed_003.pdb
1982,40,Dimer,0.61772,anc2g_40_V_unrelaxed_rank_003_alphafold2_model_3_seed_000.pdb
1983,40,Dimer,0.61809,anc2g_40_V_unrelaxed_rank_004_alphafold2_model_3_seed_001.pdb
1984,40,Dimer,0.57262,anc2g_40_V_unrelaxed_rank_005_alphafold2_model_3_seed_002.pdb
1985,40,Dimer,0.59264,anc2g_40_V_unrelaxed_rank_006_alphafold2_model_3_seed_004.pdb
1986,47,Dimer,0.57201,anc2g_47_I_unrelaxed_rank_001_alphafold2_model_1_seed_004.pdb
1987,47,Dimer,0.57786,anc2g_47_I_unrelaxed_rank_002_alphafold2_model_1_seed_000.pdb
1988,47,Dimer,0.57536,anc2g_47_I_unrelaxed_rank_003_alphafold2_model_1_seed_002.pdb
1989,47,Dimer,0.58121,anc2g_47_L_unrelaxed_rank_001_alphafold2_model_1_seed_001.pdb
1990,47,Dimer,0.57409,anc2g_47_L_unrelaxed_rank_002_alphafold2_model_1_seed_000.pdb
1991,47,Chemokine,0.7991,anc2g_47_M_unrelaxed_rank_001_alphafold2_model_2_seed_003.pdb
1992,47,Chemokine,0.80044,anc2g_47_M_unrelaxed_rank_002_alphafold2_model_2_seed_004.pdb
1993,47,Chemokine,0.80758,anc2g_47_M_unrelaxed_rank_003_alphafold2_model_2_seed_000.pdb
1994,47,Chemokine,0.79935,anc2g_47_M_unrelaxed_rank_004_alphafold2_model_2_seed_001.pdb
1995,47,Chemokine,0.78354,anc2g_47_M_unrelaxed_rank_005_alphafold2_model_4_seed_002.pdb
1996,47,Chemokine,0.7733,anc2g_47_M_unrelaxed_rank_006_alphafold2_model_2_seed_002.pdb
1997,I,Dimer,0.58129,anc2g_I_unrelaxed_rank_001_alphafold2_model_1_seed_004.pdb
1998,I,Dimer,0.57855,anc2g_I_unrelaxed_rank_002_alphafold2_model_1_seed_002.pdb
1999,L,Dimer,0.56096,anc2g_L_unrelaxed_rank_001_alphafold2_model_1_seed_000.pdb
2000,L,Dimer,0.55595,anc2g_L_unrelaxed_rank_002_alphafold2_model_1_seed_004.pdb
2001,V,Dimer,0.57201,anc2g_V_unrelaxed_rank_001_alphafold2_model_1_seed_004.pdb
2002,V,Dimer,0.57786,anc2g_V_unrelaxed_rank_002_alphafold2_model_1_seed_000.pdb
2003,V,Dimer,0.57536,anc2g_V_unrelaxed_rank_003_alphafold2_model_1_seed_002.pdb
2004,14,Dimer,0.63009,anc2i_14_I_unrelaxed_rank_001_alphafold2_model_2_seed_002.pdb
2005,14,Dimer,0.62997,anc2i_14_I_unrelaxed_rank_002_alphafold2_model_2_seed_000.pdb
2006,14,Dimer,0.63064,anc2i_14_I_unrelaxed_rank_003_alphafold2_model_2_seed_001.pdb
2007,14,Dimer,0.63213,anc2i_14_I_unrelaxed_rank_004_alphafold2_model_2_seed_004.pdb
2008,14,Dimer,0.63315,anc2i_14_I_unrelaxed_rank_005_alphafold2_model_2_seed_003.pdb
2009,14,Dimer,0.63671,anc2i_14_I_unrelaxed_rank_006_alphafold2_model_3_seed_003.pdb
2010,14,Dimer,0.62848,anc2i_14_I_unrelaxed_rank_007_alphafold2_model_3_seed_004.pdb
2011,14,Dimer,0.59575,anc2i_14_I_unrelaxed_rank_008_alphafold2_model_1_seed_003.pdb
2012,14,Dimer,0.59448,anc2i_14_I_unrelaxed_rank_009_alphafold2_model_1_seed_004.pdb
2013,14,Dimer,0.59091,anc2i_14_I_unrelaxed_rank_010_alphafold2_model_1_seed_002.pdb
2014,14,Dimer,0.59417,anc2i_14_I_unrelaxed_rank_011_alphafold2_model_1_seed_000.pdb
2015,14,Dimer,0.59618,anc2i_14_I_unrelaxed_rank_012_alphafold2_model_3_seed_001.pdb
2016,14,Dimer,0.63493,anc2i_14_I_unrelaxed_rank_013_alphafold2_model_4_seed_001.pdb
2017,14,Dimer,0.59473,anc2i_14_I_unrelaxed_rank_014_alphafold2_model_3_seed_000.pdb
2018,14,Dimer,0.59064,anc2i_14_I_unrelaxed_rank_015_alphafold2_model_3_seed_002.pdb
2019,14,Dimer,0.57556,anc2i_14_I_unrelaxed_rank_016_alphafold2_model_4_seed_003.pdb
2020,14,Dimer,0.62843,anc2i_14_I_unrelaxed_rank_017_alphafold2_model_4_seed_004.pdb
2021,14,Dimer,0.58196,anc2i_14_I_unrelaxed_rank_018_alphafold2_model_4_seed_000.pdb
2022,14,Dimer,0.5998,anc2i_14_L_unrelaxed_rank_001_alphafold2_model_2_seed_004.pdb
2023,14,Chemokine,0.73957,anc2i_14_L_unrelaxed_rank_002_alphafold2_model_3_seed_002.pdb
2024,14,Dimer,0.62702,anc2i_14_L_unrelaxed_rank_003_alphafold2_model_1_seed_003.pdb
2025,14,Dimer,0.62483,anc2i_14_L_unrelaxed_rank_004_alphafold2_model_1_seed_004.pdb
2026,14,Chemokine,0.73873,anc2i_14_L_unrelaxed_rank_005_alphafold2_model_3_seed_001.pdb
2027,14,Chemokine,0.59799,anc2i_14_L_unrelaxed_rank_006_alphafold2_model_5_seed_001.pdb
2028,14,Dimer,0.59967,anc2i_14_L_unrelaxed_rank_008_alphafold2_model_1_seed_000.pdb
2029,14,Chemokine,0.66579,anc2i_14_L_unrelaxed_rank_011_alphafold2_model_5_seed_002.pdb
2030,14,Dimer,0.63158,anc2i_14_V_unrelaxed_rank_001_alphafold2_model_2_seed_002.pdb
2031,14,Dimer,0.63447,anc2i_14_V_unrelaxed_rank_002_alphafold2_model_2_seed_003.pdb
2032,14,Dimer,0.63675,anc2i_14_V_unrelaxed_rank_003_alphafold2_model_2_seed_004.pdb
2033,14,Dimer,0.63127,anc2i_14_V_unrelaxed_rank_004_alphafold2_model_2_seed_000.pdb
2034,14,Dimer,0.62365,anc2i_14_V_unrelaxed_rank_005_alphafold2_model_3_seed_002.pdb
2035,14,Dimer,0.59556,anc2i_14_V_unrelaxed_rank_006_alphafold2_model_3_seed_001.pdb
2036,14,Dimer,0.58944,anc2i_14_V_unrelaxed_rank_007_alphafold2_model_3_seed_003.pdb
2037,14,Dimer,0.58951,anc2i_14_V_unrelaxed_rank_008_alphafold2_model_3_seed_000.pdb
2038,14,Dimer,0.63701,anc2i_14_V_unrelaxed_rank_009_alphafold2_model_3_seed_004.pdb
2039,14,Dimer,0.5946,anc2i_14_V_unrelaxed_rank_010_alphafold2_model_1_seed_004.pdb
2040,14,Dimer,0.59079,anc2i_14_V_unrelaxed_rank_011_alphafold2_model_1_seed_003.pdb
2041,14,Dimer,0.58671,anc2i_14_V_unrelaxed_rank_012_alphafold2_model_2_seed_001.pdb
2042,14,Dimer,0.5871,anc2i_14_V_unrelaxed_rank_013_alphafold2_model_1_seed_002.pdb
2043,14,Dimer,0.59165,anc2i_14_V_unrelaxed_rank_014_alphafold2_model_4_seed_001.pdb
2044,14,Dimer,0.5907,anc2i_14_V_unrelaxed_rank_015_alphafold2_model_4_seed_003.pdb
2045,14,Dimer,0.58793,anc2i_14_V_unrelaxed_rank_016_alphafold2_model_4_seed_000.pdb
2046,14,Dimer,0.60602,anc2i_14_V_unrelaxed_rank_017_alphafold2_model_4_seed_004.pdb
2047,14,Chemokine,0.67233,anc2i_14_V_unrelaxed_rank_018_alphafold2_model_5_seed_000.pdb
2048,14,Chemokine,0.67309,anc2i_14_V_unrelaxed_rank_019_alphafold2_model_5_seed_004.pdb
2049,14,Chemokine,0.66854,anc2i_14_V_unrelaxed_rank_020_alphafold2_model_5_seed_001.pdb
2050,36,Dimer,0.59211,anc2i_36_A_unrelaxed_rank_001_alphafold2_model_3_seed_003.pdb
2051,36,Dimer,0.592,anc2i_36_A_unrelaxed_rank_002_alphafold2_model_3_seed_004.pdb
2052,36,Dimer,0.59149,anc2i_36_A_unrelaxed_rank_003_alphafold2_model_3_seed_001.pdb
2053,36,Dimer,0.59109,anc2i_36_A_unrelaxed_rank_004_alphafold2_model_3_seed_000.pdb
2054,36,Dimer,0.59953,anc2i_36_A_unrelaxed_rank_005_alphafold2_model_2_seed_003.pdb
2055,36,Dimer,0.59752,anc2i_36_A_unrelaxed_rank_006_alphafold2_model_2_seed_004.pdb
2056,36,Dimer,0.60003,anc2i_36_A_unrelaxed_rank_007_alphafold2_model_2_seed_002.pdb
2057,36,Dimer,0.59831,anc2i_36_A_unrelaxed_rank_008_alphafold2_model_2_seed_001.pdb
2058,36,Dimer,0.59851,anc2i_36_A_unrelaxed_rank_009_alphafold2_model_2_seed_000.pdb
2059,36,Dimer,0.58363,anc2i_36_A_unrelaxed_rank_010_alphafold2_model_3_seed_002.pdb
2060,36,Dimer,0.59086,anc2i_36_A_unrelaxed_rank_011_alphafold2_model_1_seed_004.pdb
2061,36,Dimer,0.58899,anc2i_36_A_unrelaxed_rank_012_alphafold2_model_1_seed_003.pdb
2062,36,Dimer,0.58769,anc2i_36_A_unrelaxed_rank_013_alphafold2_model_1_seed_002.pdb
2063,36,Dimer,0.53363,anc2i_36_A_unrelaxed_rank_014_alphafold2_model_4_seed_001.pdb
2064,36,Dimer,0.53209,anc2i_36_A_unrelaxed_rank_015_alphafold2_model_4_seed_004.pdb
2065,36,Dimer,0.53634,anc2i_36_A_unrelaxed_rank_016_alphafold2_model_4_seed_003.pdb
2066,36,Dimer,0.57525,anc2i_36_A_unrelaxed_rank_017_alphafold2_model_5_seed_002.pdb
2067,36,Dimer,0.53277,anc2i_36_A_unrelaxed_rank_018_alphafold2_model_4_seed_000.pdb
2068,36,Dimer,0.53956,anc2i_36_A_unrelaxed_rank_019_alphafold2_model_4_seed_002.pdb
2069,36,Dimer,0.60228,anc2i_36_G_unrelaxed_rank_001_alphafold2_model_2_seed_004.pdb
2070,36,Dimer,0.59082,anc2i_36_G_unrelaxed_rank_002_alphafold2_model_3_seed_003.pdb
2071,36,Dimer,0.60293,anc2i_36_G_unrelaxed_rank_003_alphafold2_model_2_seed_002.pdb
2072,36,Dimer,0.60226,anc2i_36_G_unrelaxed_rank_004_alphafold2_model_2_seed_003.pdb
2073,36,Dimer,0.604,anc2i_36_G_unrelaxed_rank_005_alphafold2_model_2_seed_000.pdb
2074,36,Dimer,0.5952,anc2i_36_G_unrelaxed_rank_006_alphafold2_model_2_seed_001.pdb
2075,36,Dimer,0.59702,anc2i_36_G_unrelaxed_rank_007_alphafold2_model_3_seed_002.pdb
2076,36,Dimer,0.59046,anc2i_36_G_unrelaxed_rank_008_alphafold2_model_3_seed_004.pdb
2077,36,Dimer,0.57975,anc2i_36_G_unrelaxed_rank_009_alphafold2_model_3_seed_000.pdb
2078,36,Dimer,0.58116,anc2i_36_G_unrelaxed_rank_010_alphafold2_model_3_seed_001.pdb
2079,36,Dimer,0.59629,anc2i_36_G_unrelaxed_rank_011_alphafold2_model_4_seed_001.pdb
2080,36,Dimer,0.59686,anc2i_36_G_unrelaxed_rank_012_alphafold2_model_1_seed_002.pdb
2081,36,Dimer,0.58138,anc2i_36_G_unrelaxed_rank_013_alphafold2_model_5_seed_002.pdb
2082,36,Dimer,0.58436,anc2i_36_G_unrelaxed_rank_014_alphafold2_model_5_seed_000.pdb
2083,36,Dimer,0.58045,anc2i_36_G_unrelaxed_rank_015_alphafold2_model_5_seed_001.pdb
2084,36,Dimer,0.58347,anc2i_36_G_unrelaxed_rank_016_alphafold2_model_1_seed_004.pdb
2085,36,Dimer,0.57703,anc2i_36_G_unrelaxed_rank_017_alphafold2_model_5_seed_003.pdb
2086,36,Dimer,0.57306,anc2i_36_G_unrelaxed_rank_018_alphafold2_model_5_seed_004.pdb
2087,36,Dimer,0.54271,anc2i_36_G_unrelaxed_rank_019_alphafold2_model_4_seed_000.pdb
2088,36,Dimer,0.54242,anc2i_36_G_unrelaxed_rank_020_alphafold2_model_4_seed_002.pdb
2089,36,Dimer,0.54034,anc2i_36_G_unrelaxed_rank_021_alphafold2_model_4_seed_003.pdb
2090,36,Dimer,0.56349,anc2i_36_G_unrelaxed_rank_022_alphafold2_model_4_seed_004.pdb
2091,38,Dimer,0.59211,anc2i_38_I_unrelaxed_rank_001_alphafold2_model_3_seed_003.pdb
2092,38,Dimer,0.592,anc2i_38_I_unrelaxed_rank_002_alphafold2_model_3_seed_004.pdb
2093,38,Dimer,0.59149,anc2i_38_I_unrelaxed_rank_003_alphafold2_model_3_seed_001.pdb
2094,38,Dimer,0.59109,anc2i_38_I_unrelaxed_rank_004_alphafold2_model_3_seed_000.pdb
2095,38,Dimer,0.59953,anc2i_38_I_unrelaxed_rank_005_alphafold2_model_2_seed_003.pdb
2096,38,Dimer,0.59752,anc2i_38_I_unrelaxed_rank_006_alphafold2_model_2_seed_004.pdb
2097,38,Dimer,0.60003,anc2i_38_I_unrelaxed_rank_007_alphafold2_model_2_seed_002.pdb
2098,38,Dimer,0.59831,anc2i_38_I_unrelaxed_rank_008_alphafold2_model_2_seed_001.pdb
2099,38,Dimer,0.59851,anc2i_38_I_unrelaxed_rank_009_alphafold2_model_2_seed_000.pdb
2100,38,Dimer,0.58363,anc2i_38_I_unrelaxed_rank_010_alphafold2_model_3_seed_002.pdb
2101,38,Dimer,0.59086,anc2i_38_I_unrelaxed_rank_011_alphafold2_model_1_seed_004.pdb
2102,38,Dimer,0.58899,anc2i_38_I_unrelaxed_rank_012_alphafold2_model_1_seed_003.pdb
2103,38,Dimer,0.58769,anc2i_38_I_unrelaxed_rank_013_alphafold2_model_1_seed_002.pdb
2104,38,Dimer,0.53363,anc2i_38_I_unrelaxed_rank_014_alphafold2_model_4_seed_001.pdb
2105,38,Dimer,0.53209,anc2i_38_I_unrelaxed_rank_015_alphafold2_model_4_seed_004.pdb
2106,38,Dimer,0.53634,anc2i_38_I_unrelaxed_rank_016_alphafold2_model_4_seed_003.pdb
2107,38,Dimer,0.57525,anc2i_38_I_unrelaxed_rank_017_alphafold2_model_5_seed_002.pdb
2108,38,Dimer,0.53277,anc2i_38_I_unrelaxed_rank_018_alphafold2_model_4_seed_000.pdb
2109,38,Dimer,0.53956,anc2i_38_I_unrelaxed_rank_019_alphafold2_model_4_seed_002.pdb
2110,38,Dimer,0.58706,anc2i_38_L_unrelaxed_rank_001_alphafold2_model_3_seed_003.pdb
2111,38,Dimer,0.58896,anc2i_38_L_unrelaxed_rank_002_alphafold2_model_3_seed_004.pdb
2112,38,Dimer,0.58691,anc2i_38_L_unrelaxed_rank_003_alphafold2_model_3_seed_001.pdb
2113,38,Dimer,0.60168,anc2i_38_L_unrelaxed_rank_004_alphafold2_model_2_seed_002.pdb
2114,38,Dimer,0.59799,anc2i_38_L_unrelaxed_rank_005_alphafold2_model_2_seed_004.pdb
2115,38,Dimer,0.60127,anc2i_38_L_unrelaxed_rank_006_alphafold2_model_2_seed_000.pdb
2116,38,Dimer,0.60137,anc2i_38_L_unrelaxed_rank_007_alphafold2_model_2_seed_003.pdb
2117,38,Dimer,0.60178,anc2i_38_L_unrelaxed_rank_008_alphafold2_model_2_seed_001.pdb
2118,38,Dimer,0.592,anc2i_38_L_unrelaxed_rank_009_alphafold2_model_1_seed_003.pdb
2119,38,Dimer,0.58426,anc2i_38_L_unrelaxed_rank_010_alphafold2_model_3_seed_000.pdb
2120,38,Dimer,0.57514,anc2i_38_L_unrelaxed_rank_011_alphafold2_model_3_seed_002.pdb
2121,38,Dimer,0.58579,anc2i_38_L_unrelaxed_rank_012_alphafold2_model_4_seed_001.pdb
2122,38,Dimer,0.57823,anc2i_38_L_unrelaxed_rank_013_alphafold2_model_4_seed_004.pdb
2123,38,Dimer,0.57976,anc2i_38_L_unrelaxed_rank_014_alphafold2_model_4_seed_000.pdb
2124,38,Dimer,0.59446,anc2i_38_V_unrelaxed_rank_001_alphafold2_model_2_seed_003.pdb
2125,38,Dimer,0.59605,anc2i_38_V_unrelaxed_rank_002_alphafold2_model_2_seed_004.pdb
2126,38,Dimer,0.59348,anc2i_38_V_unrelaxed_rank_003_alphafold2_model_2_seed_002.pdb
2127,38,Dimer,0.59532,anc2i_38_V_unrelaxed_rank_004_alphafold2_model_2_seed_001.pdb
2128,38,Dimer,0.5933,anc2i_38_V_unrelaxed_rank_005_alphafold2_model_2_seed_000.pdb
2129,38,Dimer,0.58122,anc2i_38_V_unrelaxed_rank_006_alphafold2_model_3_seed_003.pdb
2130,38,Dimer,0.58111,anc2i_38_V_unrelaxed_rank_007_alphafold2_model_3_seed_000.pdb
2131,38,Dimer,0.59312,anc2i_38_V_unrelaxed_rank_008_alphafold2_model_1_seed_003.pdb
2132,38,Dimer,0.58978,anc2i_38_V_unrelaxed_rank_009_alphafold2_model_3_seed_002.pdb
2133,38,Dimer,0.57121,anc2i_38_V_unrelaxed_rank_010_alphafold2_model_3_seed_004.pdb
2134,38,Dimer,0.59253,anc2i_38_V_unrelaxed_rank_011_alphafold2_model_4_seed_004.pdb
2135,38,Dimer,0.56938,anc2i_38_V_unrelaxed_rank_012_alphafold2_model_3_seed_001.pdb
2136,38,Dimer,0.5467,anc2i_38_V_unrelaxed_rank_013_alphafold2_model_4_seed_002.pdb
2137,38,Dimer,0.54729,anc2i_38_V_unrelaxed_rank_014_alphafold2_model_4_seed_001.pdb
2138,38,Dimer,0.54904,anc2i_38_V_unrelaxed_rank_015_alphafold2_model_4_seed_003.pdb
2139,38,Dimer,0.55037,anc2i_38_V_unrelaxed_rank_016_alphafold2_model_4_seed_000.pdb
2140,40,Dimer,0.53139,anc2i_40_G_unrelaxed_rank_001_alphafold2_model_3_seed_002.pdb
2141,40,Dimer,0.53045,anc2i_40_G_unrelaxed_rank_002_alphafold2_model_3_seed_004.pdb
2142,40,Dimer,0.53026,anc2i_40_G_unrelaxed_rank_003_alphafold2_model_3_seed_003.pdb
2143,40,Dimer,0.52115,anc2i_40_G_unrelaxed_rank_004_alphafold2_model_2_seed_003.pdb
2144,40,Dimer,0.52081,anc2i_40_G_unrelaxed_rank_005_alphafold2_model_2_seed_004.pdb
2145,40,Dimer,0.53671,anc2i_40_G_unrelaxed_rank_006_alphafold2_model_3_seed_001.pdb
2146,40,Dimer,0.52045,anc2i_40_G_unrelaxed_rank_007_alphafold2_model_2_seed_001.pdb
2147,40,Dimer,0.52166,anc2i_40_G_unrelaxed_rank_008_alphafold2_model_2_seed_002.pdb
2148,40,Dimer,0.5202,anc2i_40_G_unrelaxed_rank_009_alphafold2_model_2_seed_000.pdb
2149,40,Dimer,0.52264,anc2i_40_G_unrelaxed_rank_010_alphafold2_model_3_seed_000.pdb
2150,40,Dimer,0.52946,anc2i_40_G_unrelaxed_rank_011_alphafold2_model_1_seed_003.pdb
2151,40,Dimer,0.51793,anc2i_40_G_unrelaxed_rank_012_alphafold2_model_5_seed_002.pdb
2152,40,Dimer,0.51575,anc2i_40_G_unrelaxed_rank_013_alphafold2_model_5_seed_000.pdb
2153,40,Dimer,0.5168,anc2i_40_G_unrelaxed_rank_014_alphafold2_model_5_seed_001.pdb
2154,40,Dimer,0.51808,anc2i_40_G_unrelaxed_rank_015_alphafold2_model_5_seed_003.pdb
2155,40,Dimer,0.5237,anc2i_40_G_unrelaxed_rank_016_alphafold2_model_4_seed_002.pdb
2156,40,Dimer,0.52076,anc2i_40_G_unrelaxed_rank_017_alphafold2_model_4_seed_001.pdb
2157,40,Dimer,0.51884,anc2i_40_G_unrelaxed_rank_018_alphafold2_model_4_seed_004.pdb
2158,40,Dimer,0.52038,anc2i_40_G_unrelaxed_rank_019_alphafold2_model_4_seed_003.pdb
2159,40,Dimer,0.51988,anc2i_40_G_unrelaxed_rank_020_alphafold2_model_4_seed_000.pdb
2160,40,Dimer,0.52122,anc2i_40_G_unrelaxed_rank_021_alphafold2_model_5_seed_004.pdb
2161,40,Dimer,0.52253,anc2i_40_G_unrelaxed_rank_022_alphafold2_model_1_seed_002.pdb
2162,40,Dimer,0.58225,anc2i_40_I_unrelaxed_rank_001_alphafold2_model_3_seed_003.pdb
2163,40,Dimer,0.57948,anc2i_40_I_unrelaxed_rank_002_alphafold2_model_3_seed_001.pdb
2164,40,Dimer,0.57689,anc2i_40_I_unrelaxed_rank_003_alphafold2_model_3_seed_004.pdb
2165,40,Dimer,0.57651,anc2i_40_I_unrelaxed_rank_004_alphafold2_model_2_seed_003.pdb
2166,40,Dimer,0.57521,anc2i_40_I_unrelaxed_rank_005_alphafold2_model_2_seed_004.pdb
2167,40,Dimer,0.57746,anc2i_40_I_unrelaxed_rank_006_alphafold2_model_2_seed_002.pdb
2168,40,Dimer,0.57538,anc2i_40_I_unrelaxed_rank_007_alphafold2_model_2_seed_001.pdb
2169,40,Dimer,0.57177,anc2i_40_I_unrelaxed_rank_008_alphafold2_model_3_seed_002.pdb
2170,40,Dimer,0.57666,anc2i_40_I_unrelaxed_rank_009_alphafold2_model_2_seed_000.pdb
2171,40,Dimer,0.57462,anc2i_40_I_unrelaxed_rank_010_alphafold2_model_3_seed_000.pdb
2172,40,Dimer,0.56658,anc2i_40_I_unrelaxed_rank_011_alphafold2_model_1_seed_004.pdb
2173,40,Dimer,0.56808,anc2i_40_I_unrelaxed_rank_012_alphafold2_model_1_seed_002.pdb
2174,40,Dimer,0.56477,anc2i_40_I_unrelaxed_rank_013_alphafold2_model_1_seed_001.pdb
2175,40,Dimer,0.56566,anc2i_40_I_unrelaxed_rank_014_alphafold2_model_1_seed_000.pdb
2176,40,Dimer,0.56711,anc2i_40_I_unrelaxed_rank_015_alphafold2_model_1_seed_003.pdb
2177,40,Dimer,0.54245,anc2i_40_I_unrelaxed_rank_016_alphafold2_model_5_seed_002.pdb
2178,40,Dimer,0.58678,anc2i_40_I_unrelaxed_rank_017_alphafold2_model_4_seed_002.pdb
2179,40,Dimer,0.58634,anc2i_40_I_unrelaxed_rank_018_alphafold2_model_4_seed_004.pdb
2180,40,Dimer,0.58757,anc2i_40_I_unrelaxed_rank_019_alphafold2_model_4_seed_001.pdb
2181,40,Dimer,0.5868,anc2i_40_I_unrelaxed_rank_020_alphafold2_model_4_seed_003.pdb
2182,40,Dimer,0.58677,anc2i_40_I_unrelaxed_rank_021_alphafold2_model_4_seed_000.pdb
2183,40,Dimer,0.55647,anc2i_40_I_unrelaxed_rank_022_alphafold2_model_5_seed_000.pdb
2184,40,Dimer,0.57545,anc2i_40_V_unrelaxed_rank_001_alphafold2_model_2_seed_003.pdb
2185,40,Dimer,0.58392,anc2i_40_V_unrelaxed_rank_002_alphafold2_model_3_seed_003.pdb
2186,40,Dimer,0.57712,anc2i_40_V_unrelaxed_rank_003_alphafold2_model_2_seed_002.pdb
2187,40,Dimer,0.57635,anc2i_40_V_unrelaxed_rank_004_alphafold2_model_2_seed_004.pdb
2188,40,Dimer,0.57677,anc2i_40_V_unrelaxed_rank_005_alphafold2_model_2_seed_001.pdb
2189,40,Dimer,0.58453,anc2i_40_V_unrelaxed_rank_006_alphafold2_model_3_seed_004.pdb
2190,40,Dimer,0.53019,anc2i_40_V_unrelaxed_rank_007_alphafold2_model_1_seed_004.pdb
2191,40,Dimer,0.57617,anc2i_40_V_unrelaxed_rank_008_alphafold2_model_2_seed_000.pdb
2192,40,Dimer,0.58324,anc2i_40_V_unrelaxed_rank_009_alphafold2_model_3_seed_001.pdb
2193,40,Dimer,0.57509,anc2i_40_V_unrelaxed_rank_010_alphafold2_model_3_seed_002.pdb
2194,40,Dimer,0.58042,anc2i_40_V_unrelaxed_rank_011_alphafold2_model_3_seed_000.pdb
2195,40,Dimer,0.56864,anc2i_40_V_unrelaxed_rank_012_alphafold2_model_1_seed_002.pdb
2196,40,Dimer,0.56958,anc2i_40_V_unrelaxed_rank_013_alphafold2_model_1_seed_003.pdb
2197,40,Dimer,0.58071,anc2i_40_V_unrelaxed_rank_014_alphafold2_model_5_seed_002.pdb
2198,40,Dimer,0.58876,anc2i_40_V_unrelaxed_rank_015_alphafold2_model_4_seed_004.pdb
2199,40,Dimer,0.58943,anc2i_40_V_unrelaxed_rank_016_alphafold2_model_4_seed_001.pdb
2200,40,Dimer,0.57809,anc2i_40_V_unrelaxed_rank_017_alphafold2_model_4_seed_002.pdb
2201,40,Dimer,0.5875,anc2i_40_V_unrelaxed_rank_018_alphafold2_model_4_seed_000.pdb
2202,40,Dimer,0.54072,anc2i_40_V_unrelaxed_rank_019_alphafold2_model_4_seed_003.pdb
2203,47,Dimer,0.59211,anc2i_47_I_unrelaxed_rank_001_alphafold2_model_3_seed_003.pdb
2204,47,Dimer,0.592,anc2i_47_I_unrelaxed_rank_002_alphafold2_model_3_seed_004.pdb
2205,47,Dimer,0.59149,anc2i_47_I_unrelaxed_rank_003_alphafold2_model_3_seed_001.pdb
2206,47,Dimer,0.59109,anc2i_47_I_unrelaxed_rank_004_alphafold2_model_3_seed_000.pdb
2207,47,Dimer,0.59953,anc2i_47_I_unrelaxed_rank_005_alphafold2_model_2_seed_003.pdb
2208,47,Dimer,0.59752,anc2i_47_I_unrelaxed_rank_006_alphafold2_model_2_seed_004.pdb
2209,47,Dimer,0.60003,anc2i_47_I_unrelaxed_rank_007_alphafold2_model_2_seed_002.pdb
2210,47,Dimer,0.59831,anc2i_47_I_unrelaxed_rank_008_alphafold2_model_2_seed_001.pdb
2211,47,Dimer,0.59851,anc2i_47_I_unrelaxed_rank_009_alphafold2_model_2_seed_000.pdb
2212,47,Dimer,0.58363,anc2i_47_I_unrelaxed_rank_010_alphafold2_model_3_seed_002.pdb
2213,47,Dimer,0.59086,anc2i_47_I_unrelaxed_rank_011_alphafold2_model_1_seed_004.pdb
2214,47,Dimer,0.58899,anc2i_47_I_unrelaxed_rank_012_alphafold2_model_1_seed_003.pdb
2215,47,Dimer,0.58769,anc2i_47_I_unrelaxed_rank_013_alphafold2_model_1_seed_002.pdb
2216,47,Dimer,0.53363,anc2i_47_I_unrelaxed_rank_014_alphafold2_model_4_seed_001.pdb
2217,47,Dimer,0.53209,anc2i_47_I_unrelaxed_rank_015_alphafold2_model_4_seed_004.pdb
2218,47,Dimer,0.53634,anc2i_47_I_unrelaxed_rank_016_alphafold2_model_4_seed_003.pdb
2219,47,Dimer,0.57525,anc2i_47_I_unrelaxed_rank_017_alphafold2_model_5_seed_002.pdb
2220,47,Dimer,0.53277,anc2i_47_I_unrelaxed_rank_018_alphafold2_model_4_seed_000.pdb
2221,47,Dimer,0.53956,anc2i_47_I_unrelaxed_rank_019_alphafold2_model_4_seed_002.pdb
2222,47,Dimer,0.58375,anc2i_47_L_unrelaxed_rank_001_alphafold2_model_3_seed_004.pdb
2223,47,Dimer,0.58634,anc2i_47_L_unrelaxed_rank_002_alphafold2_model_3_seed_003.pdb
2224,47,Dimer,0.59037,anc2i_47_L_unrelaxed_rank_003_alphafold2_model_2_seed_001.pdb
2225,47,Dimer,0.58708,anc2i_47_L_unrelaxed_rank_004_alphafold2_model_3_seed_002.pdb
2226,47,Dimer,0.5864,anc2i_47_L_unrelaxed_rank_005_alphafold2_model_2_seed_003.pdb
2227,47,Dimer,0.58344,anc2i_47_L_unrelaxed_rank_006_alphafold2_model_3_seed_001.pdb
2228,47,Dimer,0.58576,anc2i_47_L_unrelaxed_rank_007_alphafold2_model_2_seed_000.pdb
2229,47,Dimer,0.58652,anc2i_47_L_unrelaxed_rank_008_alphafold2_model_2_seed_004.pdb
2230,47,Dimer,0.58753,anc2i_47_L_unrelaxed_rank_009_alphafold2_model_2_seed_002.pdb
2231,47,Dimer,0.58477,anc2i_47_L_unrelaxed_rank_010_alphafold2_model_3_seed_000.pdb
2232,47,Dimer,0.58364,anc2i_47_L_unrelaxed_rank_011_alphafold2_model_1_seed_003.pdb
2233,47,Dimer,0.55943,anc2i_47_L_unrelaxed_rank_012_alphafold2_model_1_seed_002.pdb
2234,47,Chemokine,0.6893,anc2i_47_L_unrelaxed_rank_013_alphafold2_model_5_seed_004.pdb
2235,47,Chemokine,0.78998,anc2i_47_M_unrelaxed_rank_001_alphafold2_model_2_seed_001.pdb
2236,47,Chemokine,0.78966,anc2i_47_M_unrelaxed_rank_002_alphafold2_model_2_seed_002.pdb
2237,47,Chemokine,0.78784,anc2i_47_M_unrelaxed_rank_003_alphafold2_model_2_seed_000.pdb
2238,47,Dimer,0.57785,anc2i_47_M_unrelaxed_rank_004_alphafold2_model_3_seed_003.pdb
2239,47,Dimer,0.5882,anc2i_47_M_unrelaxed_rank_005_alphafold2_model_1_seed_002.pdb
2240,47,Dimer,0.57876,anc2i_47_M_unrelaxed_rank_006_alphafold2_model_1_seed_003.pdb
2241,47,Dimer,0.58584,anc2i_47_M_unrelaxed_rank_007_alphafold2_model_1_seed_004.pdb
2242,47,Dimer,0.57468,anc2i_47_M_unrelaxed_rank_008_alphafold2_model_3_seed_001.pdb
2243,47,Dimer,0.57657,anc2i_47_M_unrelaxed_rank_009_alphafold2_model_2_seed_003.pdb
2244,47,Dimer,0.59372,anc2i_47_M_unrelaxed_rank_010_alphafold2_model_4_seed_004.pdb
2245,47,Dimer,0.57604,anc2i_47_M_unrelaxed_rank_011_alphafold2_model_3_seed_002.pdb
2246,47,Dimer,0.59053,anc2i_47_M_unrelaxed_rank_012_alphafold2_model_4_seed_001.pdb
2247,47,Dimer,0.5944,anc2i_47_M_unrelaxed_rank_013_alphafold2_model_4_seed_000.pdb
2248,47,Dimer,0.58167,anc2i_47_M_unrelaxed_rank_014_alphafold2_model_4_seed_003.pdb
2249,47,Dimer,0.54684,anc2i_47_M_unrelaxed_rank_015_alphafold2_model_4_seed_002.pdb
2250,47,Chemokine,0.68496,anc2i_47_M_unrelaxed_rank_016_alphafold2_model_5_seed_000.pdb
2251,47,Dimer,0.5475,anc2i_47_M_unrelaxed_rank_017_alphafold2_model_3_seed_000.pdb
2252,47,Chemokine,0.66824,anc2i_47_M_unrelaxed_rank_018_alphafold2_model_5_seed_001.pdb
2253,47,Chemokine,0.72999,anc2i_47_M_unrelaxed_rank_019_alphafold2_model_2_seed_004.pdb
2254,47,Chemokine,0.66349,anc2i_47_M_unrelaxed_rank_020_alphafold2_model_5_seed_004.pdb
2255,47,Chemokine,0.65962,anc2i_47_M_unrelaxed_rank_021_alphafold2_model_5_seed_003.pdb
2256,I,Dimer,0.594,anc2i_I_unrelaxed_rank_001_alphafold2_model_3_seed_003.pdb
2257,I,Dimer,0.59342,anc2i_I_unrelaxed_rank_002_alphafold2_model_3_seed_004.pdb
2258,I,Dimer,0.5942,anc2i_I_unrelaxed_rank_003_alphafold2_model_3_seed_001.pdb
2259,I,Dimer,0.59483,anc2i_I_unrelaxed_rank_004_alphafold2_model_3_seed_002.pdb
2260,I,Dimer,0.594,anc2i_I_unrelaxed_rank_005_alphafold2_model_3_seed_000.pdb
2261,I,Dimer,0.59836,anc2i_I_unrelaxed_rank_006_alphafold2_model_2_seed_003.pdb
2262,I,Dimer,0.59815,anc2i_I_unrelaxed_rank_007_alphafold2_model_2_seed_004.pdb
2263,I,Dimer,0.60024,anc2i_I_unrelaxed_rank_008_alphafold2_model_2_seed_002.pdb
2264,I,Dimer,0.59907,anc2i_I_unrelaxed_rank_009_alphafold2_model_2_seed_001.pdb
2265,I,Dimer,0.59937,anc2i_I_unrelaxed_rank_010_alphafold2_model_2_seed_000.pdb
2266,I,Dimer,0.59305,anc2i_I_unrelaxed_rank_011_alphafold2_model_1_seed_003.pdb
2267,I,Dimer,0.5946,anc2i_I_unrelaxed_rank_012_alphafold2_model_1_seed_004.pdb
2268,I,Dimer,0.59394,anc2i_I_unrelaxed_rank_013_alphafold2_model_1_seed_002.pdb
2269,I,Dimer,0.59131,anc2i_I_unrelaxed_rank_014_alphafold2_model_1_seed_001.pdb
2270,I,Dimer,0.59103,anc2i_I_unrelaxed_rank_015_alphafold2_model_1_seed_000.pdb
2271,I,Dimer,0.58795,anc2i_I_unrelaxed_rank_016_alphafold2_model_5_seed_002.pdb
2272,I,Dimer,0.53104,anc2i_I_unrelaxed_rank_017_alphafold2_model_4_seed_004.pdb
2273,I,Dimer,0.53101,anc2i_I_unrelaxed_rank_018_alphafold2_model_4_seed_003.pdb
2274,I,Dimer,0.53302,anc2i_I_unrelaxed_rank_019_alphafold2_model_4_seed_001.pdb
2275,I,Dimer,0.53272,anc2i_I_unrelaxed_rank_020_alphafold2_model_4_seed_000.pdb
2276,I,Dimer,0.57487,anc2i_I_unrelaxed_rank_021_alphafold2_model_5_seed_004.pdb
2277,I,Dimer,0.57238,anc2i_I_unrelaxed_rank_022_alphafold2_model_5_seed_003.pdb
2278,I,Dimer,0.56654,anc2i_I_unrelaxed_rank_023_alphafold2_model_5_seed_001.pdb
2279,L,Dimer,0.57693,anc2i_L_unrelaxed_rank_001_alphafold2_model_3_seed_003.pdb
2280,L,Dimer,0.58625,anc2i_L_unrelaxed_rank_002_alphafold2_model_2_seed_003.pdb
2281,L,Dimer,0.58403,anc2i_L_unrelaxed_rank_003_alphafold2_model_2_seed_004.pdb
2282,L,Dimer,0.58445,anc2i_L_unrelaxed_rank_004_alphafold2_model_2_seed_001.pdb
2283,L,Dimer,0.58653,anc2i_L_unrelaxed_rank_005_alphafold2_model_1_seed_003.pdb
2284,L,Dimer,0.53878,anc2i_L_unrelaxed_rank_006_alphafold2_model_3_seed_004.pdb
2285,L,Dimer,0.58215,anc2i_L_unrelaxed_rank_007_alphafold2_model_1_seed_004.pdb
2286,L,Dimer,0.58143,anc2i_L_unrelaxed_rank_008_alphafold2_model_1_seed_002.pdb
2287,L,Dimer,0.51523,anc2i_L_unrelaxed_rank_009_alphafold2_model_3_seed_001.pdb
2288,L,Dimer,0.52374,anc2i_L_unrelaxed_rank_010_alphafold2_model_3_seed_000.pdb
2289,L,Dimer,0.56445,anc2i_L_unrelaxed_rank_011_alphafold2_model_2_seed_002.pdb
2290,L,Dimer,0.502,anc2i_L_unrelaxed_rank_012_alphafold2_model_3_seed_002.pdb
2291,L,Dimer,0.57573,anc2i_L_unrelaxed_rank_013_alphafold2_model_4_seed_001.pdb
2292,L,Dimer,0.5191,anc2i_L_unrelaxed_rank_014_alphafold2_model_2_seed_000.pdb
2293,L,Dimer,0.57184,anc2i_L_unrelaxed_rank_015_alphafold2_model_4_seed_004.pdb
2294,L,Dimer,0.55302,anc2i_L_unrelaxed_rank_016_alphafold2_model_4_seed_003.pdb
2295,L,Dimer,0.55101,anc2i_L_unrelaxed_rank_018_alphafold2_model_4_seed_000.pdb
2296,L,Dimer,0.50295,anc2i_L_unrelaxed_rank_019_alphafold2_model_5_seed_003.pdb
2297,I,Dimer,0.53302,anc2_I_unrelaxed_rank_001_alphafold2_model_2_seed_000.pdb
2298,I,Dimer,0.53158,anc2_I_unrelaxed_rank_002_alphafold2_model_2_seed_004.pdb
2299,I,Dimer,0.52801,anc2_I_unrelaxed_rank_003_alphafold2_model_2_seed_001.pdb
2300,I,Dimer,0.53073,anc2_I_unrelaxed_rank_004_alphafold2_model_2_seed_003.pdb
2301,I,Chemokine,0.73773,anc2_I_unrelaxed_rank_005_alphafold2_model_5_seed_002.pdb
2302,I,Dimer,0.5545,anc2_I_unrelaxed_rank_006_alphafold2_model_3_seed_001.pdb
2303,I,Dimer,0.53859,anc2_I_unrelaxed_rank_007_alphafold2_model_1_seed_004.pdb
2304,I,Dimer,0.53838,anc2_I_unrelaxed_rank_008_alphafold2_model_1_seed_001.pdb
2305,I,Dimer,0.53638,anc2_I_unrelaxed_rank_009_alphafold2_model_1_seed_000.pdb
2306,I,Dimer,0.53928,anc2_I_unrelaxed_rank_010_alphafold2_model_4_seed_004.pdb
2307,I,Dimer,0.54127,anc2_I_unrelaxed_rank_011_alphafold2_model_4_seed_002.pdb
2308,I,Dimer,0.5395,anc2_I_unrelaxed_rank_012_alphafold2_model_4_seed_003.pdb
2309,I,Dimer,0.53609,anc2_I_unrelaxed_rank_013_alphafold2_model_1_seed_003.pdb
2310,I,Dimer,0.54025,anc2_I_unrelaxed_rank_014_alphafold2_model_4_seed_001.pdb
2311,I,Dimer,0.53913,anc2_I_unrelaxed_rank_015_alphafold2_model_4_seed_000.pdb
2312,I,Dimer,0.56916,anc2_I_unrelaxed_rank_016_alphafold2_model_3_seed_000.pdb
2313,I,Dimer,0.56431,anc2_I_unrelaxed_rank_017_alphafold2_model_3_seed_004.pdb
2314,I,Dimer,0.53138,anc2_I_unrelaxed_rank_018_alphafold2_model_1_seed_002.pdb
2315,I,Dimer,0.54616,anc2_I_unrelaxed_rank_019_alphafold2_model_3_seed_003.pdb
2316,V,Dimer,0.59211,anc2i_V_unrelaxed_rank_001_alphafold2_model_3_seed_003.pdb
2317,V,Dimer,0.592,anc2i_V_unrelaxed_rank_002_alphafold2_model_3_seed_004.pdb
2318,V,Dimer,0.59149,anc2i_V_unrelaxed_rank_003_alphafold2_model_3_seed_001.pdb
2319,V,Dimer,0.59109,anc2i_V_unrelaxed_rank_004_alphafold2_model_3_seed_000.pdb
2320,V,Dimer,0.59953,anc2i_V_unrelaxed_rank_005_alphafold2_model_2_seed_003.pdb
2321,V,Dimer,0.59752,anc2i_V_unrelaxed_rank_006_alphafold2_model_2_seed_004.pdb
2322,V,Dimer,0.60003,anc2i_V_unrelaxed_rank_007_alphafold2_model_2_seed_002.pdb
2323,V,Dimer,0.59831,anc2i_V_unrelaxed_rank_008_alphafold2_model_2_seed_001.pdb
2324,V,Dimer,0.59851,anc2i_V_unrelaxed_rank_009_alphafold2_model_2_seed_000.pdb
2325,V,Dimer,0.58363,anc2i_V_unrelaxed_rank_010_alphafold2_model_3_seed_002.pdb
2326,V,Dimer,0.59086,anc2i_V_unrelaxed_rank_011_alphafold2_model_1_seed_004.pdb
2327,V,Dimer,0.58899,anc2i_V_unrelaxed_rank_012_alphafold2_model_1_seed_003.pdb
2328,V,Dimer,0.58769,anc2i_V_unrelaxed_rank_013_alphafold2_model_1_seed_002.pdb
2329,V,Dimer,0.53363,anc2i_V_unrelaxed_rank_014_alphafold2_model_4_seed_001.pdb
2330,V,Dimer,0.53209,anc2i_V_unrelaxed_rank_015_alphafold2_model_4_seed_004.pdb
2331,V,Dimer,0.53634,anc2i_V_unrelaxed_rank_016_alphafold2_model_4_seed_003.pdb
2332,V,Dimer,0.57525,anc2i_V_unrelaxed_rank_017_alphafold2_model_5_seed_002.pdb
2333,V,Dimer,0.53277,anc2i_V_unrelaxed_rank_018_alphafold2_model_4_seed_000.pdb
2334,V,Dimer,0.53956,anc2i_V_unrelaxed_rank_019_alphafold2_model_4_seed_002.pdb
2335,14,Dimer,0.51489,anc2l_14_I_unrelaxed_rank_001_alphafold2_model_2_seed_001.pdb
2336,14,Chemokine,0.75108,anc2l_14_I_unrelaxed_rank_002_alphafold2_model_3_seed_002.pdb
2337,14,Chemokine,0.76429,anc2l_14_I_unrelaxed_rank_003_alphafold2_model_2_seed_000.pdb
2338,14,Dimer,0.50704,anc2l_14_I_unrelaxed_rank_004_alphafold2_model_4_seed_002.pdb
2339,14,Chemokine,0.74977,anc2l_14_I_unrelaxed_rank_005_alphafold2_model_1_seed_002.pdb
2340,14,Chemokine,0.74443,anc2l_14_I_unrelaxed_rank_006_alphafold2_model_1_seed_000.pdb
2341,14,Chemokine,0.75123,anc2l_14_I_unrelaxed_rank_007_alphafold2_model_1_seed_003.pdb
2342,14,Chemokine,0.74265,anc2l_14_I_unrelaxed_rank_008_alphafold2_model_3_seed_001.pdb
2343,14,Chemokine,0.75001,anc2l_14_I_unrelaxed_rank_009_alphafold2_model_2_seed_003.pdb
2344,14,Chemokine,0.73386,anc2l_14_I_unrelaxed_rank_010_alphafold2_model_1_seed_004.pdb
2345,14,Chemokine,0.77027,anc2l_14_I_unrelaxed_rank_011_alphafold2_model_2_seed_004.pdb
2346,14,Chemokine,0.73633,anc2l_14_I_unrelaxed_rank_012_alphafold2_model_1_seed_001.pdb
2347,14,Chemokine,0.72335,anc2l_14_I_unrelaxed_rank_013_alphafold2_model_2_seed_002.pdb
2348,14,Chemokine,0.73666,anc2l_14_I_unrelaxed_rank_014_alphafold2_model_4_seed_000.pdb
2349,14,Chemokine,0.73208,anc2l_14_I_unrelaxed_rank_015_alphafold2_model_4_seed_003.pdb
2350,14,Chemokine,0.72486,anc2l_14_I_unrelaxed_rank_016_alphafold2_model_4_seed_004.pdb
2351,14,Chemokine,0.72521,anc2l_14_I_unrelaxed_rank_017_alphafold2_model_4_seed_001.pdb
2352,14,Chemokine,0.63962,anc2l_14_I_unrelaxed_rank_018_alphafold2_model_3_seed_003.pdb
2353,14,Chemokine,0.77333,anc2l_14_L_unrelaxed_rank_001_alphafold2_model_2_seed_000.pdb
2354,14,Chemokine,0.76257,anc2l_14_L_unrelaxed_rank_002_alphafold2_model_2_seed_003.pdb
2355,14,Chemokine,0.73533,anc2l_14_L_unrelaxed_rank_003_alphafold2_model_1_seed_004.pdb
2356,14,Chemokine,0.74006,anc2l_14_L_unrelaxed_rank_004_alphafold2_model_1_seed_003.pdb
2357,14,Chemokine,0.73456,anc2l_14_L_unrelaxed_rank_005_alphafold2_model_1_seed_001.pdb
2358,14,Chemokine,0.73652,anc2l_14_L_unrelaxed_rank_006_alphafold2_model_1_seed_000.pdb
2359,14,Chemokine,0.73359,anc2l_14_L_unrelaxed_rank_007_alphafold2_model_1_seed_002.pdb
2360,14,Chemokine,0.73197,anc2l_14_L_unrelaxed_rank_008_alphafold2_model_2_seed_004.pdb
2361,14,Dimer,0.51902,anc2l_14_L_unrelaxed_rank_009_alphafold2_model_2_seed_001.pdb
2362,14,Chemokine,0.61637,anc2l_14_L_unrelaxed_rank_010_alphafold2_model_5_seed_002.pdb
2363,14,Chemokine,0.7007,anc2l_14_L_unrelaxed_rank_011_alphafold2_model_4_seed_000.pdb
2364,14,Chemokine,0.69518,anc2l_14_L_unrelaxed_rank_012_alphafold2_model_4_seed_003.pdb
2365,14,Chemokine,0.6485,anc2l_14_L_unrelaxed_rank_013_alphafold2_model_3_seed_004.pdb
2366,14,Dimer,0.51703,anc2l_14_V_unrelaxed_rank_001_alphafold2_model_2_seed_001.pdb
2367,14,Dimer,0.50514,anc2l_14_V_unrelaxed_rank_002_alphafold2_model_4_seed_002.pdb
2368,14,Chemokine,0.74785,anc2l_14_V_unrelaxed_rank_003_alphafold2_model_3_seed_002.pdb
2369,14,Chemokine,0.74344,anc2l_14_V_unrelaxed_rank_004_alphafold2_model_1_seed_001.pdb
2370,14,Chemokine,0.73642,anc2l_14_V_unrelaxed_rank_005_alphafold2_model_1_seed_003.pdb
2371,14,Chemokine,0.74687,anc2l_14_V_unrelaxed_rank_006_alphafold2_model_3_seed_001.pdb
2372,14,Chemokine,0.73709,anc2l_14_V_unrelaxed_rank_007_alphafold2_model_1_seed_002.pdb
2373,14,Chemokine,0.73647,anc2l_14_V_unrelaxed_rank_008_alphafold2_model_1_seed_000.pdb
2374,14,Dimer,0.51341,anc2l_14_V_unrelaxed_rank_009_alphafold2_model_2_seed_000.pdb
2375,14,Dimer,0.51478,anc2l_14_V_unrelaxed_rank_010_alphafold2_model_2_seed_003.pdb
2376,14,Chemokine,0.75272,anc2l_14_V_unrelaxed_rank_011_alphafold2_model_2_seed_002.pdb
2377,14,Chemokine,0.73591,anc2l_14_V_unrelaxed_rank_012_alphafold2_model_4_seed_001.pdb
2378,14,Chemokine,0.71756,anc2l_14_V_unrelaxed_rank_013_alphafold2_model_4_seed_000.pdb
2379,14,Chemokine,0.64626,anc2l_14_V_unrelaxed_rank_014_alphafold2_model_3_seed_004.pdb
2380,14,Chemokine,0.64435,anc2l_14_V_unrelaxed_rank_015_alphafold2_model_5_seed_000.pdb
2381,14,Chemokine,0.64609,anc2l_14_V_unrelaxed_rank_016_alphafold2_model_5_seed_004.pdb
2382,36,Chemokine,0.7821,anc2l_36_A_unrelaxed_rank_001_alphafold2_model_3_seed_002.pdb
2383,36,Chemokine,0.76647,anc2l_36_A_unrelaxed_rank_002_alphafold2_model_1_seed_004.pdb
2384,36,Chemokine,0.76674,anc2l_36_A_unrelaxed_rank_003_alphafold2_model_1_seed_002.pdb
2385,36,Chemokine,0.76723,anc2l_36_A_unrelaxed_rank_004_alphafold2_model_1_seed_000.pdb
2386,36,Chemokine,0.76656,anc2l_36_A_unrelaxed_rank_005_alphafold2_model_1_seed_003.pdb
2387,36,Chemokine,0.77063,anc2l_36_A_unrelaxed_rank_006_alphafold2_model_1_seed_001.pdb
2388,36,Chemokine,0.76454,anc2l_36_A_unrelaxed_rank_007_alphafold2_model_3_seed_003.pdb
2389,36,Chemokine,0.76788,anc2l_36_A_unrelaxed_rank_008_alphafold2_model_2_seed_001.pdb
2390,36,Chemokine,0.7712,anc2l_36_A_unrelaxed_rank_009_alphafold2_model_2_seed_000.pdb
2391,36,Chemokine,0.77624,anc2l_36_A_unrelaxed_rank_010_alphafold2_model_2_seed_004.pdb
2392,36,Chemokine,0.7467,anc2l_36_A_unrelaxed_rank_011_alphafold2_model_3_seed_000.pdb
2393,36,Chemokine,0.72395,anc2l_36_A_unrelaxed_rank_012_alphafold2_model_3_seed_001.pdb
2394,36,Chemokine,0.74877,anc2l_36_A_unrelaxed_rank_013_alphafold2_model_4_seed_003.pdb
2395,36,Chemokine,0.75052,anc2l_36_A_unrelaxed_rank_014_alphafold2_model_4_seed_004.pdb
2396,36,Chemokine,0.72358,anc2l_36_A_unrelaxed_rank_015_alphafold2_model_2_seed_002.pdb
2397,36,Chemokine,0.69877,anc2l_36_A_unrelaxed_rank_016_alphafold2_model_4_seed_000.pdb
2398,36,Chemokine,0.68802,anc2l_36_A_unrelaxed_rank_017_alphafold2_model_3_seed_004.pdb
2399,36,Chemokine,0.75904,anc2l_36_G_unrelaxed_rank_001_alphafold2_model_3_seed_004.pdb
2400,36,Chemokine,0.75687,anc2l_36_G_unrelaxed_rank_002_alphafold2_model_3_seed_002.pdb
2401,36,Chemokine,0.7663,anc2l_36_G_unrelaxed_rank_003_alphafold2_model_3_seed_003.pdb
2402,36,Chemokine,0.76586,anc2l_36_G_unrelaxed_rank_004_alphafold2_model_3_seed_000.pdb
2403,36,Chemokine,0.75813,anc2l_36_G_unrelaxed_rank_005_alphafold2_model_3_seed_001.pdb
2404,36,Chemokine,0.77758,anc2l_36_G_unrelaxed_rank_006_alphafold2_model_1_seed_004.pdb
2405,36,Chemokine,0.76447,anc2l_36_G_unrelaxed_rank_007_alphafold2_model_1_seed_003.pdb
2406,36,Chemokine,0.78464,anc2l_36_G_unrelaxed_rank_008_alphafold2_model_1_seed_000.pdb
2407,36,Chemokine,0.76653,anc2l_36_G_unrelaxed_rank_009_alphafold2_model_1_seed_002.pdb
2408,36,Chemokine,0.77493,anc2l_36_G_unrelaxed_rank_010_alphafold2_model_1_seed_001.pdb
2409,36,Chemokine,0.78778,anc2l_36_G_unrelaxed_rank_011_alphafold2_model_2_seed_000.pdb
2410,36,Chemokine,0.74663,anc2l_36_G_unrelaxed_rank_012_alphafold2_model_4_seed_002.pdb
2411,36,Chemokine,0.74336,anc2l_36_G_unrelaxed_rank_013_alphafold2_model_5_seed_002.pdb
2412,36,Chemokine,0.7416,anc2l_36_G_unrelaxed_rank_014_alphafold2_model_5_seed_003.pdb
2413,36,Chemokine,0.74698,anc2l_36_G_unrelaxed_rank_015_alphafold2_model_4_seed_000.pdb
2414,36,Chemokine,0.74767,anc2l_36_G_unrelaxed_rank_016_alphafold2_model_4_seed_004.pdb
2415,36,Chemokine,0.7465,anc2l_36_G_unrelaxed_rank_017_alphafold2_model_4_seed_001.pdb
2416,36,Chemokine,0.75344,anc2l_36_G_unrelaxed_rank_018_alphafold2_model_5_seed_004.pdb
2417,36,Chemokine,0.74225,anc2l_36_G_unrelaxed_rank_019_alphafold2_model_4_seed_003.pdb
2418,36,Chemokine,0.69318,anc2l_36_G_unrelaxed_rank_020_alphafold2_model_5_seed_001.pdb
2419,36,Chemokine,0.6926,anc2l_36_G_unrelaxed_rank_021_alphafold2_model_5_seed_000.pdb
2420,36,Chemokine,0.76324,anc2l_36_I_unrelaxed_rank_001_alphafold2_model_2_seed_003.pdb
2421,36,Chemokine,0.76502,anc2l_36_I_unrelaxed_rank_002_alphafold2_model_2_seed_002.pdb
2422,36,Chemokine,0.76664,anc2l_36_I_unrelaxed_rank_003_alphafold2_model_2_seed_004.pdb
2423,36,Chemokine,0.76364,anc2l_36_I_unrelaxed_rank_004_alphafold2_model_3_seed_003.pdb
2424,36,Chemokine,0.75598,anc2l_36_I_unrelaxed_rank_005_alphafold2_model_3_seed_002.pdb
2425,36,Chemokine,0.76147,anc2l_36_I_unrelaxed_rank_006_alphafold2_model_3_seed_004.pdb
2426,36,Chemokine,0.766,anc2l_36_I_unrelaxed_rank_007_alphafold2_model_2_seed_001.pdb
2427,36,Chemokine,0.76121,anc2l_36_I_unrelaxed_rank_008_alphafold2_model_2_seed_000.pdb
2428,36,Chemokine,0.76148,anc2l_36_I_unrelaxed_rank_009_alphafold2_model_3_seed_000.pdb
2429,36,Chemokine,0.75676,anc2l_36_I_unrelaxed_rank_010_alphafold2_model_1_seed_000.pdb
2430,36,Chemokine,0.75499,anc2l_36_I_unrelaxed_rank_011_alphafold2_model_1_seed_003.pdb
2431,36,Chemokine,0.74981,anc2l_36_I_unrelaxed_rank_012_alphafold2_model_5_seed_004.pdb
2432,36,Chemokine,0.75429,anc2l_36_I_unrelaxed_rank_013_alphafold2_model_1_seed_002.pdb
2433,36,Chemokine,0.7545,anc2l_36_I_unrelaxed_rank_014_alphafold2_model_1_seed_004.pdb
2434,36,Chemokine,0.75588,anc2l_36_I_unrelaxed_rank_015_alphafold2_model_1_seed_001.pdb
2435,36,Chemokine,0.72437,anc2l_36_I_unrelaxed_rank_016_alphafold2_model_3_seed_001.pdb
2436,36,Chemokine,0.72163,anc2l_36_I_unrelaxed_rank_017_alphafold2_model_5_seed_000.pdb
2437,38,Chemokine,0.7821,anc2l_38_I_unrelaxed_rank_001_alphafold2_model_3_seed_002.pdb
2438,38,Chemokine,0.76647,anc2l_38_I_unrelaxed_rank_002_alphafold2_model_1_seed_004.pdb
2439,38,Chemokine,0.76674,anc2l_38_I_unrelaxed_rank_003_alphafold2_model_1_seed_002.pdb
2440,38,Chemokine,0.76723,anc2l_38_I_unrelaxed_rank_004_alphafold2_model_1_seed_000.pdb
2441,38,Chemokine,0.76656,anc2l_38_I_unrelaxed_rank_005_alphafold2_model_1_seed_003.pdb
2442,38,Chemokine,0.77063,anc2l_38_I_unrelaxed_rank_006_alphafold2_model_1_seed_001.pdb
2443,38,Chemokine,0.76454,anc2l_38_I_unrelaxed_rank_007_alphafold2_model_3_seed_003.pdb
2444,38,Chemokine,0.76788,anc2l_38_I_unrelaxed_rank_008_alphafold2_model_2_seed_001.pdb
2445,38,Chemokine,0.7712,anc2l_38_I_unrelaxed_rank_009_alphafold2_model_2_seed_000.pdb
2446,38,Chemokine,0.77624,anc2l_38_I_unrelaxed_rank_010_alphafold2_model_2_seed_004.pdb
2447,38,Chemokine,0.7467,anc2l_38_I_unrelaxed_rank_011_alphafold2_model_3_seed_000.pdb
2448,38,Chemokine,0.72395,anc2l_38_I_unrelaxed_rank_012_alphafold2_model_3_seed_001.pdb
2449,38,Chemokine,0.74877,anc2l_38_I_unrelaxed_rank_013_alphafold2_model_4_seed_003.pdb
2450,38,Chemokine,0.75052,anc2l_38_I_unrelaxed_rank_014_alphafold2_model_4_seed_004.pdb
2451,38,Chemokine,0.72358,anc2l_38_I_unrelaxed_rank_015_alphafold2_model_2_seed_002.pdb
2452,38,Chemokine,0.69877,anc2l_38_I_unrelaxed_rank_016_alphafold2_model_4_seed_000.pdb
2453,38,Chemokine,0.68802,anc2l_38_I_unrelaxed_rank_017_alphafold2_model_3_seed_004.pdb
2454,38,Chemokine,0.78201,anc2l_38_L_unrelaxed_rank_001_alphafold2_model_1_seed_002.pdb
2455,38,Chemokine,0.78249,anc2l_38_L_unrelaxed_rank_002_alphafold2_model_1_seed_000.pdb
2456,38,Chemokine,0.77129,anc2l_38_L_unrelaxed_rank_003_alphafold2_model_1_seed_001.pdb
2457,38,Chemokine,0.77047,anc2l_38_L_unrelaxed_rank_004_alphafold2_model_1_seed_004.pdb
2458,38,Chemokine,0.77368,anc2l_38_L_unrelaxed_rank_005_alphafold2_model_1_seed_003.pdb
2459,38,Chemokine,0.75045,anc2l_38_L_unrelaxed_rank_006_alphafold2_model_5_seed_003.pdb
2460,38,Chemokine,0.74129,anc2l_38_L_unrelaxed_rank_007_alphafold2_model_5_seed_002.pdb
2461,38,Chemokine,0.74635,anc2l_38_L_unrelaxed_rank_008_alphafold2_model_5_seed_000.pdb
2462,38,Chemokine,0.72561,anc2l_38_L_unrelaxed_rank_009_alphafold2_model_5_seed_004.pdb
2463,38,Chemokine,0.70202,anc2l_38_L_unrelaxed_rank_010_alphafold2_model_5_seed_001.pdb
2464,38,Chemokine,0.7877,anc2l_38_V_unrelaxed_rank_001_alphafold2_model_3_seed_001.pdb
2465,38,Chemokine,0.77583,anc2l_38_V_unrelaxed_rank_002_alphafold2_model_3_seed_002.pdb
2466,38,Chemokine,0.78156,anc2l_38_V_unrelaxed_rank_003_alphafold2_model_1_seed_004.pdb
2467,38,Chemokine,0.77763,anc2l_38_V_unrelaxed_rank_004_alphafold2_model_3_seed_003.pdb
2468,38,Chemokine,0.77947,anc2l_38_V_unrelaxed_rank_005_alphafold2_model_1_seed_002.pdb
2469,38,Chemokine,0.77993,anc2l_38_V_unrelaxed_rank_006_alphafold2_model_1_seed_000.pdb
2470,38,Chemokine,0.77838,anc2l_38_V_unrelaxed_rank_007_alphafold2_model_1_seed_003.pdb
2471,38,Chemokine,0.77574,anc2l_38_V_unrelaxed_rank_008_alphafold2_model_1_seed_001.pdb
2472,38,Chemokine,0.78074,anc2l_38_V_unrelaxed_rank_009_alphafold2_model_2_seed_002.pdb
2473,38,Chemokine,0.77657,anc2l_38_V_unrelaxed_rank_010_alphafold2_model_2_seed_000.pdb
2474,38,Chemokine,0.77705,anc2l_38_V_unrelaxed_rank_011_alphafold2_model_2_seed_004.pdb
2475,38,Chemokine,0.77048,anc2l_38_V_unrelaxed_rank_012_alphafold2_model_2_seed_001.pdb
2476,38,Chemokine,0.77299,anc2l_38_V_unrelaxed_rank_013_alphafold2_model_2_seed_003.pdb
2477,38,Chemokine,0.759,anc2l_38_V_unrelaxed_rank_014_alphafold2_model_4_seed_001.pdb
2478,38,Chemokine,0.74321,anc2l_38_V_unrelaxed_rank_015_alphafold2_model_3_seed_000.pdb
2479,38,Chemokine,0.75921,anc2l_38_V_unrelaxed_rank_016_alphafold2_model_4_seed_000.pdb
2480,38,Chemokine,0.70931,anc2l_38_V_unrelaxed_rank_017_alphafold2_model_3_seed_004.pdb
2481,38,Chemokine,0.74257,anc2l_38_V_unrelaxed_rank_018_alphafold2_model_4_seed_004.pdb
2482,38,Chemokine,0.7348,anc2l_38_V_unrelaxed_rank_019_alphafold2_model_4_seed_002.pdb
2483,40,Dimer,0.5267,anc2l_40_G_unrelaxed_rank_001_alphafold2_model_3_seed_003.pdb
2484,40,Dimer,0.51734,anc2l_40_G_unrelaxed_rank_002_alphafold2_model_3_seed_001.pdb
2485,40,Dimer,0.55511,anc2l_40_I_unrelaxed_rank_001_alphafold2_model_3_seed_001.pdb
2486,40,Dimer,0.56625,anc2l_40_I_unrelaxed_rank_002_alphafold2_model_3_seed_004.pdb
2487,40,Dimer,0.54732,anc2l_40_V_unrelaxed_rank_001_alphafold2_model_3_seed_001.pdb
2488,40,Dimer,0.54907,anc2l_40_V_unrelaxed_rank_002_alphafold2_model_3_seed_003.pdb
2489,40,Dimer,0.55335,anc2l_40_V_unrelaxed_rank_003_alphafold2_model_3_seed_000.pdb
2490,47,Chemokine,0.7821,anc2l_47_I_unrelaxed_rank_001_alphafold2_model_3_seed_002.pdb
2491,47,Chemokine,0.76647,anc2l_47_I_unrelaxed_rank_002_alphafold2_model_1_seed_004.pdb
2492,47,Chemokine,0.76674,anc2l_47_I_unrelaxed_rank_003_alphafold2_model_1_seed_002.pdb
2493,47,Chemokine,0.76723,anc2l_47_I_unrelaxed_rank_004_alphafold2_model_1_seed_000.pdb
2494,47,Chemokine,0.76656,anc2l_47_I_unrelaxed_rank_005_alphafold2_model_1_seed_003.pdb
2495,47,Chemokine,0.77063,anc2l_47_I_unrelaxed_rank_006_alphafold2_model_1_seed_001.pdb
2496,47,Chemokine,0.76454,anc2l_47_I_unrelaxed_rank_007_alphafold2_model_3_seed_003.pdb
2497,47,Chemokine,0.76788,anc2l_47_I_unrelaxed_rank_008_alphafold2_model_2_seed_001.pdb
2498,47,Chemokine,0.7712,anc2l_47_I_unrelaxed_rank_009_alphafold2_model_2_seed_000.pdb
2499,47,Chemokine,0.77624,anc2l_47_I_unrelaxed_rank_010_alphafold2_model_2_seed_004.pdb
2500,47,Chemokine,0.7467,anc2l_47_I_unrelaxed_rank_011_alphafold2_model_3_seed_000.pdb
2501,47,Chemokine,0.72395,anc2l_47_I_unrelaxed_rank_012_alphafold2_model_3_seed_001.pdb
2502,47,Chemokine,0.74877,anc2l_47_I_unrelaxed_rank_013_alphafold2_model_4_seed_003.pdb
2503,47,Chemokine,0.75052,anc2l_47_I_unrelaxed_rank_014_alphafold2_model_4_seed_004.pdb
2504,47,Chemokine,0.72358,anc2l_47_I_unrelaxed_rank_015_alphafold2_model_2_seed_002.pdb
2505,47,Chemokine,0.69877,anc2l_47_I_unrelaxed_rank_016_alphafold2_model_4_seed_000.pdb
2506,47,Chemokine,0.68802,anc2l_47_I_unrelaxed_rank_017_alphafold2_model_3_seed_004.pdb
2507,47,Chemokine,0.75944,anc2l_47_L_unrelaxed_rank_001_alphafold2_model_3_seed_002.pdb
2508,47,Chemokine,0.77291,anc2l_47_L_unrelaxed_rank_002_alphafold2_model_2_seed_002.pdb
2509,47,Chemokine,0.7632,anc2l_47_L_unrelaxed_rank_003_alphafold2_model_3_seed_001.pdb
2510,47,Chemokine,0.77569,anc2l_47_L_unrelaxed_rank_004_alphafold2_model_2_seed_004.pdb
2511,47,Chemokine,0.77478,anc2l_47_L_unrelaxed_rank_005_alphafold2_model_2_seed_000.pdb
2512,47,Chemokine,0.78411,anc2l_47_L_unrelaxed_rank_006_alphafold2_model_2_seed_001.pdb
2513,47,Chemokine,0.76516,anc2l_47_L_unrelaxed_rank_007_alphafold2_model_1_seed_001.pdb
2514,47,Chemokine,0.76428,anc2l_47_L_unrelaxed_rank_008_alphafold2_model_1_seed_000.pdb
2515,47,Chemokine,0.76237,anc2l_47_L_unrelaxed_rank_009_alphafold2_model_1_seed_002.pdb
2516,47,Chemokine,0.76325,anc2l_47_L_unrelaxed_rank_010_alphafold2_model_3_seed_004.pdb
2517,47,Chemokine,0.75734,anc2l_47_L_unrelaxed_rank_011_alphafold2_model_1_seed_003.pdb
2518,47,Chemokine,0.76242,anc2l_47_L_unrelaxed_rank_012_alphafold2_model_3_seed_000.pdb
2519,47,Chemokine,0.71631,anc2l_47_L_unrelaxed_rank_013_alphafold2_model_3_seed_003.pdb
2520,47,Chemokine,0.72956,anc2l_47_L_unrelaxed_rank_014_alphafold2_model_5_seed_002.pdb
2521,47,Chemokine,0.74952,anc2l_47_L_unrelaxed_rank_015_alphafold2_model_4_seed_003.pdb
2522,47,Chemokine,0.74631,anc2l_47_L_unrelaxed_rank_016_alphafold2_model_4_seed_000.pdb
2523,47,Chemokine,0.71112,anc2l_47_L_unrelaxed_rank_017_alphafold2_model_1_seed_004.pdb
2524,47,Chemokine,0.74437,anc2l_47_L_unrelaxed_rank_018_alphafold2_model_4_seed_004.pdb
2525,47,Chemokine,0.68914,anc2l_47_L_unrelaxed_rank_019_alphafold2_model_5_seed_003.pdb
2526,47,Chemokine,0.73781,anc2l_47_L_unrelaxed_rank_020_alphafold2_model_4_seed_001.pdb
2527,47,Chemokine,0.77045,anc2l_47_M_unrelaxed_rank_001_alphafold2_model_3_seed_002.pdb
2528,47,Chemokine,0.78523,anc2l_47_M_unrelaxed_rank_002_alphafold2_model_2_seed_004.pdb
2529,47,Chemokine,0.77862,anc2l_47_M_unrelaxed_rank_003_alphafold2_model_2_seed_003.pdb
2530,47,Chemokine,0.76994,anc2l_47_M_unrelaxed_rank_004_alphafold2_model_1_seed_004.pdb
2531,47,Chemokine,0.78015,anc2l_47_M_unrelaxed_rank_005_alphafold2_model_2_seed_001.pdb
2532,47,Chemokine,0.71401,anc2l_47_M_unrelaxed_rank_006_alphafold2_model_3_seed_003.pdb
2533,47,Chemokine,0.71339,anc2l_47_M_unrelaxed_rank_007_alphafold2_model_3_seed_004.pdb
2534,47,Chemokine,0.71575,anc2l_47_M_unrelaxed_rank_008_alphafold2_model_3_seed_000.pdb
2535,47,Chemokine,0.71477,anc2l_47_M_unrelaxed_rank_009_alphafold2_model_3_seed_001.pdb
2536,47,Chemokine,0.59368,anc2l_47_M_unrelaxed_rank_010_alphafold2_model_2_seed_000.pdb
2537,47,Chemokine,0.67145,anc2l_47_M_unrelaxed_rank_011_alphafold2_model_4_seed_003.pdb
2538,47,Chemokine,0.66956,anc2l_47_M_unrelaxed_rank_012_alphafold2_model_4_seed_004.pdb
2539,47,Chemokine,0.67291,anc2l_47_M_unrelaxed_rank_013_alphafold2_model_4_seed_002.pdb
2540,47,Chemokine,0.67008,anc2l_47_M_unrelaxed_rank_014_alphafold2_model_4_seed_000.pdb
2541,47,Chemokine,0.66253,anc2l_47_M_unrelaxed_rank_015_alphafold2_model_1_seed_003.pdb
2542,I,Chemokine,0.77091,anc2l_I_unrelaxed_rank_001_alphafold2_model_1_seed_002.pdb
2543,I,Chemokine,0.76992,anc2l_I_unrelaxed_rank_002_alphafold2_model_1_seed_000.pdb
2544,I,Chemokine,0.7628,anc2l_I_unrelaxed_rank_003_alphafold2_model_1_seed_003.pdb
2545,I,Chemokine,0.76435,anc2l_I_unrelaxed_rank_004_alphafold2_model_1_seed_001.pdb
2546,I,Chemokine,0.75944,anc2l_I_unrelaxed_rank_005_alphafold2_model_3_seed_003.pdb
2547,I,Chemokine,0.75687,anc2l_I_unrelaxed_rank_006_alphafold2_model_1_seed_004.pdb
2548,I,Chemokine,0.76583,anc2l_I_unrelaxed_rank_007_alphafold2_model_2_seed_004.pdb
2549,I,Chemokine,0.73234,anc2l_I_unrelaxed_rank_008_alphafold2_model_3_seed_004.pdb
2550,I,Chemokine,0.70445,anc2l_I_unrelaxed_rank_009_alphafold2_model_3_seed_002.pdb
2551,I,Chemokine,0.67816,anc2l_I_unrelaxed_rank_010_alphafold2_model_3_seed_000.pdb
2552,L,Chemokine,0.78231,anc2l_L_unrelaxed_rank_001_alphafold2_model_3_seed_000.pdb
2553,L,Chemokine,0.77497,anc2l_L_unrelaxed_rank_002_alphafold2_model_1_seed_004.pdb
2554,L,Chemokine,0.7709,anc2l_L_unrelaxed_rank_003_alphafold2_model_1_seed_002.pdb
2555,L,Chemokine,0.7708,anc2l_L_unrelaxed_rank_004_alphafold2_model_1_seed_000.pdb
2556,L,Chemokine,0.77358,anc2l_L_unrelaxed_rank_005_alphafold2_model_1_seed_003.pdb
2557,L,Chemokine,0.7775,anc2l_L_unrelaxed_rank_006_alphafold2_model_1_seed_001.pdb
2558,L,Chemokine,0.75474,anc2l_L_unrelaxed_rank_007_alphafold2_model_5_seed_002.pdb
2559,L,Chemokine,0.76024,anc2l_L_unrelaxed_rank_008_alphafold2_model_5_seed_000.pdb
2560,L,Chemokine,0.76603,anc2l_L_unrelaxed_rank_009_alphafold2_model_2_seed_001.pdb
2561,L,Chemokine,0.739,anc2l_L_unrelaxed_rank_010_alphafold2_model_3_seed_002.pdb
2562,L,Chemokine,0.72816,anc2l_L_unrelaxed_rank_011_alphafold2_model_5_seed_001.pdb
2563,L,Chemokine,0.75009,anc2l_L_unrelaxed_rank_012_alphafold2_model_3_seed_004.pdb
2564,L,Chemokine,0.72658,anc2l_L_unrelaxed_rank_013_alphafold2_model_5_seed_003.pdb
2565,L,Chemokine,0.73123,anc2l_L_unrelaxed_rank_014_alphafold2_model_3_seed_003.pdb
2566,L,Chemokine,0.69646,anc2l_L_unrelaxed_rank_015_alphafold2_model_5_seed_004.pdb
2567,L,Chemokine,0.724,anc2l_L_unrelaxed_rank_016_alphafold2_model_2_seed_000.pdb
2568,L,Chemokine,0.76688,anc2_L_unrelaxed_rank_001_alphafold2_model_5_seed_000.pdb
2569,L,Chemokine,0.73691,anc2_L_unrelaxed_rank_002_alphafold2_model_5_seed_002.pdb
2570,L,Chemokine,0.77096,anc2_L_unrelaxed_rank_003_alphafold2_model_5_seed_004.pdb
2571,L,Dimer,0.50364,anc2_L_unrelaxed_rank_004_alphafold2_model_2_seed_001.pdb
2572,L,Chemokine,0.75007,anc2_L_unrelaxed_rank_005_alphafold2_model_2_seed_002.pdb
2573,L,Chemokine,0.7514,anc2_L_unrelaxed_rank_006_alphafold2_model_2_seed_003.pdb
2574,L,Dimer,0.50643,anc2_L_unrelaxed_rank_007_alphafold2_model_2_seed_004.pdb
2575,L,Chemokine,0.73747,anc2_L_unrelaxed_rank_008_alphafold2_model_5_seed_001.pdb
2576,L,Dimer,0.50673,anc2_L_unrelaxed_rank_009_alphafold2_model_2_seed_000.pdb
2577,L,Chemokine,0.76363,anc2_L_unrelaxed_rank_010_alphafold2_model_5_seed_003.pdb
2578,L,Dimer,0.515,anc2_L_unrelaxed_rank_011_alphafold2_model_3_seed_001.pdb
2579,L,Dimer,0.50962,anc2_L_unrelaxed_rank_012_alphafold2_model_3_seed_004.pdb
2580,L,Dimer,0.51285,anc2_L_unrelaxed_rank_013_alphafold2_model_3_seed_003.pdb
2581,L,Dimer,0.51671,anc2_L_unrelaxed_rank_014_alphafold2_model_4_seed_004.pdb
2582,L,Dimer,0.5081,anc2_L_unrelaxed_rank_015_alphafold2_model_3_seed_000.pdb
2583,L,Dimer,0.51602,anc2_L_unrelaxed_rank_016_alphafold2_model_4_seed_002.pdb
2584,L,Dimer,0.50552,anc2_L_unrelaxed_rank_017_alphafold2_model_1_seed_001.pdb
2585,V,Chemokine,0.7821,anc2l_V_unrelaxed_rank_001_alphafold2_model_3_seed_002.pdb
2586,V,Chemokine,0.76647,anc2l_V_unrelaxed_rank_002_alphafold2_model_1_seed_004.pdb
2587,V,Chemokine,0.76674,anc2l_V_unrelaxed_rank_003_alphafold2_model_1_seed_002.pdb
2588,V,Chemokine,0.76723,anc2l_V_unrelaxed_rank_004_alphafold2_model_1_seed_000.pdb
2589,V,Chemokine,0.76656,anc2l_V_unrelaxed_rank_005_alphafold2_model_1_seed_003.pdb
2590,V,Chemokine,0.77063,anc2l_V_unrelaxed_rank_006_alphafold2_model_1_seed_001.pdb
2591,V,Chemokine,0.76454,anc2l_V_unrelaxed_rank_007_alphafold2_model_3_seed_003.pdb
2592,V,Chemokine,0.76788,anc2l_V_unrelaxed_rank_008_alphafold2_model_2_seed_001.pdb
2593,V,Chemokine,0.7712,anc2l_V_unrelaxed_rank_009_alphafold2_model_2_seed_000.pdb
2594,V,Chemokine,0.77624,anc2l_V_unrelaxed_rank_010_alphafold2_model_2_seed_004.pdb
2595,V,Chemokine,0.7467,anc2l_V_unrelaxed_rank_011_alphafold2_model_3_seed_000.pdb
2596,V,Chemokine,0.72395,anc2l_V_unrelaxed_rank_012_alphafold2_model_3_seed_001.pdb
2597,V,Chemokine,0.74877,anc2l_V_unrelaxed_rank_013_alphafold2_model_4_seed_003.pdb
2598,V,Chemokine,0.75052,anc2l_V_unrelaxed_rank_014_alphafold2_model_4_seed_004.pdb
2599,V,Chemokine,0.72358,anc2l_V_unrelaxed_rank_015_alphafold2_model_2_seed_002.pdb
2600,V,Chemokine,0.69877,anc2l_V_unrelaxed_rank_016_alphafold2_model_4_seed_000.pdb
2601,V,Chemokine,0.68802,anc2l_V_unrelaxed_rank_017_alphafold2_model_3_seed_004.pdb
2602,V,Chemokine,0.76704,anc2_V_unrelaxed_rank_001_alphafold2_model_2_seed_002.pdb
2603,V,Chemokine,0.77422,anc2_V_unrelaxed_rank_002_alphafold2_model_5_seed_002.pdb
2604,V,Dimer,0.5392,anc2_V_unrelaxed_rank_003_alphafold2_model_2_seed_004.pdb
2605,V,Dimer,0.52208,anc2_V_unrelaxed_rank_004_alphafold2_model_2_seed_000.pdb
2606,V,Dimer,0.52636,anc2_V_unrelaxed_rank_005_alphafold2_model_2_seed_001.pdb
2607,V,Dimer,0.53165,anc2_V_unrelaxed_rank_006_alphafold2_model_1_seed_001.pdb
2608,V,Dimer,0.54127,anc2_V_unrelaxed_rank_007_alphafold2_model_3_seed_003.pdb
2609,V,Dimer,0.53962,anc2_V_unrelaxed_rank_008_alphafold2_model_4_seed_001.pdb
2610,V,Dimer,0.53991,anc2_V_unrelaxed_rank_009_alphafold2_model_3_seed_004.pdb
2611,V,Dimer,0.54059,anc2_V_unrelaxed_rank_010_alphafold2_model_4_seed_004.pdb
