,aa,fold,score,name
0,14,Chemokine,0.75846,anc0_14_I_unrelaxed_rank_001_alphafold2_model_3_seed_002.pdb
1,14,Chemokine,0.75936,anc0_14_I_unrelaxed_rank_002_alphafold2_model_3_seed_000.pdb
2,14,Chemokine,0.75777,anc0_14_I_unrelaxed_rank_003_alphafold2_model_3_seed_004.pdb
3,14,Chemokine,0.75704,anc0_14_I_unrelaxed_rank_004_alphafold2_model_3_seed_003.pdb
4,14,Chemokine,0.75775,anc0_14_I_unrelaxed_rank_005_alphafold2_model_3_seed_001.pdb
5,14,Chemokine,0.77069,anc0_14_I_unrelaxed_rank_006_alphafold2_model_2_seed_003.pdb
6,14,Chemokine,0.77475,anc0_14_I_unrelaxed_rank_007_alphafold2_model_2_seed_004.pdb
7,14,Chemokine,0.7761,anc0_14_I_unrelaxed_rank_008_alphafold2_model_2_seed_001.pdb
8,14,Chemokine,0.77566,anc0_14_I_unrelaxed_rank_009_alphafold2_model_2_seed_002.pdb
9,14,Chemokine,0.7755,anc0_14_I_unrelaxed_rank_010_alphafold2_model_2_seed_000.pdb
10,14,Chemokine,0.75914,anc0_14_I_unrelaxed_rank_011_alphafold2_model_1_seed_002.pdb
11,14,Chemokine,0.75855,anc0_14_I_unrelaxed_rank_012_alphafold2_model_1_seed_004.pdb
12,14,Chemokine,0.75782,anc0_14_I_unrelaxed_rank_013_alphafold2_model_1_seed_000.pdb
13,14,Chemokine,0.75967,anc0_14_I_unrelaxed_rank_014_alphafold2_model_1_seed_001.pdb
14,14,Chemokine,0.75012,anc0_14_I_unrelaxed_rank_015_alphafold2_model_4_seed_004.pdb
15,14,Chemokine,0.75025,anc0_14_I_unrelaxed_rank_016_alphafold2_model_4_seed_000.pdb
16,14,Chemokine,0.75105,anc0_14_I_unrelaxed_rank_017_alphafold2_model_4_seed_002.pdb
17,14,Chemokine,0.74959,anc0_14_I_unrelaxed_rank_018_alphafold2_model_4_seed_001.pdb
18,14,Chemokine,0.73271,anc0_14_I_unrelaxed_rank_019_alphafold2_model_5_seed_001.pdb
19,14,Chemokine,0.7505,anc0_14_I_unrelaxed_rank_020_alphafold2_model_4_seed_003.pdb
20,14,Chemokine,0.76268,anc0_14_I_unrelaxed_rank_021_alphafold2_model_1_seed_003.pdb
21,14,Chemokine,0.75873,anc0_14_I_unrelaxed_rank_022_alphafold2_model_5_seed_000.pdb
22,14,Chemokine,0.73912,anc0_14_I_unrelaxed_rank_023_alphafold2_model_5_seed_003.pdb
23,14,Chemokine,0.74259,anc0_14_I_unrelaxed_rank_024_alphafold2_model_5_seed_004.pdb
24,14,Chemokine,0.75058,anc0_14_I_unrelaxed_rank_025_alphafold2_model_5_seed_002.pdb
25,14,Chemokine,0.7564,anc0_14_L_unrelaxed_rank_001_alphafold2_model_3_seed_000.pdb
26,14,Chemokine,0.75058,anc0_14_L_unrelaxed_rank_002_alphafold2_model_3_seed_004.pdb
27,14,Chemokine,0.74917,anc0_14_L_unrelaxed_rank_003_alphafold2_model_3_seed_001.pdb
28,14,Chemokine,0.76516,anc0_14_L_unrelaxed_rank_004_alphafold2_model_2_seed_004.pdb
29,14,Chemokine,0.76484,anc0_14_L_unrelaxed_rank_005_alphafold2_model_2_seed_002.pdb
30,14,Chemokine,0.76482,anc0_14_L_unrelaxed_rank_006_alphafold2_model_2_seed_000.pdb
31,14,Chemokine,0.76491,anc0_14_L_unrelaxed_rank_007_alphafold2_model_2_seed_001.pdb
32,14,Chemokine,0.69555,anc0_14_L_unrelaxed_rank_008_alphafold2_model_3_seed_002.pdb
33,14,Chemokine,0.76098,anc0_14_L_unrelaxed_rank_009_alphafold2_model_1_seed_004.pdb
34,14,Chemokine,0.76337,anc0_14_L_unrelaxed_rank_010_alphafold2_model_2_seed_003.pdb
35,14,Chemokine,0.75963,anc0_14_L_unrelaxed_rank_011_alphafold2_model_1_seed_001.pdb
36,14,Chemokine,0.68993,anc0_14_L_unrelaxed_rank_012_alphafold2_model_3_seed_003.pdb
37,14,Chemokine,0.75934,anc0_14_L_unrelaxed_rank_013_alphafold2_model_1_seed_002.pdb
38,14,Chemokine,0.75142,anc0_14_L_unrelaxed_rank_014_alphafold2_model_1_seed_000.pdb
39,14,Chemokine,0.70269,anc0_14_L_unrelaxed_rank_015_alphafold2_model_5_seed_001.pdb
40,14,Chemokine,0.74816,anc0_14_L_unrelaxed_rank_016_alphafold2_model_4_seed_000.pdb
41,14,Chemokine,0.70131,anc0_14_L_unrelaxed_rank_017_alphafold2_model_5_seed_002.pdb
42,14,Chemokine,0.74653,anc0_14_L_unrelaxed_rank_018_alphafold2_model_4_seed_002.pdb
43,14,Chemokine,0.69315,anc0_14_L_unrelaxed_rank_019_alphafold2_model_4_seed_003.pdb
44,14,Chemokine,0.70617,anc0_14_L_unrelaxed_rank_020_alphafold2_model_5_seed_004.pdb
45,14,Chemokine,0.74468,anc0_14_L_unrelaxed_rank_021_alphafold2_model_4_seed_001.pdb
46,14,Chemokine,0.70573,anc0_14_L_unrelaxed_rank_022_alphafold2_model_5_seed_000.pdb
47,14,Chemokine,0.70425,anc0_14_L_unrelaxed_rank_023_alphafold2_model_5_seed_003.pdb
48,14,Chemokine,0.73792,anc0_14_L_unrelaxed_rank_024_alphafold2_model_4_seed_004.pdb
49,14,Chemokine,0.75122,anc0_14_L_unrelaxed_rank_025_alphafold2_model_1_seed_003.pdb
50,14,Chemokine,0.75685,anc0_14_V_unrelaxed_rank_001_alphafold2_model_3_seed_002.pdb
51,14,Chemokine,0.75579,anc0_14_V_unrelaxed_rank_002_alphafold2_model_3_seed_004.pdb
52,14,Chemokine,0.75601,anc0_14_V_unrelaxed_rank_003_alphafold2_model_3_seed_000.pdb
53,14,Chemokine,0.75473,anc0_14_V_unrelaxed_rank_004_alphafold2_model_3_seed_003.pdb
54,14,Chemokine,0.75682,anc0_14_V_unrelaxed_rank_005_alphafold2_model_3_seed_001.pdb
55,14,Chemokine,0.76651,anc0_14_V_unrelaxed_rank_006_alphafold2_model_2_seed_004.pdb
56,14,Chemokine,0.76762,anc0_14_V_unrelaxed_rank_007_alphafold2_model_2_seed_001.pdb
57,14,Chemokine,0.76711,anc0_14_V_unrelaxed_rank_008_alphafold2_model_2_seed_002.pdb
58,14,Chemokine,0.76723,anc0_14_V_unrelaxed_rank_009_alphafold2_model_2_seed_000.pdb
59,14,Chemokine,0.77014,anc0_14_V_unrelaxed_rank_010_alphafold2_model_2_seed_003.pdb
60,14,Chemokine,0.75635,anc0_14_V_unrelaxed_rank_011_alphafold2_model_1_seed_004.pdb
61,14,Chemokine,0.75551,anc0_14_V_unrelaxed_rank_012_alphafold2_model_1_seed_002.pdb
62,14,Chemokine,0.75531,anc0_14_V_unrelaxed_rank_013_alphafold2_model_1_seed_000.pdb
63,14,Chemokine,0.75673,anc0_14_V_unrelaxed_rank_014_alphafold2_model_1_seed_001.pdb
64,14,Chemokine,0.74919,anc0_14_V_unrelaxed_rank_015_alphafold2_model_4_seed_004.pdb
65,14,Chemokine,0.74861,anc0_14_V_unrelaxed_rank_016_alphafold2_model_4_seed_000.pdb
66,14,Chemokine,0.7488,anc0_14_V_unrelaxed_rank_017_alphafold2_model_4_seed_002.pdb
67,14,Chemokine,0.74778,anc0_14_V_unrelaxed_rank_018_alphafold2_model_4_seed_001.pdb
68,14,Chemokine,0.74797,anc0_14_V_unrelaxed_rank_019_alphafold2_model_4_seed_003.pdb
69,14,Chemokine,0.72952,anc0_14_V_unrelaxed_rank_020_alphafold2_model_5_seed_002.pdb
70,14,Chemokine,0.73464,anc0_14_V_unrelaxed_rank_021_alphafold2_model_5_seed_004.pdb
71,14,Chemokine,0.73604,anc0_14_V_unrelaxed_rank_022_alphafold2_model_5_seed_000.pdb
72,14,Chemokine,0.7546,anc0_14_V_unrelaxed_rank_023_alphafold2_model_1_seed_003.pdb
73,14,Chemokine,0.71841,anc0_14_V_unrelaxed_rank_024_alphafold2_model_5_seed_003.pdb
74,14,Chemokine,0.7128,anc0_14_V_unrelaxed_rank_025_alphafold2_model_5_seed_001.pdb
75,36,Chemokine,0.75246,anc0_36_A_unrelaxed_rank_001_alphafold2_model_3_seed_004.pdb
76,36,Chemokine,0.75159,anc0_36_A_unrelaxed_rank_002_alphafold2_model_3_seed_003.pdb
77,36,Chemokine,0.7522,anc0_36_A_unrelaxed_rank_003_alphafold2_model_3_seed_002.pdb
78,36,Chemokine,0.75206,anc0_36_A_unrelaxed_rank_004_alphafold2_model_3_seed_001.pdb
79,36,Chemokine,0.76374,anc0_36_A_unrelaxed_rank_005_alphafold2_model_2_seed_004.pdb
80,36,Chemokine,0.76381,anc0_36_A_unrelaxed_rank_006_alphafold2_model_2_seed_001.pdb
81,36,Chemokine,0.76395,anc0_36_A_unrelaxed_rank_007_alphafold2_model_2_seed_002.pdb
82,36,Chemokine,0.76485,anc0_36_A_unrelaxed_rank_008_alphafold2_model_2_seed_000.pdb
83,36,Chemokine,0.75431,anc0_36_A_unrelaxed_rank_009_alphafold2_model_3_seed_000.pdb
84,36,Chemokine,0.75536,anc0_36_A_unrelaxed_rank_010_alphafold2_model_1_seed_004.pdb
85,36,Chemokine,0.75549,anc0_36_A_unrelaxed_rank_011_alphafold2_model_1_seed_001.pdb
86,36,Chemokine,0.75547,anc0_36_A_unrelaxed_rank_012_alphafold2_model_1_seed_002.pdb
87,36,Chemokine,0.7545,anc0_36_A_unrelaxed_rank_013_alphafold2_model_1_seed_000.pdb
88,36,Chemokine,0.74973,anc0_36_A_unrelaxed_rank_014_alphafold2_model_4_seed_001.pdb
89,36,Chemokine,0.75036,anc0_36_A_unrelaxed_rank_015_alphafold2_model_4_seed_004.pdb
90,36,Chemokine,0.74998,anc0_36_A_unrelaxed_rank_016_alphafold2_model_4_seed_002.pdb
91,36,Chemokine,0.74901,anc0_36_A_unrelaxed_rank_017_alphafold2_model_4_seed_000.pdb
92,36,Chemokine,0.75137,anc0_36_A_unrelaxed_rank_018_alphafold2_model_4_seed_003.pdb
93,36,Chemokine,0.71759,anc0_36_A_unrelaxed_rank_019_alphafold2_model_5_seed_004.pdb
94,36,Chemokine,0.7142,anc0_36_A_unrelaxed_rank_020_alphafold2_model_5_seed_001.pdb
95,36,Chemokine,0.71791,anc0_36_A_unrelaxed_rank_021_alphafold2_model_5_seed_003.pdb
96,36,Chemokine,0.71738,anc0_36_A_unrelaxed_rank_022_alphafold2_model_5_seed_002.pdb
97,36,Chemokine,0.71614,anc0_36_A_unrelaxed_rank_023_alphafold2_model_5_seed_000.pdb
98,36,Chemokine,0.66292,anc0_36_A_unrelaxed_rank_024_alphafold2_model_2_seed_003.pdb
99,36,Chemokine,0.65176,anc0_36_A_unrelaxed_rank_025_alphafold2_model_1_seed_003.pdb
100,36,Chemokine,0.76101,anc0_36_G_unrelaxed_rank_001_alphafold2_model_3_seed_004.pdb
101,36,Chemokine,0.7642,anc0_36_G_unrelaxed_rank_002_alphafold2_model_3_seed_003.pdb
102,36,Chemokine,0.76208,anc0_36_G_unrelaxed_rank_003_alphafold2_model_3_seed_001.pdb
103,36,Chemokine,0.76322,anc0_36_G_unrelaxed_rank_004_alphafold2_model_3_seed_002.pdb
104,36,Chemokine,0.78271,anc0_36_G_unrelaxed_rank_005_alphafold2_model_2_seed_004.pdb
105,36,Chemokine,0.78588,anc0_36_G_unrelaxed_rank_006_alphafold2_model_2_seed_000.pdb
106,36,Chemokine,0.78405,anc0_36_G_unrelaxed_rank_007_alphafold2_model_2_seed_002.pdb
107,36,Chemokine,0.78233,anc0_36_G_unrelaxed_rank_008_alphafold2_model_2_seed_001.pdb
108,36,Chemokine,0.7575,anc0_36_G_unrelaxed_rank_009_alphafold2_model_3_seed_000.pdb
109,36,Chemokine,0.77471,anc0_36_G_unrelaxed_rank_010_alphafold2_model_2_seed_003.pdb
110,36,Chemokine,0.76894,anc0_36_G_unrelaxed_rank_011_alphafold2_model_1_seed_004.pdb
111,36,Chemokine,0.76856,anc0_36_G_unrelaxed_rank_012_alphafold2_model_1_seed_002.pdb
112,36,Chemokine,0.76852,anc0_36_G_unrelaxed_rank_013_alphafold2_model_1_seed_001.pdb
113,36,Chemokine,0.76781,anc0_36_G_unrelaxed_rank_014_alphafold2_model_1_seed_000.pdb
114,36,Chemokine,0.75761,anc0_36_G_unrelaxed_rank_015_alphafold2_model_4_seed_004.pdb
115,36,Chemokine,0.75778,anc0_36_G_unrelaxed_rank_016_alphafold2_model_4_seed_000.pdb
116,36,Chemokine,0.75758,anc0_36_G_unrelaxed_rank_017_alphafold2_model_4_seed_001.pdb
117,36,Chemokine,0.75777,anc0_36_G_unrelaxed_rank_018_alphafold2_model_4_seed_002.pdb
118,36,Chemokine,0.75777,anc0_36_G_unrelaxed_rank_019_alphafold2_model_4_seed_003.pdb
119,36,Chemokine,0.71025,anc0_36_G_unrelaxed_rank_020_alphafold2_model_5_seed_004.pdb
120,36,Chemokine,0.71046,anc0_36_G_unrelaxed_rank_021_alphafold2_model_5_seed_002.pdb
121,36,Chemokine,0.70878,anc0_36_G_unrelaxed_rank_022_alphafold2_model_5_seed_003.pdb
122,36,Chemokine,0.71023,anc0_36_G_unrelaxed_rank_023_alphafold2_model_5_seed_001.pdb
123,36,Chemokine,0.71278,anc0_36_G_unrelaxed_rank_024_alphafold2_model_5_seed_000.pdb
124,36,Chemokine,0.66523,anc0_36_G_unrelaxed_rank_025_alphafold2_model_1_seed_003.pdb
125,36,Chemokine,0.75645,anc0_36_I_unrelaxed_rank_001_alphafold2_model_3_seed_004.pdb
126,36,Chemokine,0.75187,anc0_36_I_unrelaxed_rank_002_alphafold2_model_3_seed_003.pdb
127,36,Chemokine,0.75216,anc0_36_I_unrelaxed_rank_003_alphafold2_model_3_seed_002.pdb
128,36,Chemokine,0.74445,anc0_36_I_unrelaxed_rank_004_alphafold2_model_1_seed_000.pdb
129,36,Chemokine,0.72507,anc0_36_I_unrelaxed_rank_005_alphafold2_model_3_seed_001.pdb
130,36,Chemokine,0.7444,anc0_36_I_unrelaxed_rank_006_alphafold2_model_1_seed_002.pdb
131,36,Chemokine,0.73397,anc0_36_I_unrelaxed_rank_007_alphafold2_model_3_seed_000.pdb
132,36,Chemokine,0.75199,anc0_36_I_unrelaxed_rank_008_alphafold2_model_4_seed_004.pdb
133,36,Chemokine,0.75127,anc0_36_I_unrelaxed_rank_009_alphafold2_model_4_seed_000.pdb
134,36,Chemokine,0.73655,anc0_36_I_unrelaxed_rank_010_alphafold2_model_1_seed_004.pdb
135,36,Chemokine,0.74785,anc0_36_I_unrelaxed_rank_011_alphafold2_model_4_seed_001.pdb
136,36,Chemokine,0.75202,anc0_36_I_unrelaxed_rank_012_alphafold2_model_4_seed_003.pdb
137,36,Chemokine,0.74847,anc0_36_I_unrelaxed_rank_013_alphafold2_model_4_seed_002.pdb
138,36,Chemokine,0.75092,anc0_36_I_unrelaxed_rank_014_alphafold2_model_2_seed_000.pdb
139,36,Chemokine,0.75569,anc0_36_I_unrelaxed_rank_015_alphafold2_model_2_seed_002.pdb
140,36,Chemokine,0.75641,anc0_36_I_unrelaxed_rank_016_alphafold2_model_2_seed_004.pdb
141,36,Chemokine,0.74669,anc0_36_I_unrelaxed_rank_017_alphafold2_model_1_seed_001.pdb
142,36,Chemokine,0.75239,anc0_36_I_unrelaxed_rank_018_alphafold2_model_5_seed_004.pdb
143,36,Chemokine,0.76144,anc0_36_I_unrelaxed_rank_019_alphafold2_model_2_seed_001.pdb
144,36,Chemokine,0.74816,anc0_36_I_unrelaxed_rank_020_alphafold2_model_1_seed_003.pdb
145,36,Chemokine,0.70727,anc0_36_I_unrelaxed_rank_021_alphafold2_model_5_seed_001.pdb
146,36,Chemokine,0.71533,anc0_36_I_unrelaxed_rank_022_alphafold2_model_5_seed_002.pdb
147,36,Chemokine,0.71063,anc0_36_I_unrelaxed_rank_023_alphafold2_model_5_seed_003.pdb
148,36,Chemokine,0.70981,anc0_36_I_unrelaxed_rank_024_alphafold2_model_5_seed_000.pdb
149,38,Chemokine,0.75246,anc0_38_I_unrelaxed_rank_001_alphafold2_model_3_seed_004.pdb
150,38,Chemokine,0.75159,anc0_38_I_unrelaxed_rank_002_alphafold2_model_3_seed_003.pdb
151,38,Chemokine,0.7522,anc0_38_I_unrelaxed_rank_003_alphafold2_model_3_seed_002.pdb
152,38,Chemokine,0.75206,anc0_38_I_unrelaxed_rank_004_alphafold2_model_3_seed_001.pdb
153,38,Chemokine,0.76374,anc0_38_I_unrelaxed_rank_005_alphafold2_model_2_seed_004.pdb
154,38,Chemokine,0.76381,anc0_38_I_unrelaxed_rank_006_alphafold2_model_2_seed_001.pdb
155,38,Chemokine,0.76395,anc0_38_I_unrelaxed_rank_007_alphafold2_model_2_seed_002.pdb
156,38,Chemokine,0.76485,anc0_38_I_unrelaxed_rank_008_alphafold2_model_2_seed_000.pdb
157,38,Chemokine,0.75431,anc0_38_I_unrelaxed_rank_009_alphafold2_model_3_seed_000.pdb
158,38,Chemokine,0.75536,anc0_38_I_unrelaxed_rank_010_alphafold2_model_1_seed_004.pdb
159,38,Chemokine,0.75549,anc0_38_I_unrelaxed_rank_011_alphafold2_model_1_seed_001.pdb
160,38,Chemokine,0.75547,anc0_38_I_unrelaxed_rank_012_alphafold2_model_1_seed_002.pdb
161,38,Chemokine,0.7545,anc0_38_I_unrelaxed_rank_013_alphafold2_model_1_seed_000.pdb
162,38,Chemokine,0.74973,anc0_38_I_unrelaxed_rank_014_alphafold2_model_4_seed_001.pdb
163,38,Chemokine,0.75036,anc0_38_I_unrelaxed_rank_015_alphafold2_model_4_seed_004.pdb
164,38,Chemokine,0.74998,anc0_38_I_unrelaxed_rank_016_alphafold2_model_4_seed_002.pdb
165,38,Chemokine,0.74901,anc0_38_I_unrelaxed_rank_017_alphafold2_model_4_seed_000.pdb
166,38,Chemokine,0.75137,anc0_38_I_unrelaxed_rank_018_alphafold2_model_4_seed_003.pdb
167,38,Chemokine,0.71759,anc0_38_I_unrelaxed_rank_019_alphafold2_model_5_seed_004.pdb
168,38,Chemokine,0.7142,anc0_38_I_unrelaxed_rank_020_alphafold2_model_5_seed_001.pdb
169,38,Chemokine,0.71791,anc0_38_I_unrelaxed_rank_021_alphafold2_model_5_seed_003.pdb
170,38,Chemokine,0.71738,anc0_38_I_unrelaxed_rank_022_alphafold2_model_5_seed_002.pdb
171,38,Chemokine,0.71614,anc0_38_I_unrelaxed_rank_023_alphafold2_model_5_seed_000.pdb
172,38,Chemokine,0.66292,anc0_38_I_unrelaxed_rank_024_alphafold2_model_2_seed_003.pdb
173,38,Chemokine,0.65176,anc0_38_I_unrelaxed_rank_025_alphafold2_model_1_seed_003.pdb
174,38,Chemokine,0.75307,anc0_38_L_unrelaxed_rank_001_alphafold2_model_3_seed_004.pdb
175,38,Chemokine,0.75424,anc0_38_L_unrelaxed_rank_002_alphafold2_model_3_seed_002.pdb
176,38,Chemokine,0.75416,anc0_38_L_unrelaxed_rank_003_alphafold2_model_3_seed_003.pdb
177,38,Chemokine,0.75328,anc0_38_L_unrelaxed_rank_004_alphafold2_model_3_seed_001.pdb
178,38,Chemokine,0.7628,anc0_38_L_unrelaxed_rank_005_alphafold2_model_3_seed_000.pdb
179,38,Chemokine,0.77045,anc0_38_L_unrelaxed_rank_006_alphafold2_model_2_seed_004.pdb
180,38,Chemokine,0.77064,anc0_38_L_unrelaxed_rank_007_alphafold2_model_2_seed_002.pdb
181,38,Chemokine,0.76981,anc0_38_L_unrelaxed_rank_008_alphafold2_model_2_seed_000.pdb
182,38,Chemokine,0.77059,anc0_38_L_unrelaxed_rank_009_alphafold2_model_2_seed_001.pdb
183,38,Chemokine,0.76136,anc0_38_L_unrelaxed_rank_010_alphafold2_model_1_seed_004.pdb
184,38,Chemokine,0.7622,anc0_38_L_unrelaxed_rank_011_alphafold2_model_1_seed_001.pdb
185,38,Chemokine,0.76144,anc0_38_L_unrelaxed_rank_012_alphafold2_model_1_seed_000.pdb
186,38,Chemokine,0.76104,anc0_38_L_unrelaxed_rank_013_alphafold2_model_1_seed_002.pdb
187,38,Chemokine,0.7532,anc0_38_L_unrelaxed_rank_014_alphafold2_model_4_seed_004.pdb
188,38,Chemokine,0.75241,anc0_38_L_unrelaxed_rank_015_alphafold2_model_4_seed_002.pdb
189,38,Chemokine,0.75209,anc0_38_L_unrelaxed_rank_016_alphafold2_model_4_seed_001.pdb
190,38,Chemokine,0.75218,anc0_38_L_unrelaxed_rank_017_alphafold2_model_4_seed_000.pdb
191,38,Chemokine,0.77111,anc0_38_L_unrelaxed_rank_018_alphafold2_model_4_seed_003.pdb
192,38,Chemokine,0.72109,anc0_38_L_unrelaxed_rank_019_alphafold2_model_5_seed_002.pdb
193,38,Chemokine,0.71289,anc0_38_L_unrelaxed_rank_020_alphafold2_model_5_seed_004.pdb
194,38,Chemokine,0.7182,anc0_38_L_unrelaxed_rank_021_alphafold2_model_5_seed_000.pdb
195,38,Chemokine,0.7174,anc0_38_L_unrelaxed_rank_022_alphafold2_model_5_seed_001.pdb
196,38,Chemokine,0.71902,anc0_38_L_unrelaxed_rank_023_alphafold2_model_5_seed_003.pdb
197,38,Chemokine,0.66197,anc0_38_L_unrelaxed_rank_024_alphafold2_model_1_seed_003.pdb
198,38,Chemokine,0.66272,anc0_38_L_unrelaxed_rank_025_alphafold2_model_2_seed_003.pdb
199,38,Chemokine,0.75364,anc0_38_V_unrelaxed_rank_001_alphafold2_model_3_seed_004.pdb
200,38,Chemokine,0.75537,anc0_38_V_unrelaxed_rank_002_alphafold2_model_3_seed_003.pdb
201,38,Chemokine,0.75668,anc0_38_V_unrelaxed_rank_003_alphafold2_model_3_seed_002.pdb
202,38,Chemokine,0.75985,anc0_38_V_unrelaxed_rank_004_alphafold2_model_3_seed_001.pdb
203,38,Chemokine,0.76894,anc0_38_V_unrelaxed_rank_005_alphafold2_model_2_seed_001.pdb
204,38,Chemokine,0.76983,anc0_38_V_unrelaxed_rank_006_alphafold2_model_2_seed_004.pdb
205,38,Chemokine,0.77456,anc0_38_V_unrelaxed_rank_007_alphafold2_model_2_seed_000.pdb
206,38,Chemokine,0.7736,anc0_38_V_unrelaxed_rank_008_alphafold2_model_2_seed_002.pdb
207,38,Chemokine,0.75496,anc0_38_V_unrelaxed_rank_009_alphafold2_model_3_seed_000.pdb
208,38,Chemokine,0.75678,anc0_38_V_unrelaxed_rank_010_alphafold2_model_1_seed_004.pdb
209,38,Chemokine,0.75677,anc0_38_V_unrelaxed_rank_011_alphafold2_model_1_seed_001.pdb
210,38,Chemokine,0.75666,anc0_38_V_unrelaxed_rank_012_alphafold2_model_1_seed_002.pdb
211,38,Chemokine,0.7553,anc0_38_V_unrelaxed_rank_013_alphafold2_model_1_seed_000.pdb
212,38,Chemokine,0.7517,anc0_38_V_unrelaxed_rank_014_alphafold2_model_4_seed_001.pdb
213,38,Chemokine,0.75293,anc0_38_V_unrelaxed_rank_015_alphafold2_model_4_seed_004.pdb
214,38,Chemokine,0.75113,anc0_38_V_unrelaxed_rank_016_alphafold2_model_4_seed_002.pdb
215,38,Chemokine,0.75165,anc0_38_V_unrelaxed_rank_017_alphafold2_model_4_seed_000.pdb
216,38,Chemokine,0.75369,anc0_38_V_unrelaxed_rank_018_alphafold2_model_4_seed_003.pdb
217,38,Chemokine,0.71873,anc0_38_V_unrelaxed_rank_019_alphafold2_model_5_seed_004.pdb
218,38,Chemokine,0.71667,anc0_38_V_unrelaxed_rank_020_alphafold2_model_5_seed_002.pdb
219,38,Chemokine,0.71685,anc0_38_V_unrelaxed_rank_021_alphafold2_model_5_seed_003.pdb
220,38,Chemokine,0.71622,anc0_38_V_unrelaxed_rank_022_alphafold2_model_5_seed_001.pdb
221,38,Chemokine,0.71733,anc0_38_V_unrelaxed_rank_023_alphafold2_model_5_seed_000.pdb
222,38,Chemokine,0.66825,anc0_38_V_unrelaxed_rank_024_alphafold2_model_1_seed_003.pdb
223,38,Chemokine,0.65582,anc0_38_V_unrelaxed_rank_025_alphafold2_model_2_seed_003.pdb
224,40,Chemokine,0.75778,anc0_40_G_unrelaxed_rank_001_alphafold2_model_3_seed_002.pdb
225,40,Chemokine,0.76958,anc0_40_G_unrelaxed_rank_002_alphafold2_model_2_seed_002.pdb
226,40,Chemokine,0.75515,anc0_40_G_unrelaxed_rank_003_alphafold2_model_3_seed_004.pdb
227,40,Chemokine,0.7671,anc0_40_G_unrelaxed_rank_004_alphafold2_model_2_seed_000.pdb
228,40,Chemokine,0.75849,anc0_40_G_unrelaxed_rank_005_alphafold2_model_1_seed_004.pdb
229,40,Chemokine,0.75823,anc0_40_G_unrelaxed_rank_006_alphafold2_model_1_seed_001.pdb
230,40,Chemokine,0.75835,anc0_40_G_unrelaxed_rank_007_alphafold2_model_1_seed_002.pdb
231,40,Chemokine,0.75968,anc0_40_G_unrelaxed_rank_008_alphafold2_model_1_seed_000.pdb
232,40,Chemokine,0.66955,anc0_40_G_unrelaxed_rank_009_alphafold2_model_3_seed_001.pdb
233,40,Chemokine,0.66942,anc0_40_G_unrelaxed_rank_010_alphafold2_model_3_seed_003.pdb
234,40,Chemokine,0.71746,anc0_40_G_unrelaxed_rank_011_alphafold2_model_3_seed_000.pdb
235,40,Chemokine,0.75439,anc0_40_G_unrelaxed_rank_012_alphafold2_model_4_seed_002.pdb
236,40,Chemokine,0.75701,anc0_40_G_unrelaxed_rank_013_alphafold2_model_4_seed_003.pdb
237,40,Chemokine,0.75513,anc0_40_G_unrelaxed_rank_014_alphafold2_model_4_seed_004.pdb
238,40,Chemokine,0.75754,anc0_40_G_unrelaxed_rank_015_alphafold2_model_4_seed_001.pdb
239,40,Chemokine,0.76709,anc0_40_G_unrelaxed_rank_016_alphafold2_model_4_seed_000.pdb
240,40,Chemokine,0.66298,anc0_40_G_unrelaxed_rank_017_alphafold2_model_2_seed_003.pdb
241,40,Chemokine,0.64824,anc0_40_G_unrelaxed_rank_018_alphafold2_model_1_seed_003.pdb
242,40,Chemokine,0.6622,anc0_40_G_unrelaxed_rank_019_alphafold2_model_2_seed_004.pdb
243,40,Chemokine,0.68594,anc0_40_G_unrelaxed_rank_020_alphafold2_model_5_seed_003.pdb
244,40,Chemokine,0.65681,anc0_40_G_unrelaxed_rank_021_alphafold2_model_5_seed_002.pdb
245,40,Chemokine,0.67866,anc0_40_G_unrelaxed_rank_022_alphafold2_model_5_seed_001.pdb
246,40,Chemokine,0.68765,anc0_40_G_unrelaxed_rank_023_alphafold2_model_5_seed_000.pdb
247,40,Chemokine,0.65988,anc0_40_G_unrelaxed_rank_024_alphafold2_model_5_seed_004.pdb
248,40,Chemokine,0.64695,anc0_40_G_unrelaxed_rank_025_alphafold2_model_2_seed_001.pdb
249,40,Chemokine,0.75257,anc0_40_I_unrelaxed_rank_001_alphafold2_model_3_seed_002.pdb
250,40,Chemokine,0.75141,anc0_40_I_unrelaxed_rank_002_alphafold2_model_3_seed_004.pdb
251,40,Chemokine,0.75659,anc0_40_I_unrelaxed_rank_003_alphafold2_model_3_seed_001.pdb
252,40,Chemokine,0.76456,anc0_40_I_unrelaxed_rank_004_alphafold2_model_2_seed_004.pdb
253,40,Chemokine,0.7634,anc0_40_I_unrelaxed_rank_005_alphafold2_model_2_seed_001.pdb
254,40,Chemokine,0.76494,anc0_40_I_unrelaxed_rank_006_alphafold2_model_2_seed_003.pdb
255,40,Chemokine,0.76552,anc0_40_I_unrelaxed_rank_007_alphafold2_model_2_seed_002.pdb
256,40,Chemokine,0.76499,anc0_40_I_unrelaxed_rank_008_alphafold2_model_2_seed_000.pdb
257,40,Chemokine,0.75611,anc0_40_I_unrelaxed_rank_009_alphafold2_model_1_seed_004.pdb
258,40,Chemokine,0.75664,anc0_40_I_unrelaxed_rank_010_alphafold2_model_1_seed_002.pdb
259,40,Chemokine,0.75567,anc0_40_I_unrelaxed_rank_011_alphafold2_model_1_seed_000.pdb
260,40,Chemokine,0.75618,anc0_40_I_unrelaxed_rank_012_alphafold2_model_1_seed_001.pdb
261,40,Chemokine,0.72588,anc0_40_I_unrelaxed_rank_013_alphafold2_model_3_seed_003.pdb
262,40,Chemokine,0.7499,anc0_40_I_unrelaxed_rank_014_alphafold2_model_4_seed_001.pdb
263,40,Chemokine,0.75008,anc0_40_I_unrelaxed_rank_015_alphafold2_model_4_seed_000.pdb
264,40,Chemokine,0.75047,anc0_40_I_unrelaxed_rank_016_alphafold2_model_4_seed_004.pdb
265,40,Chemokine,0.75009,anc0_40_I_unrelaxed_rank_017_alphafold2_model_4_seed_002.pdb
266,40,Chemokine,0.75054,anc0_40_I_unrelaxed_rank_018_alphafold2_model_4_seed_003.pdb
267,40,Chemokine,0.70885,anc0_40_I_unrelaxed_rank_019_alphafold2_model_3_seed_000.pdb
268,40,Chemokine,0.75112,anc0_40_I_unrelaxed_rank_020_alphafold2_model_1_seed_003.pdb
269,40,Chemokine,0.75276,anc0_40_I_unrelaxed_rank_021_alphafold2_model_5_seed_004.pdb
270,40,Chemokine,0.7157,anc0_40_I_unrelaxed_rank_022_alphafold2_model_5_seed_002.pdb
271,40,Chemokine,0.71057,anc0_40_I_unrelaxed_rank_023_alphafold2_model_5_seed_003.pdb
272,40,Chemokine,0.71055,anc0_40_I_unrelaxed_rank_024_alphafold2_model_5_seed_000.pdb
273,40,Chemokine,0.71263,anc0_40_I_unrelaxed_rank_025_alphafold2_model_5_seed_001.pdb
274,40,Chemokine,0.75272,anc0_40_V_unrelaxed_rank_001_alphafold2_model_3_seed_002.pdb
275,40,Chemokine,0.75548,anc0_40_V_unrelaxed_rank_002_alphafold2_model_3_seed_004.pdb
276,40,Chemokine,0.76467,anc0_40_V_unrelaxed_rank_003_alphafold2_model_2_seed_004.pdb
277,40,Chemokine,0.76453,anc0_40_V_unrelaxed_rank_004_alphafold2_model_2_seed_001.pdb
278,40,Chemokine,0.76446,anc0_40_V_unrelaxed_rank_005_alphafold2_model_2_seed_003.pdb
279,40,Chemokine,0.76544,anc0_40_V_unrelaxed_rank_006_alphafold2_model_2_seed_000.pdb
280,40,Chemokine,0.76629,anc0_40_V_unrelaxed_rank_007_alphafold2_model_2_seed_002.pdb
281,40,Chemokine,0.75288,anc0_40_V_unrelaxed_rank_008_alphafold2_model_3_seed_003.pdb
282,40,Chemokine,0.75728,anc0_40_V_unrelaxed_rank_009_alphafold2_model_1_seed_002.pdb
283,40,Chemokine,0.75757,anc0_40_V_unrelaxed_rank_010_alphafold2_model_1_seed_000.pdb
284,40,Chemokine,0.75667,anc0_40_V_unrelaxed_rank_011_alphafold2_model_1_seed_004.pdb
285,40,Chemokine,0.75632,anc0_40_V_unrelaxed_rank_012_alphafold2_model_3_seed_001.pdb
286,40,Chemokine,0.75693,anc0_40_V_unrelaxed_rank_013_alphafold2_model_1_seed_001.pdb
287,40,Chemokine,0.75286,anc0_40_V_unrelaxed_rank_014_alphafold2_model_4_seed_004.pdb
288,40,Chemokine,0.75275,anc0_40_V_unrelaxed_rank_015_alphafold2_model_4_seed_000.pdb
289,40,Chemokine,0.7529,anc0_40_V_unrelaxed_rank_016_alphafold2_model_4_seed_002.pdb
290,40,Chemokine,0.75201,anc0_40_V_unrelaxed_rank_017_alphafold2_model_4_seed_001.pdb
291,40,Chemokine,0.75294,anc0_40_V_unrelaxed_rank_018_alphafold2_model_4_seed_003.pdb
292,40,Chemokine,0.71667,anc0_40_V_unrelaxed_rank_019_alphafold2_model_3_seed_000.pdb
293,40,Chemokine,0.75313,anc0_40_V_unrelaxed_rank_020_alphafold2_model_1_seed_003.pdb
294,40,Chemokine,0.72159,anc0_40_V_unrelaxed_rank_021_alphafold2_model_5_seed_002.pdb
295,40,Chemokine,0.76035,anc0_40_V_unrelaxed_rank_022_alphafold2_model_5_seed_004.pdb
296,40,Chemokine,0.7187,anc0_40_V_unrelaxed_rank_023_alphafold2_model_5_seed_001.pdb
297,40,Chemokine,0.7199,anc0_40_V_unrelaxed_rank_024_alphafold2_model_5_seed_000.pdb
298,40,Chemokine,0.71566,anc0_40_V_unrelaxed_rank_025_alphafold2_model_5_seed_003.pdb
299,45,Chemokine,0.76254,anc0_45_I_unrelaxed_rank_001_alphafold2_model_2_seed_004.pdb
300,45,Chemokine,0.76274,anc0_45_I_unrelaxed_rank_002_alphafold2_model_2_seed_002.pdb
301,45,Chemokine,0.76081,anc0_45_I_unrelaxed_rank_003_alphafold2_model_2_seed_001.pdb
302,45,Chemokine,0.76061,anc0_45_I_unrelaxed_rank_004_alphafold2_model_2_seed_000.pdb
303,45,Chemokine,0.75635,anc0_45_I_unrelaxed_rank_005_alphafold2_model_1_seed_002.pdb
304,45,Chemokine,0.68414,anc0_45_I_unrelaxed_rank_006_alphafold2_model_3_seed_001.pdb
305,45,Chemokine,0.73518,anc0_45_I_unrelaxed_rank_007_alphafold2_model_1_seed_001.pdb
306,45,Chemokine,0.66276,anc0_45_I_unrelaxed_rank_008_alphafold2_model_3_seed_002.pdb
307,45,Chemokine,0.65835,anc0_45_I_unrelaxed_rank_009_alphafold2_model_3_seed_000.pdb
308,45,Chemokine,0.66225,anc0_45_I_unrelaxed_rank_010_alphafold2_model_3_seed_004.pdb
309,45,Chemokine,0.65904,anc0_45_I_unrelaxed_rank_011_alphafold2_model_3_seed_003.pdb
310,45,Chemokine,0.64344,anc0_45_I_unrelaxed_rank_012_alphafold2_model_4_seed_003.pdb
311,45,Chemokine,0.64317,anc0_45_I_unrelaxed_rank_013_alphafold2_model_4_seed_004.pdb
312,45,Chemokine,0.63886,anc0_45_I_unrelaxed_rank_014_alphafold2_model_4_seed_002.pdb
313,45,Chemokine,0.6414,anc0_45_I_unrelaxed_rank_015_alphafold2_model_4_seed_001.pdb
314,45,Chemokine,0.63883,anc0_45_I_unrelaxed_rank_016_alphafold2_model_4_seed_000.pdb
315,45,Chemokine,0.65518,anc0_45_I_unrelaxed_rank_017_alphafold2_model_5_seed_002.pdb
316,45,Chemokine,0.65307,anc0_45_I_unrelaxed_rank_018_alphafold2_model_2_seed_003.pdb
317,45,Chemokine,0.65939,anc0_45_I_unrelaxed_rank_019_alphafold2_model_5_seed_001.pdb
318,45,Chemokine,0.66004,anc0_45_I_unrelaxed_rank_020_alphafold2_model_5_seed_004.pdb
319,45,Chemokine,0.66389,anc0_45_I_unrelaxed_rank_021_alphafold2_model_1_seed_004.pdb
320,45,Chemokine,0.5456,anc0_45_I_unrelaxed_rank_022_alphafold2_model_1_seed_000.pdb
321,45,Chemokine,0.53911,anc0_45_I_unrelaxed_rank_023_alphafold2_model_1_seed_003.pdb
322,45,Chemokine,0.61244,anc0_45_I_unrelaxed_rank_024_alphafold2_model_5_seed_000.pdb
323,45,Chemokine,0.61871,anc0_45_I_unrelaxed_rank_025_alphafold2_model_5_seed_003.pdb
324,45,Chemokine,0.76289,anc0_45_L_unrelaxed_rank_001_alphafold2_model_2_seed_002.pdb
325,45,Chemokine,0.76358,anc0_45_L_unrelaxed_rank_002_alphafold2_model_2_seed_003.pdb
326,45,Chemokine,0.76239,anc0_45_L_unrelaxed_rank_003_alphafold2_model_2_seed_004.pdb
327,45,Chemokine,0.76077,anc0_45_L_unrelaxed_rank_004_alphafold2_model_2_seed_000.pdb
328,45,Chemokine,0.75889,anc0_45_L_unrelaxed_rank_005_alphafold2_model_2_seed_001.pdb
329,45,Chemokine,0.75626,anc0_45_L_unrelaxed_rank_006_alphafold2_model_1_seed_002.pdb
330,45,Chemokine,0.73934,anc0_45_L_unrelaxed_rank_007_alphafold2_model_3_seed_003.pdb
331,45,Chemokine,0.74776,anc0_45_L_unrelaxed_rank_008_alphafold2_model_4_seed_004.pdb
332,45,Chemokine,0.69114,anc0_45_L_unrelaxed_rank_009_alphafold2_model_3_seed_001.pdb
333,45,Chemokine,0.70025,anc0_45_L_unrelaxed_rank_010_alphafold2_model_5_seed_001.pdb
334,45,Chemokine,0.65902,anc0_45_L_unrelaxed_rank_011_alphafold2_model_3_seed_004.pdb
335,45,Chemokine,0.65473,anc0_45_L_unrelaxed_rank_012_alphafold2_model_3_seed_002.pdb
336,45,Chemokine,0.64874,anc0_45_L_unrelaxed_rank_013_alphafold2_model_1_seed_003.pdb
337,45,Chemokine,0.6493,anc0_45_L_unrelaxed_rank_014_alphafold2_model_1_seed_004.pdb
338,45,Chemokine,0.64252,anc0_45_L_unrelaxed_rank_015_alphafold2_model_4_seed_003.pdb
339,45,Chemokine,0.65173,anc0_45_L_unrelaxed_rank_016_alphafold2_model_1_seed_001.pdb
340,45,Chemokine,0.63894,anc0_45_L_unrelaxed_rank_017_alphafold2_model_4_seed_002.pdb
341,45,Chemokine,0.63854,anc0_45_L_unrelaxed_rank_018_alphafold2_model_4_seed_001.pdb
342,45,Chemokine,0.63926,anc0_45_L_unrelaxed_rank_019_alphafold2_model_4_seed_000.pdb
343,45,Chemokine,0.65542,anc0_45_L_unrelaxed_rank_020_alphafold2_model_5_seed_002.pdb
344,45,Chemokine,0.66259,anc0_45_L_unrelaxed_rank_021_alphafold2_model_5_seed_003.pdb
345,45,Chemokine,0.65924,anc0_45_L_unrelaxed_rank_022_alphafold2_model_5_seed_004.pdb
346,45,Chemokine,0.66014,anc0_45_L_unrelaxed_rank_023_alphafold2_model_5_seed_000.pdb
347,45,Chemokine,0.56105,anc0_45_L_unrelaxed_rank_024_alphafold2_model_3_seed_000.pdb
348,45,Chemokine,0.56366,anc0_45_L_unrelaxed_rank_025_alphafold2_model_1_seed_000.pdb
349,45,Chemokine,0.75754,anc0_45_V_unrelaxed_rank_001_alphafold2_model_1_seed_002.pdb
350,45,Chemokine,0.7591,anc0_45_V_unrelaxed_rank_002_alphafold2_model_2_seed_002.pdb
351,45,Chemokine,0.72983,anc0_45_V_unrelaxed_rank_003_alphafold2_model_3_seed_002.pdb
352,45,Chemokine,0.74804,anc0_45_V_unrelaxed_rank_004_alphafold2_model_4_seed_004.pdb
353,45,Chemokine,0.74851,anc0_45_V_unrelaxed_rank_005_alphafold2_model_4_seed_000.pdb
354,45,Chemokine,0.7316,anc0_45_V_unrelaxed_rank_006_alphafold2_model_3_seed_001.pdb
355,45,Chemokine,0.74271,anc0_45_V_unrelaxed_rank_007_alphafold2_model_2_seed_001.pdb
356,45,Chemokine,0.74691,anc0_45_V_unrelaxed_rank_008_alphafold2_model_2_seed_003.pdb
357,45,Chemokine,0.6706,anc0_45_V_unrelaxed_rank_009_alphafold2_model_4_seed_003.pdb
358,45,Chemokine,0.65261,anc0_45_V_unrelaxed_rank_010_alphafold2_model_3_seed_000.pdb
359,45,Chemokine,0.66091,anc0_45_V_unrelaxed_rank_011_alphafold2_model_3_seed_003.pdb
360,45,Chemokine,0.66263,anc0_45_V_unrelaxed_rank_012_alphafold2_model_3_seed_004.pdb
361,45,Chemokine,0.64413,anc0_45_V_unrelaxed_rank_013_alphafold2_model_1_seed_000.pdb
362,45,Chemokine,0.64415,anc0_45_V_unrelaxed_rank_014_alphafold2_model_1_seed_003.pdb
363,45,Chemokine,0.72529,anc0_45_V_unrelaxed_rank_015_alphafold2_model_2_seed_004.pdb
364,45,Chemokine,0.6389,anc0_45_V_unrelaxed_rank_016_alphafold2_model_4_seed_002.pdb
365,45,Chemokine,0.65287,anc0_45_V_unrelaxed_rank_017_alphafold2_model_1_seed_004.pdb
366,45,Chemokine,0.63421,anc0_45_V_unrelaxed_rank_018_alphafold2_model_4_seed_001.pdb
367,45,Chemokine,0.65212,anc0_45_V_unrelaxed_rank_019_alphafold2_model_1_seed_001.pdb
368,45,Chemokine,0.7029,anc0_45_V_unrelaxed_rank_020_alphafold2_model_2_seed_000.pdb
369,45,Chemokine,0.65295,anc0_45_V_unrelaxed_rank_021_alphafold2_model_5_seed_002.pdb
370,45,Chemokine,0.65111,anc0_45_V_unrelaxed_rank_022_alphafold2_model_5_seed_004.pdb
371,45,Chemokine,0.65113,anc0_45_V_unrelaxed_rank_023_alphafold2_model_5_seed_001.pdb
372,45,Chemokine,0.65869,anc0_45_V_unrelaxed_rank_024_alphafold2_model_5_seed_003.pdb
373,45,Chemokine,0.65447,anc0_45_V_unrelaxed_rank_025_alphafold2_model_5_seed_000.pdb
374,I,Chemokine,0.75071,anc0_I_unrelaxed_rank_001_alphafold2_model_3_seed_002.pdb
375,I,Chemokine,0.75063,anc0_I_unrelaxed_rank_002_alphafold2_model_3_seed_004.pdb
376,I,Chemokine,0.75077,anc0_I_unrelaxed_rank_003_alphafold2_model_3_seed_000.pdb
377,I,Chemokine,0.74968,anc0_I_unrelaxed_rank_004_alphafold2_model_3_seed_003.pdb
378,I,Chemokine,0.74846,anc0_I_unrelaxed_rank_005_alphafold2_model_3_seed_001.pdb
379,I,Chemokine,0.75787,anc0_I_unrelaxed_rank_006_alphafold2_model_2_seed_004.pdb
380,I,Chemokine,0.75758,anc0_I_unrelaxed_rank_007_alphafold2_model_2_seed_000.pdb
381,I,Chemokine,0.7581,anc0_I_unrelaxed_rank_008_alphafold2_model_2_seed_001.pdb
382,I,Chemokine,0.7604,anc0_I_unrelaxed_rank_009_alphafold2_model_2_seed_002.pdb
383,I,Chemokine,0.75882,anc0_I_unrelaxed_rank_010_alphafold2_model_2_seed_003.pdb
384,I,Chemokine,0.7517,anc0_I_unrelaxed_rank_011_alphafold2_model_1_seed_004.pdb
385,I,Chemokine,0.75233,anc0_I_unrelaxed_rank_012_alphafold2_model_1_seed_000.pdb
386,I,Chemokine,0.7505,anc0_I_unrelaxed_rank_013_alphafold2_model_1_seed_001.pdb
387,I,Chemokine,0.75172,anc0_I_unrelaxed_rank_014_alphafold2_model_1_seed_002.pdb
388,I,Chemokine,0.74549,anc0_I_unrelaxed_rank_015_alphafold2_model_4_seed_002.pdb
389,I,Chemokine,0.7461,anc0_I_unrelaxed_rank_016_alphafold2_model_4_seed_001.pdb
390,I,Chemokine,0.7491,anc0_I_unrelaxed_rank_017_alphafold2_model_4_seed_000.pdb
391,I,Chemokine,0.74732,anc0_I_unrelaxed_rank_018_alphafold2_model_4_seed_004.pdb
392,I,Chemokine,0.7483,anc0_I_unrelaxed_rank_019_alphafold2_model_4_seed_003.pdb
393,I,Chemokine,0.70376,anc0_I_unrelaxed_rank_020_alphafold2_model_5_seed_004.pdb
394,I,Chemokine,0.70672,anc0_I_unrelaxed_rank_021_alphafold2_model_5_seed_002.pdb
395,I,Chemokine,0.70487,anc0_I_unrelaxed_rank_022_alphafold2_model_5_seed_003.pdb
396,I,Chemokine,0.70644,anc0_I_unrelaxed_rank_023_alphafold2_model_5_seed_000.pdb
397,I,Chemokine,0.70245,anc0_I_unrelaxed_rank_024_alphafold2_model_5_seed_001.pdb
398,I,Chemokine,0.56767,anc0_I_unrelaxed_rank_025_alphafold2_model_1_seed_003.pdb
399,L,Chemokine,0.751,anc0_L_unrelaxed_rank_001_alphafold2_model_3_seed_004.pdb
400,L,Chemokine,0.75368,anc0_L_unrelaxed_rank_002_alphafold2_model_3_seed_002.pdb
401,L,Chemokine,0.75911,anc0_L_unrelaxed_rank_003_alphafold2_model_2_seed_004.pdb
402,L,Chemokine,0.75799,anc0_L_unrelaxed_rank_004_alphafold2_model_2_seed_002.pdb
403,L,Chemokine,0.75794,anc0_L_unrelaxed_rank_005_alphafold2_model_2_seed_000.pdb
404,L,Chemokine,0.75963,anc0_L_unrelaxed_rank_006_alphafold2_model_2_seed_001.pdb
405,L,Chemokine,0.74922,anc0_L_unrelaxed_rank_007_alphafold2_model_1_seed_004.pdb
406,L,Chemokine,0.75389,anc0_L_unrelaxed_rank_008_alphafold2_model_2_seed_003.pdb
407,L,Chemokine,0.71246,anc0_L_unrelaxed_rank_009_alphafold2_model_3_seed_003.pdb
408,L,Chemokine,0.72563,anc0_L_unrelaxed_rank_010_alphafold2_model_3_seed_000.pdb
409,L,Chemokine,0.74323,anc0_L_unrelaxed_rank_011_alphafold2_model_4_seed_001.pdb
410,L,Chemokine,0.74316,anc0_L_unrelaxed_rank_012_alphafold2_model_4_seed_002.pdb
411,L,Chemokine,0.74381,anc0_L_unrelaxed_rank_013_alphafold2_model_4_seed_004.pdb
412,L,Chemokine,0.74441,anc0_L_unrelaxed_rank_014_alphafold2_model_1_seed_002.pdb
413,L,Chemokine,0.74341,anc0_L_unrelaxed_rank_015_alphafold2_model_4_seed_000.pdb
414,L,Chemokine,0.74501,anc0_L_unrelaxed_rank_016_alphafold2_model_4_seed_003.pdb
415,L,Chemokine,0.73333,anc0_L_unrelaxed_rank_017_alphafold2_model_3_seed_001.pdb
416,L,Chemokine,0.74379,anc0_L_unrelaxed_rank_018_alphafold2_model_1_seed_000.pdb
417,L,Chemokine,0.73023,anc0_L_unrelaxed_rank_019_alphafold2_model_1_seed_001.pdb
418,L,Chemokine,0.71865,anc0_L_unrelaxed_rank_020_alphafold2_model_1_seed_003.pdb
419,L,Chemokine,0.70924,anc0_L_unrelaxed_rank_021_alphafold2_model_5_seed_002.pdb
420,L,Chemokine,0.7044,anc0_L_unrelaxed_rank_022_alphafold2_model_5_seed_001.pdb
421,L,Chemokine,0.70679,anc0_L_unrelaxed_rank_023_alphafold2_model_5_seed_003.pdb
422,L,Chemokine,0.70633,anc0_L_unrelaxed_rank_024_alphafold2_model_5_seed_004.pdb
423,L,Chemokine,0.7048,anc0_L_unrelaxed_rank_025_alphafold2_model_5_seed_000.pdb
424,M,Chemokine,0.75246,anc0_M_unrelaxed_rank_001_alphafold2_model_3_seed_004.pdb
425,M,Chemokine,0.75159,anc0_M_unrelaxed_rank_002_alphafold2_model_3_seed_003.pdb
426,M,Chemokine,0.7522,anc0_M_unrelaxed_rank_003_alphafold2_model_3_seed_002.pdb
427,M,Chemokine,0.75206,anc0_M_unrelaxed_rank_004_alphafold2_model_3_seed_001.pdb
428,M,Chemokine,0.76374,anc0_M_unrelaxed_rank_005_alphafold2_model_2_seed_004.pdb
429,M,Chemokine,0.76381,anc0_M_unrelaxed_rank_006_alphafold2_model_2_seed_001.pdb
430,M,Chemokine,0.76395,anc0_M_unrelaxed_rank_007_alphafold2_model_2_seed_002.pdb
431,M,Chemokine,0.76485,anc0_M_unrelaxed_rank_008_alphafold2_model_2_seed_000.pdb
432,M,Chemokine,0.75431,anc0_M_unrelaxed_rank_009_alphafold2_model_3_seed_000.pdb
433,M,Chemokine,0.75536,anc0_M_unrelaxed_rank_010_alphafold2_model_1_seed_004.pdb
434,M,Chemokine,0.75549,anc0_M_unrelaxed_rank_011_alphafold2_model_1_seed_001.pdb
435,M,Chemokine,0.75547,anc0_M_unrelaxed_rank_012_alphafold2_model_1_seed_002.pdb
436,M,Chemokine,0.7545,anc0_M_unrelaxed_rank_013_alphafold2_model_1_seed_000.pdb
437,M,Chemokine,0.74973,anc0_M_unrelaxed_rank_014_alphafold2_model_4_seed_001.pdb
438,M,Chemokine,0.75036,anc0_M_unrelaxed_rank_015_alphafold2_model_4_seed_004.pdb
439,M,Chemokine,0.74998,anc0_M_unrelaxed_rank_016_alphafold2_model_4_seed_002.pdb
440,M,Chemokine,0.74901,anc0_M_unrelaxed_rank_017_alphafold2_model_4_seed_000.pdb
441,M,Chemokine,0.75137,anc0_M_unrelaxed_rank_018_alphafold2_model_4_seed_003.pdb
442,M,Chemokine,0.71759,anc0_M_unrelaxed_rank_019_alphafold2_model_5_seed_004.pdb
443,M,Chemokine,0.7142,anc0_M_unrelaxed_rank_020_alphafold2_model_5_seed_001.pdb
444,M,Chemokine,0.71791,anc0_M_unrelaxed_rank_021_alphafold2_model_5_seed_003.pdb
445,M,Chemokine,0.71738,anc0_M_unrelaxed_rank_022_alphafold2_model_5_seed_002.pdb
446,M,Chemokine,0.71614,anc0_M_unrelaxed_rank_023_alphafold2_model_5_seed_000.pdb
447,M,Chemokine,0.66292,anc0_M_unrelaxed_rank_024_alphafold2_model_2_seed_003.pdb
448,M,Chemokine,0.65176,anc0_M_unrelaxed_rank_025_alphafold2_model_1_seed_003.pdb
449,14,Chemokine,0.7556,anc2_14_I_unrelaxed_rank_001_alphafold2_model_3_seed_004.pdb
450,14,Chemokine,0.75268,anc2_14_I_unrelaxed_rank_002_alphafold2_model_3_seed_002.pdb
451,14,Chemokine,0.75607,anc2_14_I_unrelaxed_rank_003_alphafold2_model_3_seed_001.pdb
452,14,Chemokine,0.75556,anc2_14_I_unrelaxed_rank_004_alphafold2_model_3_seed_003.pdb
453,14,Chemokine,0.75424,anc2_14_I_unrelaxed_rank_005_alphafold2_model_3_seed_000.pdb
454,14,Chemokine,0.76854,anc2_14_I_unrelaxed_rank_006_alphafold2_model_2_seed_003.pdb
455,14,Chemokine,0.76827,anc2_14_I_unrelaxed_rank_007_alphafold2_model_2_seed_002.pdb
456,14,Chemokine,0.76357,anc2_14_I_unrelaxed_rank_008_alphafold2_model_1_seed_004.pdb
457,14,Chemokine,0.76103,anc2_14_I_unrelaxed_rank_009_alphafold2_model_1_seed_000.pdb
458,14,Chemokine,0.76382,anc2_14_I_unrelaxed_rank_010_alphafold2_model_1_seed_002.pdb
459,14,Chemokine,0.76746,anc2_14_I_unrelaxed_rank_011_alphafold2_model_2_seed_004.pdb
460,14,Chemokine,0.77302,anc2_14_I_unrelaxed_rank_012_alphafold2_model_2_seed_001.pdb
461,14,Chemokine,0.76246,anc2_14_I_unrelaxed_rank_013_alphafold2_model_1_seed_001.pdb
462,14,Chemokine,0.76787,anc2_14_I_unrelaxed_rank_014_alphafold2_model_2_seed_000.pdb
463,14,Chemokine,0.77391,anc2_14_I_unrelaxed_rank_015_alphafold2_model_4_seed_003.pdb
464,14,Chemokine,0.77364,anc2_14_I_unrelaxed_rank_016_alphafold2_model_4_seed_004.pdb
465,14,Chemokine,0.76628,anc2_14_I_unrelaxed_rank_017_alphafold2_model_5_seed_002.pdb
466,14,Chemokine,0.77132,anc2_14_I_unrelaxed_rank_018_alphafold2_model_4_seed_001.pdb
467,14,Chemokine,0.75201,anc2_14_I_unrelaxed_rank_019_alphafold2_model_1_seed_003.pdb
468,14,Chemokine,0.76585,anc2_14_I_unrelaxed_rank_020_alphafold2_model_5_seed_004.pdb
469,14,Chemokine,0.77002,anc2_14_I_unrelaxed_rank_021_alphafold2_model_4_seed_000.pdb
470,14,Chemokine,0.77567,anc2_14_I_unrelaxed_rank_022_alphafold2_model_4_seed_002.pdb
471,14,Chemokine,0.76439,anc2_14_I_unrelaxed_rank_023_alphafold2_model_5_seed_003.pdb
472,14,Chemokine,0.75931,anc2_14_I_unrelaxed_rank_024_alphafold2_model_5_seed_001.pdb
473,14,Chemokine,0.76535,anc2_14_I_unrelaxed_rank_025_alphafold2_model_5_seed_000.pdb
474,14,Chemokine,0.74979,anc2_14_L_unrelaxed_rank_001_alphafold2_model_3_seed_002.pdb
475,14,Chemokine,0.75089,anc2_14_L_unrelaxed_rank_002_alphafold2_model_3_seed_004.pdb
476,14,Chemokine,0.74882,anc2_14_L_unrelaxed_rank_003_alphafold2_model_3_seed_000.pdb
477,14,Chemokine,0.75125,anc2_14_L_unrelaxed_rank_004_alphafold2_model_3_seed_003.pdb
478,14,Chemokine,0.74781,anc2_14_L_unrelaxed_rank_005_alphafold2_model_3_seed_001.pdb
479,14,Chemokine,0.76949,anc2_14_L_unrelaxed_rank_006_alphafold2_model_2_seed_004.pdb
480,14,Chemokine,0.76204,anc2_14_L_unrelaxed_rank_007_alphafold2_model_1_seed_002.pdb
481,14,Chemokine,0.77059,anc2_14_L_unrelaxed_rank_008_alphafold2_model_2_seed_002.pdb
482,14,Chemokine,0.77049,anc2_14_L_unrelaxed_rank_009_alphafold2_model_2_seed_000.pdb
483,14,Chemokine,0.77112,anc2_14_L_unrelaxed_rank_010_alphafold2_model_2_seed_001.pdb
484,14,Chemokine,0.77136,anc2_14_L_unrelaxed_rank_011_alphafold2_model_2_seed_003.pdb
485,14,Chemokine,0.76228,anc2_14_L_unrelaxed_rank_012_alphafold2_model_1_seed_001.pdb
486,14,Chemokine,0.76286,anc2_14_L_unrelaxed_rank_013_alphafold2_model_1_seed_000.pdb
487,14,Chemokine,0.76657,anc2_14_L_unrelaxed_rank_014_alphafold2_model_4_seed_003.pdb
488,14,Chemokine,0.76295,anc2_14_L_unrelaxed_rank_015_alphafold2_model_4_seed_002.pdb
489,14,Chemokine,0.76673,anc2_14_L_unrelaxed_rank_016_alphafold2_model_4_seed_004.pdb
490,14,Chemokine,0.76547,anc2_14_L_unrelaxed_rank_017_alphafold2_model_5_seed_002.pdb
491,14,Chemokine,0.7666,anc2_14_L_unrelaxed_rank_018_alphafold2_model_4_seed_000.pdb
492,14,Chemokine,0.76697,anc2_14_L_unrelaxed_rank_019_alphafold2_model_4_seed_001.pdb
493,14,Chemokine,0.75966,anc2_14_L_unrelaxed_rank_020_alphafold2_model_5_seed_004.pdb
494,14,Chemokine,0.7617,anc2_14_L_unrelaxed_rank_021_alphafold2_model_5_seed_000.pdb
495,14,Chemokine,0.76202,anc2_14_L_unrelaxed_rank_022_alphafold2_model_5_seed_003.pdb
496,14,Chemokine,0.76076,anc2_14_L_unrelaxed_rank_023_alphafold2_model_5_seed_001.pdb
497,14,Chemokine,0.7436,anc2_14_L_unrelaxed_rank_024_alphafold2_model_1_seed_004.pdb
498,14,Chemokine,0.74402,anc2_14_L_unrelaxed_rank_025_alphafold2_model_1_seed_003.pdb
499,14,Chemokine,0.75165,anc2_14_V_unrelaxed_rank_001_alphafold2_model_3_seed_002.pdb
500,14,Chemokine,0.75245,anc2_14_V_unrelaxed_rank_002_alphafold2_model_3_seed_003.pdb
501,14,Chemokine,0.7529,anc2_14_V_unrelaxed_rank_003_alphafold2_model_3_seed_001.pdb
502,14,Chemokine,0.75189,anc2_14_V_unrelaxed_rank_004_alphafold2_model_3_seed_000.pdb
503,14,Chemokine,0.72183,anc2_14_V_unrelaxed_rank_005_alphafold2_model_3_seed_004.pdb
504,14,Chemokine,0.76678,anc2_14_V_unrelaxed_rank_006_alphafold2_model_2_seed_003.pdb
505,14,Chemokine,0.76565,anc2_14_V_unrelaxed_rank_007_alphafold2_model_2_seed_002.pdb
506,14,Chemokine,0.75834,anc2_14_V_unrelaxed_rank_008_alphafold2_model_1_seed_004.pdb
507,14,Chemokine,0.75457,anc2_14_V_unrelaxed_rank_009_alphafold2_model_1_seed_001.pdb
508,14,Chemokine,0.7511,anc2_14_V_unrelaxed_rank_010_alphafold2_model_1_seed_002.pdb
509,14,Chemokine,0.76913,anc2_14_V_unrelaxed_rank_011_alphafold2_model_4_seed_003.pdb
510,14,Chemokine,0.77046,anc2_14_V_unrelaxed_rank_012_alphafold2_model_4_seed_004.pdb
511,14,Chemokine,0.77281,anc2_14_V_unrelaxed_rank_013_alphafold2_model_4_seed_002.pdb
512,14,Chemokine,0.77074,anc2_14_V_unrelaxed_rank_014_alphafold2_model_4_seed_001.pdb
513,14,Chemokine,0.76911,anc2_14_V_unrelaxed_rank_015_alphafold2_model_4_seed_000.pdb
514,14,Chemokine,0.76343,anc2_14_V_unrelaxed_rank_016_alphafold2_model_5_seed_002.pdb
515,14,Chemokine,0.73841,anc2_14_V_unrelaxed_rank_017_alphafold2_model_1_seed_003.pdb
516,14,Chemokine,0.76545,anc2_14_V_unrelaxed_rank_018_alphafold2_model_5_seed_004.pdb
517,14,Chemokine,0.7617,anc2_14_V_unrelaxed_rank_019_alphafold2_model_2_seed_004.pdb
518,14,Chemokine,0.76078,anc2_14_V_unrelaxed_rank_020_alphafold2_model_5_seed_003.pdb
519,14,Chemokine,0.7388,anc2_14_V_unrelaxed_rank_021_alphafold2_model_1_seed_000.pdb
520,14,Chemokine,0.75632,anc2_14_V_unrelaxed_rank_022_alphafold2_model_5_seed_000.pdb
521,14,Chemokine,0.76095,anc2_14_V_unrelaxed_rank_023_alphafold2_model_5_seed_001.pdb
522,14,Chemokine,0.74901,anc2_14_V_unrelaxed_rank_024_alphafold2_model_2_seed_001.pdb
523,14,Chemokine,0.75241,anc2_14_V_unrelaxed_rank_025_alphafold2_model_2_seed_000.pdb
524,36,Chemokine,0.76305,anc2_36_A_unrelaxed_rank_001_alphafold2_model_3_seed_002.pdb
525,36,Chemokine,0.76182,anc2_36_A_unrelaxed_rank_002_alphafold2_model_3_seed_004.pdb
526,36,Chemokine,0.76361,anc2_36_A_unrelaxed_rank_003_alphafold2_model_3_seed_001.pdb
527,36,Chemokine,0.76486,anc2_36_A_unrelaxed_rank_004_alphafold2_model_3_seed_003.pdb
528,36,Chemokine,0.76245,anc2_36_A_unrelaxed_rank_005_alphafold2_model_3_seed_000.pdb
529,36,Chemokine,0.77476,anc2_36_A_unrelaxed_rank_006_alphafold2_model_1_seed_004.pdb
530,36,Chemokine,0.77359,anc2_36_A_unrelaxed_rank_007_alphafold2_model_1_seed_003.pdb
531,36,Chemokine,0.7847,anc2_36_A_unrelaxed_rank_008_alphafold2_model_2_seed_002.pdb
532,36,Chemokine,0.77446,anc2_36_A_unrelaxed_rank_009_alphafold2_model_1_seed_000.pdb
533,36,Chemokine,0.7713,anc2_36_A_unrelaxed_rank_010_alphafold2_model_1_seed_002.pdb
534,36,Chemokine,0.77338,anc2_36_A_unrelaxed_rank_011_alphafold2_model_1_seed_001.pdb
535,36,Chemokine,0.78364,anc2_36_A_unrelaxed_rank_012_alphafold2_model_2_seed_001.pdb
536,36,Chemokine,0.78224,anc2_36_A_unrelaxed_rank_013_alphafold2_model_2_seed_004.pdb
537,36,Chemokine,0.78137,anc2_36_A_unrelaxed_rank_014_alphafold2_model_2_seed_000.pdb
538,36,Chemokine,0.78026,anc2_36_A_unrelaxed_rank_015_alphafold2_model_4_seed_003.pdb
539,36,Chemokine,0.77944,anc2_36_A_unrelaxed_rank_016_alphafold2_model_2_seed_003.pdb
540,36,Chemokine,0.78368,anc2_36_A_unrelaxed_rank_017_alphafold2_model_4_seed_004.pdb
541,36,Chemokine,0.78082,anc2_36_A_unrelaxed_rank_018_alphafold2_model_4_seed_001.pdb
542,36,Chemokine,0.78183,anc2_36_A_unrelaxed_rank_019_alphafold2_model_4_seed_000.pdb
543,36,Chemokine,0.79204,anc2_36_A_unrelaxed_rank_020_alphafold2_model_4_seed_002.pdb
544,36,Chemokine,0.77441,anc2_36_A_unrelaxed_rank_021_alphafold2_model_5_seed_002.pdb
545,36,Chemokine,0.77424,anc2_36_A_unrelaxed_rank_022_alphafold2_model_5_seed_003.pdb
546,36,Chemokine,0.77236,anc2_36_A_unrelaxed_rank_023_alphafold2_model_5_seed_004.pdb
547,36,Chemokine,0.77146,anc2_36_A_unrelaxed_rank_024_alphafold2_model_5_seed_001.pdb
548,36,Chemokine,0.76969,anc2_36_A_unrelaxed_rank_025_alphafold2_model_5_seed_000.pdb
549,36,Chemokine,0.78569,anc2_36_G_unrelaxed_rank_001_alphafold2_model_3_seed_003.pdb
550,36,Chemokine,0.78443,anc2_36_G_unrelaxed_rank_002_alphafold2_model_3_seed_004.pdb
551,36,Chemokine,0.78238,anc2_36_G_unrelaxed_rank_003_alphafold2_model_3_seed_001.pdb
552,36,Chemokine,0.78622,anc2_36_G_unrelaxed_rank_004_alphafold2_model_3_seed_002.pdb
553,36,Chemokine,0.78466,anc2_36_G_unrelaxed_rank_005_alphafold2_model_3_seed_000.pdb
554,36,Chemokine,0.80607,anc2_36_G_unrelaxed_rank_006_alphafold2_model_2_seed_002.pdb
555,36,Chemokine,0.80552,anc2_36_G_unrelaxed_rank_007_alphafold2_model_2_seed_004.pdb
556,36,Chemokine,0.79514,anc2_36_G_unrelaxed_rank_008_alphafold2_model_1_seed_004.pdb
557,36,Chemokine,0.80421,anc2_36_G_unrelaxed_rank_009_alphafold2_model_2_seed_001.pdb
558,36,Chemokine,0.79467,anc2_36_G_unrelaxed_rank_010_alphafold2_model_1_seed_003.pdb
559,36,Chemokine,0.7953,anc2_36_G_unrelaxed_rank_011_alphafold2_model_1_seed_002.pdb
560,36,Chemokine,0.79379,anc2_36_G_unrelaxed_rank_012_alphafold2_model_1_seed_000.pdb
561,36,Chemokine,0.80429,anc2_36_G_unrelaxed_rank_013_alphafold2_model_2_seed_003.pdb
562,36,Chemokine,0.79334,anc2_36_G_unrelaxed_rank_014_alphafold2_model_1_seed_001.pdb
563,36,Chemokine,0.80362,anc2_36_G_unrelaxed_rank_015_alphafold2_model_2_seed_000.pdb
564,36,Chemokine,0.79264,anc2_36_G_unrelaxed_rank_016_alphafold2_model_5_seed_002.pdb
565,36,Chemokine,0.78887,anc2_36_G_unrelaxed_rank_017_alphafold2_model_5_seed_004.pdb
566,36,Chemokine,0.78778,anc2_36_G_unrelaxed_rank_018_alphafold2_model_5_seed_001.pdb
567,36,Chemokine,0.7926,anc2_36_G_unrelaxed_rank_019_alphafold2_model_4_seed_001.pdb
568,36,Chemokine,0.78727,anc2_36_G_unrelaxed_rank_020_alphafold2_model_5_seed_000.pdb
569,36,Chemokine,0.79367,anc2_36_G_unrelaxed_rank_021_alphafold2_model_4_seed_003.pdb
570,36,Chemokine,0.7927,anc2_36_G_unrelaxed_rank_022_alphafold2_model_4_seed_002.pdb
571,36,Chemokine,0.79578,anc2_36_G_unrelaxed_rank_023_alphafold2_model_4_seed_004.pdb
572,36,Chemokine,0.7935,anc2_36_G_unrelaxed_rank_024_alphafold2_model_4_seed_000.pdb
573,36,Chemokine,0.78728,anc2_36_G_unrelaxed_rank_025_alphafold2_model_5_seed_003.pdb
574,36,Chemokine,0.75426,anc2_36_I_unrelaxed_rank_001_alphafold2_model_3_seed_002.pdb
575,36,Chemokine,0.7567,anc2_36_I_unrelaxed_rank_002_alphafold2_model_3_seed_004.pdb
576,36,Chemokine,0.75653,anc2_36_I_unrelaxed_rank_003_alphafold2_model_3_seed_003.pdb
577,36,Chemokine,0.75831,anc2_36_I_unrelaxed_rank_004_alphafold2_model_3_seed_000.pdb
578,36,Chemokine,0.74745,anc2_36_I_unrelaxed_rank_005_alphafold2_model_3_seed_001.pdb
579,36,Chemokine,0.75205,anc2_36_I_unrelaxed_rank_006_alphafold2_model_1_seed_003.pdb
580,36,Chemokine,0.76105,anc2_36_I_unrelaxed_rank_007_alphafold2_model_2_seed_003.pdb
581,36,Chemokine,0.76192,anc2_36_I_unrelaxed_rank_008_alphafold2_model_2_seed_002.pdb
582,36,Chemokine,0.75463,anc2_36_I_unrelaxed_rank_009_alphafold2_model_1_seed_002.pdb
583,36,Chemokine,0.75459,anc2_36_I_unrelaxed_rank_010_alphafold2_model_1_seed_000.pdb
584,36,Chemokine,0.75536,anc2_36_I_unrelaxed_rank_011_alphafold2_model_2_seed_001.pdb
585,36,Chemokine,0.75664,anc2_36_I_unrelaxed_rank_012_alphafold2_model_5_seed_003.pdb
586,36,Chemokine,0.75509,anc2_36_I_unrelaxed_rank_013_alphafold2_model_5_seed_002.pdb
587,36,Chemokine,0.75483,anc2_36_I_unrelaxed_rank_014_alphafold2_model_2_seed_000.pdb
588,36,Chemokine,0.76472,anc2_36_I_unrelaxed_rank_015_alphafold2_model_4_seed_000.pdb
589,36,Chemokine,0.7669,anc2_36_I_unrelaxed_rank_016_alphafold2_model_4_seed_003.pdb
590,36,Chemokine,0.75547,anc2_36_I_unrelaxed_rank_017_alphafold2_model_5_seed_004.pdb
591,36,Chemokine,0.76014,anc2_36_I_unrelaxed_rank_018_alphafold2_model_5_seed_000.pdb
592,36,Chemokine,0.75794,anc2_36_I_unrelaxed_rank_019_alphafold2_model_2_seed_004.pdb
593,36,Chemokine,0.76484,anc2_36_I_unrelaxed_rank_020_alphafold2_model_4_seed_002.pdb
594,36,Chemokine,0.56904,anc2_36_I_unrelaxed_rank_021_alphafold2_model_4_seed_004.pdb
595,36,Chemokine,0.56819,anc2_36_I_unrelaxed_rank_022_alphafold2_model_4_seed_001.pdb
596,36,Chemokine,0.6817,anc2_36_I_unrelaxed_rank_023_alphafold2_model_1_seed_004.pdb
597,36,Chemokine,0.66143,anc2_36_I_unrelaxed_rank_024_alphafold2_model_5_seed_001.pdb
598,38,Chemokine,0.76305,anc2_38_I_unrelaxed_rank_001_alphafold2_model_3_seed_002.pdb
599,38,Chemokine,0.76182,anc2_38_I_unrelaxed_rank_002_alphafold2_model_3_seed_004.pdb
600,38,Chemokine,0.76361,anc2_38_I_unrelaxed_rank_003_alphafold2_model_3_seed_001.pdb
601,38,Chemokine,0.76486,anc2_38_I_unrelaxed_rank_004_alphafold2_model_3_seed_003.pdb
602,38,Chemokine,0.76245,anc2_38_I_unrelaxed_rank_005_alphafold2_model_3_seed_000.pdb
603,38,Chemokine,0.77476,anc2_38_I_unrelaxed_rank_006_alphafold2_model_1_seed_004.pdb
604,38,Chemokine,0.77359,anc2_38_I_unrelaxed_rank_007_alphafold2_model_1_seed_003.pdb
605,38,Chemokine,0.7847,anc2_38_I_unrelaxed_rank_008_alphafold2_model_2_seed_002.pdb
606,38,Chemokine,0.77446,anc2_38_I_unrelaxed_rank_009_alphafold2_model_1_seed_000.pdb
607,38,Chemokine,0.7713,anc2_38_I_unrelaxed_rank_010_alphafold2_model_1_seed_002.pdb
608,38,Chemokine,0.77338,anc2_38_I_unrelaxed_rank_011_alphafold2_model_1_seed_001.pdb
609,38,Chemokine,0.78364,anc2_38_I_unrelaxed_rank_012_alphafold2_model_2_seed_001.pdb
610,38,Chemokine,0.78224,anc2_38_I_unrelaxed_rank_013_alphafold2_model_2_seed_004.pdb
611,38,Chemokine,0.78137,anc2_38_I_unrelaxed_rank_014_alphafold2_model_2_seed_000.pdb
612,38,Chemokine,0.78026,anc2_38_I_unrelaxed_rank_015_alphafold2_model_4_seed_003.pdb
613,38,Chemokine,0.77944,anc2_38_I_unrelaxed_rank_016_alphafold2_model_2_seed_003.pdb
614,38,Chemokine,0.78368,anc2_38_I_unrelaxed_rank_017_alphafold2_model_4_seed_004.pdb
615,38,Chemokine,0.78082,anc2_38_I_unrelaxed_rank_018_alphafold2_model_4_seed_001.pdb
616,38,Chemokine,0.78183,anc2_38_I_unrelaxed_rank_019_alphafold2_model_4_seed_000.pdb
617,38,Chemokine,0.79204,anc2_38_I_unrelaxed_rank_020_alphafold2_model_4_seed_002.pdb
618,38,Chemokine,0.77441,anc2_38_I_unrelaxed_rank_021_alphafold2_model_5_seed_002.pdb
619,38,Chemokine,0.77424,anc2_38_I_unrelaxed_rank_022_alphafold2_model_5_seed_003.pdb
620,38,Chemokine,0.77236,anc2_38_I_unrelaxed_rank_023_alphafold2_model_5_seed_004.pdb
621,38,Chemokine,0.77146,anc2_38_I_unrelaxed_rank_024_alphafold2_model_5_seed_001.pdb
622,38,Chemokine,0.76969,anc2_38_I_unrelaxed_rank_025_alphafold2_model_5_seed_000.pdb
623,38,Chemokine,0.78188,anc2_38_L_unrelaxed_rank_001_alphafold2_model_3_seed_000.pdb
624,38,Chemokine,0.7819,anc2_38_L_unrelaxed_rank_002_alphafold2_model_3_seed_001.pdb
625,38,Chemokine,0.80286,anc2_38_L_unrelaxed_rank_003_alphafold2_model_2_seed_002.pdb
626,38,Chemokine,0.78361,anc2_38_L_unrelaxed_rank_004_alphafold2_model_3_seed_004.pdb
627,38,Chemokine,0.786,anc2_38_L_unrelaxed_rank_005_alphafold2_model_1_seed_004.pdb
628,38,Chemokine,0.80061,anc2_38_L_unrelaxed_rank_006_alphafold2_model_2_seed_004.pdb
629,38,Chemokine,0.78619,anc2_38_L_unrelaxed_rank_007_alphafold2_model_1_seed_000.pdb
630,38,Chemokine,0.78839,anc2_38_L_unrelaxed_rank_008_alphafold2_model_1_seed_002.pdb
631,38,Chemokine,0.78659,anc2_38_L_unrelaxed_rank_009_alphafold2_model_1_seed_003.pdb
632,38,Chemokine,0.79972,anc2_38_L_unrelaxed_rank_010_alphafold2_model_2_seed_000.pdb
633,38,Chemokine,0.79961,anc2_38_L_unrelaxed_rank_011_alphafold2_model_2_seed_001.pdb
634,38,Chemokine,0.78583,anc2_38_L_unrelaxed_rank_012_alphafold2_model_1_seed_001.pdb
635,38,Chemokine,0.7986,anc2_38_L_unrelaxed_rank_013_alphafold2_model_2_seed_003.pdb
636,38,Chemokine,0.7933,anc2_38_L_unrelaxed_rank_014_alphafold2_model_4_seed_004.pdb
637,38,Chemokine,0.79527,anc2_38_L_unrelaxed_rank_015_alphafold2_model_4_seed_000.pdb
638,38,Chemokine,0.79291,anc2_38_L_unrelaxed_rank_016_alphafold2_model_4_seed_002.pdb
639,38,Chemokine,0.79347,anc2_38_L_unrelaxed_rank_017_alphafold2_model_4_seed_001.pdb
640,38,Chemokine,0.79259,anc2_38_L_unrelaxed_rank_018_alphafold2_model_4_seed_003.pdb
641,38,Chemokine,0.77497,anc2_38_L_unrelaxed_rank_019_alphafold2_model_3_seed_003.pdb
642,38,Chemokine,0.7658,anc2_38_L_unrelaxed_rank_020_alphafold2_model_3_seed_002.pdb
643,38,Chemokine,0.78296,anc2_38_L_unrelaxed_rank_021_alphafold2_model_5_seed_002.pdb
644,38,Chemokine,0.77883,anc2_38_L_unrelaxed_rank_022_alphafold2_model_5_seed_004.pdb
645,38,Chemokine,0.77912,anc2_38_L_unrelaxed_rank_023_alphafold2_model_5_seed_003.pdb
646,38,Chemokine,0.78041,anc2_38_L_unrelaxed_rank_024_alphafold2_model_5_seed_001.pdb
647,38,Chemokine,0.78031,anc2_38_L_unrelaxed_rank_025_alphafold2_model_5_seed_000.pdb
648,38,Chemokine,0.773,anc2_38_V_unrelaxed_rank_001_alphafold2_model_3_seed_004.pdb
649,38,Chemokine,0.77179,anc2_38_V_unrelaxed_rank_002_alphafold2_model_3_seed_003.pdb
650,38,Chemokine,0.7828,anc2_38_V_unrelaxed_rank_003_alphafold2_model_3_seed_002.pdb
651,38,Chemokine,0.77215,anc2_38_V_unrelaxed_rank_004_alphafold2_model_3_seed_001.pdb
652,38,Chemokine,0.77392,anc2_38_V_unrelaxed_rank_005_alphafold2_model_3_seed_000.pdb
653,38,Chemokine,0.79321,anc2_38_V_unrelaxed_rank_006_alphafold2_model_2_seed_002.pdb
654,38,Chemokine,0.7771,anc2_38_V_unrelaxed_rank_007_alphafold2_model_1_seed_004.pdb
655,38,Chemokine,0.77901,anc2_38_V_unrelaxed_rank_008_alphafold2_model_1_seed_002.pdb
656,38,Chemokine,0.77619,anc2_38_V_unrelaxed_rank_009_alphafold2_model_1_seed_003.pdb
657,38,Chemokine,0.79206,anc2_38_V_unrelaxed_rank_010_alphafold2_model_2_seed_000.pdb
658,38,Chemokine,0.7759,anc2_38_V_unrelaxed_rank_011_alphafold2_model_1_seed_001.pdb
659,38,Chemokine,0.79208,anc2_38_V_unrelaxed_rank_012_alphafold2_model_2_seed_001.pdb
660,38,Chemokine,0.77545,anc2_38_V_unrelaxed_rank_013_alphafold2_model_1_seed_000.pdb
661,38,Chemokine,0.79136,anc2_38_V_unrelaxed_rank_014_alphafold2_model_2_seed_004.pdb
662,38,Chemokine,0.79023,anc2_38_V_unrelaxed_rank_015_alphafold2_model_2_seed_003.pdb
663,38,Chemokine,0.78373,anc2_38_V_unrelaxed_rank_016_alphafold2_model_4_seed_003.pdb
664,38,Chemokine,0.78431,anc2_38_V_unrelaxed_rank_017_alphafold2_model_4_seed_004.pdb
665,38,Chemokine,0.78341,anc2_38_V_unrelaxed_rank_018_alphafold2_model_4_seed_001.pdb
666,38,Chemokine,0.77948,anc2_38_V_unrelaxed_rank_019_alphafold2_model_4_seed_002.pdb
667,38,Chemokine,0.78257,anc2_38_V_unrelaxed_rank_020_alphafold2_model_4_seed_000.pdb
668,38,Chemokine,0.77622,anc2_38_V_unrelaxed_rank_021_alphafold2_model_5_seed_002.pdb
669,38,Chemokine,0.77171,anc2_38_V_unrelaxed_rank_022_alphafold2_model_5_seed_004.pdb
670,38,Chemokine,0.77274,anc2_38_V_unrelaxed_rank_023_alphafold2_model_5_seed_003.pdb
671,38,Chemokine,0.7713,anc2_38_V_unrelaxed_rank_024_alphafold2_model_5_seed_000.pdb
672,38,Chemokine,0.77104,anc2_38_V_unrelaxed_rank_025_alphafold2_model_5_seed_001.pdb
673,40,Chemokine,0.78795,anc2_40_G_unrelaxed_rank_001_alphafold2_model_2_seed_002.pdb
674,40,Chemokine,0.77872,anc2_40_G_unrelaxed_rank_002_alphafold2_model_2_seed_001.pdb
675,40,Chemokine,0.77281,anc2_40_G_unrelaxed_rank_003_alphafold2_model_5_seed_001.pdb
676,40,Chemokine,0.77263,anc2_40_G_unrelaxed_rank_004_alphafold2_model_5_seed_004.pdb
677,40,Chemokine,0.77319,anc2_40_G_unrelaxed_rank_005_alphafold2_model_5_seed_000.pdb
678,40,Chemokine,0.79166,anc2_40_G_unrelaxed_rank_006_alphafold2_model_2_seed_003.pdb
679,40,Chemokine,0.77444,anc2_40_G_unrelaxed_rank_007_alphafold2_model_5_seed_003.pdb
680,40,Chemokine,0.77984,anc2_40_G_unrelaxed_rank_008_alphafold2_model_2_seed_000.pdb
681,40,Dimer,0.51954,anc2_40_G_unrelaxed_rank_011_alphafold2_model_1_seed_000.pdb
682,40,Chemokine,0.76454,anc2_40_I_unrelaxed_rank_001_alphafold2_model_3_seed_002.pdb
683,40,Chemokine,0.76296,anc2_40_I_unrelaxed_rank_002_alphafold2_model_3_seed_001.pdb
684,40,Chemokine,0.76011,anc2_40_I_unrelaxed_rank_003_alphafold2_model_3_seed_003.pdb
685,40,Chemokine,0.7736,anc2_40_I_unrelaxed_rank_004_alphafold2_model_1_seed_004.pdb
686,40,Chemokine,0.78203,anc2_40_I_unrelaxed_rank_005_alphafold2_model_2_seed_002.pdb
687,40,Chemokine,0.78003,anc2_40_I_unrelaxed_rank_006_alphafold2_model_2_seed_000.pdb
688,40,Chemokine,0.78307,anc2_40_I_unrelaxed_rank_007_alphafold2_model_2_seed_004.pdb
689,40,Chemokine,0.7824,anc2_40_I_unrelaxed_rank_008_alphafold2_model_2_seed_001.pdb
690,40,Chemokine,0.76672,anc2_40_I_unrelaxed_rank_009_alphafold2_model_1_seed_002.pdb
691,40,Chemokine,0.76593,anc2_40_I_unrelaxed_rank_010_alphafold2_model_1_seed_003.pdb
692,40,Chemokine,0.76525,anc2_40_I_unrelaxed_rank_011_alphafold2_model_1_seed_001.pdb
693,40,Chemokine,0.7648,anc2_40_I_unrelaxed_rank_012_alphafold2_model_1_seed_000.pdb
694,40,Chemokine,0.75185,anc2_40_I_unrelaxed_rank_013_alphafold2_model_3_seed_004.pdb
695,40,Chemokine,0.77936,anc2_40_I_unrelaxed_rank_014_alphafold2_model_2_seed_003.pdb
696,40,Chemokine,0.75139,anc2_40_I_unrelaxed_rank_015_alphafold2_model_3_seed_000.pdb
697,40,Chemokine,0.78442,anc2_40_I_unrelaxed_rank_016_alphafold2_model_4_seed_004.pdb
698,40,Chemokine,0.77873,anc2_40_I_unrelaxed_rank_017_alphafold2_model_4_seed_002.pdb
699,40,Chemokine,0.77103,anc2_40_I_unrelaxed_rank_018_alphafold2_model_5_seed_001.pdb
700,40,Chemokine,0.76716,anc2_40_I_unrelaxed_rank_019_alphafold2_model_5_seed_003.pdb
701,40,Chemokine,0.68047,anc2_40_I_unrelaxed_rank_020_alphafold2_model_4_seed_003.pdb
702,40,Chemokine,0.67751,anc2_40_I_unrelaxed_rank_021_alphafold2_model_4_seed_001.pdb
703,40,Chemokine,0.67091,anc2_40_I_unrelaxed_rank_022_alphafold2_model_4_seed_000.pdb
704,40,Chemokine,0.78483,anc2_40_V_unrelaxed_rank_001_alphafold2_model_2_seed_002.pdb
705,40,Chemokine,0.77283,anc2_40_V_unrelaxed_rank_002_alphafold2_model_1_seed_004.pdb
706,40,Chemokine,0.78301,anc2_40_V_unrelaxed_rank_003_alphafold2_model_2_seed_004.pdb
707,40,Chemokine,0.76926,anc2_40_V_unrelaxed_rank_004_alphafold2_model_1_seed_002.pdb
708,40,Chemokine,0.78307,anc2_40_V_unrelaxed_rank_005_alphafold2_model_2_seed_000.pdb
709,40,Chemokine,0.78166,anc2_40_V_unrelaxed_rank_006_alphafold2_model_2_seed_001.pdb
710,40,Chemokine,0.77983,anc2_40_V_unrelaxed_rank_007_alphafold2_model_2_seed_003.pdb
711,40,Chemokine,0.7579,anc2_40_V_unrelaxed_rank_008_alphafold2_model_1_seed_000.pdb
712,40,Chemokine,0.78088,anc2_40_V_unrelaxed_rank_009_alphafold2_model_4_seed_002.pdb
713,40,Chemokine,0.76779,anc2_40_V_unrelaxed_rank_010_alphafold2_model_1_seed_001.pdb
714,40,Chemokine,0.75762,anc2_40_V_unrelaxed_rank_011_alphafold2_model_1_seed_003.pdb
715,40,Chemokine,0.7884,anc2_40_V_unrelaxed_rank_012_alphafold2_model_4_seed_004.pdb
716,40,Chemokine,0.77542,anc2_40_V_unrelaxed_rank_013_alphafold2_model_5_seed_003.pdb
717,40,Chemokine,0.7786,anc2_40_V_unrelaxed_rank_014_alphafold2_model_5_seed_002.pdb
718,40,Chemokine,0.7728,anc2_40_V_unrelaxed_rank_015_alphafold2_model_5_seed_001.pdb
719,40,Chemokine,0.76972,anc2_40_V_unrelaxed_rank_016_alphafold2_model_5_seed_000.pdb
720,40,Chemokine,0.65726,anc2_40_V_unrelaxed_rank_017_alphafold2_model_3_seed_000.pdb
721,40,Chemokine,0.66135,anc2_40_V_unrelaxed_rank_018_alphafold2_model_3_seed_004.pdb
722,40,Chemokine,0.68032,anc2_40_V_unrelaxed_rank_019_alphafold2_model_4_seed_003.pdb
723,40,Chemokine,0.6653,anc2_40_V_unrelaxed_rank_020_alphafold2_model_3_seed_001.pdb
724,40,Chemokine,0.65459,anc2_40_V_unrelaxed_rank_021_alphafold2_model_3_seed_002.pdb
725,40,Chemokine,0.66746,anc2_40_V_unrelaxed_rank_022_alphafold2_model_3_seed_003.pdb
726,40,Chemokine,0.67485,anc2_40_V_unrelaxed_rank_023_alphafold2_model_4_seed_001.pdb
727,40,Chemokine,0.67404,anc2_40_V_unrelaxed_rank_024_alphafold2_model_4_seed_000.pdb
728,45,Chemokine,0.77712,anc2_45_I_unrelaxed_rank_001_alphafold2_model_1_seed_002.pdb
729,45,Chemokine,0.77268,anc2_45_I_unrelaxed_rank_002_alphafold2_model_3_seed_003.pdb
730,45,Chemokine,0.77236,anc2_45_I_unrelaxed_rank_003_alphafold2_model_1_seed_003.pdb
731,45,Chemokine,0.78578,anc2_45_I_unrelaxed_rank_004_alphafold2_model_2_seed_002.pdb
732,45,Chemokine,0.73538,anc2_45_I_unrelaxed_rank_005_alphafold2_model_2_seed_004.pdb
733,45,Dimer,0.5207,anc2_45_I_unrelaxed_rank_006_alphafold2_model_4_seed_001.pdb
734,45,Dimer,0.52076,anc2_45_I_unrelaxed_rank_007_alphafold2_model_4_seed_004.pdb
735,45,Dimer,0.52018,anc2_45_I_unrelaxed_rank_009_alphafold2_model_4_seed_000.pdb
736,45,Chemokine,0.67041,anc2_45_I_unrelaxed_rank_010_alphafold2_model_5_seed_003.pdb
737,45,Dimer,0.52223,anc2_45_I_unrelaxed_rank_012_alphafold2_model_4_seed_002.pdb
738,45,Chemokine,0.77744,anc2_45_L_unrelaxed_rank_001_alphafold2_model_1_seed_002.pdb
739,45,Chemokine,0.77601,anc2_45_L_unrelaxed_rank_002_alphafold2_model_3_seed_003.pdb
740,45,Chemokine,0.78125,anc2_45_L_unrelaxed_rank_003_alphafold2_model_2_seed_002.pdb
741,45,Chemokine,0.76832,anc2_45_L_unrelaxed_rank_004_alphafold2_model_5_seed_002.pdb
742,45,Chemokine,0.77037,anc2_45_L_unrelaxed_rank_005_alphafold2_model_2_seed_004.pdb
743,45,Chemokine,0.75987,anc2_45_L_unrelaxed_rank_006_alphafold2_model_1_seed_003.pdb
744,45,Chemokine,0.76156,anc2_45_L_unrelaxed_rank_007_alphafold2_model_2_seed_001.pdb
745,45,Chemokine,0.71508,anc2_45_L_unrelaxed_rank_008_alphafold2_model_4_seed_003.pdb
746,45,Chemokine,0.71192,anc2_45_L_unrelaxed_rank_009_alphafold2_model_4_seed_002.pdb
747,45,Chemokine,0.71771,anc2_45_L_unrelaxed_rank_010_alphafold2_model_5_seed_003.pdb
748,45,Chemokine,0.75334,anc2_45_L_unrelaxed_rank_011_alphafold2_model_2_seed_003.pdb
749,45,Chemokine,0.69191,anc2_45_L_unrelaxed_rank_012_alphafold2_model_4_seed_000.pdb
750,45,Chemokine,0.74384,anc2_45_L_unrelaxed_rank_013_alphafold2_model_2_seed_000.pdb
751,45,Chemokine,0.74333,anc2_45_L_unrelaxed_rank_014_alphafold2_model_5_seed_001.pdb
752,45,Dimer,0.50389,anc2_45_L_unrelaxed_rank_015_alphafold2_model_4_seed_001.pdb
753,45,Chemokine,0.6989,anc2_45_L_unrelaxed_rank_017_alphafold2_model_5_seed_004.pdb
754,45,Chemokine,0.69577,anc2_45_L_unrelaxed_rank_021_alphafold2_model_5_seed_000.pdb
755,45,Chemokine,0.77134,anc2_45_V_unrelaxed_rank_001_alphafold2_model_3_seed_003.pdb
756,45,Chemokine,0.77081,anc2_45_V_unrelaxed_rank_002_alphafold2_model_1_seed_000.pdb
757,45,Chemokine,0.77679,anc2_45_V_unrelaxed_rank_003_alphafold2_model_3_seed_004.pdb
758,45,Chemokine,0.77475,anc2_45_V_unrelaxed_rank_004_alphafold2_model_1_seed_002.pdb
759,45,Chemokine,0.77137,anc2_45_V_unrelaxed_rank_005_alphafold2_model_1_seed_003.pdb
760,45,Chemokine,0.78594,anc2_45_V_unrelaxed_rank_006_alphafold2_model_2_seed_003.pdb
761,45,Chemokine,0.78486,anc2_45_V_unrelaxed_rank_007_alphafold2_model_2_seed_002.pdb
762,45,Chemokine,0.7795,anc2_45_V_unrelaxed_rank_008_alphafold2_model_2_seed_000.pdb
763,45,Chemokine,0.70331,anc2_45_V_unrelaxed_rank_009_alphafold2_model_4_seed_000.pdb
764,45,Chemokine,0.7051,anc2_45_V_unrelaxed_rank_010_alphafold2_model_4_seed_004.pdb
765,45,Chemokine,0.77199,anc2_45_V_unrelaxed_rank_011_alphafold2_model_2_seed_001.pdb
766,45,Chemokine,0.76733,anc2_45_V_unrelaxed_rank_012_alphafold2_model_2_seed_004.pdb
767,45,Chemokine,0.69666,anc2_45_V_unrelaxed_rank_013_alphafold2_model_4_seed_003.pdb
768,45,Chemokine,0.69223,anc2_45_V_unrelaxed_rank_014_alphafold2_model_4_seed_002.pdb
769,45,Chemokine,0.66539,anc2_45_V_unrelaxed_rank_015_alphafold2_model_5_seed_003.pdb
770,45,Chemokine,0.66284,anc2_45_V_unrelaxed_rank_017_alphafold2_model_5_seed_004.pdb
771,14,Chemokine,0.7515,anc2a_14_I_unrelaxed_rank_001_alphafold2_model_3_seed_004.pdb
772,14,Chemokine,0.75233,anc2a_14_I_unrelaxed_rank_002_alphafold2_model_3_seed_003.pdb
773,14,Chemokine,0.75082,anc2a_14_I_unrelaxed_rank_003_alphafold2_model_3_seed_002.pdb
774,14,Chemokine,0.75072,anc2a_14_I_unrelaxed_rank_004_alphafold2_model_3_seed_001.pdb
775,14,Chemokine,0.75056,anc2a_14_I_unrelaxed_rank_005_alphafold2_model_3_seed_000.pdb
776,14,Chemokine,0.76494,anc2a_14_I_unrelaxed_rank_006_alphafold2_model_2_seed_001.pdb
777,14,Chemokine,0.75494,anc2a_14_I_unrelaxed_rank_007_alphafold2_model_1_seed_004.pdb
778,14,Chemokine,0.76216,anc2a_14_I_unrelaxed_rank_008_alphafold2_model_1_seed_003.pdb
779,14,Chemokine,0.76536,anc2a_14_I_unrelaxed_rank_009_alphafold2_model_2_seed_002.pdb
780,14,Chemokine,0.76454,anc2a_14_I_unrelaxed_rank_010_alphafold2_model_2_seed_000.pdb
781,14,Chemokine,0.75566,anc2a_14_I_unrelaxed_rank_011_alphafold2_model_1_seed_001.pdb
782,14,Chemokine,0.76576,anc2a_14_I_unrelaxed_rank_012_alphafold2_model_2_seed_003.pdb
783,14,Chemokine,0.75399,anc2a_14_I_unrelaxed_rank_013_alphafold2_model_1_seed_002.pdb
784,14,Chemokine,0.75392,anc2a_14_I_unrelaxed_rank_014_alphafold2_model_1_seed_000.pdb
785,14,Chemokine,0.76625,anc2a_14_I_unrelaxed_rank_015_alphafold2_model_2_seed_004.pdb
786,14,Chemokine,0.75686,anc2a_14_I_unrelaxed_rank_016_alphafold2_model_5_seed_002.pdb
787,14,Chemokine,0.7568,anc2a_14_I_unrelaxed_rank_017_alphafold2_model_5_seed_001.pdb
788,14,Chemokine,0.74731,anc2a_14_I_unrelaxed_rank_018_alphafold2_model_5_seed_004.pdb
789,14,Chemokine,0.76381,anc2a_14_I_unrelaxed_rank_019_alphafold2_model_4_seed_001.pdb
790,14,Chemokine,0.76382,anc2a_14_I_unrelaxed_rank_020_alphafold2_model_4_seed_002.pdb
791,14,Chemokine,0.76297,anc2a_14_I_unrelaxed_rank_021_alphafold2_model_4_seed_003.pdb
792,14,Chemokine,0.76195,anc2a_14_I_unrelaxed_rank_022_alphafold2_model_4_seed_004.pdb
793,14,Chemokine,0.76592,anc2a_14_I_unrelaxed_rank_023_alphafold2_model_4_seed_000.pdb
794,14,Chemokine,0.74885,anc2a_14_I_unrelaxed_rank_024_alphafold2_model_5_seed_000.pdb
795,14,Chemokine,0.75176,anc2a_14_I_unrelaxed_rank_025_alphafold2_model_5_seed_003.pdb
796,14,Chemokine,0.74308,anc2a_14_L_unrelaxed_rank_001_alphafold2_model_3_seed_004.pdb
797,14,Chemokine,0.74265,anc2a_14_L_unrelaxed_rank_002_alphafold2_model_3_seed_003.pdb
798,14,Chemokine,0.74257,anc2a_14_L_unrelaxed_rank_003_alphafold2_model_3_seed_002.pdb
799,14,Chemokine,0.74065,anc2a_14_L_unrelaxed_rank_004_alphafold2_model_3_seed_001.pdb
800,14,Chemokine,0.74265,anc2a_14_L_unrelaxed_rank_005_alphafold2_model_3_seed_000.pdb
801,14,Chemokine,0.76561,anc2a_14_L_unrelaxed_rank_006_alphafold2_model_2_seed_003.pdb
802,14,Chemokine,0.76433,anc2a_14_L_unrelaxed_rank_007_alphafold2_model_2_seed_004.pdb
803,14,Chemokine,0.76423,anc2a_14_L_unrelaxed_rank_008_alphafold2_model_2_seed_001.pdb
804,14,Chemokine,0.75702,anc2a_14_L_unrelaxed_rank_009_alphafold2_model_1_seed_001.pdb
805,14,Chemokine,0.76657,anc2a_14_L_unrelaxed_rank_010_alphafold2_model_2_seed_002.pdb
806,14,Chemokine,0.7643,anc2a_14_L_unrelaxed_rank_011_alphafold2_model_2_seed_000.pdb
807,14,Chemokine,0.75368,anc2a_14_L_unrelaxed_rank_012_alphafold2_model_1_seed_000.pdb
808,14,Chemokine,0.74867,anc2a_14_L_unrelaxed_rank_013_alphafold2_model_1_seed_002.pdb
809,14,Chemokine,0.75156,anc2a_14_L_unrelaxed_rank_014_alphafold2_model_5_seed_002.pdb
810,14,Chemokine,0.75071,anc2a_14_L_unrelaxed_rank_015_alphafold2_model_5_seed_003.pdb
811,14,Chemokine,0.74836,anc2a_14_L_unrelaxed_rank_016_alphafold2_model_5_seed_001.pdb
812,14,Chemokine,0.74964,anc2a_14_L_unrelaxed_rank_017_alphafold2_model_4_seed_000.pdb
813,14,Chemokine,0.74813,anc2a_14_L_unrelaxed_rank_018_alphafold2_model_5_seed_004.pdb
814,14,Chemokine,0.74815,anc2a_14_L_unrelaxed_rank_019_alphafold2_model_4_seed_001.pdb
815,14,Chemokine,0.74998,anc2a_14_L_unrelaxed_rank_020_alphafold2_model_4_seed_003.pdb
816,14,Chemokine,0.75087,anc2a_14_L_unrelaxed_rank_021_alphafold2_model_4_seed_004.pdb
817,14,Chemokine,0.76044,anc2a_14_L_unrelaxed_rank_022_alphafold2_model_4_seed_002.pdb
818,14,Chemokine,0.75159,anc2a_14_L_unrelaxed_rank_023_alphafold2_model_5_seed_000.pdb
819,14,Chemokine,0.74645,anc2a_14_L_unrelaxed_rank_024_alphafold2_model_1_seed_004.pdb
820,14,Chemokine,0.67196,anc2a_14_L_unrelaxed_rank_025_alphafold2_model_1_seed_003.pdb
821,14,Chemokine,0.75167,anc2a_14_V_unrelaxed_rank_001_alphafold2_model_3_seed_004.pdb
822,14,Chemokine,0.74986,anc2a_14_V_unrelaxed_rank_002_alphafold2_model_3_seed_002.pdb
823,14,Chemokine,0.75214,anc2a_14_V_unrelaxed_rank_003_alphafold2_model_3_seed_001.pdb
824,14,Chemokine,0.75128,anc2a_14_V_unrelaxed_rank_004_alphafold2_model_3_seed_000.pdb
825,14,Chemokine,0.75159,anc2a_14_V_unrelaxed_rank_005_alphafold2_model_3_seed_003.pdb
826,14,Chemokine,0.75887,anc2a_14_V_unrelaxed_rank_006_alphafold2_model_2_seed_001.pdb
827,14,Chemokine,0.75824,anc2a_14_V_unrelaxed_rank_007_alphafold2_model_2_seed_000.pdb
828,14,Chemokine,0.75803,anc2a_14_V_unrelaxed_rank_008_alphafold2_model_2_seed_002.pdb
829,14,Chemokine,0.75897,anc2a_14_V_unrelaxed_rank_009_alphafold2_model_2_seed_003.pdb
830,14,Chemokine,0.76009,anc2a_14_V_unrelaxed_rank_010_alphafold2_model_2_seed_004.pdb
831,14,Chemokine,0.74796,anc2a_14_V_unrelaxed_rank_011_alphafold2_model_1_seed_004.pdb
832,14,Chemokine,0.74864,anc2a_14_V_unrelaxed_rank_012_alphafold2_model_1_seed_001.pdb
833,14,Chemokine,0.751,anc2a_14_V_unrelaxed_rank_013_alphafold2_model_1_seed_002.pdb
834,14,Chemokine,0.75084,anc2a_14_V_unrelaxed_rank_014_alphafold2_model_1_seed_000.pdb
835,14,Chemokine,0.75172,anc2a_14_V_unrelaxed_rank_015_alphafold2_model_1_seed_003.pdb
836,14,Chemokine,0.75298,anc2a_14_V_unrelaxed_rank_016_alphafold2_model_5_seed_002.pdb
837,14,Chemokine,0.7645,anc2a_14_V_unrelaxed_rank_017_alphafold2_model_4_seed_002.pdb
838,14,Chemokine,0.75156,anc2a_14_V_unrelaxed_rank_018_alphafold2_model_5_seed_001.pdb
839,14,Chemokine,0.76136,anc2a_14_V_unrelaxed_rank_019_alphafold2_model_4_seed_000.pdb
840,14,Chemokine,0.75047,anc2a_14_V_unrelaxed_rank_020_alphafold2_model_5_seed_000.pdb
841,14,Chemokine,0.75853,anc2a_14_V_unrelaxed_rank_021_alphafold2_model_4_seed_001.pdb
842,14,Chemokine,0.76292,anc2a_14_V_unrelaxed_rank_022_alphafold2_model_4_seed_003.pdb
843,14,Chemokine,0.73726,anc2a_14_V_unrelaxed_rank_023_alphafold2_model_5_seed_003.pdb
844,14,Chemokine,0.74401,anc2a_14_V_unrelaxed_rank_024_alphafold2_model_5_seed_004.pdb
845,14,Chemokine,0.76238,anc2a_14_V_unrelaxed_rank_025_alphafold2_model_4_seed_004.pdb
846,36,Chemokine,0.77351,anc2a_36_A_unrelaxed_rank_001_alphafold2_model_3_seed_004.pdb
847,36,Chemokine,0.77246,anc2a_36_A_unrelaxed_rank_002_alphafold2_model_3_seed_002.pdb
848,36,Chemokine,0.77045,anc2a_36_A_unrelaxed_rank_003_alphafold2_model_3_seed_003.pdb
849,36,Chemokine,0.77486,anc2a_36_A_unrelaxed_rank_004_alphafold2_model_3_seed_001.pdb
850,36,Chemokine,0.77234,anc2a_36_A_unrelaxed_rank_005_alphafold2_model_3_seed_000.pdb
851,36,Chemokine,0.77258,anc2a_36_A_unrelaxed_rank_006_alphafold2_model_2_seed_004.pdb
852,36,Chemokine,0.77369,anc2a_36_A_unrelaxed_rank_007_alphafold2_model_2_seed_003.pdb
853,36,Chemokine,0.78363,anc2a_36_A_unrelaxed_rank_008_alphafold2_model_4_seed_001.pdb
854,36,Chemokine,0.77182,anc2a_36_A_unrelaxed_rank_009_alphafold2_model_2_seed_000.pdb
855,36,Chemokine,0.78809,anc2a_36_A_unrelaxed_rank_010_alphafold2_model_4_seed_003.pdb
856,36,Chemokine,0.77423,anc2a_36_A_unrelaxed_rank_011_alphafold2_model_2_seed_001.pdb
857,36,Chemokine,0.7832,anc2a_36_A_unrelaxed_rank_012_alphafold2_model_4_seed_004.pdb
858,36,Chemokine,0.76935,anc2a_36_A_unrelaxed_rank_013_alphafold2_model_1_seed_004.pdb
859,36,Chemokine,0.76991,anc2a_36_A_unrelaxed_rank_014_alphafold2_model_1_seed_003.pdb
860,36,Chemokine,0.76342,anc2a_36_A_unrelaxed_rank_015_alphafold2_model_1_seed_002.pdb
861,36,Chemokine,0.78436,anc2a_36_A_unrelaxed_rank_016_alphafold2_model_4_seed_002.pdb
862,36,Chemokine,0.77791,anc2a_36_A_unrelaxed_rank_017_alphafold2_model_2_seed_002.pdb
863,36,Chemokine,0.76081,anc2a_36_A_unrelaxed_rank_018_alphafold2_model_1_seed_001.pdb
864,36,Chemokine,0.77405,anc2a_36_A_unrelaxed_rank_019_alphafold2_model_5_seed_004.pdb
865,36,Chemokine,0.78591,anc2a_36_A_unrelaxed_rank_020_alphafold2_model_4_seed_000.pdb
866,36,Chemokine,0.76212,anc2a_36_A_unrelaxed_rank_021_alphafold2_model_1_seed_000.pdb
867,36,Chemokine,0.77384,anc2a_36_A_unrelaxed_rank_022_alphafold2_model_5_seed_002.pdb
868,36,Chemokine,0.77351,anc2a_36_A_unrelaxed_rank_023_alphafold2_model_5_seed_003.pdb
869,36,Chemokine,0.77336,anc2a_36_A_unrelaxed_rank_024_alphafold2_model_5_seed_001.pdb
870,36,Chemokine,0.77426,anc2a_36_A_unrelaxed_rank_025_alphafold2_model_5_seed_000.pdb
871,36,Chemokine,0.77535,anc2a_36_G_unrelaxed_rank_001_alphafold2_model_3_seed_001.pdb
872,36,Chemokine,0.7734,anc2a_36_G_unrelaxed_rank_002_alphafold2_model_3_seed_002.pdb
873,36,Chemokine,0.77242,anc2a_36_G_unrelaxed_rank_003_alphafold2_model_3_seed_004.pdb
874,36,Chemokine,0.7731,anc2a_36_G_unrelaxed_rank_004_alphafold2_model_3_seed_003.pdb
875,36,Chemokine,0.7742,anc2a_36_G_unrelaxed_rank_005_alphafold2_model_3_seed_000.pdb
876,36,Chemokine,0.80343,anc2a_36_G_unrelaxed_rank_006_alphafold2_model_2_seed_002.pdb
877,36,Chemokine,0.80535,anc2a_36_G_unrelaxed_rank_007_alphafold2_model_2_seed_003.pdb
878,36,Chemokine,0.80183,anc2a_36_G_unrelaxed_rank_008_alphafold2_model_2_seed_001.pdb
879,36,Chemokine,0.8048,anc2a_36_G_unrelaxed_rank_009_alphafold2_model_2_seed_004.pdb
880,36,Chemokine,0.80133,anc2a_36_G_unrelaxed_rank_010_alphafold2_model_2_seed_000.pdb
881,36,Chemokine,0.79219,anc2a_36_G_unrelaxed_rank_011_alphafold2_model_1_seed_002.pdb
882,36,Chemokine,0.79369,anc2a_36_G_unrelaxed_rank_012_alphafold2_model_1_seed_004.pdb
883,36,Chemokine,0.78697,anc2a_36_G_unrelaxed_rank_013_alphafold2_model_1_seed_003.pdb
884,36,Chemokine,0.79042,anc2a_36_G_unrelaxed_rank_014_alphafold2_model_1_seed_001.pdb
885,36,Chemokine,0.79049,anc2a_36_G_unrelaxed_rank_015_alphafold2_model_1_seed_000.pdb
886,36,Chemokine,0.79563,anc2a_36_G_unrelaxed_rank_016_alphafold2_model_4_seed_004.pdb
887,36,Chemokine,0.79403,anc2a_36_G_unrelaxed_rank_017_alphafold2_model_4_seed_001.pdb
888,36,Chemokine,0.78802,anc2a_36_G_unrelaxed_rank_018_alphafold2_model_5_seed_002.pdb
889,36,Chemokine,0.79547,anc2a_36_G_unrelaxed_rank_019_alphafold2_model_4_seed_000.pdb
890,36,Chemokine,0.7953,anc2a_36_G_unrelaxed_rank_020_alphafold2_model_4_seed_003.pdb
891,36,Chemokine,0.79439,anc2a_36_G_unrelaxed_rank_021_alphafold2_model_4_seed_002.pdb
892,36,Chemokine,0.78285,anc2a_36_G_unrelaxed_rank_022_alphafold2_model_5_seed_003.pdb
893,36,Chemokine,0.77998,anc2a_36_G_unrelaxed_rank_023_alphafold2_model_5_seed_000.pdb
894,36,Chemokine,0.77989,anc2a_36_G_unrelaxed_rank_024_alphafold2_model_5_seed_004.pdb
895,36,Chemokine,0.77547,anc2a_36_G_unrelaxed_rank_025_alphafold2_model_5_seed_001.pdb
896,36,Chemokine,0.75496,anc2a_36_I_unrelaxed_rank_001_alphafold2_model_3_seed_002.pdb
897,36,Chemokine,0.75704,anc2a_36_I_unrelaxed_rank_002_alphafold2_model_3_seed_000.pdb
898,36,Chemokine,0.75709,anc2a_36_I_unrelaxed_rank_003_alphafold2_model_3_seed_004.pdb
899,36,Chemokine,0.75684,anc2a_36_I_unrelaxed_rank_004_alphafold2_model_3_seed_001.pdb
900,36,Chemokine,0.57138,anc2a_36_I_unrelaxed_rank_005_alphafold2_model_4_seed_004.pdb
901,36,Chemokine,0.75654,anc2a_36_I_unrelaxed_rank_006_alphafold2_model_3_seed_003.pdb
902,36,Chemokine,0.75496,anc2a_36_I_unrelaxed_rank_007_alphafold2_model_2_seed_004.pdb
903,36,Chemokine,0.75175,anc2a_36_I_unrelaxed_rank_008_alphafold2_model_5_seed_003.pdb
904,36,Chemokine,0.75607,anc2a_36_I_unrelaxed_rank_009_alphafold2_model_2_seed_002.pdb
905,36,Chemokine,0.74709,anc2a_36_I_unrelaxed_rank_010_alphafold2_model_1_seed_003.pdb
906,36,Chemokine,0.74845,anc2a_36_I_unrelaxed_rank_011_alphafold2_model_1_seed_002.pdb
907,36,Chemokine,0.74895,anc2a_36_I_unrelaxed_rank_012_alphafold2_model_1_seed_000.pdb
908,36,Chemokine,0.75736,anc2a_36_I_unrelaxed_rank_013_alphafold2_model_2_seed_003.pdb
909,36,Chemokine,0.75574,anc2a_36_I_unrelaxed_rank_014_alphafold2_model_2_seed_000.pdb
910,36,Chemokine,0.75428,anc2a_36_I_unrelaxed_rank_015_alphafold2_model_2_seed_001.pdb
911,36,Chemokine,0.75179,anc2a_36_I_unrelaxed_rank_016_alphafold2_model_5_seed_000.pdb
912,36,Chemokine,0.76033,anc2a_36_I_unrelaxed_rank_017_alphafold2_model_4_seed_003.pdb
913,36,Chemokine,0.7609,anc2a_36_I_unrelaxed_rank_018_alphafold2_model_4_seed_000.pdb
914,36,Chemokine,0.76039,anc2a_36_I_unrelaxed_rank_019_alphafold2_model_4_seed_002.pdb
915,36,Chemokine,0.7617,anc2a_36_I_unrelaxed_rank_020_alphafold2_model_4_seed_001.pdb
916,36,Chemokine,0.67907,anc2a_36_I_unrelaxed_rank_021_alphafold2_model_5_seed_002.pdb
917,36,Chemokine,0.65984,anc2a_36_I_unrelaxed_rank_022_alphafold2_model_5_seed_004.pdb
918,36,Chemokine,0.66627,anc2a_36_I_unrelaxed_rank_023_alphafold2_model_5_seed_001.pdb
919,38,Chemokine,0.77351,anc2a_38_I_unrelaxed_rank_001_alphafold2_model_3_seed_004.pdb
920,38,Chemokine,0.77246,anc2a_38_I_unrelaxed_rank_002_alphafold2_model_3_seed_002.pdb
921,38,Chemokine,0.77045,anc2a_38_I_unrelaxed_rank_003_alphafold2_model_3_seed_003.pdb
922,38,Chemokine,0.77486,anc2a_38_I_unrelaxed_rank_004_alphafold2_model_3_seed_001.pdb
923,38,Chemokine,0.77234,anc2a_38_I_unrelaxed_rank_005_alphafold2_model_3_seed_000.pdb
924,38,Chemokine,0.77258,anc2a_38_I_unrelaxed_rank_006_alphafold2_model_2_seed_004.pdb
925,38,Chemokine,0.77369,anc2a_38_I_unrelaxed_rank_007_alphafold2_model_2_seed_003.pdb
926,38,Chemokine,0.78363,anc2a_38_I_unrelaxed_rank_008_alphafold2_model_4_seed_001.pdb
927,38,Chemokine,0.77182,anc2a_38_I_unrelaxed_rank_009_alphafold2_model_2_seed_000.pdb
928,38,Chemokine,0.78809,anc2a_38_I_unrelaxed_rank_010_alphafold2_model_4_seed_003.pdb
929,38,Chemokine,0.77423,anc2a_38_I_unrelaxed_rank_011_alphafold2_model_2_seed_001.pdb
930,38,Chemokine,0.7832,anc2a_38_I_unrelaxed_rank_012_alphafold2_model_4_seed_004.pdb
931,38,Chemokine,0.76935,anc2a_38_I_unrelaxed_rank_013_alphafold2_model_1_seed_004.pdb
932,38,Chemokine,0.76991,anc2a_38_I_unrelaxed_rank_014_alphafold2_model_1_seed_003.pdb
933,38,Chemokine,0.76342,anc2a_38_I_unrelaxed_rank_015_alphafold2_model_1_seed_002.pdb
934,38,Chemokine,0.78436,anc2a_38_I_unrelaxed_rank_016_alphafold2_model_4_seed_002.pdb
935,38,Chemokine,0.77791,anc2a_38_I_unrelaxed_rank_017_alphafold2_model_2_seed_002.pdb
936,38,Chemokine,0.76081,anc2a_38_I_unrelaxed_rank_018_alphafold2_model_1_seed_001.pdb
937,38,Chemokine,0.77405,anc2a_38_I_unrelaxed_rank_019_alphafold2_model_5_seed_004.pdb
938,38,Chemokine,0.78591,anc2a_38_I_unrelaxed_rank_020_alphafold2_model_4_seed_000.pdb
939,38,Chemokine,0.76212,anc2a_38_I_unrelaxed_rank_021_alphafold2_model_1_seed_000.pdb
940,38,Chemokine,0.77384,anc2a_38_I_unrelaxed_rank_022_alphafold2_model_5_seed_002.pdb
941,38,Chemokine,0.77351,anc2a_38_I_unrelaxed_rank_023_alphafold2_model_5_seed_003.pdb
942,38,Chemokine,0.77336,anc2a_38_I_unrelaxed_rank_024_alphafold2_model_5_seed_001.pdb
943,38,Chemokine,0.77426,anc2a_38_I_unrelaxed_rank_025_alphafold2_model_5_seed_000.pdb
944,38,Chemokine,0.7859,anc2a_38_L_unrelaxed_rank_001_alphafold2_model_3_seed_001.pdb
945,38,Chemokine,0.78638,anc2a_38_L_unrelaxed_rank_002_alphafold2_model_3_seed_003.pdb
946,38,Chemokine,0.78304,anc2a_38_L_unrelaxed_rank_003_alphafold2_model_2_seed_002.pdb
947,38,Chemokine,0.78643,anc2a_38_L_unrelaxed_rank_004_alphafold2_model_2_seed_001.pdb
948,38,Chemokine,0.78685,anc2a_38_L_unrelaxed_rank_005_alphafold2_model_2_seed_000.pdb
949,38,Chemokine,0.78672,anc2a_38_L_unrelaxed_rank_006_alphafold2_model_2_seed_004.pdb
950,38,Chemokine,0.7856,anc2a_38_L_unrelaxed_rank_007_alphafold2_model_2_seed_003.pdb
951,38,Chemokine,0.77729,anc2a_38_L_unrelaxed_rank_008_alphafold2_model_1_seed_001.pdb
952,38,Chemokine,0.77915,anc2a_38_L_unrelaxed_rank_009_alphafold2_model_1_seed_004.pdb
953,38,Chemokine,0.77823,anc2a_38_L_unrelaxed_rank_010_alphafold2_model_1_seed_002.pdb
954,38,Chemokine,0.7787,anc2a_38_L_unrelaxed_rank_011_alphafold2_model_1_seed_000.pdb
955,38,Chemokine,0.78159,anc2a_38_L_unrelaxed_rank_012_alphafold2_model_1_seed_003.pdb
956,38,Chemokine,0.79428,anc2a_38_L_unrelaxed_rank_013_alphafold2_model_4_seed_002.pdb
957,38,Chemokine,0.79446,anc2a_38_L_unrelaxed_rank_014_alphafold2_model_4_seed_004.pdb
958,38,Chemokine,0.79461,anc2a_38_L_unrelaxed_rank_015_alphafold2_model_4_seed_001.pdb
959,38,Chemokine,0.79237,anc2a_38_L_unrelaxed_rank_016_alphafold2_model_4_seed_003.pdb
960,38,Chemokine,0.79438,anc2a_38_L_unrelaxed_rank_017_alphafold2_model_4_seed_000.pdb
961,38,Chemokine,0.77912,anc2a_38_L_unrelaxed_rank_018_alphafold2_model_5_seed_002.pdb
962,38,Chemokine,0.7686,anc2a_38_L_unrelaxed_rank_019_alphafold2_model_3_seed_004.pdb
963,38,Chemokine,0.77313,anc2a_38_L_unrelaxed_rank_020_alphafold2_model_3_seed_002.pdb
964,38,Chemokine,0.78284,anc2a_38_L_unrelaxed_rank_021_alphafold2_model_5_seed_001.pdb
965,38,Chemokine,0.77584,anc2a_38_L_unrelaxed_rank_022_alphafold2_model_5_seed_000.pdb
966,38,Chemokine,0.77145,anc2a_38_L_unrelaxed_rank_023_alphafold2_model_5_seed_004.pdb
967,38,Chemokine,0.78146,anc2a_38_L_unrelaxed_rank_024_alphafold2_model_5_seed_003.pdb
968,38,Chemokine,0.697,anc2a_38_L_unrelaxed_rank_025_alphafold2_model_3_seed_000.pdb
969,38,Chemokine,0.77852,anc2a_38_V_unrelaxed_rank_001_alphafold2_model_3_seed_003.pdb
970,38,Chemokine,0.77678,anc2a_38_V_unrelaxed_rank_002_alphafold2_model_3_seed_001.pdb
971,38,Chemokine,0.77991,anc2a_38_V_unrelaxed_rank_003_alphafold2_model_3_seed_004.pdb
972,38,Chemokine,0.77159,anc2a_38_V_unrelaxed_rank_004_alphafold2_model_3_seed_002.pdb
973,38,Chemokine,0.77957,anc2a_38_V_unrelaxed_rank_005_alphafold2_model_3_seed_000.pdb
974,38,Chemokine,0.7724,anc2a_38_V_unrelaxed_rank_006_alphafold2_model_2_seed_002.pdb
975,38,Chemokine,0.77498,anc2a_38_V_unrelaxed_rank_007_alphafold2_model_2_seed_004.pdb
976,38,Chemokine,0.77256,anc2a_38_V_unrelaxed_rank_008_alphafold2_model_2_seed_001.pdb
977,38,Chemokine,0.77379,anc2a_38_V_unrelaxed_rank_009_alphafold2_model_2_seed_003.pdb
978,38,Chemokine,0.77303,anc2a_38_V_unrelaxed_rank_010_alphafold2_model_2_seed_000.pdb
979,38,Chemokine,0.76313,anc2a_38_V_unrelaxed_rank_011_alphafold2_model_1_seed_001.pdb
980,38,Chemokine,0.7651,anc2a_38_V_unrelaxed_rank_012_alphafold2_model_1_seed_002.pdb
981,38,Chemokine,0.7618,anc2a_38_V_unrelaxed_rank_013_alphafold2_model_1_seed_000.pdb
982,38,Chemokine,0.76611,anc2a_38_V_unrelaxed_rank_014_alphafold2_model_1_seed_003.pdb
983,38,Chemokine,0.7666,anc2a_38_V_unrelaxed_rank_015_alphafold2_model_1_seed_004.pdb
984,38,Chemokine,0.78852,anc2a_38_V_unrelaxed_rank_016_alphafold2_model_4_seed_004.pdb
985,38,Chemokine,0.78909,anc2a_38_V_unrelaxed_rank_017_alphafold2_model_4_seed_003.pdb
986,38,Chemokine,0.78756,anc2a_38_V_unrelaxed_rank_018_alphafold2_model_4_seed_002.pdb
987,38,Chemokine,0.78875,anc2a_38_V_unrelaxed_rank_019_alphafold2_model_4_seed_001.pdb
988,38,Chemokine,0.78799,anc2a_38_V_unrelaxed_rank_020_alphafold2_model_4_seed_000.pdb
989,38,Chemokine,0.76881,anc2a_38_V_unrelaxed_rank_021_alphafold2_model_5_seed_004.pdb
990,38,Chemokine,0.7678,anc2a_38_V_unrelaxed_rank_022_alphafold2_model_5_seed_002.pdb
991,38,Chemokine,0.76935,anc2a_38_V_unrelaxed_rank_023_alphafold2_model_5_seed_003.pdb
992,38,Chemokine,0.76887,anc2a_38_V_unrelaxed_rank_024_alphafold2_model_5_seed_001.pdb
993,38,Chemokine,0.76988,anc2a_38_V_unrelaxed_rank_025_alphafold2_model_5_seed_000.pdb
994,40,Chemokine,0.77867,anc2a_40_G_unrelaxed_rank_001_alphafold2_model_2_seed_002.pdb
995,40,Chemokine,0.78149,anc2a_40_G_unrelaxed_rank_002_alphafold2_model_2_seed_001.pdb
996,40,Chemokine,0.77833,anc2a_40_G_unrelaxed_rank_003_alphafold2_model_2_seed_003.pdb
997,40,Chemokine,0.77453,anc2a_40_G_unrelaxed_rank_004_alphafold2_model_2_seed_000.pdb
998,40,Chemokine,0.77172,anc2a_40_G_unrelaxed_rank_005_alphafold2_model_5_seed_004.pdb
999,40,Chemokine,0.78815,anc2a_40_G_unrelaxed_rank_006_alphafold2_model_1_seed_003.pdb
1000,40,Chemokine,0.78096,anc2a_40_G_unrelaxed_rank_007_alphafold2_model_4_seed_003.pdb
1001,40,Dimer,0.51625,anc2a_40_G_unrelaxed_rank_008_alphafold2_model_4_seed_002.pdb
1002,40,Dimer,0.52315,anc2a_40_G_unrelaxed_rank_009_alphafold2_model_1_seed_001.pdb
1003,40,Dimer,0.56048,anc2a_40_G_unrelaxed_rank_010_alphafold2_model_3_seed_001.pdb
1004,40,Chemokine,0.66575,anc2a_40_G_unrelaxed_rank_011_alphafold2_model_5_seed_003.pdb
1005,40,Chemokine,0.67239,anc2a_40_G_unrelaxed_rank_012_alphafold2_model_5_seed_001.pdb
1006,40,Chemokine,0.67257,anc2a_40_G_unrelaxed_rank_013_alphafold2_model_5_seed_000.pdb
1007,40,Chemokine,0.76957,anc2a_40_I_unrelaxed_rank_001_alphafold2_model_3_seed_001.pdb
1008,40,Chemokine,0.76526,anc2a_40_I_unrelaxed_rank_002_alphafold2_model_3_seed_002.pdb
1009,40,Chemokine,0.7686,anc2a_40_I_unrelaxed_rank_003_alphafold2_model_3_seed_000.pdb
1010,40,Chemokine,0.76474,anc2a_40_I_unrelaxed_rank_004_alphafold2_model_3_seed_003.pdb
1011,40,Chemokine,0.76799,anc2a_40_I_unrelaxed_rank_005_alphafold2_model_3_seed_004.pdb
1012,40,Chemokine,0.76091,anc2a_40_I_unrelaxed_rank_006_alphafold2_model_1_seed_002.pdb
1013,40,Chemokine,0.77572,anc2a_40_I_unrelaxed_rank_007_alphafold2_model_2_seed_004.pdb
1014,40,Chemokine,0.77685,anc2a_40_I_unrelaxed_rank_008_alphafold2_model_2_seed_003.pdb
1015,40,Chemokine,0.76357,anc2a_40_I_unrelaxed_rank_009_alphafold2_model_1_seed_003.pdb
1016,40,Chemokine,0.77553,anc2a_40_I_unrelaxed_rank_010_alphafold2_model_2_seed_002.pdb
1017,40,Chemokine,0.77555,anc2a_40_I_unrelaxed_rank_011_alphafold2_model_2_seed_000.pdb
1018,40,Chemokine,0.77447,anc2a_40_I_unrelaxed_rank_012_alphafold2_model_2_seed_001.pdb
1019,40,Chemokine,0.78967,anc2a_40_I_unrelaxed_rank_013_alphafold2_model_4_seed_004.pdb
1020,40,Chemokine,0.7673,anc2a_40_I_unrelaxed_rank_014_alphafold2_model_1_seed_001.pdb
1021,40,Chemokine,0.78568,anc2a_40_I_unrelaxed_rank_015_alphafold2_model_4_seed_002.pdb
1022,40,Chemokine,0.7673,anc2a_40_I_unrelaxed_rank_016_alphafold2_model_1_seed_000.pdb
1023,40,Chemokine,0.7706,anc2a_40_I_unrelaxed_rank_017_alphafold2_model_1_seed_004.pdb
1024,40,Chemokine,0.77012,anc2a_40_I_unrelaxed_rank_018_alphafold2_model_5_seed_003.pdb
1025,40,Chemokine,0.69745,anc2a_40_I_unrelaxed_rank_019_alphafold2_model_4_seed_003.pdb
1026,40,Chemokine,0.69755,anc2a_40_I_unrelaxed_rank_020_alphafold2_model_4_seed_001.pdb
1027,40,Chemokine,0.69412,anc2a_40_I_unrelaxed_rank_021_alphafold2_model_4_seed_000.pdb
1028,40,Chemokine,0.66019,anc2a_40_I_unrelaxed_rank_022_alphafold2_model_5_seed_004.pdb
1029,40,Chemokine,0.66177,anc2a_40_I_unrelaxed_rank_023_alphafold2_model_5_seed_000.pdb
1030,40,Chemokine,0.66474,anc2a_40_I_unrelaxed_rank_024_alphafold2_model_5_seed_001.pdb
1031,40,Chemokine,0.76432,anc2a_40_V_unrelaxed_rank_001_alphafold2_model_3_seed_001.pdb
1032,40,Chemokine,0.77479,anc2a_40_V_unrelaxed_rank_002_alphafold2_model_2_seed_003.pdb
1033,40,Chemokine,0.77628,anc2a_40_V_unrelaxed_rank_003_alphafold2_model_2_seed_004.pdb
1034,40,Chemokine,0.77373,anc2a_40_V_unrelaxed_rank_004_alphafold2_model_2_seed_001.pdb
1035,40,Chemokine,0.77976,anc2a_40_V_unrelaxed_rank_005_alphafold2_model_2_seed_002.pdb
1036,40,Chemokine,0.77663,anc2a_40_V_unrelaxed_rank_006_alphafold2_model_2_seed_000.pdb
1037,40,Chemokine,0.76294,anc2a_40_V_unrelaxed_rank_007_alphafold2_model_1_seed_004.pdb
1038,40,Chemokine,0.76532,anc2a_40_V_unrelaxed_rank_008_alphafold2_model_1_seed_002.pdb
1039,40,Chemokine,0.78867,anc2a_40_V_unrelaxed_rank_009_alphafold2_model_4_seed_002.pdb
1040,40,Chemokine,0.76393,anc2a_40_V_unrelaxed_rank_010_alphafold2_model_1_seed_001.pdb
1041,40,Chemokine,0.76472,anc2a_40_V_unrelaxed_rank_011_alphafold2_model_1_seed_003.pdb
1042,40,Chemokine,0.7926,anc2a_40_V_unrelaxed_rank_012_alphafold2_model_4_seed_004.pdb
1043,40,Chemokine,0.77511,anc2a_40_V_unrelaxed_rank_013_alphafold2_model_5_seed_003.pdb
1044,40,Chemokine,0.76733,anc2a_40_V_unrelaxed_rank_014_alphafold2_model_1_seed_000.pdb
1045,40,Chemokine,0.77469,anc2a_40_V_unrelaxed_rank_015_alphafold2_model_5_seed_001.pdb
1046,40,Chemokine,0.7725,anc2a_40_V_unrelaxed_rank_016_alphafold2_model_5_seed_000.pdb
1047,40,Chemokine,0.78126,anc2a_40_V_unrelaxed_rank_017_alphafold2_model_5_seed_002.pdb
1048,40,Chemokine,0.69781,anc2a_40_V_unrelaxed_rank_018_alphafold2_model_4_seed_003.pdb
1049,40,Chemokine,0.69135,anc2a_40_V_unrelaxed_rank_019_alphafold2_model_4_seed_001.pdb
1050,40,Chemokine,0.68876,anc2a_40_V_unrelaxed_rank_020_alphafold2_model_4_seed_000.pdb
1051,40,Chemokine,0.66901,anc2a_40_V_unrelaxed_rank_021_alphafold2_model_3_seed_002.pdb
1052,40,Chemokine,0.65938,anc2a_40_V_unrelaxed_rank_022_alphafold2_model_5_seed_004.pdb
1053,45,Chemokine,0.77146,anc2a_45_I_unrelaxed_rank_001_alphafold2_model_3_seed_003.pdb
1054,45,Chemokine,0.77376,anc2a_45_I_unrelaxed_rank_002_alphafold2_model_1_seed_002.pdb
1055,45,Chemokine,0.77664,anc2a_45_I_unrelaxed_rank_003_alphafold2_model_2_seed_002.pdb
1056,45,Chemokine,0.77056,anc2a_45_I_unrelaxed_rank_004_alphafold2_model_1_seed_003.pdb
1057,45,Dimer,0.52284,anc2a_45_I_unrelaxed_rank_005_alphafold2_model_3_seed_001.pdb
1058,45,Dimer,0.52204,anc2a_45_I_unrelaxed_rank_006_alphafold2_model_3_seed_000.pdb
1059,45,Chemokine,0.77499,anc2a_45_I_unrelaxed_rank_007_alphafold2_model_2_seed_003.pdb
1060,45,Dimer,0.52107,anc2a_45_I_unrelaxed_rank_008_alphafold2_model_3_seed_002.pdb
1061,45,Dimer,0.51344,anc2a_45_I_unrelaxed_rank_010_alphafold2_model_4_seed_001.pdb
1062,45,Dimer,0.50972,anc2a_45_I_unrelaxed_rank_011_alphafold2_model_4_seed_003.pdb
1063,45,Dimer,0.51234,anc2a_45_I_unrelaxed_rank_012_alphafold2_model_4_seed_004.pdb
1064,45,Dimer,0.51211,anc2a_45_I_unrelaxed_rank_013_alphafold2_model_4_seed_000.pdb
1065,45,Dimer,0.51256,anc2a_45_I_unrelaxed_rank_014_alphafold2_model_4_seed_002.pdb
1066,45,Chemokine,0.74096,anc2a_45_I_unrelaxed_rank_015_alphafold2_model_2_seed_001.pdb
1067,45,Chemokine,0.74091,anc2a_45_I_unrelaxed_rank_016_alphafold2_model_2_seed_004.pdb
1068,45,Chemokine,0.70006,anc2a_45_I_unrelaxed_rank_017_alphafold2_model_5_seed_003.pdb
1069,45,Chemokine,0.67659,anc2a_45_I_unrelaxed_rank_018_alphafold2_model_5_seed_004.pdb
1070,45,Chemokine,0.66484,anc2a_45_I_unrelaxed_rank_019_alphafold2_model_5_seed_000.pdb
1071,45,Chemokine,0.71379,anc2a_45_L_unrelaxed_rank_001_alphafold2_model_3_seed_003.pdb
1072,45,Chemokine,0.78491,anc2a_45_L_unrelaxed_rank_002_alphafold2_model_3_seed_004.pdb
1073,45,Chemokine,0.77667,anc2a_45_L_unrelaxed_rank_003_alphafold2_model_2_seed_004.pdb
1074,45,Chemokine,0.76657,anc2a_45_L_unrelaxed_rank_004_alphafold2_model_1_seed_002.pdb
1075,45,Dimer,0.5135,anc2a_45_L_unrelaxed_rank_005_alphafold2_model_3_seed_001.pdb
1076,45,Chemokine,0.71285,anc2a_45_L_unrelaxed_rank_006_alphafold2_model_5_seed_003.pdb
1077,45,Chemokine,0.7799,anc2a_45_L_unrelaxed_rank_007_alphafold2_model_4_seed_000.pdb
1078,45,Chemokine,0.71304,anc2a_45_L_unrelaxed_rank_008_alphafold2_model_5_seed_004.pdb
1079,45,Chemokine,0.77265,anc2a_45_L_unrelaxed_rank_010_alphafold2_model_2_seed_001.pdb
1080,45,Chemokine,0.77001,anc2a_45_L_unrelaxed_rank_012_alphafold2_model_2_seed_002.pdb
1081,45,Chemokine,0.75732,anc2a_45_L_unrelaxed_rank_013_alphafold2_model_1_seed_003.pdb
1082,45,Chemokine,0.70986,anc2a_45_L_unrelaxed_rank_014_alphafold2_model_5_seed_000.pdb
1083,45,Chemokine,0.71089,anc2a_45_L_unrelaxed_rank_018_alphafold2_model_5_seed_001.pdb
1084,45,Chemokine,0.75882,anc2a_45_L_unrelaxed_rank_019_alphafold2_model_2_seed_003.pdb
1085,45,Chemokine,0.7321,anc2a_45_L_unrelaxed_rank_021_alphafold2_model_2_seed_000.pdb
1086,45,Chemokine,0.66942,anc2a_45_L_unrelaxed_rank_022_alphafold2_model_5_seed_002.pdb
1087,45,Chemokine,0.70977,anc2a_45_V_unrelaxed_rank_001_alphafold2_model_3_seed_003.pdb
1088,45,Chemokine,0.76745,anc2a_45_V_unrelaxed_rank_002_alphafold2_model_3_seed_004.pdb
1089,45,Chemokine,0.76644,anc2a_45_V_unrelaxed_rank_003_alphafold2_model_3_seed_002.pdb
1090,45,Chemokine,0.77021,anc2a_45_V_unrelaxed_rank_004_alphafold2_model_3_seed_000.pdb
1091,45,Chemokine,0.77743,anc2a_45_V_unrelaxed_rank_005_alphafold2_model_2_seed_002.pdb
1092,45,Chemokine,0.76829,anc2a_45_V_unrelaxed_rank_006_alphafold2_model_1_seed_002.pdb
1093,45,Chemokine,0.77082,anc2a_45_V_unrelaxed_rank_007_alphafold2_model_1_seed_000.pdb
1094,45,Chemokine,0.78726,anc2a_45_V_unrelaxed_rank_008_alphafold2_model_4_seed_004.pdb
1095,45,Chemokine,0.77816,anc2a_45_V_unrelaxed_rank_009_alphafold2_model_2_seed_003.pdb
1096,45,Chemokine,0.77471,anc2a_45_V_unrelaxed_rank_010_alphafold2_model_2_seed_004.pdb
1097,45,Chemokine,0.76533,anc2a_45_V_unrelaxed_rank_011_alphafold2_model_1_seed_004.pdb
1098,45,Dimer,0.51808,anc2a_45_V_unrelaxed_rank_012_alphafold2_model_3_seed_001.pdb
1099,45,Chemokine,0.76152,anc2a_45_V_unrelaxed_rank_013_alphafold2_model_2_seed_001.pdb
1100,45,Chemokine,0.70174,anc2a_45_V_unrelaxed_rank_014_alphafold2_model_5_seed_004.pdb
1101,45,Chemokine,0.70383,anc2a_45_V_unrelaxed_rank_015_alphafold2_model_5_seed_003.pdb
1102,45,Chemokine,0.75074,anc2a_45_V_unrelaxed_rank_016_alphafold2_model_2_seed_000.pdb
1103,45,Dimer,0.51323,anc2a_45_V_unrelaxed_rank_017_alphafold2_model_4_seed_001.pdb
1104,45,Chemokine,0.70384,anc2a_45_V_unrelaxed_rank_018_alphafold2_model_5_seed_000.pdb
1105,45,Chemokine,0.70161,anc2a_45_V_unrelaxed_rank_019_alphafold2_model_4_seed_002.pdb
1106,45,Chemokine,0.70151,anc2a_45_V_unrelaxed_rank_020_alphafold2_model_4_seed_003.pdb
1107,45,Chemokine,0.69037,anc2a_45_V_unrelaxed_rank_021_alphafold2_model_4_seed_000.pdb
1108,45,Chemokine,0.69484,anc2a_45_V_unrelaxed_rank_022_alphafold2_model_5_seed_001.pdb
1109,45,Chemokine,0.66467,anc2a_45_V_unrelaxed_rank_023_alphafold2_model_5_seed_002.pdb
1110,I,Chemokine,0.76554,anc2a_I_unrelaxed_rank_001_alphafold2_model_3_seed_002.pdb
1111,I,Chemokine,0.76496,anc2a_I_unrelaxed_rank_002_alphafold2_model_3_seed_004.pdb
1112,I,Chemokine,0.76227,anc2a_I_unrelaxed_rank_003_alphafold2_model_3_seed_001.pdb
1113,I,Chemokine,0.76778,anc2a_I_unrelaxed_rank_004_alphafold2_model_2_seed_004.pdb
1114,I,Chemokine,0.77517,anc2a_I_unrelaxed_rank_005_alphafold2_model_3_seed_003.pdb
1115,I,Chemokine,0.76421,anc2a_I_unrelaxed_rank_006_alphafold2_model_3_seed_000.pdb
1116,I,Chemokine,0.76921,anc2a_I_unrelaxed_rank_007_alphafold2_model_2_seed_002.pdb
1117,I,Chemokine,0.7672,anc2a_I_unrelaxed_rank_008_alphafold2_model_2_seed_003.pdb
1118,I,Chemokine,0.76862,anc2a_I_unrelaxed_rank_009_alphafold2_model_2_seed_000.pdb
1119,I,Chemokine,0.76734,anc2a_I_unrelaxed_rank_010_alphafold2_model_2_seed_001.pdb
1120,I,Chemokine,0.76387,anc2a_I_unrelaxed_rank_011_alphafold2_model_1_seed_001.pdb
1121,I,Chemokine,0.76899,anc2a_I_unrelaxed_rank_012_alphafold2_model_1_seed_002.pdb
1122,I,Chemokine,0.76283,anc2a_I_unrelaxed_rank_013_alphafold2_model_1_seed_000.pdb
1123,I,Chemokine,0.76819,anc2a_I_unrelaxed_rank_014_alphafold2_model_1_seed_004.pdb
1124,I,Chemokine,0.76452,anc2a_I_unrelaxed_rank_015_alphafold2_model_1_seed_003.pdb
1125,I,Chemokine,0.78415,anc2a_I_unrelaxed_rank_016_alphafold2_model_4_seed_003.pdb
1126,I,Chemokine,0.7945,anc2a_I_unrelaxed_rank_017_alphafold2_model_4_seed_002.pdb
1127,I,Chemokine,0.78527,anc2a_I_unrelaxed_rank_018_alphafold2_model_4_seed_001.pdb
1128,I,Chemokine,0.78322,anc2a_I_unrelaxed_rank_019_alphafold2_model_4_seed_000.pdb
1129,I,Chemokine,0.7919,anc2a_I_unrelaxed_rank_020_alphafold2_model_4_seed_004.pdb
1130,I,Chemokine,0.77156,anc2a_I_unrelaxed_rank_021_alphafold2_model_5_seed_002.pdb
1131,I,Chemokine,0.77247,anc2a_I_unrelaxed_rank_022_alphafold2_model_5_seed_003.pdb
1132,I,Chemokine,0.76826,anc2a_I_unrelaxed_rank_023_alphafold2_model_5_seed_004.pdb
1133,I,Chemokine,0.77107,anc2a_I_unrelaxed_rank_024_alphafold2_model_5_seed_001.pdb
1134,I,Chemokine,0.77017,anc2a_I_unrelaxed_rank_025_alphafold2_model_5_seed_000.pdb
1135,L,Chemokine,0.76129,anc2a_L_unrelaxed_rank_001_alphafold2_model_3_seed_001.pdb
1136,L,Chemokine,0.7611,anc2a_L_unrelaxed_rank_002_alphafold2_model_3_seed_004.pdb
1137,L,Chemokine,0.77636,anc2a_L_unrelaxed_rank_003_alphafold2_model_3_seed_003.pdb
1138,L,Chemokine,0.77338,anc2a_L_unrelaxed_rank_004_alphafold2_model_2_seed_003.pdb
1139,L,Chemokine,0.77379,anc2a_L_unrelaxed_rank_005_alphafold2_model_3_seed_000.pdb
1140,L,Chemokine,0.77554,anc2a_L_unrelaxed_rank_006_alphafold2_model_3_seed_002.pdb
1141,L,Chemokine,0.7715,anc2a_L_unrelaxed_rank_007_alphafold2_model_2_seed_002.pdb
1142,L,Chemokine,0.76951,anc2a_L_unrelaxed_rank_008_alphafold2_model_2_seed_000.pdb
1143,L,Chemokine,0.75983,anc2a_L_unrelaxed_rank_009_alphafold2_model_1_seed_000.pdb
1144,L,Chemokine,0.77863,anc2a_L_unrelaxed_rank_010_alphafold2_model_2_seed_004.pdb
1145,L,Chemokine,0.76001,anc2a_L_unrelaxed_rank_011_alphafold2_model_1_seed_002.pdb
1146,L,Chemokine,0.75923,anc2a_L_unrelaxed_rank_012_alphafold2_model_1_seed_001.pdb
1147,L,Chemokine,0.76804,anc2a_L_unrelaxed_rank_013_alphafold2_model_2_seed_001.pdb
1148,L,Chemokine,0.75919,anc2a_L_unrelaxed_rank_014_alphafold2_model_1_seed_004.pdb
1149,L,Chemokine,0.75843,anc2a_L_unrelaxed_rank_015_alphafold2_model_1_seed_003.pdb
1150,L,Chemokine,0.78664,anc2a_L_unrelaxed_rank_016_alphafold2_model_4_seed_002.pdb
1151,L,Chemokine,0.79167,anc2a_L_unrelaxed_rank_017_alphafold2_model_4_seed_003.pdb
1152,L,Chemokine,0.78562,anc2a_L_unrelaxed_rank_018_alphafold2_model_4_seed_004.pdb
1153,L,Chemokine,0.78121,anc2a_L_unrelaxed_rank_019_alphafold2_model_4_seed_000.pdb
1154,L,Chemokine,0.786,anc2a_L_unrelaxed_rank_020_alphafold2_model_4_seed_001.pdb
1155,L,Chemokine,0.76945,anc2a_L_unrelaxed_rank_021_alphafold2_model_5_seed_002.pdb
1156,L,Chemokine,0.76463,anc2a_L_unrelaxed_rank_022_alphafold2_model_5_seed_004.pdb
1157,L,Chemokine,0.76385,anc2a_L_unrelaxed_rank_023_alphafold2_model_5_seed_003.pdb
1158,L,Chemokine,0.76783,anc2a_L_unrelaxed_rank_024_alphafold2_model_5_seed_001.pdb
1159,L,Chemokine,0.76727,anc2a_L_unrelaxed_rank_025_alphafold2_model_5_seed_000.pdb
1160,M,Chemokine,0.77351,anc2a_M_unrelaxed_rank_001_alphafold2_model_3_seed_004.pdb
1161,M,Chemokine,0.77246,anc2a_M_unrelaxed_rank_002_alphafold2_model_3_seed_002.pdb
1162,M,Chemokine,0.77045,anc2a_M_unrelaxed_rank_003_alphafold2_model_3_seed_003.pdb
1163,M,Chemokine,0.77486,anc2a_M_unrelaxed_rank_004_alphafold2_model_3_seed_001.pdb
1164,M,Chemokine,0.77234,anc2a_M_unrelaxed_rank_005_alphafold2_model_3_seed_000.pdb
1165,M,Chemokine,0.77258,anc2a_M_unrelaxed_rank_006_alphafold2_model_2_seed_004.pdb
1166,M,Chemokine,0.77369,anc2a_M_unrelaxed_rank_007_alphafold2_model_2_seed_003.pdb
1167,M,Chemokine,0.78363,anc2a_M_unrelaxed_rank_008_alphafold2_model_4_seed_001.pdb
1168,M,Chemokine,0.77182,anc2a_M_unrelaxed_rank_009_alphafold2_model_2_seed_000.pdb
1169,M,Chemokine,0.78809,anc2a_M_unrelaxed_rank_010_alphafold2_model_4_seed_003.pdb
1170,M,Chemokine,0.77423,anc2a_M_unrelaxed_rank_011_alphafold2_model_2_seed_001.pdb
1171,M,Chemokine,0.7832,anc2a_M_unrelaxed_rank_012_alphafold2_model_4_seed_004.pdb
1172,M,Chemokine,0.76935,anc2a_M_unrelaxed_rank_013_alphafold2_model_1_seed_004.pdb
1173,M,Chemokine,0.76991,anc2a_M_unrelaxed_rank_014_alphafold2_model_1_seed_003.pdb
1174,M,Chemokine,0.76342,anc2a_M_unrelaxed_rank_015_alphafold2_model_1_seed_002.pdb
1175,M,Chemokine,0.78436,anc2a_M_unrelaxed_rank_016_alphafold2_model_4_seed_002.pdb
1176,M,Chemokine,0.77791,anc2a_M_unrelaxed_rank_017_alphafold2_model_2_seed_002.pdb
1177,M,Chemokine,0.76081,anc2a_M_unrelaxed_rank_018_alphafold2_model_1_seed_001.pdb
1178,M,Chemokine,0.77405,anc2a_M_unrelaxed_rank_019_alphafold2_model_5_seed_004.pdb
1179,M,Chemokine,0.78591,anc2a_M_unrelaxed_rank_020_alphafold2_model_4_seed_000.pdb
1180,M,Chemokine,0.76212,anc2a_M_unrelaxed_rank_021_alphafold2_model_1_seed_000.pdb
1181,M,Chemokine,0.77384,anc2a_M_unrelaxed_rank_022_alphafold2_model_5_seed_002.pdb
1182,M,Chemokine,0.77351,anc2a_M_unrelaxed_rank_023_alphafold2_model_5_seed_003.pdb
1183,M,Chemokine,0.77336,anc2a_M_unrelaxed_rank_024_alphafold2_model_5_seed_001.pdb
1184,M,Chemokine,0.77426,anc2a_M_unrelaxed_rank_025_alphafold2_model_5_seed_000.pdb
1185,14,Chemokine,0.75593,anc2b_14_I_unrelaxed_rank_001_alphafold2_model_3_seed_001.pdb
1186,14,Chemokine,0.75574,anc2b_14_I_unrelaxed_rank_002_alphafold2_model_3_seed_004.pdb
1187,14,Chemokine,0.75668,anc2b_14_I_unrelaxed_rank_003_alphafold2_model_3_seed_000.pdb
1188,14,Chemokine,0.75747,anc2b_14_I_unrelaxed_rank_004_alphafold2_model_3_seed_003.pdb
1189,14,Chemokine,0.76917,anc2b_14_I_unrelaxed_rank_005_alphafold2_model_2_seed_004.pdb
1190,14,Chemokine,0.76951,anc2b_14_I_unrelaxed_rank_006_alphafold2_model_2_seed_000.pdb
1191,14,Chemokine,0.77011,anc2b_14_I_unrelaxed_rank_007_alphafold2_model_2_seed_003.pdb
1192,14,Chemokine,0.76886,anc2b_14_I_unrelaxed_rank_008_alphafold2_model_2_seed_002.pdb
1193,14,Chemokine,0.76893,anc2b_14_I_unrelaxed_rank_009_alphafold2_model_2_seed_001.pdb
1194,14,Chemokine,0.76189,anc2b_14_I_unrelaxed_rank_010_alphafold2_model_1_seed_001.pdb
1195,14,Chemokine,0.76263,anc2b_14_I_unrelaxed_rank_011_alphafold2_model_3_seed_002.pdb
1196,14,Chemokine,0.76016,anc2b_14_I_unrelaxed_rank_012_alphafold2_model_1_seed_004.pdb
1197,14,Chemokine,0.75987,anc2b_14_I_unrelaxed_rank_013_alphafold2_model_1_seed_002.pdb
1198,14,Chemokine,0.76493,anc2b_14_I_unrelaxed_rank_014_alphafold2_model_1_seed_003.pdb
1199,14,Chemokine,0.77688,anc2b_14_I_unrelaxed_rank_015_alphafold2_model_4_seed_001.pdb
1200,14,Chemokine,0.77699,anc2b_14_I_unrelaxed_rank_016_alphafold2_model_4_seed_000.pdb
1201,14,Chemokine,0.76643,anc2b_14_I_unrelaxed_rank_017_alphafold2_model_5_seed_002.pdb
1202,14,Chemokine,0.76368,anc2b_14_I_unrelaxed_rank_018_alphafold2_model_5_seed_004.pdb
1203,14,Chemokine,0.77308,anc2b_14_I_unrelaxed_rank_019_alphafold2_model_4_seed_002.pdb
1204,14,Chemokine,0.77514,anc2b_14_I_unrelaxed_rank_020_alphafold2_model_4_seed_003.pdb
1205,14,Chemokine,0.73138,anc2b_14_I_unrelaxed_rank_021_alphafold2_model_1_seed_000.pdb
1206,14,Chemokine,0.77308,anc2b_14_I_unrelaxed_rank_022_alphafold2_model_4_seed_004.pdb
1207,14,Chemokine,0.76539,anc2b_14_I_unrelaxed_rank_023_alphafold2_model_5_seed_000.pdb
1208,14,Chemokine,0.76424,anc2b_14_I_unrelaxed_rank_024_alphafold2_model_5_seed_003.pdb
1209,14,Chemokine,0.76038,anc2b_14_I_unrelaxed_rank_025_alphafold2_model_5_seed_001.pdb
1210,14,Chemokine,0.75161,anc2b_14_L_unrelaxed_rank_001_alphafold2_model_3_seed_001.pdb
1211,14,Chemokine,0.74854,anc2b_14_L_unrelaxed_rank_002_alphafold2_model_3_seed_002.pdb
1212,14,Chemokine,0.74948,anc2b_14_L_unrelaxed_rank_003_alphafold2_model_3_seed_004.pdb
1213,14,Chemokine,0.77055,anc2b_14_L_unrelaxed_rank_004_alphafold2_model_2_seed_004.pdb
1214,14,Chemokine,0.75232,anc2b_14_L_unrelaxed_rank_005_alphafold2_model_3_seed_000.pdb
1215,14,Chemokine,0.75332,anc2b_14_L_unrelaxed_rank_006_alphafold2_model_3_seed_003.pdb
1216,14,Chemokine,0.77086,anc2b_14_L_unrelaxed_rank_007_alphafold2_model_2_seed_001.pdb
1217,14,Chemokine,0.77311,anc2b_14_L_unrelaxed_rank_008_alphafold2_model_2_seed_002.pdb
1218,14,Chemokine,0.77074,anc2b_14_L_unrelaxed_rank_009_alphafold2_model_2_seed_000.pdb
1219,14,Chemokine,0.76237,anc2b_14_L_unrelaxed_rank_010_alphafold2_model_1_seed_000.pdb
1220,14,Chemokine,0.76574,anc2b_14_L_unrelaxed_rank_011_alphafold2_model_1_seed_004.pdb
1221,14,Chemokine,0.77274,anc2b_14_L_unrelaxed_rank_012_alphafold2_model_2_seed_003.pdb
1222,14,Chemokine,0.76325,anc2b_14_L_unrelaxed_rank_013_alphafold2_model_1_seed_002.pdb
1223,14,Chemokine,0.72403,anc2b_14_L_unrelaxed_rank_014_alphafold2_model_1_seed_001.pdb
1224,14,Chemokine,0.76734,anc2b_14_L_unrelaxed_rank_015_alphafold2_model_4_seed_004.pdb
1225,14,Chemokine,0.76605,anc2b_14_L_unrelaxed_rank_016_alphafold2_model_4_seed_003.pdb
1226,14,Chemokine,0.76803,anc2b_14_L_unrelaxed_rank_017_alphafold2_model_4_seed_000.pdb
1227,14,Chemokine,0.75913,anc2b_14_L_unrelaxed_rank_018_alphafold2_model_4_seed_002.pdb
1228,14,Chemokine,0.76958,anc2b_14_L_unrelaxed_rank_019_alphafold2_model_4_seed_001.pdb
1229,14,Chemokine,0.76235,anc2b_14_L_unrelaxed_rank_020_alphafold2_model_5_seed_002.pdb
1230,14,Chemokine,0.74736,anc2b_14_L_unrelaxed_rank_021_alphafold2_model_1_seed_003.pdb
1231,14,Chemokine,0.76325,anc2b_14_L_unrelaxed_rank_022_alphafold2_model_5_seed_001.pdb
1232,14,Chemokine,0.76095,anc2b_14_L_unrelaxed_rank_023_alphafold2_model_5_seed_004.pdb
1233,14,Chemokine,0.76307,anc2b_14_L_unrelaxed_rank_024_alphafold2_model_5_seed_003.pdb
1234,14,Chemokine,0.76197,anc2b_14_L_unrelaxed_rank_025_alphafold2_model_5_seed_000.pdb
1235,14,Chemokine,0.7509,anc2b_14_V_unrelaxed_rank_001_alphafold2_model_3_seed_001.pdb
1236,14,Chemokine,0.75295,anc2b_14_V_unrelaxed_rank_002_alphafold2_model_3_seed_003.pdb
1237,14,Chemokine,0.76107,anc2b_14_V_unrelaxed_rank_003_alphafold2_model_2_seed_003.pdb
1238,14,Chemokine,0.75045,anc2b_14_V_unrelaxed_rank_004_alphafold2_model_3_seed_002.pdb
1239,14,Chemokine,0.75141,anc2b_14_V_unrelaxed_rank_005_alphafold2_model_3_seed_000.pdb
1240,14,Chemokine,0.75281,anc2b_14_V_unrelaxed_rank_006_alphafold2_model_3_seed_004.pdb
1241,14,Chemokine,0.75967,anc2b_14_V_unrelaxed_rank_007_alphafold2_model_1_seed_004.pdb
1242,14,Chemokine,0.75595,anc2b_14_V_unrelaxed_rank_008_alphafold2_model_1_seed_001.pdb
1243,14,Chemokine,0.75727,anc2b_14_V_unrelaxed_rank_009_alphafold2_model_1_seed_003.pdb
1244,14,Chemokine,0.77298,anc2b_14_V_unrelaxed_rank_010_alphafold2_model_2_seed_002.pdb
1245,14,Chemokine,0.77063,anc2b_14_V_unrelaxed_rank_011_alphafold2_model_2_seed_004.pdb
1246,14,Chemokine,0.77162,anc2b_14_V_unrelaxed_rank_012_alphafold2_model_2_seed_001.pdb
1247,14,Chemokine,0.77196,anc2b_14_V_unrelaxed_rank_013_alphafold2_model_2_seed_000.pdb
1248,14,Chemokine,0.77381,anc2b_14_V_unrelaxed_rank_014_alphafold2_model_4_seed_002.pdb
1249,14,Chemokine,0.77367,anc2b_14_V_unrelaxed_rank_015_alphafold2_model_4_seed_004.pdb
1250,14,Chemokine,0.77215,anc2b_14_V_unrelaxed_rank_016_alphafold2_model_4_seed_000.pdb
1251,14,Chemokine,0.76279,anc2b_14_V_unrelaxed_rank_017_alphafold2_model_5_seed_002.pdb
1252,14,Chemokine,0.7482,anc2b_14_V_unrelaxed_rank_018_alphafold2_model_1_seed_002.pdb
1253,14,Chemokine,0.77346,anc2b_14_V_unrelaxed_rank_019_alphafold2_model_4_seed_001.pdb
1254,14,Chemokine,0.76287,anc2b_14_V_unrelaxed_rank_020_alphafold2_model_5_seed_004.pdb
1255,14,Chemokine,0.77202,anc2b_14_V_unrelaxed_rank_021_alphafold2_model_4_seed_003.pdb
1256,14,Chemokine,0.7364,anc2b_14_V_unrelaxed_rank_022_alphafold2_model_1_seed_000.pdb
1257,14,Chemokine,0.76428,anc2b_14_V_unrelaxed_rank_023_alphafold2_model_5_seed_003.pdb
1258,14,Chemokine,0.75997,anc2b_14_V_unrelaxed_rank_024_alphafold2_model_5_seed_000.pdb
1259,14,Chemokine,0.76004,anc2b_14_V_unrelaxed_rank_025_alphafold2_model_5_seed_001.pdb
1260,36,Chemokine,0.76567,anc2b_36_A_unrelaxed_rank_001_alphafold2_model_3_seed_004.pdb
1261,36,Chemokine,0.7661,anc2b_36_A_unrelaxed_rank_002_alphafold2_model_3_seed_003.pdb
1262,36,Chemokine,0.76637,anc2b_36_A_unrelaxed_rank_003_alphafold2_model_3_seed_001.pdb
1263,36,Chemokine,0.76372,anc2b_36_A_unrelaxed_rank_004_alphafold2_model_3_seed_002.pdb
1264,36,Chemokine,0.76672,anc2b_36_A_unrelaxed_rank_005_alphafold2_model_3_seed_000.pdb
1265,36,Chemokine,0.76948,anc2b_36_A_unrelaxed_rank_006_alphafold2_model_1_seed_003.pdb
1266,36,Chemokine,0.77084,anc2b_36_A_unrelaxed_rank_007_alphafold2_model_1_seed_004.pdb
1267,36,Chemokine,0.77073,anc2b_36_A_unrelaxed_rank_008_alphafold2_model_1_seed_001.pdb
1268,36,Chemokine,0.77659,anc2b_36_A_unrelaxed_rank_009_alphafold2_model_2_seed_003.pdb
1269,36,Chemokine,0.77014,anc2b_36_A_unrelaxed_rank_010_alphafold2_model_1_seed_000.pdb
1270,36,Chemokine,0.77124,anc2b_36_A_unrelaxed_rank_011_alphafold2_model_1_seed_002.pdb
1271,36,Chemokine,0.78066,anc2b_36_A_unrelaxed_rank_012_alphafold2_model_2_seed_004.pdb
1272,36,Chemokine,0.78188,anc2b_36_A_unrelaxed_rank_013_alphafold2_model_2_seed_002.pdb
1273,36,Chemokine,0.77856,anc2b_36_A_unrelaxed_rank_014_alphafold2_model_2_seed_000.pdb
1274,36,Chemokine,0.77908,anc2b_36_A_unrelaxed_rank_015_alphafold2_model_4_seed_003.pdb
1275,36,Chemokine,0.77986,anc2b_36_A_unrelaxed_rank_016_alphafold2_model_2_seed_001.pdb
1276,36,Chemokine,0.77775,anc2b_36_A_unrelaxed_rank_017_alphafold2_model_4_seed_004.pdb
1277,36,Chemokine,0.77868,anc2b_36_A_unrelaxed_rank_018_alphafold2_model_4_seed_001.pdb
1278,36,Chemokine,0.77925,anc2b_36_A_unrelaxed_rank_019_alphafold2_model_4_seed_000.pdb
1279,36,Chemokine,0.77738,anc2b_36_A_unrelaxed_rank_020_alphafold2_model_4_seed_002.pdb
1280,36,Chemokine,0.77256,anc2b_36_A_unrelaxed_rank_021_alphafold2_model_5_seed_002.pdb
1281,36,Chemokine,0.77161,anc2b_36_A_unrelaxed_rank_022_alphafold2_model_5_seed_004.pdb
1282,36,Chemokine,0.7712,anc2b_36_A_unrelaxed_rank_023_alphafold2_model_5_seed_003.pdb
1283,36,Chemokine,0.76903,anc2b_36_A_unrelaxed_rank_024_alphafold2_model_5_seed_000.pdb
1284,36,Chemokine,0.76956,anc2b_36_A_unrelaxed_rank_025_alphafold2_model_5_seed_001.pdb
1285,36,Chemokine,0.77897,anc2b_36_G_unrelaxed_rank_001_alphafold2_model_3_seed_004.pdb
1286,36,Chemokine,0.77832,anc2b_36_G_unrelaxed_rank_002_alphafold2_model_3_seed_003.pdb
1287,36,Chemokine,0.77813,anc2b_36_G_unrelaxed_rank_003_alphafold2_model_3_seed_001.pdb
1288,36,Chemokine,0.77777,anc2b_36_G_unrelaxed_rank_004_alphafold2_model_3_seed_000.pdb
1289,36,Chemokine,0.77801,anc2b_36_G_unrelaxed_rank_005_alphafold2_model_3_seed_002.pdb
1290,36,Chemokine,0.7916,anc2b_36_G_unrelaxed_rank_006_alphafold2_model_4_seed_001.pdb
1291,36,Chemokine,0.7925,anc2b_36_G_unrelaxed_rank_007_alphafold2_model_4_seed_003.pdb
1292,36,Chemokine,0.79085,anc2b_36_G_unrelaxed_rank_008_alphafold2_model_4_seed_004.pdb
1293,36,Chemokine,0.79332,anc2b_36_G_unrelaxed_rank_009_alphafold2_model_4_seed_000.pdb
1294,36,Chemokine,0.79286,anc2b_36_G_unrelaxed_rank_010_alphafold2_model_4_seed_002.pdb
1295,36,Chemokine,0.79187,anc2b_36_G_unrelaxed_rank_011_alphafold2_model_1_seed_004.pdb
1296,36,Chemokine,0.79152,anc2b_36_G_unrelaxed_rank_012_alphafold2_model_1_seed_003.pdb
1297,36,Chemokine,0.79122,anc2b_36_G_unrelaxed_rank_013_alphafold2_model_1_seed_002.pdb
1298,36,Chemokine,0.78998,anc2b_36_G_unrelaxed_rank_014_alphafold2_model_1_seed_000.pdb
1299,36,Chemokine,0.79056,anc2b_36_G_unrelaxed_rank_015_alphafold2_model_1_seed_001.pdb
1300,36,Chemokine,0.8,anc2b_36_G_unrelaxed_rank_016_alphafold2_model_2_seed_003.pdb
1301,36,Chemokine,0.79934,anc2b_36_G_unrelaxed_rank_017_alphafold2_model_2_seed_004.pdb
1302,36,Chemokine,0.78656,anc2b_36_G_unrelaxed_rank_018_alphafold2_model_5_seed_002.pdb
1303,36,Chemokine,0.77751,anc2b_36_G_unrelaxed_rank_019_alphafold2_model_5_seed_004.pdb
1304,36,Chemokine,0.77916,anc2b_36_G_unrelaxed_rank_020_alphafold2_model_5_seed_001.pdb
1305,36,Chemokine,0.78153,anc2b_36_G_unrelaxed_rank_021_alphafold2_model_5_seed_003.pdb
1306,36,Chemokine,0.7781,anc2b_36_G_unrelaxed_rank_022_alphafold2_model_5_seed_000.pdb
1307,36,Chemokine,0.75674,anc2b_36_I_unrelaxed_rank_001_alphafold2_model_3_seed_002.pdb
1308,36,Chemokine,0.75793,anc2b_36_I_unrelaxed_rank_002_alphafold2_model_3_seed_004.pdb
1309,36,Chemokine,0.75592,anc2b_36_I_unrelaxed_rank_003_alphafold2_model_3_seed_003.pdb
1310,36,Chemokine,0.75742,anc2b_36_I_unrelaxed_rank_004_alphafold2_model_3_seed_000.pdb
1311,36,Chemokine,0.75903,anc2b_36_I_unrelaxed_rank_005_alphafold2_model_3_seed_001.pdb
1312,36,Chemokine,0.76109,anc2b_36_I_unrelaxed_rank_006_alphafold2_model_2_seed_004.pdb
1313,36,Chemokine,0.7624,anc2b_36_I_unrelaxed_rank_007_alphafold2_model_2_seed_003.pdb
1314,36,Chemokine,0.76267,anc2b_36_I_unrelaxed_rank_008_alphafold2_model_2_seed_002.pdb
1315,36,Chemokine,0.75817,anc2b_36_I_unrelaxed_rank_009_alphafold2_model_1_seed_002.pdb
1316,36,Chemokine,0.77109,anc2b_36_I_unrelaxed_rank_010_alphafold2_model_2_seed_000.pdb
1317,36,Chemokine,0.75312,anc2b_36_I_unrelaxed_rank_011_alphafold2_model_1_seed_004.pdb
1318,36,Chemokine,0.7652,anc2b_36_I_unrelaxed_rank_012_alphafold2_model_4_seed_000.pdb
1319,36,Chemokine,0.7564,anc2b_36_I_unrelaxed_rank_013_alphafold2_model_5_seed_004.pdb
1320,36,Chemokine,0.74989,anc2b_36_I_unrelaxed_rank_014_alphafold2_model_1_seed_003.pdb
1321,36,Chemokine,0.76533,anc2b_36_I_unrelaxed_rank_015_alphafold2_model_4_seed_001.pdb
1322,36,Chemokine,0.75903,anc2b_36_I_unrelaxed_rank_016_alphafold2_model_5_seed_002.pdb
1323,36,Chemokine,0.73679,anc2b_36_I_unrelaxed_rank_017_alphafold2_model_1_seed_000.pdb
1324,36,Chemokine,0.75921,anc2b_36_I_unrelaxed_rank_018_alphafold2_model_5_seed_001.pdb
1325,36,Chemokine,0.76253,anc2b_36_I_unrelaxed_rank_019_alphafold2_model_4_seed_003.pdb
1326,36,Chemokine,0.75895,anc2b_36_I_unrelaxed_rank_020_alphafold2_model_5_seed_003.pdb
1327,36,Chemokine,0.75847,anc2b_36_I_unrelaxed_rank_021_alphafold2_model_5_seed_000.pdb
1328,36,Chemokine,0.77141,anc2b_36_I_unrelaxed_rank_022_alphafold2_model_2_seed_001.pdb
1329,36,Chemokine,0.73759,anc2b_36_I_unrelaxed_rank_023_alphafold2_model_1_seed_001.pdb
1330,36,Chemokine,0.76238,anc2b_36_I_unrelaxed_rank_024_alphafold2_model_4_seed_002.pdb
1331,36,Chemokine,0.74758,anc2b_36_I_unrelaxed_rank_025_alphafold2_model_4_seed_004.pdb
1332,38,Chemokine,0.76567,anc2b_38_I_unrelaxed_rank_001_alphafold2_model_3_seed_004.pdb
1333,38,Chemokine,0.7661,anc2b_38_I_unrelaxed_rank_002_alphafold2_model_3_seed_003.pdb
1334,38,Chemokine,0.76637,anc2b_38_I_unrelaxed_rank_003_alphafold2_model_3_seed_001.pdb
1335,38,Chemokine,0.76372,anc2b_38_I_unrelaxed_rank_004_alphafold2_model_3_seed_002.pdb
1336,38,Chemokine,0.76672,anc2b_38_I_unrelaxed_rank_005_alphafold2_model_3_seed_000.pdb
1337,38,Chemokine,0.76948,anc2b_38_I_unrelaxed_rank_006_alphafold2_model_1_seed_003.pdb
1338,38,Chemokine,0.77084,anc2b_38_I_unrelaxed_rank_007_alphafold2_model_1_seed_004.pdb
1339,38,Chemokine,0.77073,anc2b_38_I_unrelaxed_rank_008_alphafold2_model_1_seed_001.pdb
1340,38,Chemokine,0.77659,anc2b_38_I_unrelaxed_rank_009_alphafold2_model_2_seed_003.pdb
1341,38,Chemokine,0.77014,anc2b_38_I_unrelaxed_rank_010_alphafold2_model_1_seed_000.pdb
1342,38,Chemokine,0.77124,anc2b_38_I_unrelaxed_rank_011_alphafold2_model_1_seed_002.pdb
1343,38,Chemokine,0.78066,anc2b_38_I_unrelaxed_rank_012_alphafold2_model_2_seed_004.pdb
1344,38,Chemokine,0.78188,anc2b_38_I_unrelaxed_rank_013_alphafold2_model_2_seed_002.pdb
1345,38,Chemokine,0.77856,anc2b_38_I_unrelaxed_rank_014_alphafold2_model_2_seed_000.pdb
1346,38,Chemokine,0.77908,anc2b_38_I_unrelaxed_rank_015_alphafold2_model_4_seed_003.pdb
1347,38,Chemokine,0.77986,anc2b_38_I_unrelaxed_rank_016_alphafold2_model_2_seed_001.pdb
1348,38,Chemokine,0.77775,anc2b_38_I_unrelaxed_rank_017_alphafold2_model_4_seed_004.pdb
1349,38,Chemokine,0.77868,anc2b_38_I_unrelaxed_rank_018_alphafold2_model_4_seed_001.pdb
1350,38,Chemokine,0.77925,anc2b_38_I_unrelaxed_rank_019_alphafold2_model_4_seed_000.pdb
1351,38,Chemokine,0.77738,anc2b_38_I_unrelaxed_rank_020_alphafold2_model_4_seed_002.pdb
1352,38,Chemokine,0.77256,anc2b_38_I_unrelaxed_rank_021_alphafold2_model_5_seed_002.pdb
1353,38,Chemokine,0.77161,anc2b_38_I_unrelaxed_rank_022_alphafold2_model_5_seed_004.pdb
1354,38,Chemokine,0.7712,anc2b_38_I_unrelaxed_rank_023_alphafold2_model_5_seed_003.pdb
1355,38,Chemokine,0.76903,anc2b_38_I_unrelaxed_rank_024_alphafold2_model_5_seed_000.pdb
1356,38,Chemokine,0.76956,anc2b_38_I_unrelaxed_rank_025_alphafold2_model_5_seed_001.pdb
1357,38,Chemokine,0.7928,anc2b_38_L_unrelaxed_rank_001_alphafold2_model_3_seed_004.pdb
1358,38,Chemokine,0.79063,anc2b_38_L_unrelaxed_rank_002_alphafold2_model_3_seed_003.pdb
1359,38,Chemokine,0.78032,anc2b_38_L_unrelaxed_rank_003_alphafold2_model_3_seed_002.pdb
1360,38,Chemokine,0.78919,anc2b_38_L_unrelaxed_rank_004_alphafold2_model_1_seed_004.pdb
1361,38,Chemokine,0.79645,anc2b_38_L_unrelaxed_rank_005_alphafold2_model_2_seed_002.pdb
1362,38,Chemokine,0.7846,anc2b_38_L_unrelaxed_rank_006_alphafold2_model_1_seed_003.pdb
1363,38,Chemokine,0.79631,anc2b_38_L_unrelaxed_rank_007_alphafold2_model_2_seed_000.pdb
1364,38,Chemokine,0.78816,anc2b_38_L_unrelaxed_rank_008_alphafold2_model_1_seed_001.pdb
1365,38,Chemokine,0.79651,anc2b_38_L_unrelaxed_rank_009_alphafold2_model_2_seed_001.pdb
1366,38,Chemokine,0.78708,anc2b_38_L_unrelaxed_rank_010_alphafold2_model_1_seed_002.pdb
1367,38,Chemokine,0.78705,anc2b_38_L_unrelaxed_rank_011_alphafold2_model_1_seed_000.pdb
1368,38,Chemokine,0.7981,anc2b_38_L_unrelaxed_rank_012_alphafold2_model_2_seed_004.pdb
1369,38,Chemokine,0.78942,anc2b_38_L_unrelaxed_rank_013_alphafold2_model_4_seed_002.pdb
1370,38,Chemokine,0.79388,anc2b_38_L_unrelaxed_rank_014_alphafold2_model_2_seed_003.pdb
1371,38,Chemokine,0.78426,anc2b_38_L_unrelaxed_rank_015_alphafold2_model_4_seed_001.pdb
1372,38,Chemokine,0.78384,anc2b_38_L_unrelaxed_rank_016_alphafold2_model_4_seed_000.pdb
1373,38,Chemokine,0.78369,anc2b_38_L_unrelaxed_rank_017_alphafold2_model_4_seed_003.pdb
1374,38,Chemokine,0.78344,anc2b_38_L_unrelaxed_rank_018_alphafold2_model_4_seed_004.pdb
1375,38,Chemokine,0.7797,anc2b_38_L_unrelaxed_rank_019_alphafold2_model_5_seed_003.pdb
1376,38,Chemokine,0.77557,anc2b_38_L_unrelaxed_rank_020_alphafold2_model_5_seed_001.pdb
1377,38,Chemokine,0.77582,anc2b_38_L_unrelaxed_rank_021_alphafold2_model_5_seed_000.pdb
1378,38,Chemokine,0.63118,anc2b_38_L_unrelaxed_rank_022_alphafold2_model_3_seed_001.pdb
1379,38,Chemokine,0.62644,anc2b_38_L_unrelaxed_rank_023_alphafold2_model_3_seed_000.pdb
1380,38,Chemokine,0.66174,anc2b_38_L_unrelaxed_rank_024_alphafold2_model_5_seed_004.pdb
1381,38,Chemokine,0.65908,anc2b_38_L_unrelaxed_rank_025_alphafold2_model_5_seed_002.pdb
1382,38,Chemokine,0.77283,anc2b_38_V_unrelaxed_rank_001_alphafold2_model_3_seed_004.pdb
1383,38,Chemokine,0.77121,anc2b_38_V_unrelaxed_rank_002_alphafold2_model_3_seed_002.pdb
1384,38,Chemokine,0.77255,anc2b_38_V_unrelaxed_rank_003_alphafold2_model_3_seed_003.pdb
1385,38,Chemokine,0.77416,anc2b_38_V_unrelaxed_rank_004_alphafold2_model_3_seed_000.pdb
1386,38,Chemokine,0.77106,anc2b_38_V_unrelaxed_rank_005_alphafold2_model_3_seed_001.pdb
1387,38,Chemokine,0.77967,anc2b_38_V_unrelaxed_rank_006_alphafold2_model_1_seed_004.pdb
1388,38,Chemokine,0.77792,anc2b_38_V_unrelaxed_rank_007_alphafold2_model_1_seed_003.pdb
1389,38,Chemokine,0.78023,anc2b_38_V_unrelaxed_rank_008_alphafold2_model_1_seed_001.pdb
1390,38,Chemokine,0.77932,anc2b_38_V_unrelaxed_rank_009_alphafold2_model_1_seed_002.pdb
1391,38,Chemokine,0.78972,anc2b_38_V_unrelaxed_rank_010_alphafold2_model_2_seed_002.pdb
1392,38,Chemokine,0.7785,anc2b_38_V_unrelaxed_rank_011_alphafold2_model_1_seed_000.pdb
1393,38,Chemokine,0.78303,anc2b_38_V_unrelaxed_rank_012_alphafold2_model_4_seed_001.pdb
1394,38,Chemokine,0.78277,anc2b_38_V_unrelaxed_rank_013_alphafold2_model_4_seed_003.pdb
1395,38,Chemokine,0.79315,anc2b_38_V_unrelaxed_rank_014_alphafold2_model_2_seed_004.pdb
1396,38,Chemokine,0.78259,anc2b_38_V_unrelaxed_rank_015_alphafold2_model_4_seed_004.pdb
1397,38,Chemokine,0.78271,anc2b_38_V_unrelaxed_rank_016_alphafold2_model_4_seed_000.pdb
1398,38,Chemokine,0.78074,anc2b_38_V_unrelaxed_rank_017_alphafold2_model_4_seed_002.pdb
1399,38,Chemokine,0.79107,anc2b_38_V_unrelaxed_rank_018_alphafold2_model_2_seed_001.pdb
1400,38,Chemokine,0.79048,anc2b_38_V_unrelaxed_rank_019_alphafold2_model_2_seed_000.pdb
1401,38,Chemokine,0.79028,anc2b_38_V_unrelaxed_rank_020_alphafold2_model_2_seed_003.pdb
1402,38,Chemokine,0.77566,anc2b_38_V_unrelaxed_rank_021_alphafold2_model_5_seed_004.pdb
1403,38,Chemokine,0.77706,anc2b_38_V_unrelaxed_rank_022_alphafold2_model_5_seed_002.pdb
1404,38,Chemokine,0.77546,anc2b_38_V_unrelaxed_rank_023_alphafold2_model_5_seed_003.pdb
1405,38,Chemokine,0.77506,anc2b_38_V_unrelaxed_rank_024_alphafold2_model_5_seed_001.pdb
1406,38,Chemokine,0.77155,anc2b_38_V_unrelaxed_rank_025_alphafold2_model_5_seed_000.pdb
1407,40,Chemokine,0.77768,anc2b_40_G_unrelaxed_rank_001_alphafold2_model_1_seed_000.pdb
1408,40,Chemokine,0.77596,anc2b_40_G_unrelaxed_rank_002_alphafold2_model_1_seed_001.pdb
1409,40,Chemokine,0.77766,anc2b_40_G_unrelaxed_rank_003_alphafold2_model_1_seed_004.pdb
1410,40,Chemokine,0.77424,anc2b_40_G_unrelaxed_rank_004_alphafold2_model_1_seed_003.pdb
1411,40,Chemokine,0.77858,anc2b_40_G_unrelaxed_rank_005_alphafold2_model_1_seed_002.pdb
1412,40,Chemokine,0.78347,anc2b_40_G_unrelaxed_rank_006_alphafold2_model_2_seed_001.pdb
1413,40,Chemokine,0.78366,anc2b_40_G_unrelaxed_rank_007_alphafold2_model_2_seed_000.pdb
1414,40,Chemokine,0.78025,anc2b_40_G_unrelaxed_rank_008_alphafold2_model_2_seed_002.pdb
1415,40,Chemokine,0.77539,anc2b_40_G_unrelaxed_rank_009_alphafold2_model_2_seed_003.pdb
1416,40,Chemokine,0.78408,anc2b_40_G_unrelaxed_rank_010_alphafold2_model_4_seed_004.pdb
1417,40,Chemokine,0.78395,anc2b_40_G_unrelaxed_rank_011_alphafold2_model_4_seed_001.pdb
1418,40,Chemokine,0.7804,anc2b_40_G_unrelaxed_rank_012_alphafold2_model_4_seed_002.pdb
1419,40,Chemokine,0.77932,anc2b_40_G_unrelaxed_rank_013_alphafold2_model_4_seed_003.pdb
1420,40,Chemokine,0.77951,anc2b_40_G_unrelaxed_rank_014_alphafold2_model_4_seed_000.pdb
1421,40,Chemokine,0.76994,anc2b_40_G_unrelaxed_rank_015_alphafold2_model_5_seed_004.pdb
1422,40,Chemokine,0.77071,anc2b_40_G_unrelaxed_rank_016_alphafold2_model_5_seed_001.pdb
1423,40,Chemokine,0.76972,anc2b_40_G_unrelaxed_rank_017_alphafold2_model_5_seed_000.pdb
1424,40,Chemokine,0.77012,anc2b_40_G_unrelaxed_rank_018_alphafold2_model_5_seed_003.pdb
1425,40,Chemokine,0.76631,anc2b_40_G_unrelaxed_rank_019_alphafold2_model_5_seed_002.pdb
1426,40,Dimer,0.52782,anc2b_40_G_unrelaxed_rank_020_alphafold2_model_3_seed_001.pdb
1427,40,Dimer,0.52771,anc2b_40_G_unrelaxed_rank_021_alphafold2_model_3_seed_000.pdb
1428,40,Dimer,0.52167,anc2b_40_G_unrelaxed_rank_022_alphafold2_model_3_seed_004.pdb
1429,40,Chemokine,0.77033,anc2b_40_I_unrelaxed_rank_001_alphafold2_model_1_seed_004.pdb
1430,40,Chemokine,0.77012,anc2b_40_I_unrelaxed_rank_002_alphafold2_model_1_seed_001.pdb
1431,40,Chemokine,0.76904,anc2b_40_I_unrelaxed_rank_003_alphafold2_model_1_seed_003.pdb
1432,40,Chemokine,0.7697,anc2b_40_I_unrelaxed_rank_004_alphafold2_model_1_seed_002.pdb
1433,40,Chemokine,0.76864,anc2b_40_I_unrelaxed_rank_005_alphafold2_model_1_seed_000.pdb
1434,40,Chemokine,0.78082,anc2b_40_I_unrelaxed_rank_006_alphafold2_model_2_seed_002.pdb
1435,40,Chemokine,0.78037,anc2b_40_I_unrelaxed_rank_007_alphafold2_model_2_seed_003.pdb
1436,40,Chemokine,0.78175,anc2b_40_I_unrelaxed_rank_008_alphafold2_model_2_seed_004.pdb
1437,40,Chemokine,0.77938,anc2b_40_I_unrelaxed_rank_009_alphafold2_model_2_seed_000.pdb
1438,40,Chemokine,0.77939,anc2b_40_I_unrelaxed_rank_010_alphafold2_model_2_seed_001.pdb
1439,40,Chemokine,0.77932,anc2b_40_I_unrelaxed_rank_011_alphafold2_model_4_seed_003.pdb
1440,40,Chemokine,0.77718,anc2b_40_I_unrelaxed_rank_012_alphafold2_model_4_seed_002.pdb
1441,40,Chemokine,0.77711,anc2b_40_I_unrelaxed_rank_013_alphafold2_model_4_seed_004.pdb
1442,40,Chemokine,0.77838,anc2b_40_I_unrelaxed_rank_014_alphafold2_model_4_seed_000.pdb
1443,40,Chemokine,0.77963,anc2b_40_I_unrelaxed_rank_015_alphafold2_model_4_seed_001.pdb
1444,40,Chemokine,0.7705,anc2b_40_I_unrelaxed_rank_016_alphafold2_model_5_seed_003.pdb
1445,40,Chemokine,0.77008,anc2b_40_I_unrelaxed_rank_017_alphafold2_model_5_seed_001.pdb
1446,40,Chemokine,0.76637,anc2b_40_I_unrelaxed_rank_018_alphafold2_model_5_seed_000.pdb
1447,40,Chemokine,0.66582,anc2b_40_I_unrelaxed_rank_019_alphafold2_model_3_seed_003.pdb
1448,40,Chemokine,0.66361,anc2b_40_I_unrelaxed_rank_020_alphafold2_model_3_seed_004.pdb
1449,40,Chemokine,0.65626,anc2b_40_I_unrelaxed_rank_021_alphafold2_model_3_seed_002.pdb
1450,40,Chemokine,0.65684,anc2b_40_I_unrelaxed_rank_022_alphafold2_model_3_seed_001.pdb
1451,40,Chemokine,0.65452,anc2b_40_I_unrelaxed_rank_023_alphafold2_model_3_seed_000.pdb
1452,40,Chemokine,0.65546,anc2b_40_I_unrelaxed_rank_024_alphafold2_model_5_seed_004.pdb
1453,40,Chemokine,0.65875,anc2b_40_I_unrelaxed_rank_025_alphafold2_model_5_seed_002.pdb
1454,40,Chemokine,0.77447,anc2b_40_V_unrelaxed_rank_001_alphafold2_model_1_seed_004.pdb
1455,40,Chemokine,0.77239,anc2b_40_V_unrelaxed_rank_002_alphafold2_model_1_seed_003.pdb
1456,40,Chemokine,0.77318,anc2b_40_V_unrelaxed_rank_003_alphafold2_model_1_seed_001.pdb
1457,40,Chemokine,0.77237,anc2b_40_V_unrelaxed_rank_004_alphafold2_model_1_seed_000.pdb
1458,40,Chemokine,0.78154,anc2b_40_V_unrelaxed_rank_005_alphafold2_model_2_seed_003.pdb
1459,40,Chemokine,0.78424,anc2b_40_V_unrelaxed_rank_006_alphafold2_model_2_seed_002.pdb
1460,40,Chemokine,0.78508,anc2b_40_V_unrelaxed_rank_007_alphafold2_model_2_seed_004.pdb
1461,40,Chemokine,0.77191,anc2b_40_V_unrelaxed_rank_008_alphafold2_model_1_seed_002.pdb
1462,40,Chemokine,0.78351,anc2b_40_V_unrelaxed_rank_009_alphafold2_model_2_seed_000.pdb
1463,40,Chemokine,0.78276,anc2b_40_V_unrelaxed_rank_010_alphafold2_model_2_seed_001.pdb
1464,40,Chemokine,0.77819,anc2b_40_V_unrelaxed_rank_011_alphafold2_model_4_seed_003.pdb
1465,40,Chemokine,0.77763,anc2b_40_V_unrelaxed_rank_012_alphafold2_model_4_seed_004.pdb
1466,40,Chemokine,0.7802,anc2b_40_V_unrelaxed_rank_013_alphafold2_model_4_seed_002.pdb
1467,40,Chemokine,0.77664,anc2b_40_V_unrelaxed_rank_014_alphafold2_model_4_seed_000.pdb
1468,40,Chemokine,0.77505,anc2b_40_V_unrelaxed_rank_015_alphafold2_model_5_seed_001.pdb
1469,40,Chemokine,0.77325,anc2b_40_V_unrelaxed_rank_016_alphafold2_model_5_seed_004.pdb
1470,40,Chemokine,0.77458,anc2b_40_V_unrelaxed_rank_017_alphafold2_model_5_seed_003.pdb
1471,40,Chemokine,0.77397,anc2b_40_V_unrelaxed_rank_018_alphafold2_model_5_seed_002.pdb
1472,40,Chemokine,0.77373,anc2b_40_V_unrelaxed_rank_019_alphafold2_model_5_seed_000.pdb
1473,40,Chemokine,0.66748,anc2b_40_V_unrelaxed_rank_020_alphafold2_model_3_seed_004.pdb
1474,40,Chemokine,0.6586,anc2b_40_V_unrelaxed_rank_021_alphafold2_model_3_seed_002.pdb
1475,40,Chemokine,0.66624,anc2b_40_V_unrelaxed_rank_022_alphafold2_model_3_seed_003.pdb
1476,40,Chemokine,0.65952,anc2b_40_V_unrelaxed_rank_023_alphafold2_model_3_seed_001.pdb
1477,40,Chemokine,0.65807,anc2b_40_V_unrelaxed_rank_024_alphafold2_model_3_seed_000.pdb
1478,40,Chemokine,0.68537,anc2b_40_V_unrelaxed_rank_025_alphafold2_model_4_seed_001.pdb
1479,45,Chemokine,0.77577,anc2b_45_I_unrelaxed_rank_001_alphafold2_model_2_seed_002.pdb
1480,45,Chemokine,0.76821,anc2b_45_I_unrelaxed_rank_002_alphafold2_model_3_seed_002.pdb
1481,45,Chemokine,0.77004,anc2b_45_I_unrelaxed_rank_003_alphafold2_model_1_seed_001.pdb
1482,45,Chemokine,0.78544,anc2b_45_I_unrelaxed_rank_004_alphafold2_model_2_seed_000.pdb
1483,45,Chemokine,0.78637,anc2b_45_I_unrelaxed_rank_005_alphafold2_model_2_seed_004.pdb
1484,45,Chemokine,0.77197,anc2b_45_I_unrelaxed_rank_006_alphafold2_model_1_seed_004.pdb
1485,45,Chemokine,0.76922,anc2b_45_I_unrelaxed_rank_007_alphafold2_model_2_seed_001.pdb
1486,45,Chemokine,0.78631,anc2b_45_I_unrelaxed_rank_008_alphafold2_model_2_seed_003.pdb
1487,45,Chemokine,0.70072,anc2b_45_I_unrelaxed_rank_009_alphafold2_model_3_seed_004.pdb
1488,45,Chemokine,0.75597,anc2b_45_I_unrelaxed_rank_010_alphafold2_model_1_seed_002.pdb
1489,45,Chemokine,0.75496,anc2b_45_I_unrelaxed_rank_011_alphafold2_model_1_seed_000.pdb
1490,45,Chemokine,0.70139,anc2b_45_I_unrelaxed_rank_012_alphafold2_model_3_seed_003.pdb
1491,45,Chemokine,0.69313,anc2b_45_I_unrelaxed_rank_013_alphafold2_model_4_seed_003.pdb
1492,45,Chemokine,0.68779,anc2b_45_I_unrelaxed_rank_014_alphafold2_model_4_seed_000.pdb
1493,45,Chemokine,0.69423,anc2b_45_I_unrelaxed_rank_015_alphafold2_model_1_seed_003.pdb
1494,45,Chemokine,0.66269,anc2b_45_I_unrelaxed_rank_016_alphafold2_model_5_seed_003.pdb
1495,45,Chemokine,0.66322,anc2b_45_I_unrelaxed_rank_017_alphafold2_model_5_seed_004.pdb
1496,45,Chemokine,0.66601,anc2b_45_I_unrelaxed_rank_018_alphafold2_model_5_seed_000.pdb
1497,45,Dimer,0.50871,anc2b_45_I_unrelaxed_rank_019_alphafold2_model_3_seed_001.pdb
1498,45,Dimer,0.50958,anc2b_45_I_unrelaxed_rank_020_alphafold2_model_3_seed_000.pdb
1499,45,Chemokine,0.67117,anc2b_45_I_unrelaxed_rank_021_alphafold2_model_5_seed_002.pdb
1500,45,Chemokine,0.67264,anc2b_45_I_unrelaxed_rank_022_alphafold2_model_5_seed_001.pdb
1501,45,Chemokine,0.7718,anc2b_45_L_unrelaxed_rank_001_alphafold2_model_3_seed_002.pdb
1502,45,Chemokine,0.77577,anc2b_45_L_unrelaxed_rank_002_alphafold2_model_4_seed_002.pdb
1503,45,Chemokine,0.77752,anc2b_45_L_unrelaxed_rank_003_alphafold2_model_4_seed_000.pdb
1504,45,Chemokine,0.76854,anc2b_45_L_unrelaxed_rank_004_alphafold2_model_1_seed_001.pdb
1505,45,Chemokine,0.69824,anc2b_45_L_unrelaxed_rank_005_alphafold2_model_3_seed_003.pdb
1506,45,Chemokine,0.7673,anc2b_45_L_unrelaxed_rank_006_alphafold2_model_1_seed_004.pdb
1507,45,Chemokine,0.77236,anc2b_45_L_unrelaxed_rank_007_alphafold2_model_2_seed_004.pdb
1508,45,Chemokine,0.69996,anc2b_45_L_unrelaxed_rank_008_alphafold2_model_3_seed_004.pdb
1509,45,Chemokine,0.77562,anc2b_45_L_unrelaxed_rank_009_alphafold2_model_2_seed_002.pdb
1510,45,Chemokine,0.77286,anc2b_45_L_unrelaxed_rank_010_alphafold2_model_2_seed_003.pdb
1511,45,Chemokine,0.77352,anc2b_45_L_unrelaxed_rank_011_alphafold2_model_2_seed_000.pdb
1512,45,Chemokine,0.69887,anc2b_45_L_unrelaxed_rank_012_alphafold2_model_5_seed_003.pdb
1513,45,Chemokine,0.76535,anc2b_45_L_unrelaxed_rank_013_alphafold2_model_5_seed_002.pdb
1514,45,Chemokine,0.75214,anc2b_45_L_unrelaxed_rank_014_alphafold2_model_1_seed_000.pdb
1515,45,Chemokine,0.70986,anc2b_45_L_unrelaxed_rank_015_alphafold2_model_5_seed_004.pdb
1516,45,Chemokine,0.70148,anc2b_45_L_unrelaxed_rank_016_alphafold2_model_4_seed_003.pdb
1517,45,Chemokine,0.70575,anc2b_45_L_unrelaxed_rank_017_alphafold2_model_4_seed_004.pdb
1518,45,Chemokine,0.69717,anc2b_45_L_unrelaxed_rank_018_alphafold2_model_4_seed_001.pdb
1519,45,Chemokine,0.71129,anc2b_45_L_unrelaxed_rank_019_alphafold2_model_5_seed_000.pdb
1520,45,Chemokine,0.71119,anc2b_45_L_unrelaxed_rank_020_alphafold2_model_5_seed_001.pdb
1521,45,Chemokine,0.70853,anc2b_45_L_unrelaxed_rank_021_alphafold2_model_2_seed_001.pdb
1522,45,Chemokine,0.67185,anc2b_45_L_unrelaxed_rank_022_alphafold2_model_1_seed_003.pdb
1523,45,Chemokine,0.67339,anc2b_45_L_unrelaxed_rank_023_alphafold2_model_1_seed_002.pdb
1524,45,Chemokine,0.77757,anc2b_45_V_unrelaxed_rank_001_alphafold2_model_2_seed_002.pdb
1525,45,Chemokine,0.76288,anc2b_45_V_unrelaxed_rank_002_alphafold2_model_3_seed_002.pdb
1526,45,Chemokine,0.77287,anc2b_45_V_unrelaxed_rank_003_alphafold2_model_1_seed_001.pdb
1527,45,Chemokine,0.76498,anc2b_45_V_unrelaxed_rank_004_alphafold2_model_3_seed_001.pdb
1528,45,Chemokine,0.7693,anc2b_45_V_unrelaxed_rank_005_alphafold2_model_1_seed_004.pdb
1529,45,Chemokine,0.76953,anc2b_45_V_unrelaxed_rank_006_alphafold2_model_3_seed_000.pdb
1530,45,Chemokine,0.78138,anc2b_45_V_unrelaxed_rank_007_alphafold2_model_2_seed_004.pdb
1531,45,Chemokine,0.78215,anc2b_45_V_unrelaxed_rank_008_alphafold2_model_2_seed_003.pdb
1532,45,Chemokine,0.77736,anc2b_45_V_unrelaxed_rank_009_alphafold2_model_4_seed_002.pdb
1533,45,Chemokine,0.77848,anc2b_45_V_unrelaxed_rank_010_alphafold2_model_4_seed_000.pdb
1534,45,Chemokine,0.78908,anc2b_45_V_unrelaxed_rank_011_alphafold2_model_2_seed_000.pdb
1535,45,Chemokine,0.77257,anc2b_45_V_unrelaxed_rank_012_alphafold2_model_2_seed_001.pdb
1536,45,Chemokine,0.70258,anc2b_45_V_unrelaxed_rank_013_alphafold2_model_3_seed_004.pdb
1537,45,Chemokine,0.70041,anc2b_45_V_unrelaxed_rank_014_alphafold2_model_3_seed_003.pdb
1538,45,Chemokine,0.75636,anc2b_45_V_unrelaxed_rank_015_alphafold2_model_1_seed_002.pdb
1539,45,Chemokine,0.7534,anc2b_45_V_unrelaxed_rank_016_alphafold2_model_1_seed_000.pdb
1540,45,Chemokine,0.70632,anc2b_45_V_unrelaxed_rank_017_alphafold2_model_4_seed_003.pdb
1541,45,Chemokine,0.73666,anc2b_45_V_unrelaxed_rank_018_alphafold2_model_1_seed_003.pdb
1542,45,Chemokine,0.69687,anc2b_45_V_unrelaxed_rank_019_alphafold2_model_4_seed_004.pdb
1543,45,Chemokine,0.69146,anc2b_45_V_unrelaxed_rank_020_alphafold2_model_4_seed_001.pdb
1544,45,Chemokine,0.70784,anc2b_45_V_unrelaxed_rank_021_alphafold2_model_5_seed_004.pdb
1545,45,Chemokine,0.66644,anc2b_45_V_unrelaxed_rank_022_alphafold2_model_5_seed_003.pdb
1546,45,Chemokine,0.66108,anc2b_45_V_unrelaxed_rank_023_alphafold2_model_5_seed_000.pdb
1547,45,Chemokine,0.66198,anc2b_45_V_unrelaxed_rank_024_alphafold2_model_5_seed_001.pdb
1548,45,Chemokine,0.66108,anc2b_45_V_unrelaxed_rank_025_alphafold2_model_5_seed_002.pdb
1549,I,Chemokine,0.77392,anc2b_I_unrelaxed_rank_001_alphafold2_model_2_seed_002.pdb
1550,I,Chemokine,0.77426,anc2b_I_unrelaxed_rank_002_alphafold2_model_2_seed_000.pdb
1551,I,Chemokine,0.77636,anc2b_I_unrelaxed_rank_003_alphafold2_model_2_seed_004.pdb
1552,I,Chemokine,0.77698,anc2b_I_unrelaxed_rank_004_alphafold2_model_2_seed_003.pdb
1553,I,Chemokine,0.77752,anc2b_I_unrelaxed_rank_005_alphafold2_model_2_seed_001.pdb
1554,I,Chemokine,0.75479,anc2b_I_unrelaxed_rank_006_alphafold2_model_3_seed_004.pdb
1555,I,Chemokine,0.76783,anc2b_I_unrelaxed_rank_007_alphafold2_model_1_seed_003.pdb
1556,I,Chemokine,0.7686,anc2b_I_unrelaxed_rank_008_alphafold2_model_1_seed_004.pdb
1557,I,Chemokine,0.76682,anc2b_I_unrelaxed_rank_009_alphafold2_model_1_seed_001.pdb
1558,I,Chemokine,0.76698,anc2b_I_unrelaxed_rank_010_alphafold2_model_1_seed_002.pdb
1559,I,Chemokine,0.76634,anc2b_I_unrelaxed_rank_011_alphafold2_model_1_seed_000.pdb
1560,I,Chemokine,0.75639,anc2b_I_unrelaxed_rank_012_alphafold2_model_3_seed_003.pdb
1561,I,Chemokine,0.75646,anc2b_I_unrelaxed_rank_013_alphafold2_model_3_seed_000.pdb
1562,I,Chemokine,0.75563,anc2b_I_unrelaxed_rank_014_alphafold2_model_3_seed_002.pdb
1563,I,Chemokine,0.75336,anc2b_I_unrelaxed_rank_015_alphafold2_model_3_seed_001.pdb
1564,I,Chemokine,0.78123,anc2b_I_unrelaxed_rank_016_alphafold2_model_4_seed_004.pdb
1565,I,Chemokine,0.79103,anc2b_I_unrelaxed_rank_017_alphafold2_model_4_seed_002.pdb
1566,I,Chemokine,0.78048,anc2b_I_unrelaxed_rank_018_alphafold2_model_4_seed_003.pdb
1567,I,Chemokine,0.78126,anc2b_I_unrelaxed_rank_019_alphafold2_model_4_seed_001.pdb
1568,I,Chemokine,0.77979,anc2b_I_unrelaxed_rank_020_alphafold2_model_4_seed_000.pdb
1569,I,Chemokine,0.7646,anc2b_I_unrelaxed_rank_021_alphafold2_model_5_seed_004.pdb
1570,I,Chemokine,0.76663,anc2b_I_unrelaxed_rank_022_alphafold2_model_5_seed_002.pdb
1571,I,Chemokine,0.76396,anc2b_I_unrelaxed_rank_023_alphafold2_model_5_seed_003.pdb
1572,I,Chemokine,0.76396,anc2b_I_unrelaxed_rank_024_alphafold2_model_5_seed_001.pdb
1573,I,Chemokine,0.76346,anc2b_I_unrelaxed_rank_025_alphafold2_model_5_seed_000.pdb
1574,L,Chemokine,0.76965,anc2b_L_unrelaxed_rank_001_alphafold2_model_2_seed_002.pdb
1575,L,Chemokine,0.77188,anc2b_L_unrelaxed_rank_002_alphafold2_model_2_seed_000.pdb
1576,L,Chemokine,0.76692,anc2b_L_unrelaxed_rank_003_alphafold2_model_3_seed_002.pdb
1577,L,Chemokine,0.76014,anc2b_L_unrelaxed_rank_004_alphafold2_model_1_seed_001.pdb
1578,L,Chemokine,0.75814,anc2b_L_unrelaxed_rank_005_alphafold2_model_3_seed_003.pdb
1579,L,Chemokine,0.77321,anc2b_L_unrelaxed_rank_006_alphafold2_model_2_seed_003.pdb
1580,L,Chemokine,0.76548,anc2b_L_unrelaxed_rank_007_alphafold2_model_1_seed_004.pdb
1581,L,Chemokine,0.76772,anc2b_L_unrelaxed_rank_008_alphafold2_model_3_seed_001.pdb
1582,L,Chemokine,0.7634,anc2b_L_unrelaxed_rank_009_alphafold2_model_1_seed_000.pdb
1583,L,Chemokine,0.76737,anc2b_L_unrelaxed_rank_010_alphafold2_model_3_seed_000.pdb
1584,L,Chemokine,0.76514,anc2b_L_unrelaxed_rank_011_alphafold2_model_3_seed_004.pdb
1585,L,Chemokine,0.76538,anc2b_L_unrelaxed_rank_012_alphafold2_model_1_seed_002.pdb
1586,L,Chemokine,0.77552,anc2b_L_unrelaxed_rank_013_alphafold2_model_2_seed_001.pdb
1587,L,Chemokine,0.78053,anc2b_L_unrelaxed_rank_014_alphafold2_model_2_seed_004.pdb
1588,L,Chemokine,0.77076,anc2b_L_unrelaxed_rank_015_alphafold2_model_4_seed_003.pdb
1589,L,Chemokine,0.72554,anc2b_L_unrelaxed_rank_016_alphafold2_model_1_seed_003.pdb
1590,L,Chemokine,0.78541,anc2b_L_unrelaxed_rank_017_alphafold2_model_4_seed_004.pdb
1591,L,Chemokine,0.78442,anc2b_L_unrelaxed_rank_018_alphafold2_model_4_seed_002.pdb
1592,L,Chemokine,0.77887,anc2b_L_unrelaxed_rank_019_alphafold2_model_4_seed_001.pdb
1593,L,Chemokine,0.77012,anc2b_L_unrelaxed_rank_020_alphafold2_model_4_seed_000.pdb
1594,L,Chemokine,0.76112,anc2b_L_unrelaxed_rank_021_alphafold2_model_5_seed_004.pdb
1595,L,Chemokine,0.76499,anc2b_L_unrelaxed_rank_022_alphafold2_model_5_seed_002.pdb
1596,L,Chemokine,0.76547,anc2b_L_unrelaxed_rank_023_alphafold2_model_5_seed_003.pdb
1597,L,Chemokine,0.76051,anc2b_L_unrelaxed_rank_024_alphafold2_model_5_seed_001.pdb
1598,L,Chemokine,0.76054,anc2b_L_unrelaxed_rank_025_alphafold2_model_5_seed_000.pdb
1599,M,Chemokine,0.76567,anc2b_M_unrelaxed_rank_001_alphafold2_model_3_seed_004.pdb
1600,M,Chemokine,0.7661,anc2b_M_unrelaxed_rank_002_alphafold2_model_3_seed_003.pdb
1601,M,Chemokine,0.76637,anc2b_M_unrelaxed_rank_003_alphafold2_model_3_seed_001.pdb
1602,M,Chemokine,0.76372,anc2b_M_unrelaxed_rank_004_alphafold2_model_3_seed_002.pdb
1603,M,Chemokine,0.76672,anc2b_M_unrelaxed_rank_005_alphafold2_model_3_seed_000.pdb
1604,M,Chemokine,0.76948,anc2b_M_unrelaxed_rank_006_alphafold2_model_1_seed_003.pdb
1605,M,Chemokine,0.77084,anc2b_M_unrelaxed_rank_007_alphafold2_model_1_seed_004.pdb
1606,M,Chemokine,0.77073,anc2b_M_unrelaxed_rank_008_alphafold2_model_1_seed_001.pdb
1607,M,Chemokine,0.77659,anc2b_M_unrelaxed_rank_009_alphafold2_model_2_seed_003.pdb
1608,M,Chemokine,0.77014,anc2b_M_unrelaxed_rank_010_alphafold2_model_1_seed_000.pdb
1609,M,Chemokine,0.77124,anc2b_M_unrelaxed_rank_011_alphafold2_model_1_seed_002.pdb
1610,M,Chemokine,0.78066,anc2b_M_unrelaxed_rank_012_alphafold2_model_2_seed_004.pdb
1611,M,Chemokine,0.78188,anc2b_M_unrelaxed_rank_013_alphafold2_model_2_seed_002.pdb
1612,M,Chemokine,0.77856,anc2b_M_unrelaxed_rank_014_alphafold2_model_2_seed_000.pdb
1613,M,Chemokine,0.77908,anc2b_M_unrelaxed_rank_015_alphafold2_model_4_seed_003.pdb
1614,M,Chemokine,0.77986,anc2b_M_unrelaxed_rank_016_alphafold2_model_2_seed_001.pdb
1615,M,Chemokine,0.77775,anc2b_M_unrelaxed_rank_017_alphafold2_model_4_seed_004.pdb
1616,M,Chemokine,0.77868,anc2b_M_unrelaxed_rank_018_alphafold2_model_4_seed_001.pdb
1617,M,Chemokine,0.77925,anc2b_M_unrelaxed_rank_019_alphafold2_model_4_seed_000.pdb
1618,M,Chemokine,0.77738,anc2b_M_unrelaxed_rank_020_alphafold2_model_4_seed_002.pdb
1619,M,Chemokine,0.77256,anc2b_M_unrelaxed_rank_021_alphafold2_model_5_seed_002.pdb
1620,M,Chemokine,0.77161,anc2b_M_unrelaxed_rank_022_alphafold2_model_5_seed_004.pdb
1621,M,Chemokine,0.7712,anc2b_M_unrelaxed_rank_023_alphafold2_model_5_seed_003.pdb
1622,M,Chemokine,0.76903,anc2b_M_unrelaxed_rank_024_alphafold2_model_5_seed_000.pdb
1623,M,Chemokine,0.76956,anc2b_M_unrelaxed_rank_025_alphafold2_model_5_seed_001.pdb
1624,14,Chemokine,0.51528,anc2c_14_I_unrelaxed_rank_001_alphafold2_model_2_seed_004.pdb
1625,14,Chemokine,0.51349,anc2c_14_I_unrelaxed_rank_002_alphafold2_model_2_seed_001.pdb
1626,14,Chemokine,0.50942,anc2c_14_I_unrelaxed_rank_003_alphafold2_model_2_seed_000.pdb
1627,14,Chemokine,0.51223,anc2c_14_I_unrelaxed_rank_004_alphafold2_model_2_seed_002.pdb
1628,14,Chemokine,0.51478,anc2c_14_I_unrelaxed_rank_005_alphafold2_model_2_seed_003.pdb
1629,14,Chemokine,0.54166,anc2c_14_I_unrelaxed_rank_006_alphafold2_model_1_seed_003.pdb
1630,14,Chemokine,0.54061,anc2c_14_I_unrelaxed_rank_007_alphafold2_model_1_seed_004.pdb
1631,14,Chemokine,0.55012,anc2c_14_I_unrelaxed_rank_008_alphafold2_model_1_seed_000.pdb
1632,14,Chemokine,0.54749,anc2c_14_I_unrelaxed_rank_009_alphafold2_model_1_seed_002.pdb
1633,14,Chemokine,0.5282,anc2c_14_I_unrelaxed_rank_010_alphafold2_model_5_seed_003.pdb
1634,14,Chemokine,0.57554,anc2c_14_I_unrelaxed_rank_011_alphafold2_model_4_seed_003.pdb
1635,14,Chemokine,0.55974,anc2c_14_I_unrelaxed_rank_012_alphafold2_model_1_seed_001.pdb
1636,14,Chemokine,0.5765,anc2c_14_I_unrelaxed_rank_013_alphafold2_model_4_seed_002.pdb
1637,14,Chemokine,0.57846,anc2c_14_I_unrelaxed_rank_014_alphafold2_model_4_seed_000.pdb
1638,14,Chemokine,0.54018,anc2c_14_I_unrelaxed_rank_015_alphafold2_model_5_seed_000.pdb
1639,14,Chemokine,0.5385,anc2c_14_I_unrelaxed_rank_016_alphafold2_model_5_seed_004.pdb
1640,14,Chemokine,0.53867,anc2c_14_I_unrelaxed_rank_017_alphafold2_model_5_seed_002.pdb
1641,14,Chemokine,0.57253,anc2c_14_I_unrelaxed_rank_018_alphafold2_model_4_seed_001.pdb
1642,14,Chemokine,0.56763,anc2c_14_I_unrelaxed_rank_019_alphafold2_model_4_seed_004.pdb
1643,14,Chemokine,0.63351,anc2c_14_I_unrelaxed_rank_020_alphafold2_model_3_seed_003.pdb
1644,14,Chemokine,0.65935,anc2c_14_I_unrelaxed_rank_021_alphafold2_model_3_seed_002.pdb
1645,14,Chemokine,0.51236,anc2c_14_L_unrelaxed_rank_001_alphafold2_model_2_seed_004.pdb
1646,14,Chemokine,0.5164,anc2c_14_L_unrelaxed_rank_002_alphafold2_model_2_seed_003.pdb
1647,14,Chemokine,0.51149,anc2c_14_L_unrelaxed_rank_003_alphafold2_model_2_seed_002.pdb
1648,14,Chemokine,0.51849,anc2c_14_L_unrelaxed_rank_004_alphafold2_model_2_seed_001.pdb
1649,14,Chemokine,0.52313,anc2c_14_L_unrelaxed_rank_005_alphafold2_model_2_seed_000.pdb
1650,14,Chemokine,0.55137,anc2c_14_L_unrelaxed_rank_006_alphafold2_model_1_seed_003.pdb
1651,14,Chemokine,0.54983,anc2c_14_L_unrelaxed_rank_007_alphafold2_model_1_seed_000.pdb
1652,14,Chemokine,0.55497,anc2c_14_L_unrelaxed_rank_008_alphafold2_model_1_seed_002.pdb
1653,14,Chemokine,0.54224,anc2c_14_L_unrelaxed_rank_009_alphafold2_model_1_seed_004.pdb
1654,14,Chemokine,0.55636,anc2c_14_L_unrelaxed_rank_010_alphafold2_model_1_seed_001.pdb
1655,14,Chemokine,0.55213,anc2c_14_L_unrelaxed_rank_011_alphafold2_model_3_seed_003.pdb
1656,14,Chemokine,0.57513,anc2c_14_L_unrelaxed_rank_012_alphafold2_model_4_seed_003.pdb
1657,14,Chemokine,0.52729,anc2c_14_L_unrelaxed_rank_013_alphafold2_model_5_seed_004.pdb
1658,14,Chemokine,0.53012,anc2c_14_L_unrelaxed_rank_014_alphafold2_model_5_seed_003.pdb
1659,14,Chemokine,0.57279,anc2c_14_L_unrelaxed_rank_015_alphafold2_model_4_seed_002.pdb
1660,14,Chemokine,0.57586,anc2c_14_L_unrelaxed_rank_016_alphafold2_model_4_seed_000.pdb
1661,14,Chemokine,0.57581,anc2c_14_L_unrelaxed_rank_017_alphafold2_model_4_seed_001.pdb
1662,14,Chemokine,0.5349,anc2c_14_L_unrelaxed_rank_018_alphafold2_model_5_seed_002.pdb
1663,14,Chemokine,0.56622,anc2c_14_L_unrelaxed_rank_019_alphafold2_model_4_seed_004.pdb
1664,14,Chemokine,0.53446,anc2c_14_L_unrelaxed_rank_020_alphafold2_model_5_seed_000.pdb
1665,14,Chemokine,0.54119,anc2c_14_L_unrelaxed_rank_021_alphafold2_model_5_seed_001.pdb
1666,14,Chemokine,0.57936,anc2c_14_L_unrelaxed_rank_022_alphafold2_model_3_seed_000.pdb
1667,14,Chemokine,0.50414,anc2c_14_V_unrelaxed_rank_001_alphafold2_model_2_seed_004.pdb
1668,14,Chemokine,0.50354,anc2c_14_V_unrelaxed_rank_003_alphafold2_model_2_seed_001.pdb
1669,14,Chemokine,0.50905,anc2c_14_V_unrelaxed_rank_004_alphafold2_model_2_seed_002.pdb
1670,14,Chemokine,0.51325,anc2c_14_V_unrelaxed_rank_005_alphafold2_model_2_seed_003.pdb
1671,14,Chemokine,0.51839,anc2c_14_V_unrelaxed_rank_006_alphafold2_model_5_seed_004.pdb
1672,14,Chemokine,0.51781,anc2c_14_V_unrelaxed_rank_007_alphafold2_model_5_seed_000.pdb
1673,14,Chemokine,0.5188,anc2c_14_V_unrelaxed_rank_008_alphafold2_model_5_seed_001.pdb
1674,14,Chemokine,0.52193,anc2c_14_V_unrelaxed_rank_009_alphafold2_model_5_seed_003.pdb
1675,14,Chemokine,0.54066,anc2c_14_V_unrelaxed_rank_010_alphafold2_model_1_seed_003.pdb
1676,14,Chemokine,0.5446,anc2c_14_V_unrelaxed_rank_011_alphafold2_model_1_seed_000.pdb
1677,14,Chemokine,0.51844,anc2c_14_V_unrelaxed_rank_012_alphafold2_model_5_seed_002.pdb
1678,14,Chemokine,0.5413,anc2c_14_V_unrelaxed_rank_013_alphafold2_model_1_seed_002.pdb
1679,14,Chemokine,0.53681,anc2c_14_V_unrelaxed_rank_014_alphafold2_model_1_seed_004.pdb
1680,14,Chemokine,0.54294,anc2c_14_V_unrelaxed_rank_015_alphafold2_model_1_seed_001.pdb
1681,14,Chemokine,0.55828,anc2c_14_V_unrelaxed_rank_016_alphafold2_model_4_seed_001.pdb
1682,14,Chemokine,0.5491,anc2c_14_V_unrelaxed_rank_017_alphafold2_model_4_seed_002.pdb
1683,14,Chemokine,0.55287,anc2c_14_V_unrelaxed_rank_018_alphafold2_model_4_seed_003.pdb
1684,14,Chemokine,0.56018,anc2c_14_V_unrelaxed_rank_019_alphafold2_model_4_seed_000.pdb
1685,14,Chemokine,0.55645,anc2c_14_V_unrelaxed_rank_020_alphafold2_model_4_seed_004.pdb
1686,14,Chemokine,0.59187,anc2c_14_V_unrelaxed_rank_021_alphafold2_model_3_seed_002.pdb
1687,14,Chemokine,0.60383,anc2c_14_V_unrelaxed_rank_022_alphafold2_model_3_seed_001.pdb
1688,36,Chemokine,0.56049,anc2c_36_A_unrelaxed_rank_001_alphafold2_model_2_seed_003.pdb
1689,36,Chemokine,0.56238,anc2c_36_A_unrelaxed_rank_002_alphafold2_model_2_seed_000.pdb
1690,36,Chemokine,0.56045,anc2c_36_A_unrelaxed_rank_003_alphafold2_model_2_seed_002.pdb
1691,36,Chemokine,0.56358,anc2c_36_A_unrelaxed_rank_004_alphafold2_model_2_seed_004.pdb
1692,36,Chemokine,0.56268,anc2c_36_A_unrelaxed_rank_005_alphafold2_model_2_seed_001.pdb
1693,36,Chemokine,0.5679,anc2c_36_A_unrelaxed_rank_006_alphafold2_model_1_seed_000.pdb
1694,36,Chemokine,0.56266,anc2c_36_A_unrelaxed_rank_007_alphafold2_model_1_seed_004.pdb
1695,36,Chemokine,0.571,anc2c_36_A_unrelaxed_rank_008_alphafold2_model_4_seed_003.pdb
1696,36,Chemokine,0.56997,anc2c_36_A_unrelaxed_rank_009_alphafold2_model_4_seed_004.pdb
1697,36,Chemokine,0.56929,anc2c_36_A_unrelaxed_rank_010_alphafold2_model_4_seed_000.pdb
1698,36,Chemokine,0.56147,anc2c_36_A_unrelaxed_rank_011_alphafold2_model_1_seed_003.pdb
1699,36,Chemokine,0.57422,anc2c_36_A_unrelaxed_rank_012_alphafold2_model_4_seed_001.pdb
1700,36,Chemokine,0.57333,anc2c_36_A_unrelaxed_rank_013_alphafold2_model_4_seed_002.pdb
1701,36,Chemokine,0.55707,anc2c_36_A_unrelaxed_rank_014_alphafold2_model_1_seed_002.pdb
1702,36,Chemokine,0.56105,anc2c_36_A_unrelaxed_rank_015_alphafold2_model_1_seed_001.pdb
1703,36,Chemokine,0.58676,anc2c_36_A_unrelaxed_rank_016_alphafold2_model_3_seed_004.pdb
1704,36,Chemokine,0.5895,anc2c_36_A_unrelaxed_rank_017_alphafold2_model_3_seed_003.pdb
1705,36,Chemokine,0.57486,anc2c_36_A_unrelaxed_rank_018_alphafold2_model_5_seed_000.pdb
1706,36,Chemokine,0.56672,anc2c_36_A_unrelaxed_rank_019_alphafold2_model_5_seed_004.pdb
1707,36,Chemokine,0.59998,anc2c_36_A_unrelaxed_rank_020_alphafold2_model_3_seed_001.pdb
1708,36,Chemokine,0.57662,anc2c_36_A_unrelaxed_rank_021_alphafold2_model_5_seed_001.pdb
1709,36,Chemokine,0.57086,anc2c_36_A_unrelaxed_rank_022_alphafold2_model_5_seed_002.pdb
1710,36,Chemokine,0.57643,anc2c_36_A_unrelaxed_rank_023_alphafold2_model_5_seed_003.pdb
1711,36,Chemokine,0.60366,anc2c_36_A_unrelaxed_rank_024_alphafold2_model_3_seed_000.pdb
1712,36,Chemokine,0.59965,anc2c_36_A_unrelaxed_rank_025_alphafold2_model_3_seed_002.pdb
1713,36,Chemokine,0.51356,anc2c_36_G_unrelaxed_rank_001_alphafold2_model_2_seed_004.pdb
1714,36,Chemokine,0.53345,anc2c_36_G_unrelaxed_rank_002_alphafold2_model_2_seed_003.pdb
1715,36,Chemokine,0.57952,anc2c_36_G_unrelaxed_rank_003_alphafold2_model_2_seed_000.pdb
1716,36,Chemokine,0.52689,anc2c_36_G_unrelaxed_rank_004_alphafold2_model_1_seed_004.pdb
1717,36,Chemokine,0.52416,anc2c_36_G_unrelaxed_rank_005_alphafold2_model_1_seed_003.pdb
1718,36,Chemokine,0.52512,anc2c_36_G_unrelaxed_rank_006_alphafold2_model_1_seed_001.pdb
1719,36,Chemokine,0.58506,anc2c_36_G_unrelaxed_rank_007_alphafold2_model_2_seed_001.pdb
1720,36,Chemokine,0.54331,anc2c_36_G_unrelaxed_rank_008_alphafold2_model_4_seed_004.pdb
1721,36,Chemokine,0.54173,anc2c_36_G_unrelaxed_rank_009_alphafold2_model_4_seed_003.pdb
1722,36,Chemokine,0.54632,anc2c_36_G_unrelaxed_rank_010_alphafold2_model_4_seed_002.pdb
1723,36,Chemokine,0.54675,anc2c_36_G_unrelaxed_rank_011_alphafold2_model_4_seed_001.pdb
1724,36,Chemokine,0.52392,anc2c_36_G_unrelaxed_rank_012_alphafold2_model_1_seed_002.pdb
1725,36,Chemokine,0.55427,anc2c_36_G_unrelaxed_rank_013_alphafold2_model_4_seed_000.pdb
1726,36,Chemokine,0.58457,anc2c_36_G_unrelaxed_rank_014_alphafold2_model_1_seed_000.pdb
1727,36,Chemokine,0.5589,anc2c_36_G_unrelaxed_rank_015_alphafold2_model_5_seed_000.pdb
1728,36,Chemokine,0.61222,anc2c_36_G_unrelaxed_rank_016_alphafold2_model_3_seed_003.pdb
1729,36,Chemokine,0.55702,anc2c_36_G_unrelaxed_rank_017_alphafold2_model_5_seed_002.pdb
1730,36,Chemokine,0.56062,anc2c_36_G_unrelaxed_rank_018_alphafold2_model_5_seed_004.pdb
1731,36,Chemokine,0.5689,anc2c_36_G_unrelaxed_rank_019_alphafold2_model_5_seed_003.pdb
1732,36,Chemokine,0.61556,anc2c_36_G_unrelaxed_rank_020_alphafold2_model_3_seed_002.pdb
1733,36,Chemokine,0.57725,anc2c_36_G_unrelaxed_rank_021_alphafold2_model_5_seed_001.pdb
1734,36,Chemokine,0.61105,anc2c_36_G_unrelaxed_rank_022_alphafold2_model_2_seed_002.pdb
1735,36,Chemokine,0.602,anc2c_36_G_unrelaxed_rank_023_alphafold2_model_3_seed_000.pdb
1736,36,Chemokine,0.6322,anc2c_36_G_unrelaxed_rank_024_alphafold2_model_3_seed_004.pdb
1737,36,Chemokine,0.60007,anc2c_36_G_unrelaxed_rank_025_alphafold2_model_3_seed_001.pdb
1738,36,Chemokine,0.74828,anc2c_36_I_unrelaxed_rank_001_alphafold2_model_3_seed_000.pdb
1739,36,Chemokine,0.74913,anc2c_36_I_unrelaxed_rank_002_alphafold2_model_3_seed_001.pdb
1740,36,Chemokine,0.7497,anc2c_36_I_unrelaxed_rank_003_alphafold2_model_3_seed_003.pdb
1741,36,Chemokine,0.75087,anc2c_36_I_unrelaxed_rank_004_alphafold2_model_3_seed_004.pdb
1742,36,Chemokine,0.75329,anc2c_36_I_unrelaxed_rank_005_alphafold2_model_3_seed_002.pdb
1743,36,Chemokine,0.76278,anc2c_36_I_unrelaxed_rank_006_alphafold2_model_4_seed_004.pdb
1744,36,Chemokine,0.7594,anc2c_36_I_unrelaxed_rank_007_alphafold2_model_4_seed_000.pdb
1745,36,Chemokine,0.74397,anc2c_36_I_unrelaxed_rank_008_alphafold2_model_5_seed_000.pdb
1746,36,Chemokine,0.75428,anc2c_36_I_unrelaxed_rank_009_alphafold2_model_5_seed_001.pdb
1747,36,Chemokine,0.75434,anc2c_36_I_unrelaxed_rank_010_alphafold2_model_5_seed_003.pdb
1748,36,Chemokine,0.74679,anc2c_36_I_unrelaxed_rank_011_alphafold2_model_2_seed_000.pdb
1749,36,Chemokine,0.74491,anc2c_36_I_unrelaxed_rank_012_alphafold2_model_2_seed_004.pdb
1750,36,Chemokine,0.74329,anc2c_36_I_unrelaxed_rank_013_alphafold2_model_1_seed_000.pdb
1751,36,Chemokine,0.53992,anc2c_36_I_unrelaxed_rank_014_alphafold2_model_4_seed_003.pdb
1752,36,Chemokine,0.74462,anc2c_36_I_unrelaxed_rank_015_alphafold2_model_1_seed_002.pdb
1753,36,Chemokine,0.54912,anc2c_36_I_unrelaxed_rank_016_alphafold2_model_4_seed_001.pdb
1754,36,Chemokine,0.7471,anc2c_36_I_unrelaxed_rank_017_alphafold2_model_2_seed_003.pdb
1755,36,Chemokine,0.74412,anc2c_36_I_unrelaxed_rank_018_alphafold2_model_1_seed_001.pdb
1756,36,Chemokine,0.53849,anc2c_36_I_unrelaxed_rank_019_alphafold2_model_4_seed_002.pdb
1757,36,Chemokine,0.74349,anc2c_36_I_unrelaxed_rank_020_alphafold2_model_1_seed_004.pdb
1758,36,Chemokine,0.74653,anc2c_36_I_unrelaxed_rank_021_alphafold2_model_2_seed_002.pdb
1759,36,Chemokine,0.74629,anc2c_36_I_unrelaxed_rank_022_alphafold2_model_2_seed_001.pdb
1760,36,Chemokine,0.74088,anc2c_36_I_unrelaxed_rank_023_alphafold2_model_1_seed_003.pdb
1761,36,Chemokine,0.54812,anc2c_36_I_unrelaxed_rank_024_alphafold2_model_5_seed_002.pdb
1762,36,Chemokine,0.5401,anc2c_36_I_unrelaxed_rank_025_alphafold2_model_5_seed_004.pdb
1763,38,Chemokine,0.56049,anc2c_38_I_unrelaxed_rank_001_alphafold2_model_2_seed_003.pdb
1764,38,Chemokine,0.56238,anc2c_38_I_unrelaxed_rank_002_alphafold2_model_2_seed_000.pdb
1765,38,Chemokine,0.56045,anc2c_38_I_unrelaxed_rank_003_alphafold2_model_2_seed_002.pdb
1766,38,Chemokine,0.56358,anc2c_38_I_unrelaxed_rank_004_alphafold2_model_2_seed_004.pdb
1767,38,Chemokine,0.56268,anc2c_38_I_unrelaxed_rank_005_alphafold2_model_2_seed_001.pdb
1768,38,Chemokine,0.5679,anc2c_38_I_unrelaxed_rank_006_alphafold2_model_1_seed_000.pdb
1769,38,Chemokine,0.56266,anc2c_38_I_unrelaxed_rank_007_alphafold2_model_1_seed_004.pdb
1770,38,Chemokine,0.571,anc2c_38_I_unrelaxed_rank_008_alphafold2_model_4_seed_003.pdb
1771,38,Chemokine,0.56997,anc2c_38_I_unrelaxed_rank_009_alphafold2_model_4_seed_004.pdb
1772,38,Chemokine,0.56929,anc2c_38_I_unrelaxed_rank_010_alphafold2_model_4_seed_000.pdb
1773,38,Chemokine,0.56147,anc2c_38_I_unrelaxed_rank_011_alphafold2_model_1_seed_003.pdb
1774,38,Chemokine,0.57422,anc2c_38_I_unrelaxed_rank_012_alphafold2_model_4_seed_001.pdb
1775,38,Chemokine,0.57333,anc2c_38_I_unrelaxed_rank_013_alphafold2_model_4_seed_002.pdb
1776,38,Chemokine,0.55707,anc2c_38_I_unrelaxed_rank_014_alphafold2_model_1_seed_002.pdb
1777,38,Chemokine,0.56105,anc2c_38_I_unrelaxed_rank_015_alphafold2_model_1_seed_001.pdb
1778,38,Chemokine,0.58676,anc2c_38_I_unrelaxed_rank_016_alphafold2_model_3_seed_004.pdb
1779,38,Chemokine,0.5895,anc2c_38_I_unrelaxed_rank_017_alphafold2_model_3_seed_003.pdb
1780,38,Chemokine,0.57486,anc2c_38_I_unrelaxed_rank_018_alphafold2_model_5_seed_000.pdb
1781,38,Chemokine,0.56672,anc2c_38_I_unrelaxed_rank_019_alphafold2_model_5_seed_004.pdb
1782,38,Chemokine,0.59998,anc2c_38_I_unrelaxed_rank_020_alphafold2_model_3_seed_001.pdb
1783,38,Chemokine,0.57662,anc2c_38_I_unrelaxed_rank_021_alphafold2_model_5_seed_001.pdb
1784,38,Chemokine,0.57086,anc2c_38_I_unrelaxed_rank_022_alphafold2_model_5_seed_002.pdb
1785,38,Chemokine,0.57643,anc2c_38_I_unrelaxed_rank_023_alphafold2_model_5_seed_003.pdb
1786,38,Chemokine,0.60366,anc2c_38_I_unrelaxed_rank_024_alphafold2_model_3_seed_000.pdb
1787,38,Chemokine,0.59965,anc2c_38_I_unrelaxed_rank_025_alphafold2_model_3_seed_002.pdb
1788,38,Chemokine,0.53711,anc2c_38_L_unrelaxed_rank_001_alphafold2_model_2_seed_003.pdb
1789,38,Chemokine,0.52082,anc2c_38_L_unrelaxed_rank_002_alphafold2_model_2_seed_000.pdb
1790,38,Chemokine,0.52485,anc2c_38_L_unrelaxed_rank_003_alphafold2_model_2_seed_004.pdb
1791,38,Chemokine,0.52528,anc2c_38_L_unrelaxed_rank_004_alphafold2_model_2_seed_002.pdb
1792,38,Chemokine,0.5713,anc2c_38_L_unrelaxed_rank_005_alphafold2_model_3_seed_002.pdb
1793,38,Chemokine,0.52564,anc2c_38_L_unrelaxed_rank_006_alphafold2_model_2_seed_001.pdb
1794,38,Chemokine,0.54612,anc2c_38_L_unrelaxed_rank_007_alphafold2_model_1_seed_004.pdb
1795,38,Chemokine,0.543,anc2c_38_L_unrelaxed_rank_008_alphafold2_model_1_seed_003.pdb
1796,38,Chemokine,0.53985,anc2c_38_L_unrelaxed_rank_009_alphafold2_model_1_seed_002.pdb
1797,38,Chemokine,0.5502,anc2c_38_L_unrelaxed_rank_010_alphafold2_model_1_seed_000.pdb
1798,38,Chemokine,0.57427,anc2c_38_L_unrelaxed_rank_011_alphafold2_model_3_seed_003.pdb
1799,38,Chemokine,0.5565,anc2c_38_L_unrelaxed_rank_012_alphafold2_model_4_seed_004.pdb
1800,38,Chemokine,0.54162,anc2c_38_L_unrelaxed_rank_013_alphafold2_model_1_seed_001.pdb
1801,38,Chemokine,0.56269,anc2c_38_L_unrelaxed_rank_014_alphafold2_model_3_seed_004.pdb
1802,38,Chemokine,0.5724,anc2c_38_L_unrelaxed_rank_015_alphafold2_model_3_seed_001.pdb
1803,38,Chemokine,0.5755,anc2c_38_L_unrelaxed_rank_016_alphafold2_model_3_seed_000.pdb
1804,38,Chemokine,0.57271,anc2c_38_L_unrelaxed_rank_017_alphafold2_model_4_seed_002.pdb
1805,38,Chemokine,0.56208,anc2c_38_L_unrelaxed_rank_018_alphafold2_model_4_seed_003.pdb
1806,38,Chemokine,0.57208,anc2c_38_L_unrelaxed_rank_019_alphafold2_model_4_seed_001.pdb
1807,38,Chemokine,0.57479,anc2c_38_L_unrelaxed_rank_020_alphafold2_model_4_seed_000.pdb
1808,38,Chemokine,0.57131,anc2c_38_L_unrelaxed_rank_021_alphafold2_model_5_seed_000.pdb
1809,38,Chemokine,0.56216,anc2c_38_L_unrelaxed_rank_022_alphafold2_model_5_seed_004.pdb
1810,38,Chemokine,0.57387,anc2c_38_L_unrelaxed_rank_023_alphafold2_model_5_seed_001.pdb
1811,38,Chemokine,0.57215,anc2c_38_L_unrelaxed_rank_024_alphafold2_model_5_seed_002.pdb
1812,38,Chemokine,0.57116,anc2c_38_L_unrelaxed_rank_025_alphafold2_model_5_seed_003.pdb
1813,38,Chemokine,0.53991,anc2c_38_V_unrelaxed_rank_001_alphafold2_model_2_seed_003.pdb
1814,38,Chemokine,0.53728,anc2c_38_V_unrelaxed_rank_002_alphafold2_model_2_seed_004.pdb
1815,38,Chemokine,0.53858,anc2c_38_V_unrelaxed_rank_003_alphafold2_model_2_seed_002.pdb
1816,38,Chemokine,0.55151,anc2c_38_V_unrelaxed_rank_004_alphafold2_model_1_seed_004.pdb
1817,38,Chemokine,0.55029,anc2c_38_V_unrelaxed_rank_005_alphafold2_model_1_seed_002.pdb
1818,38,Chemokine,0.55594,anc2c_38_V_unrelaxed_rank_006_alphafold2_model_1_seed_000.pdb
1819,38,Chemokine,0.54689,anc2c_38_V_unrelaxed_rank_007_alphafold2_model_1_seed_003.pdb
1820,38,Chemokine,0.54523,anc2c_38_V_unrelaxed_rank_008_alphafold2_model_1_seed_001.pdb
1821,38,Chemokine,0.53433,anc2c_38_V_unrelaxed_rank_009_alphafold2_model_2_seed_000.pdb
1822,38,Chemokine,0.53792,anc2c_38_V_unrelaxed_rank_010_alphafold2_model_2_seed_001.pdb
1823,38,Chemokine,0.56554,anc2c_38_V_unrelaxed_rank_011_alphafold2_model_4_seed_004.pdb
1824,38,Chemokine,0.5698,anc2c_38_V_unrelaxed_rank_012_alphafold2_model_4_seed_002.pdb
1825,38,Chemokine,0.56715,anc2c_38_V_unrelaxed_rank_013_alphafold2_model_4_seed_000.pdb
1826,38,Chemokine,0.57095,anc2c_38_V_unrelaxed_rank_014_alphafold2_model_4_seed_001.pdb
1827,38,Chemokine,0.56811,anc2c_38_V_unrelaxed_rank_015_alphafold2_model_4_seed_003.pdb
1828,38,Chemokine,0.57128,anc2c_38_V_unrelaxed_rank_016_alphafold2_model_3_seed_003.pdb
1829,38,Chemokine,0.5661,anc2c_38_V_unrelaxed_rank_017_alphafold2_model_5_seed_003.pdb
1830,38,Chemokine,0.56918,anc2c_38_V_unrelaxed_rank_018_alphafold2_model_5_seed_002.pdb
1831,38,Chemokine,0.57943,anc2c_38_V_unrelaxed_rank_019_alphafold2_model_3_seed_004.pdb
1832,38,Chemokine,0.57885,anc2c_38_V_unrelaxed_rank_020_alphafold2_model_3_seed_001.pdb
1833,38,Chemokine,0.57949,anc2c_38_V_unrelaxed_rank_021_alphafold2_model_3_seed_000.pdb
1834,38,Chemokine,0.57026,anc2c_38_V_unrelaxed_rank_022_alphafold2_model_5_seed_001.pdb
1835,38,Chemokine,0.57824,anc2c_38_V_unrelaxed_rank_023_alphafold2_model_3_seed_002.pdb
1836,38,Chemokine,0.56905,anc2c_38_V_unrelaxed_rank_024_alphafold2_model_5_seed_000.pdb
1837,38,Chemokine,0.56566,anc2c_38_V_unrelaxed_rank_025_alphafold2_model_5_seed_004.pdb
1838,40,Chemokine,0.55915,anc2c_40_G_unrelaxed_rank_001_alphafold2_model_2_seed_002.pdb
1839,40,Chemokine,0.55732,anc2c_40_G_unrelaxed_rank_002_alphafold2_model_2_seed_001.pdb
1840,40,Chemokine,0.55754,anc2c_40_G_unrelaxed_rank_003_alphafold2_model_2_seed_003.pdb
1841,40,Chemokine,0.55449,anc2c_40_G_unrelaxed_rank_004_alphafold2_model_2_seed_000.pdb
1842,40,Chemokine,0.56216,anc2c_40_G_unrelaxed_rank_005_alphafold2_model_4_seed_002.pdb
1843,40,Chemokine,0.56018,anc2c_40_G_unrelaxed_rank_006_alphafold2_model_4_seed_003.pdb
1844,40,Chemokine,0.55629,anc2c_40_G_unrelaxed_rank_007_alphafold2_model_4_seed_001.pdb
1845,40,Chemokine,0.53596,anc2c_40_G_unrelaxed_rank_008_alphafold2_model_2_seed_004.pdb
1846,40,Chemokine,0.56157,anc2c_40_G_unrelaxed_rank_009_alphafold2_model_4_seed_000.pdb
1847,40,Chemokine,0.55225,anc2c_40_G_unrelaxed_rank_010_alphafold2_model_5_seed_003.pdb
1848,40,Chemokine,0.54983,anc2c_40_G_unrelaxed_rank_011_alphafold2_model_5_seed_004.pdb
1849,40,Chemokine,0.57165,anc2c_40_G_unrelaxed_rank_012_alphafold2_model_4_seed_004.pdb
1850,40,Chemokine,0.57341,anc2c_40_G_unrelaxed_rank_013_alphafold2_model_3_seed_003.pdb
1851,40,Chemokine,0.54457,anc2c_40_G_unrelaxed_rank_014_alphafold2_model_5_seed_000.pdb
1852,40,Chemokine,0.54829,anc2c_40_G_unrelaxed_rank_015_alphafold2_model_5_seed_002.pdb
1853,40,Chemokine,0.5502,anc2c_40_G_unrelaxed_rank_016_alphafold2_model_5_seed_001.pdb
1854,40,Chemokine,0.52357,anc2c_40_G_unrelaxed_rank_017_alphafold2_model_3_seed_004.pdb
1855,40,Chemokine,0.79839,anc2c_40_I_unrelaxed_rank_001_alphafold2_model_1_seed_000.pdb
1856,40,Chemokine,0.79552,anc2c_40_I_unrelaxed_rank_002_alphafold2_model_1_seed_004.pdb
1857,40,Chemokine,0.79079,anc2c_40_I_unrelaxed_rank_003_alphafold2_model_1_seed_002.pdb
1858,40,Chemokine,0.78804,anc2c_40_I_unrelaxed_rank_004_alphafold2_model_1_seed_001.pdb
1859,40,Chemokine,0.55574,anc2c_40_I_unrelaxed_rank_005_alphafold2_model_2_seed_002.pdb
1860,40,Chemokine,0.55809,anc2c_40_I_unrelaxed_rank_006_alphafold2_model_2_seed_000.pdb
1861,40,Chemokine,0.55358,anc2c_40_I_unrelaxed_rank_007_alphafold2_model_2_seed_003.pdb
1862,40,Chemokine,0.56076,anc2c_40_I_unrelaxed_rank_008_alphafold2_model_2_seed_001.pdb
1863,40,Chemokine,0.55604,anc2c_40_I_unrelaxed_rank_009_alphafold2_model_2_seed_004.pdb
1864,40,Chemokine,0.56912,anc2c_40_I_unrelaxed_rank_010_alphafold2_model_3_seed_003.pdb
1865,40,Chemokine,0.57208,anc2c_40_I_unrelaxed_rank_011_alphafold2_model_3_seed_000.pdb
1866,40,Chemokine,0.57551,anc2c_40_I_unrelaxed_rank_012_alphafold2_model_3_seed_004.pdb
1867,40,Chemokine,0.57505,anc2c_40_I_unrelaxed_rank_013_alphafold2_model_3_seed_002.pdb
1868,40,Chemokine,0.5722,anc2c_40_I_unrelaxed_rank_014_alphafold2_model_1_seed_003.pdb
1869,40,Chemokine,0.57626,anc2c_40_I_unrelaxed_rank_015_alphafold2_model_3_seed_001.pdb
1870,40,Chemokine,0.57476,anc2c_40_I_unrelaxed_rank_016_alphafold2_model_4_seed_002.pdb
1871,40,Chemokine,0.56919,anc2c_40_I_unrelaxed_rank_017_alphafold2_model_4_seed_001.pdb
1872,40,Chemokine,0.57155,anc2c_40_I_unrelaxed_rank_018_alphafold2_model_4_seed_003.pdb
1873,40,Chemokine,0.57225,anc2c_40_I_unrelaxed_rank_019_alphafold2_model_4_seed_000.pdb
1874,40,Chemokine,0.57568,anc2c_40_I_unrelaxed_rank_020_alphafold2_model_4_seed_004.pdb
1875,40,Chemokine,0.56286,anc2c_40_I_unrelaxed_rank_021_alphafold2_model_5_seed_000.pdb
1876,40,Chemokine,0.53122,anc2c_40_I_unrelaxed_rank_022_alphafold2_model_5_seed_003.pdb
1877,40,Chemokine,0.53214,anc2c_40_I_unrelaxed_rank_023_alphafold2_model_5_seed_004.pdb
1878,40,Chemokine,0.53396,anc2c_40_I_unrelaxed_rank_024_alphafold2_model_5_seed_001.pdb
1879,40,Chemokine,0.54922,anc2c_40_I_unrelaxed_rank_025_alphafold2_model_5_seed_002.pdb
1880,40,Chemokine,0.7926,anc2c_40_V_unrelaxed_rank_001_alphafold2_model_1_seed_000.pdb
1881,40,Chemokine,0.78665,anc2c_40_V_unrelaxed_rank_002_alphafold2_model_1_seed_001.pdb
1882,40,Chemokine,0.55653,anc2c_40_V_unrelaxed_rank_003_alphafold2_model_2_seed_000.pdb
1883,40,Chemokine,0.55445,anc2c_40_V_unrelaxed_rank_004_alphafold2_model_2_seed_003.pdb
1884,40,Chemokine,0.55392,anc2c_40_V_unrelaxed_rank_005_alphafold2_model_2_seed_002.pdb
1885,40,Chemokine,0.55776,anc2c_40_V_unrelaxed_rank_006_alphafold2_model_2_seed_001.pdb
1886,40,Chemokine,0.5541,anc2c_40_V_unrelaxed_rank_007_alphafold2_model_2_seed_004.pdb
1887,40,Chemokine,0.57287,anc2c_40_V_unrelaxed_rank_008_alphafold2_model_1_seed_004.pdb
1888,40,Chemokine,0.57237,anc2c_40_V_unrelaxed_rank_009_alphafold2_model_4_seed_003.pdb
1889,40,Chemokine,0.57431,anc2c_40_V_unrelaxed_rank_010_alphafold2_model_1_seed_002.pdb
1890,40,Chemokine,0.58015,anc2c_40_V_unrelaxed_rank_011_alphafold2_model_1_seed_003.pdb
1891,40,Chemokine,0.57701,anc2c_40_V_unrelaxed_rank_012_alphafold2_model_3_seed_004.pdb
1892,40,Chemokine,0.57466,anc2c_40_V_unrelaxed_rank_013_alphafold2_model_4_seed_002.pdb
1893,40,Chemokine,0.57626,anc2c_40_V_unrelaxed_rank_014_alphafold2_model_3_seed_001.pdb
1894,40,Chemokine,0.57755,anc2c_40_V_unrelaxed_rank_015_alphafold2_model_3_seed_003.pdb
1895,40,Chemokine,0.57912,anc2c_40_V_unrelaxed_rank_016_alphafold2_model_3_seed_000.pdb
1896,40,Chemokine,0.57927,anc2c_40_V_unrelaxed_rank_017_alphafold2_model_3_seed_002.pdb
1897,40,Chemokine,0.57509,anc2c_40_V_unrelaxed_rank_018_alphafold2_model_4_seed_004.pdb
1898,40,Chemokine,0.5784,anc2c_40_V_unrelaxed_rank_019_alphafold2_model_4_seed_001.pdb
1899,40,Chemokine,0.57375,anc2c_40_V_unrelaxed_rank_020_alphafold2_model_4_seed_000.pdb
1900,40,Chemokine,0.56778,anc2c_40_V_unrelaxed_rank_021_alphafold2_model_5_seed_002.pdb
1901,40,Chemokine,0.56036,anc2c_40_V_unrelaxed_rank_022_alphafold2_model_5_seed_000.pdb
1902,40,Chemokine,0.55984,anc2c_40_V_unrelaxed_rank_023_alphafold2_model_5_seed_004.pdb
1903,40,Chemokine,0.57107,anc2c_40_V_unrelaxed_rank_024_alphafold2_model_5_seed_001.pdb
1904,40,Chemokine,0.55877,anc2c_40_V_unrelaxed_rank_025_alphafold2_model_5_seed_003.pdb
1905,45,Chemokine,0.53259,anc2c_45_I_unrelaxed_rank_001_alphafold2_model_4_seed_004.pdb
1906,45,Chemokine,0.52884,anc2c_45_I_unrelaxed_rank_002_alphafold2_model_4_seed_000.pdb
1907,45,Chemokine,0.52916,anc2c_45_I_unrelaxed_rank_003_alphafold2_model_4_seed_001.pdb
1908,45,Chemokine,0.53319,anc2c_45_I_unrelaxed_rank_004_alphafold2_model_4_seed_002.pdb
1909,45,Chemokine,0.53746,anc2c_45_I_unrelaxed_rank_005_alphafold2_model_4_seed_003.pdb
1910,45,Chemokine,0.54626,anc2c_45_I_unrelaxed_rank_006_alphafold2_model_3_seed_000.pdb
1911,45,Chemokine,0.52613,anc2c_45_I_unrelaxed_rank_007_alphafold2_model_2_seed_001.pdb
1912,45,Chemokine,0.56344,anc2c_45_I_unrelaxed_rank_012_alphafold2_model_3_seed_004.pdb
1913,45,Chemokine,0.52036,anc2c_45_L_unrelaxed_rank_001_alphafold2_model_4_seed_003.pdb
1914,45,Chemokine,0.50966,anc2c_45_L_unrelaxed_rank_002_alphafold2_model_3_seed_001.pdb
1915,45,Chemokine,0.52634,anc2c_45_L_unrelaxed_rank_004_alphafold2_model_4_seed_000.pdb
1916,45,Chemokine,0.52488,anc2c_45_L_unrelaxed_rank_005_alphafold2_model_4_seed_002.pdb
1917,45,Chemokine,0.55081,anc2c_45_L_unrelaxed_rank_007_alphafold2_model_3_seed_004.pdb
1918,45,Chemokine,0.55658,anc2c_45_L_unrelaxed_rank_008_alphafold2_model_3_seed_003.pdb
1919,45,Chemokine,0.57777,anc2c_45_L_unrelaxed_rank_011_alphafold2_model_4_seed_001.pdb
1920,45,Chemokine,0.55381,anc2c_45_L_unrelaxed_rank_015_alphafold2_model_4_seed_004.pdb
1921,45,Chemokine,0.55064,anc2c_45_L_unrelaxed_rank_016_alphafold2_model_3_seed_002.pdb
1922,45,Chemokine,0.55031,anc2c_45_L_unrelaxed_rank_017_alphafold2_model_3_seed_000.pdb
1923,45,Chemokine,0.50064,anc2c_45_L_unrelaxed_rank_022_alphafold2_model_2_seed_000.pdb
1924,45,Chemokine,0.5238,anc2c_45_V_unrelaxed_rank_001_alphafold2_model_4_seed_000.pdb
1925,45,Chemokine,0.52914,anc2c_45_V_unrelaxed_rank_002_alphafold2_model_4_seed_004.pdb
1926,45,Chemokine,0.53649,anc2c_45_V_unrelaxed_rank_003_alphafold2_model_4_seed_001.pdb
1927,45,Chemokine,0.53376,anc2c_45_V_unrelaxed_rank_004_alphafold2_model_4_seed_003.pdb
1928,45,Chemokine,0.55581,anc2c_45_V_unrelaxed_rank_005_alphafold2_model_3_seed_004.pdb
1929,45,Chemokine,0.53782,anc2c_45_V_unrelaxed_rank_006_alphafold2_model_4_seed_002.pdb
1930,45,Chemokine,0.55449,anc2c_45_V_unrelaxed_rank_007_alphafold2_model_3_seed_000.pdb
1931,45,Chemokine,0.57282,anc2c_45_V_unrelaxed_rank_009_alphafold2_model_3_seed_002.pdb
1932,45,Chemokine,0.5564,anc2c_45_V_unrelaxed_rank_010_alphafold2_model_3_seed_003.pdb
1933,45,Chemokine,0.58937,anc2c_45_V_unrelaxed_rank_017_alphafold2_model_3_seed_001.pdb
1934,45,Chemokine,0.50528,anc2c_45_V_unrelaxed_rank_018_alphafold2_model_5_seed_001.pdb
1935,I,Chemokine,0.5799,anc2c_I_unrelaxed_rank_001_alphafold2_model_2_seed_000.pdb
1936,I,Chemokine,0.57708,anc2c_I_unrelaxed_rank_002_alphafold2_model_2_seed_003.pdb
1937,I,Chemokine,0.57253,anc2c_I_unrelaxed_rank_003_alphafold2_model_2_seed_002.pdb
1938,I,Chemokine,0.57848,anc2c_I_unrelaxed_rank_004_alphafold2_model_2_seed_004.pdb
1939,I,Chemokine,0.58501,anc2c_I_unrelaxed_rank_005_alphafold2_model_1_seed_003.pdb
1940,I,Chemokine,0.57946,anc2c_I_unrelaxed_rank_006_alphafold2_model_1_seed_004.pdb
1941,I,Chemokine,0.58605,anc2c_I_unrelaxed_rank_007_alphafold2_model_1_seed_002.pdb
1942,I,Chemokine,0.58605,anc2c_I_unrelaxed_rank_008_alphafold2_model_2_seed_001.pdb
1943,I,Chemokine,0.5907,anc2c_I_unrelaxed_rank_009_alphafold2_model_1_seed_000.pdb
1944,I,Chemokine,0.57882,anc2c_I_unrelaxed_rank_010_alphafold2_model_4_seed_000.pdb
1945,I,Chemokine,0.57557,anc2c_I_unrelaxed_rank_011_alphafold2_model_4_seed_003.pdb
1946,I,Chemokine,0.55802,anc2c_I_unrelaxed_rank_012_alphafold2_model_1_seed_001.pdb
1947,I,Chemokine,0.57277,anc2c_I_unrelaxed_rank_013_alphafold2_model_4_seed_004.pdb
1948,I,Chemokine,0.57433,anc2c_I_unrelaxed_rank_014_alphafold2_model_4_seed_002.pdb
1949,I,Chemokine,0.57943,anc2c_I_unrelaxed_rank_015_alphafold2_model_4_seed_001.pdb
1950,I,Chemokine,0.57937,anc2c_I_unrelaxed_rank_016_alphafold2_model_5_seed_002.pdb
1951,I,Chemokine,0.57908,anc2c_I_unrelaxed_rank_017_alphafold2_model_5_seed_003.pdb
1952,I,Chemokine,0.5856,anc2c_I_unrelaxed_rank_018_alphafold2_model_5_seed_000.pdb
1953,I,Chemokine,0.58632,anc2c_I_unrelaxed_rank_019_alphafold2_model_5_seed_001.pdb
1954,I,Chemokine,0.58706,anc2c_I_unrelaxed_rank_020_alphafold2_model_5_seed_004.pdb
1955,I,Chemokine,0.59844,anc2c_I_unrelaxed_rank_021_alphafold2_model_3_seed_003.pdb
1956,I,Chemokine,0.60575,anc2c_I_unrelaxed_rank_022_alphafold2_model_3_seed_004.pdb
1957,I,Chemokine,0.61102,anc2c_I_unrelaxed_rank_023_alphafold2_model_3_seed_000.pdb
1958,L,Chemokine,0.55885,anc2c_L_unrelaxed_rank_001_alphafold2_model_2_seed_000.pdb
1959,L,Chemokine,0.54922,anc2c_L_unrelaxed_rank_002_alphafold2_model_1_seed_004.pdb
1960,L,Chemokine,0.5646,anc2c_L_unrelaxed_rank_003_alphafold2_model_4_seed_000.pdb
1961,L,Chemokine,0.56143,anc2c_L_unrelaxed_rank_004_alphafold2_model_2_seed_004.pdb
1962,L,Chemokine,0.56506,anc2c_L_unrelaxed_rank_005_alphafold2_model_4_seed_001.pdb
1963,L,Chemokine,0.563,anc2c_L_unrelaxed_rank_006_alphafold2_model_4_seed_004.pdb
1964,L,Chemokine,0.54017,anc2c_L_unrelaxed_rank_007_alphafold2_model_1_seed_002.pdb
1965,L,Chemokine,0.55462,anc2c_L_unrelaxed_rank_008_alphafold2_model_2_seed_002.pdb
1966,L,Chemokine,0.54107,anc2c_L_unrelaxed_rank_009_alphafold2_model_1_seed_001.pdb
1967,L,Chemokine,0.56304,anc2c_L_unrelaxed_rank_010_alphafold2_model_4_seed_003.pdb
1968,L,Chemokine,0.51418,anc2c_L_unrelaxed_rank_011_alphafold2_model_2_seed_001.pdb
1969,L,Chemokine,0.57053,anc2c_L_unrelaxed_rank_012_alphafold2_model_2_seed_003.pdb
1970,L,Chemokine,0.5341,anc2c_L_unrelaxed_rank_013_alphafold2_model_1_seed_000.pdb
1971,L,Chemokine,0.54726,anc2c_L_unrelaxed_rank_014_alphafold2_model_1_seed_003.pdb
1972,L,Chemokine,0.56421,anc2c_L_unrelaxed_rank_015_alphafold2_model_4_seed_002.pdb
1973,L,Chemokine,0.58307,anc2c_L_unrelaxed_rank_016_alphafold2_model_5_seed_002.pdb
1974,L,Chemokine,0.58596,anc2c_L_unrelaxed_rank_017_alphafold2_model_5_seed_003.pdb
1975,L,Chemokine,0.5613,anc2c_L_unrelaxed_rank_018_alphafold2_model_5_seed_004.pdb
1976,L,Chemokine,0.59187,anc2c_L_unrelaxed_rank_019_alphafold2_model_3_seed_003.pdb
1977,L,Chemokine,0.58921,anc2c_L_unrelaxed_rank_020_alphafold2_model_5_seed_001.pdb
1978,L,Chemokine,0.59032,anc2c_L_unrelaxed_rank_021_alphafold2_model_5_seed_000.pdb
1979,L,Chemokine,0.58291,anc2c_L_unrelaxed_rank_022_alphafold2_model_3_seed_001.pdb
1980,L,Chemokine,0.5729,anc2c_L_unrelaxed_rank_023_alphafold2_model_3_seed_000.pdb
1981,L,Chemokine,0.57327,anc2c_L_unrelaxed_rank_024_alphafold2_model_3_seed_004.pdb
1982,L,Chemokine,0.59112,anc2c_L_unrelaxed_rank_025_alphafold2_model_3_seed_002.pdb
1983,M,Chemokine,0.56049,anc2c_M_unrelaxed_rank_001_alphafold2_model_2_seed_003.pdb
1984,M,Chemokine,0.56238,anc2c_M_unrelaxed_rank_002_alphafold2_model_2_seed_000.pdb
1985,M,Chemokine,0.56045,anc2c_M_unrelaxed_rank_003_alphafold2_model_2_seed_002.pdb
1986,M,Chemokine,0.56358,anc2c_M_unrelaxed_rank_004_alphafold2_model_2_seed_004.pdb
1987,M,Chemokine,0.56268,anc2c_M_unrelaxed_rank_005_alphafold2_model_2_seed_001.pdb
1988,M,Chemokine,0.5679,anc2c_M_unrelaxed_rank_006_alphafold2_model_1_seed_000.pdb
1989,M,Chemokine,0.56266,anc2c_M_unrelaxed_rank_007_alphafold2_model_1_seed_004.pdb
1990,M,Chemokine,0.571,anc2c_M_unrelaxed_rank_008_alphafold2_model_4_seed_003.pdb
1991,M,Chemokine,0.56997,anc2c_M_unrelaxed_rank_009_alphafold2_model_4_seed_004.pdb
1992,M,Chemokine,0.56929,anc2c_M_unrelaxed_rank_010_alphafold2_model_4_seed_000.pdb
1993,M,Chemokine,0.56147,anc2c_M_unrelaxed_rank_011_alphafold2_model_1_seed_003.pdb
1994,M,Chemokine,0.57422,anc2c_M_unrelaxed_rank_012_alphafold2_model_4_seed_001.pdb
1995,M,Chemokine,0.57333,anc2c_M_unrelaxed_rank_013_alphafold2_model_4_seed_002.pdb
1996,M,Chemokine,0.55707,anc2c_M_unrelaxed_rank_014_alphafold2_model_1_seed_002.pdb
1997,M,Chemokine,0.56105,anc2c_M_unrelaxed_rank_015_alphafold2_model_1_seed_001.pdb
1998,M,Chemokine,0.58676,anc2c_M_unrelaxed_rank_016_alphafold2_model_3_seed_004.pdb
1999,M,Chemokine,0.5895,anc2c_M_unrelaxed_rank_017_alphafold2_model_3_seed_003.pdb
2000,M,Chemokine,0.57486,anc2c_M_unrelaxed_rank_018_alphafold2_model_5_seed_000.pdb
2001,M,Chemokine,0.56672,anc2c_M_unrelaxed_rank_019_alphafold2_model_5_seed_004.pdb
2002,M,Chemokine,0.59998,anc2c_M_unrelaxed_rank_020_alphafold2_model_3_seed_001.pdb
2003,M,Chemokine,0.57662,anc2c_M_unrelaxed_rank_021_alphafold2_model_5_seed_001.pdb
2004,M,Chemokine,0.57086,anc2c_M_unrelaxed_rank_022_alphafold2_model_5_seed_002.pdb
2005,M,Chemokine,0.57643,anc2c_M_unrelaxed_rank_023_alphafold2_model_5_seed_003.pdb
2006,M,Chemokine,0.60366,anc2c_M_unrelaxed_rank_024_alphafold2_model_3_seed_000.pdb
2007,M,Chemokine,0.59965,anc2c_M_unrelaxed_rank_025_alphafold2_model_3_seed_002.pdb
2008,14,Chemokine,0.74969,anc2d_14_I_unrelaxed_rank_001_alphafold2_model_3_seed_000.pdb
2009,14,Chemokine,0.74764,anc2d_14_I_unrelaxed_rank_002_alphafold2_model_3_seed_004.pdb
2010,14,Chemokine,0.76946,anc2d_14_I_unrelaxed_rank_003_alphafold2_model_2_seed_001.pdb
2011,14,Chemokine,0.7666,anc2d_14_I_unrelaxed_rank_004_alphafold2_model_2_seed_004.pdb
2012,14,Chemokine,0.74711,anc2d_14_I_unrelaxed_rank_005_alphafold2_model_3_seed_001.pdb
2013,14,Chemokine,0.76037,anc2d_14_I_unrelaxed_rank_006_alphafold2_model_2_seed_000.pdb
2014,14,Chemokine,0.76584,anc2d_14_I_unrelaxed_rank_007_alphafold2_model_2_seed_003.pdb
2015,14,Chemokine,0.75317,anc2d_14_I_unrelaxed_rank_008_alphafold2_model_3_seed_003.pdb
2016,14,Chemokine,0.74986,anc2d_14_I_unrelaxed_rank_009_alphafold2_model_3_seed_002.pdb
2017,14,Chemokine,0.76346,anc2d_14_I_unrelaxed_rank_010_alphafold2_model_2_seed_002.pdb
2018,14,Chemokine,0.77044,anc2d_14_I_unrelaxed_rank_011_alphafold2_model_4_seed_003.pdb
2019,14,Chemokine,0.77096,anc2d_14_I_unrelaxed_rank_012_alphafold2_model_4_seed_001.pdb
2020,14,Chemokine,0.7699,anc2d_14_I_unrelaxed_rank_013_alphafold2_model_4_seed_000.pdb
2021,14,Chemokine,0.76213,anc2d_14_I_unrelaxed_rank_014_alphafold2_model_5_seed_000.pdb
2022,14,Chemokine,0.7708,anc2d_14_I_unrelaxed_rank_015_alphafold2_model_4_seed_004.pdb
2023,14,Chemokine,0.76612,anc2d_14_I_unrelaxed_rank_016_alphafold2_model_5_seed_001.pdb
2024,14,Chemokine,0.76245,anc2d_14_I_unrelaxed_rank_017_alphafold2_model_5_seed_003.pdb
2025,14,Chemokine,0.77411,anc2d_14_I_unrelaxed_rank_018_alphafold2_model_4_seed_002.pdb
2026,14,Chemokine,0.73118,anc2d_14_I_unrelaxed_rank_019_alphafold2_model_1_seed_002.pdb
2027,14,Chemokine,0.66241,anc2d_14_I_unrelaxed_rank_020_alphafold2_model_1_seed_000.pdb
2028,14,Chemokine,0.65901,anc2d_14_I_unrelaxed_rank_021_alphafold2_model_1_seed_001.pdb
2029,14,Chemokine,0.66422,anc2d_14_I_unrelaxed_rank_022_alphafold2_model_5_seed_004.pdb
2030,14,Chemokine,0.66473,anc2d_14_I_unrelaxed_rank_023_alphafold2_model_5_seed_002.pdb
2031,14,Chemokine,0.60415,anc2d_14_I_unrelaxed_rank_024_alphafold2_model_1_seed_004.pdb
2032,14,Chemokine,0.74749,anc2d_14_L_unrelaxed_rank_001_alphafold2_model_3_seed_002.pdb
2033,14,Chemokine,0.74944,anc2d_14_L_unrelaxed_rank_002_alphafold2_model_3_seed_004.pdb
2034,14,Chemokine,0.74772,anc2d_14_L_unrelaxed_rank_003_alphafold2_model_3_seed_001.pdb
2035,14,Chemokine,0.74354,anc2d_14_L_unrelaxed_rank_004_alphafold2_model_3_seed_003.pdb
2036,14,Chemokine,0.76811,anc2d_14_L_unrelaxed_rank_005_alphafold2_model_2_seed_002.pdb
2037,14,Chemokine,0.75444,anc2d_14_L_unrelaxed_rank_006_alphafold2_model_3_seed_000.pdb
2038,14,Chemokine,0.76805,anc2d_14_L_unrelaxed_rank_007_alphafold2_model_2_seed_000.pdb
2039,14,Chemokine,0.76698,anc2d_14_L_unrelaxed_rank_008_alphafold2_model_2_seed_003.pdb
2040,14,Chemokine,0.76772,anc2d_14_L_unrelaxed_rank_009_alphafold2_model_2_seed_001.pdb
2041,14,Chemokine,0.7593,anc2d_14_L_unrelaxed_rank_010_alphafold2_model_2_seed_004.pdb
2042,14,Chemokine,0.76416,anc2d_14_L_unrelaxed_rank_011_alphafold2_model_4_seed_003.pdb
2043,14,Chemokine,0.76128,anc2d_14_L_unrelaxed_rank_012_alphafold2_model_5_seed_003.pdb
2044,14,Chemokine,0.76587,anc2d_14_L_unrelaxed_rank_013_alphafold2_model_4_seed_004.pdb
2045,14,Chemokine,0.76898,anc2d_14_L_unrelaxed_rank_014_alphafold2_model_4_seed_000.pdb
2046,14,Chemokine,0.76105,anc2d_14_L_unrelaxed_rank_015_alphafold2_model_4_seed_002.pdb
2047,14,Chemokine,0.76597,anc2d_14_L_unrelaxed_rank_016_alphafold2_model_4_seed_001.pdb
2048,14,Chemokine,0.66661,anc2d_14_L_unrelaxed_rank_017_alphafold2_model_5_seed_004.pdb
2049,14,Chemokine,0.66728,anc2d_14_L_unrelaxed_rank_018_alphafold2_model_5_seed_000.pdb
2050,14,Chemokine,0.66529,anc2d_14_L_unrelaxed_rank_019_alphafold2_model_5_seed_002.pdb
2051,14,Chemokine,0.66745,anc2d_14_L_unrelaxed_rank_020_alphafold2_model_5_seed_001.pdb
2052,14,Chemokine,0.75932,anc2d_14_V_unrelaxed_rank_001_alphafold2_model_2_seed_002.pdb
2053,14,Chemokine,0.75411,anc2d_14_V_unrelaxed_rank_002_alphafold2_model_3_seed_004.pdb
2054,14,Chemokine,0.74994,anc2d_14_V_unrelaxed_rank_003_alphafold2_model_3_seed_001.pdb
2055,14,Chemokine,0.74983,anc2d_14_V_unrelaxed_rank_004_alphafold2_model_3_seed_002.pdb
2056,14,Chemokine,0.75089,anc2d_14_V_unrelaxed_rank_005_alphafold2_model_3_seed_000.pdb
2057,14,Chemokine,0.75117,anc2d_14_V_unrelaxed_rank_006_alphafold2_model_3_seed_003.pdb
2058,14,Chemokine,0.76663,anc2d_14_V_unrelaxed_rank_007_alphafold2_model_4_seed_002.pdb
2059,14,Chemokine,0.76398,anc2d_14_V_unrelaxed_rank_008_alphafold2_model_2_seed_001.pdb
2060,14,Chemokine,0.76687,anc2d_14_V_unrelaxed_rank_009_alphafold2_model_4_seed_001.pdb
2061,14,Chemokine,0.76796,anc2d_14_V_unrelaxed_rank_010_alphafold2_model_4_seed_000.pdb
2062,14,Chemokine,0.76848,anc2d_14_V_unrelaxed_rank_011_alphafold2_model_4_seed_003.pdb
2063,14,Chemokine,0.75835,anc2d_14_V_unrelaxed_rank_012_alphafold2_model_2_seed_003.pdb
2064,14,Chemokine,0.76913,anc2d_14_V_unrelaxed_rank_013_alphafold2_model_4_seed_004.pdb
2065,14,Chemokine,0.75837,anc2d_14_V_unrelaxed_rank_014_alphafold2_model_5_seed_000.pdb
2066,14,Chemokine,0.75932,anc2d_14_V_unrelaxed_rank_015_alphafold2_model_5_seed_001.pdb
2067,14,Chemokine,0.72998,anc2d_14_V_unrelaxed_rank_016_alphafold2_model_5_seed_004.pdb
2068,14,Chemokine,0.7557,anc2d_14_V_unrelaxed_rank_017_alphafold2_model_2_seed_004.pdb
2069,14,Chemokine,0.75857,anc2d_14_V_unrelaxed_rank_018_alphafold2_model_5_seed_003.pdb
2070,14,Chemokine,0.73841,anc2d_14_V_unrelaxed_rank_019_alphafold2_model_1_seed_000.pdb
2071,14,Chemokine,0.75687,anc2d_14_V_unrelaxed_rank_020_alphafold2_model_2_seed_000.pdb
2072,14,Chemokine,0.60863,anc2d_14_V_unrelaxed_rank_021_alphafold2_model_1_seed_004.pdb
2073,14,Chemokine,0.66897,anc2d_14_V_unrelaxed_rank_022_alphafold2_model_1_seed_001.pdb
2074,14,Chemokine,0.62842,anc2d_14_V_unrelaxed_rank_023_alphafold2_model_1_seed_002.pdb
2075,36,Chemokine,0.76454,anc2d_36_A_unrelaxed_rank_001_alphafold2_model_3_seed_002.pdb
2076,36,Chemokine,0.76296,anc2d_36_A_unrelaxed_rank_002_alphafold2_model_3_seed_001.pdb
2077,36,Chemokine,0.76011,anc2d_36_A_unrelaxed_rank_003_alphafold2_model_3_seed_003.pdb
2078,36,Chemokine,0.7736,anc2d_36_A_unrelaxed_rank_004_alphafold2_model_1_seed_004.pdb
2079,36,Chemokine,0.78203,anc2d_36_A_unrelaxed_rank_005_alphafold2_model_2_seed_002.pdb
2080,36,Chemokine,0.78003,anc2d_36_A_unrelaxed_rank_006_alphafold2_model_2_seed_000.pdb
2081,36,Chemokine,0.78307,anc2d_36_A_unrelaxed_rank_007_alphafold2_model_2_seed_004.pdb
2082,36,Chemokine,0.7824,anc2d_36_A_unrelaxed_rank_008_alphafold2_model_2_seed_001.pdb
2083,36,Chemokine,0.76672,anc2d_36_A_unrelaxed_rank_009_alphafold2_model_1_seed_002.pdb
2084,36,Chemokine,0.76593,anc2d_36_A_unrelaxed_rank_010_alphafold2_model_1_seed_003.pdb
2085,36,Chemokine,0.76525,anc2d_36_A_unrelaxed_rank_011_alphafold2_model_1_seed_001.pdb
2086,36,Chemokine,0.7648,anc2d_36_A_unrelaxed_rank_012_alphafold2_model_1_seed_000.pdb
2087,36,Chemokine,0.75185,anc2d_36_A_unrelaxed_rank_013_alphafold2_model_3_seed_004.pdb
2088,36,Chemokine,0.77936,anc2d_36_A_unrelaxed_rank_014_alphafold2_model_2_seed_003.pdb
2089,36,Chemokine,0.75139,anc2d_36_A_unrelaxed_rank_015_alphafold2_model_3_seed_000.pdb
2090,36,Chemokine,0.78442,anc2d_36_A_unrelaxed_rank_016_alphafold2_model_4_seed_004.pdb
2091,36,Chemokine,0.77873,anc2d_36_A_unrelaxed_rank_017_alphafold2_model_4_seed_002.pdb
2092,36,Chemokine,0.77103,anc2d_36_A_unrelaxed_rank_018_alphafold2_model_5_seed_001.pdb
2093,36,Chemokine,0.76716,anc2d_36_A_unrelaxed_rank_019_alphafold2_model_5_seed_003.pdb
2094,36,Chemokine,0.68047,anc2d_36_A_unrelaxed_rank_020_alphafold2_model_4_seed_003.pdb
2095,36,Chemokine,0.67751,anc2d_36_A_unrelaxed_rank_021_alphafold2_model_4_seed_001.pdb
2096,36,Chemokine,0.67091,anc2d_36_A_unrelaxed_rank_022_alphafold2_model_4_seed_000.pdb
2097,36,Chemokine,0.7865,anc2d_36_G_unrelaxed_rank_001_alphafold2_model_3_seed_003.pdb
2098,36,Chemokine,0.78295,anc2d_36_G_unrelaxed_rank_002_alphafold2_model_3_seed_001.pdb
2099,36,Chemokine,0.78543,anc2d_36_G_unrelaxed_rank_003_alphafold2_model_3_seed_004.pdb
2100,36,Chemokine,0.8062,anc2d_36_G_unrelaxed_rank_004_alphafold2_model_2_seed_002.pdb
2101,36,Chemokine,0.80501,anc2d_36_G_unrelaxed_rank_005_alphafold2_model_2_seed_004.pdb
2102,36,Chemokine,0.80452,anc2d_36_G_unrelaxed_rank_006_alphafold2_model_2_seed_001.pdb
2103,36,Chemokine,0.80557,anc2d_36_G_unrelaxed_rank_007_alphafold2_model_2_seed_003.pdb
2104,36,Chemokine,0.8044,anc2d_36_G_unrelaxed_rank_008_alphafold2_model_2_seed_000.pdb
2105,36,Chemokine,0.793,anc2d_36_G_unrelaxed_rank_009_alphafold2_model_1_seed_003.pdb
2106,36,Chemokine,0.79154,anc2d_36_G_unrelaxed_rank_010_alphafold2_model_5_seed_003.pdb
2107,36,Chemokine,0.77795,anc2d_36_G_unrelaxed_rank_011_alphafold2_model_3_seed_002.pdb
2108,36,Chemokine,0.79474,anc2d_36_G_unrelaxed_rank_012_alphafold2_model_4_seed_004.pdb
2109,36,Chemokine,0.79041,anc2d_36_G_unrelaxed_rank_013_alphafold2_model_5_seed_004.pdb
2110,36,Chemokine,0.79675,anc2d_36_G_unrelaxed_rank_014_alphafold2_model_4_seed_003.pdb
2111,36,Chemokine,0.79549,anc2d_36_G_unrelaxed_rank_015_alphafold2_model_4_seed_002.pdb
2112,36,Chemokine,0.7078,anc2d_36_G_unrelaxed_rank_016_alphafold2_model_4_seed_000.pdb
2113,36,Chemokine,0.68375,anc2d_36_G_unrelaxed_rank_017_alphafold2_model_3_seed_000.pdb
2114,36,Chemokine,0.70833,anc2d_36_G_unrelaxed_rank_018_alphafold2_model_4_seed_001.pdb
2115,36,Chemokine,0.71431,anc2d_36_G_unrelaxed_rank_019_alphafold2_model_1_seed_001.pdb
2116,36,Chemokine,0.70726,anc2d_36_G_unrelaxed_rank_020_alphafold2_model_1_seed_004.pdb
2117,36,Chemokine,0.71313,anc2d_36_G_unrelaxed_rank_021_alphafold2_model_1_seed_000.pdb
2118,36,Chemokine,0.70949,anc2d_36_G_unrelaxed_rank_022_alphafold2_model_1_seed_002.pdb
2119,36,Chemokine,0.75676,anc2d_36_I_unrelaxed_rank_001_alphafold2_model_3_seed_002.pdb
2120,36,Chemokine,0.75865,anc2d_36_I_unrelaxed_rank_002_alphafold2_model_3_seed_004.pdb
2121,36,Chemokine,0.75663,anc2d_36_I_unrelaxed_rank_003_alphafold2_model_3_seed_001.pdb
2122,36,Chemokine,0.75374,anc2d_36_I_unrelaxed_rank_004_alphafold2_model_3_seed_000.pdb
2123,36,Chemokine,0.75706,anc2d_36_I_unrelaxed_rank_005_alphafold2_model_1_seed_001.pdb
2124,36,Chemokine,0.76795,anc2d_36_I_unrelaxed_rank_006_alphafold2_model_2_seed_001.pdb
2125,36,Chemokine,0.75631,anc2d_36_I_unrelaxed_rank_007_alphafold2_model_1_seed_000.pdb
2126,36,Chemokine,0.75862,anc2d_36_I_unrelaxed_rank_008_alphafold2_model_1_seed_004.pdb
2127,36,Chemokine,0.75573,anc2d_36_I_unrelaxed_rank_009_alphafold2_model_1_seed_002.pdb
2128,36,Chemokine,0.7647,anc2d_36_I_unrelaxed_rank_010_alphafold2_model_2_seed_002.pdb
2129,36,Chemokine,0.77056,anc2d_36_I_unrelaxed_rank_011_alphafold2_model_2_seed_003.pdb
2130,36,Chemokine,0.74038,anc2d_36_I_unrelaxed_rank_012_alphafold2_model_3_seed_003.pdb
2131,36,Chemokine,0.75292,anc2d_36_I_unrelaxed_rank_013_alphafold2_model_1_seed_003.pdb
2132,36,Chemokine,0.76815,anc2d_36_I_unrelaxed_rank_014_alphafold2_model_2_seed_004.pdb
2133,36,Chemokine,0.77124,anc2d_36_I_unrelaxed_rank_015_alphafold2_model_2_seed_000.pdb
2134,36,Chemokine,0.76607,anc2d_36_I_unrelaxed_rank_016_alphafold2_model_4_seed_001.pdb
2135,36,Chemokine,0.7663,anc2d_36_I_unrelaxed_rank_017_alphafold2_model_4_seed_000.pdb
2136,36,Chemokine,0.76466,anc2d_36_I_unrelaxed_rank_018_alphafold2_model_4_seed_002.pdb
2137,36,Chemokine,0.76893,anc2d_36_I_unrelaxed_rank_019_alphafold2_model_4_seed_003.pdb
2138,36,Chemokine,0.75867,anc2d_36_I_unrelaxed_rank_020_alphafold2_model_4_seed_004.pdb
2139,38,Chemokine,0.76454,anc2d_38_I_unrelaxed_rank_001_alphafold2_model_3_seed_002.pdb
2140,38,Chemokine,0.76296,anc2d_38_I_unrelaxed_rank_002_alphafold2_model_3_seed_001.pdb
2141,38,Chemokine,0.76011,anc2d_38_I_unrelaxed_rank_003_alphafold2_model_3_seed_003.pdb
2142,38,Chemokine,0.7736,anc2d_38_I_unrelaxed_rank_004_alphafold2_model_1_seed_004.pdb
2143,38,Chemokine,0.78203,anc2d_38_I_unrelaxed_rank_005_alphafold2_model_2_seed_002.pdb
2144,38,Chemokine,0.78003,anc2d_38_I_unrelaxed_rank_006_alphafold2_model_2_seed_000.pdb
2145,38,Chemokine,0.78307,anc2d_38_I_unrelaxed_rank_007_alphafold2_model_2_seed_004.pdb
2146,38,Chemokine,0.7824,anc2d_38_I_unrelaxed_rank_008_alphafold2_model_2_seed_001.pdb
2147,38,Chemokine,0.76672,anc2d_38_I_unrelaxed_rank_009_alphafold2_model_1_seed_002.pdb
2148,38,Chemokine,0.76593,anc2d_38_I_unrelaxed_rank_010_alphafold2_model_1_seed_003.pdb
2149,38,Chemokine,0.76525,anc2d_38_I_unrelaxed_rank_011_alphafold2_model_1_seed_001.pdb
2150,38,Chemokine,0.7648,anc2d_38_I_unrelaxed_rank_012_alphafold2_model_1_seed_000.pdb
2151,38,Chemokine,0.75185,anc2d_38_I_unrelaxed_rank_013_alphafold2_model_3_seed_004.pdb
2152,38,Chemokine,0.77936,anc2d_38_I_unrelaxed_rank_014_alphafold2_model_2_seed_003.pdb
2153,38,Chemokine,0.75139,anc2d_38_I_unrelaxed_rank_015_alphafold2_model_3_seed_000.pdb
2154,38,Chemokine,0.78442,anc2d_38_I_unrelaxed_rank_016_alphafold2_model_4_seed_004.pdb
2155,38,Chemokine,0.77873,anc2d_38_I_unrelaxed_rank_017_alphafold2_model_4_seed_002.pdb
2156,38,Chemokine,0.77103,anc2d_38_I_unrelaxed_rank_018_alphafold2_model_5_seed_001.pdb
2157,38,Chemokine,0.76716,anc2d_38_I_unrelaxed_rank_019_alphafold2_model_5_seed_003.pdb
2158,38,Chemokine,0.68047,anc2d_38_I_unrelaxed_rank_020_alphafold2_model_4_seed_003.pdb
2159,38,Chemokine,0.67751,anc2d_38_I_unrelaxed_rank_021_alphafold2_model_4_seed_001.pdb
2160,38,Chemokine,0.67091,anc2d_38_I_unrelaxed_rank_022_alphafold2_model_4_seed_000.pdb
2161,38,Chemokine,0.78704,anc2d_38_L_unrelaxed_rank_001_alphafold2_model_3_seed_001.pdb
2162,38,Chemokine,0.77556,anc2d_38_L_unrelaxed_rank_002_alphafold2_model_3_seed_000.pdb
2163,38,Chemokine,0.80584,anc2d_38_L_unrelaxed_rank_003_alphafold2_model_2_seed_002.pdb
2164,38,Chemokine,0.78755,anc2d_38_L_unrelaxed_rank_004_alphafold2_model_1_seed_004.pdb
2165,38,Chemokine,0.8047,anc2d_38_L_unrelaxed_rank_005_alphafold2_model_2_seed_000.pdb
2166,38,Chemokine,0.78804,anc2d_38_L_unrelaxed_rank_006_alphafold2_model_1_seed_001.pdb
2167,38,Chemokine,0.78613,anc2d_38_L_unrelaxed_rank_007_alphafold2_model_1_seed_003.pdb
2168,38,Chemokine,0.783,anc2d_38_L_unrelaxed_rank_008_alphafold2_model_1_seed_000.pdb
2169,38,Chemokine,0.79887,anc2d_38_L_unrelaxed_rank_009_alphafold2_model_2_seed_004.pdb
2170,38,Chemokine,0.76702,anc2d_38_L_unrelaxed_rank_010_alphafold2_model_3_seed_004.pdb
2171,38,Chemokine,0.77204,anc2d_38_L_unrelaxed_rank_011_alphafold2_model_1_seed_002.pdb
2172,38,Chemokine,0.78854,anc2d_38_L_unrelaxed_rank_012_alphafold2_model_2_seed_003.pdb
2173,38,Chemokine,0.78416,anc2d_38_L_unrelaxed_rank_013_alphafold2_model_2_seed_001.pdb
2174,38,Chemokine,0.78791,anc2d_38_L_unrelaxed_rank_014_alphafold2_model_4_seed_003.pdb
2175,38,Chemokine,0.69455,anc2d_38_L_unrelaxed_rank_015_alphafold2_model_4_seed_004.pdb
2176,38,Chemokine,0.69298,anc2d_38_L_unrelaxed_rank_016_alphafold2_model_4_seed_002.pdb
2177,38,Chemokine,0.69399,anc2d_38_L_unrelaxed_rank_017_alphafold2_model_4_seed_001.pdb
2178,38,Chemokine,0.69347,anc2d_38_L_unrelaxed_rank_018_alphafold2_model_4_seed_000.pdb
2179,38,Chemokine,0.67465,anc2d_38_L_unrelaxed_rank_019_alphafold2_model_3_seed_002.pdb
2180,38,Chemokine,0.67453,anc2d_38_L_unrelaxed_rank_020_alphafold2_model_3_seed_003.pdb
2181,38,Chemokine,0.66743,anc2d_38_L_unrelaxed_rank_021_alphafold2_model_5_seed_000.pdb
2182,38,Chemokine,0.79408,anc2d_38_V_unrelaxed_rank_001_alphafold2_model_2_seed_002.pdb
2183,38,Chemokine,0.79478,anc2d_38_V_unrelaxed_rank_002_alphafold2_model_2_seed_001.pdb
2184,38,Chemokine,0.79344,anc2d_38_V_unrelaxed_rank_003_alphafold2_model_2_seed_000.pdb
2185,38,Chemokine,0.79308,anc2d_38_V_unrelaxed_rank_004_alphafold2_model_2_seed_004.pdb
2186,38,Chemokine,0.77332,anc2d_38_V_unrelaxed_rank_005_alphafold2_model_1_seed_004.pdb
2187,38,Chemokine,0.79111,anc2d_38_V_unrelaxed_rank_006_alphafold2_model_2_seed_003.pdb
2188,38,Chemokine,0.76237,anc2d_38_V_unrelaxed_rank_007_alphafold2_model_1_seed_000.pdb
2189,38,Chemokine,0.77505,anc2d_38_V_unrelaxed_rank_008_alphafold2_model_5_seed_001.pdb
2190,38,Chemokine,0.77158,anc2d_38_V_unrelaxed_rank_009_alphafold2_model_5_seed_002.pdb
2191,38,Chemokine,0.77203,anc2d_38_V_unrelaxed_rank_010_alphafold2_model_5_seed_003.pdb
2192,38,Chemokine,0.77268,anc2d_38_V_unrelaxed_rank_011_alphafold2_model_5_seed_000.pdb
2193,38,Chemokine,0.67025,anc2d_38_V_unrelaxed_rank_012_alphafold2_model_3_seed_004.pdb
2194,38,Chemokine,0.65336,anc2d_38_V_unrelaxed_rank_013_alphafold2_model_3_seed_003.pdb
2195,38,Chemokine,0.64742,anc2d_38_V_unrelaxed_rank_014_alphafold2_model_1_seed_003.pdb
2196,38,Chemokine,0.63785,anc2d_38_V_unrelaxed_rank_015_alphafold2_model_3_seed_002.pdb
2197,38,Chemokine,0.65418,anc2d_38_V_unrelaxed_rank_016_alphafold2_model_3_seed_001.pdb
2198,38,Chemokine,0.67871,anc2d_38_V_unrelaxed_rank_017_alphafold2_model_4_seed_003.pdb
2199,38,Chemokine,0.64563,anc2d_38_V_unrelaxed_rank_018_alphafold2_model_3_seed_000.pdb
2200,38,Chemokine,0.6771,anc2d_38_V_unrelaxed_rank_019_alphafold2_model_4_seed_004.pdb
2201,38,Chemokine,0.65713,anc2d_38_V_unrelaxed_rank_020_alphafold2_model_1_seed_001.pdb
2202,38,Chemokine,0.68028,anc2d_38_V_unrelaxed_rank_021_alphafold2_model_1_seed_002.pdb
2203,38,Chemokine,0.68334,anc2d_38_V_unrelaxed_rank_022_alphafold2_model_4_seed_001.pdb
2204,38,Chemokine,0.68225,anc2d_38_V_unrelaxed_rank_023_alphafold2_model_4_seed_002.pdb
2205,38,Chemokine,0.67838,anc2d_38_V_unrelaxed_rank_024_alphafold2_model_4_seed_000.pdb
2206,38,Chemokine,0.66221,anc2d_38_V_unrelaxed_rank_025_alphafold2_model_5_seed_004.pdb
2207,40,Chemokine,0.78795,anc2d_40_G_unrelaxed_rank_001_alphafold2_model_2_seed_002.pdb
2208,40,Chemokine,0.77872,anc2d_40_G_unrelaxed_rank_002_alphafold2_model_2_seed_001.pdb
2209,40,Chemokine,0.77281,anc2d_40_G_unrelaxed_rank_003_alphafold2_model_5_seed_001.pdb
2210,40,Chemokine,0.77263,anc2d_40_G_unrelaxed_rank_004_alphafold2_model_5_seed_004.pdb
2211,40,Chemokine,0.77319,anc2d_40_G_unrelaxed_rank_005_alphafold2_model_5_seed_000.pdb
2212,40,Chemokine,0.79166,anc2d_40_G_unrelaxed_rank_006_alphafold2_model_2_seed_003.pdb
2213,40,Chemokine,0.77444,anc2d_40_G_unrelaxed_rank_007_alphafold2_model_5_seed_003.pdb
2214,40,Chemokine,0.77984,anc2d_40_G_unrelaxed_rank_008_alphafold2_model_2_seed_000.pdb
2215,40,Dimer,0.51954,anc2d_40_G_unrelaxed_rank_011_alphafold2_model_1_seed_000.pdb
2216,40,Chemokine,0.76454,anc2d_40_I_unrelaxed_rank_001_alphafold2_model_3_seed_002.pdb
2217,40,Chemokine,0.76296,anc2d_40_I_unrelaxed_rank_002_alphafold2_model_3_seed_001.pdb
2218,40,Chemokine,0.76011,anc2d_40_I_unrelaxed_rank_003_alphafold2_model_3_seed_003.pdb
2219,40,Chemokine,0.7736,anc2d_40_I_unrelaxed_rank_004_alphafold2_model_1_seed_004.pdb
2220,40,Chemokine,0.78203,anc2d_40_I_unrelaxed_rank_005_alphafold2_model_2_seed_002.pdb
2221,40,Chemokine,0.78003,anc2d_40_I_unrelaxed_rank_006_alphafold2_model_2_seed_000.pdb
2222,40,Chemokine,0.78307,anc2d_40_I_unrelaxed_rank_007_alphafold2_model_2_seed_004.pdb
2223,40,Chemokine,0.7824,anc2d_40_I_unrelaxed_rank_008_alphafold2_model_2_seed_001.pdb
2224,40,Chemokine,0.76672,anc2d_40_I_unrelaxed_rank_009_alphafold2_model_1_seed_002.pdb
2225,40,Chemokine,0.76593,anc2d_40_I_unrelaxed_rank_010_alphafold2_model_1_seed_003.pdb
2226,40,Chemokine,0.76525,anc2d_40_I_unrelaxed_rank_011_alphafold2_model_1_seed_001.pdb
2227,40,Chemokine,0.7648,anc2d_40_I_unrelaxed_rank_012_alphafold2_model_1_seed_000.pdb
2228,40,Chemokine,0.75185,anc2d_40_I_unrelaxed_rank_013_alphafold2_model_3_seed_004.pdb
2229,40,Chemokine,0.77936,anc2d_40_I_unrelaxed_rank_014_alphafold2_model_2_seed_003.pdb
2230,40,Chemokine,0.75139,anc2d_40_I_unrelaxed_rank_015_alphafold2_model_3_seed_000.pdb
2231,40,Chemokine,0.78442,anc2d_40_I_unrelaxed_rank_016_alphafold2_model_4_seed_004.pdb
2232,40,Chemokine,0.77873,anc2d_40_I_unrelaxed_rank_017_alphafold2_model_4_seed_002.pdb
2233,40,Chemokine,0.77103,anc2d_40_I_unrelaxed_rank_018_alphafold2_model_5_seed_001.pdb
2234,40,Chemokine,0.76716,anc2d_40_I_unrelaxed_rank_019_alphafold2_model_5_seed_003.pdb
2235,40,Chemokine,0.68047,anc2d_40_I_unrelaxed_rank_020_alphafold2_model_4_seed_003.pdb
2236,40,Chemokine,0.67751,anc2d_40_I_unrelaxed_rank_021_alphafold2_model_4_seed_001.pdb
2237,40,Chemokine,0.67091,anc2d_40_I_unrelaxed_rank_022_alphafold2_model_4_seed_000.pdb
2238,40,Chemokine,0.78483,anc2d_40_V_unrelaxed_rank_001_alphafold2_model_2_seed_002.pdb
2239,40,Chemokine,0.77283,anc2d_40_V_unrelaxed_rank_002_alphafold2_model_1_seed_004.pdb
2240,40,Chemokine,0.78301,anc2d_40_V_unrelaxed_rank_003_alphafold2_model_2_seed_004.pdb
2241,40,Chemokine,0.76926,anc2d_40_V_unrelaxed_rank_004_alphafold2_model_1_seed_002.pdb
2242,40,Chemokine,0.78307,anc2d_40_V_unrelaxed_rank_005_alphafold2_model_2_seed_000.pdb
2243,40,Chemokine,0.78166,anc2d_40_V_unrelaxed_rank_006_alphafold2_model_2_seed_001.pdb
2244,40,Chemokine,0.77983,anc2d_40_V_unrelaxed_rank_007_alphafold2_model_2_seed_003.pdb
2245,40,Chemokine,0.7579,anc2d_40_V_unrelaxed_rank_008_alphafold2_model_1_seed_000.pdb
2246,40,Chemokine,0.78088,anc2d_40_V_unrelaxed_rank_009_alphafold2_model_4_seed_002.pdb
2247,40,Chemokine,0.76779,anc2d_40_V_unrelaxed_rank_010_alphafold2_model_1_seed_001.pdb
2248,40,Chemokine,0.75762,anc2d_40_V_unrelaxed_rank_011_alphafold2_model_1_seed_003.pdb
2249,40,Chemokine,0.7884,anc2d_40_V_unrelaxed_rank_012_alphafold2_model_4_seed_004.pdb
2250,40,Chemokine,0.77542,anc2d_40_V_unrelaxed_rank_013_alphafold2_model_5_seed_003.pdb
2251,40,Chemokine,0.7786,anc2d_40_V_unrelaxed_rank_014_alphafold2_model_5_seed_002.pdb
2252,40,Chemokine,0.7728,anc2d_40_V_unrelaxed_rank_015_alphafold2_model_5_seed_001.pdb
2253,40,Chemokine,0.76972,anc2d_40_V_unrelaxed_rank_016_alphafold2_model_5_seed_000.pdb
2254,40,Chemokine,0.65726,anc2d_40_V_unrelaxed_rank_017_alphafold2_model_3_seed_000.pdb
2255,40,Chemokine,0.66135,anc2d_40_V_unrelaxed_rank_018_alphafold2_model_3_seed_004.pdb
2256,40,Chemokine,0.68032,anc2d_40_V_unrelaxed_rank_019_alphafold2_model_4_seed_003.pdb
2257,40,Chemokine,0.6653,anc2d_40_V_unrelaxed_rank_020_alphafold2_model_3_seed_001.pdb
2258,40,Chemokine,0.65459,anc2d_40_V_unrelaxed_rank_021_alphafold2_model_3_seed_002.pdb
2259,40,Chemokine,0.66746,anc2d_40_V_unrelaxed_rank_022_alphafold2_model_3_seed_003.pdb
2260,40,Chemokine,0.67485,anc2d_40_V_unrelaxed_rank_023_alphafold2_model_4_seed_001.pdb
2261,40,Chemokine,0.67404,anc2d_40_V_unrelaxed_rank_024_alphafold2_model_4_seed_000.pdb
2262,45,Dimer,0.57461,anc2d_45_I_unrelaxed_rank_001_alphafold2_model_3_seed_003.pdb
2263,45,Dimer,0.57698,anc2d_45_I_unrelaxed_rank_002_alphafold2_model_3_seed_004.pdb
2264,45,Dimer,0.57774,anc2d_45_I_unrelaxed_rank_003_alphafold2_model_3_seed_002.pdb
2265,45,Dimer,0.57714,anc2d_45_I_unrelaxed_rank_004_alphafold2_model_3_seed_000.pdb
2266,45,Dimer,0.5778,anc2d_45_I_unrelaxed_rank_005_alphafold2_model_3_seed_001.pdb
2267,45,Dimer,0.5386,anc2d_45_I_unrelaxed_rank_006_alphafold2_model_5_seed_002.pdb
2268,45,Dimer,0.52865,anc2d_45_I_unrelaxed_rank_007_alphafold2_model_2_seed_001.pdb
2269,45,Dimer,0.53882,anc2d_45_I_unrelaxed_rank_008_alphafold2_model_5_seed_001.pdb
2270,45,Dimer,0.56005,anc2d_45_I_unrelaxed_rank_009_alphafold2_model_1_seed_002.pdb
2271,45,Dimer,0.53107,anc2d_45_I_unrelaxed_rank_010_alphafold2_model_1_seed_001.pdb
2272,45,Dimer,0.53084,anc2d_45_I_unrelaxed_rank_011_alphafold2_model_1_seed_000.pdb
2273,45,Dimer,0.55868,anc2d_45_I_unrelaxed_rank_012_alphafold2_model_1_seed_003.pdb
2274,45,Dimer,0.57673,anc2d_45_I_unrelaxed_rank_013_alphafold2_model_4_seed_004.pdb
2275,45,Dimer,0.53829,anc2d_45_I_unrelaxed_rank_014_alphafold2_model_5_seed_000.pdb
2276,45,Dimer,0.54557,anc2d_45_I_unrelaxed_rank_015_alphafold2_model_5_seed_003.pdb
2277,45,Dimer,0.57328,anc2d_45_I_unrelaxed_rank_016_alphafold2_model_4_seed_002.pdb
2278,45,Dimer,0.54813,anc2d_45_I_unrelaxed_rank_017_alphafold2_model_2_seed_000.pdb
2279,45,Dimer,0.54697,anc2d_45_I_unrelaxed_rank_018_alphafold2_model_1_seed_004.pdb
2280,45,Dimer,0.54163,anc2d_45_I_unrelaxed_rank_019_alphafold2_model_2_seed_003.pdb
2281,45,Dimer,0.5786,anc2d_45_I_unrelaxed_rank_020_alphafold2_model_4_seed_001.pdb
2282,45,Dimer,0.57904,anc2d_45_I_unrelaxed_rank_021_alphafold2_model_4_seed_000.pdb
2283,45,Dimer,0.55527,anc2d_45_I_unrelaxed_rank_022_alphafold2_model_2_seed_004.pdb
2284,45,Dimer,0.5479,anc2d_45_I_unrelaxed_rank_023_alphafold2_model_5_seed_004.pdb
2285,45,Dimer,0.52895,anc2d_45_I_unrelaxed_rank_024_alphafold2_model_4_seed_003.pdb
2286,45,Chemokine,0.74306,anc2d_45_L_unrelaxed_rank_001_alphafold2_model_2_seed_003.pdb
2287,45,Chemokine,0.74512,anc2d_45_L_unrelaxed_rank_002_alphafold2_model_2_seed_001.pdb
2288,45,Chemokine,0.75409,anc2d_45_L_unrelaxed_rank_003_alphafold2_model_2_seed_002.pdb
2289,45,Dimer,0.52684,anc2d_45_L_unrelaxed_rank_004_alphafold2_model_2_seed_000.pdb
2290,45,Dimer,0.55478,anc2d_45_L_unrelaxed_rank_005_alphafold2_model_1_seed_002.pdb
2291,45,Dimer,0.55588,anc2d_45_L_unrelaxed_rank_006_alphafold2_model_1_seed_000.pdb
2292,45,Dimer,0.55598,anc2d_45_L_unrelaxed_rank_007_alphafold2_model_1_seed_004.pdb
2293,45,Dimer,0.55745,anc2d_45_L_unrelaxed_rank_008_alphafold2_model_1_seed_001.pdb
2294,45,Dimer,0.55545,anc2d_45_L_unrelaxed_rank_009_alphafold2_model_1_seed_003.pdb
2295,45,Dimer,0.53342,anc2d_45_L_unrelaxed_rank_010_alphafold2_model_4_seed_004.pdb
2296,45,Dimer,0.53658,anc2d_45_L_unrelaxed_rank_011_alphafold2_model_5_seed_002.pdb
2297,45,Dimer,0.52235,anc2d_45_L_unrelaxed_rank_012_alphafold2_model_4_seed_001.pdb
2298,45,Dimer,0.52212,anc2d_45_L_unrelaxed_rank_013_alphafold2_model_4_seed_003.pdb
2299,45,Dimer,0.57208,anc2d_45_L_unrelaxed_rank_014_alphafold2_model_4_seed_000.pdb
2300,45,Dimer,0.52233,anc2d_45_L_unrelaxed_rank_015_alphafold2_model_4_seed_002.pdb
2301,45,Dimer,0.5765,anc2d_45_V_unrelaxed_rank_001_alphafold2_model_3_seed_004.pdb
2302,45,Dimer,0.5782,anc2d_45_V_unrelaxed_rank_002_alphafold2_model_3_seed_001.pdb
2303,45,Dimer,0.57777,anc2d_45_V_unrelaxed_rank_003_alphafold2_model_3_seed_003.pdb
2304,45,Dimer,0.57281,anc2d_45_V_unrelaxed_rank_004_alphafold2_model_3_seed_000.pdb
2305,45,Dimer,0.57111,anc2d_45_V_unrelaxed_rank_005_alphafold2_model_3_seed_002.pdb
2306,45,Dimer,0.56483,anc2d_45_V_unrelaxed_rank_006_alphafold2_model_1_seed_003.pdb
2307,45,Dimer,0.52819,anc2d_45_V_unrelaxed_rank_007_alphafold2_model_1_seed_000.pdb
2308,45,Dimer,0.52893,anc2d_45_V_unrelaxed_rank_008_alphafold2_model_1_seed_001.pdb
2309,45,Dimer,0.52907,anc2d_45_V_unrelaxed_rank_009_alphafold2_model_1_seed_004.pdb
2310,45,Dimer,0.55545,anc2d_45_V_unrelaxed_rank_010_alphafold2_model_1_seed_002.pdb
2311,45,Dimer,0.57612,anc2d_45_V_unrelaxed_rank_011_alphafold2_model_4_seed_001.pdb
2312,45,Dimer,0.57861,anc2d_45_V_unrelaxed_rank_012_alphafold2_model_4_seed_004.pdb
2313,45,Dimer,0.57789,anc2d_45_V_unrelaxed_rank_013_alphafold2_model_4_seed_000.pdb
2314,45,Dimer,0.53064,anc2d_45_V_unrelaxed_rank_014_alphafold2_model_4_seed_002.pdb
2315,45,Dimer,0.57296,anc2d_45_V_unrelaxed_rank_015_alphafold2_model_5_seed_001.pdb
2316,45,Dimer,0.52875,anc2d_45_V_unrelaxed_rank_016_alphafold2_model_4_seed_003.pdb
2317,45,Dimer,0.55132,anc2d_45_V_unrelaxed_rank_017_alphafold2_model_5_seed_002.pdb
2318,45,Dimer,0.55125,anc2d_45_V_unrelaxed_rank_018_alphafold2_model_5_seed_000.pdb
2319,45,Dimer,0.54429,anc2d_45_V_unrelaxed_rank_019_alphafold2_model_5_seed_003.pdb
2320,I,Chemokine,0.8037,anc2d_I_unrelaxed_rank_001_alphafold2_model_2_seed_000.pdb
2321,I,Chemokine,0.77836,anc2d_I_unrelaxed_rank_002_alphafold2_model_2_seed_002.pdb
2322,I,Chemokine,0.79282,anc2d_I_unrelaxed_rank_003_alphafold2_model_2_seed_003.pdb
2323,I,Chemokine,0.77983,anc2d_I_unrelaxed_rank_004_alphafold2_model_2_seed_001.pdb
2324,I,Chemokine,0.77561,anc2d_I_unrelaxed_rank_005_alphafold2_model_2_seed_004.pdb
2325,I,Chemokine,0.77381,anc2d_I_unrelaxed_rank_006_alphafold2_model_4_seed_002.pdb
2326,I,Chemokine,0.76607,anc2d_I_unrelaxed_rank_007_alphafold2_model_5_seed_004.pdb
2327,I,Chemokine,0.76865,anc2d_I_unrelaxed_rank_008_alphafold2_model_5_seed_002.pdb
2328,I,Chemokine,0.76639,anc2d_I_unrelaxed_rank_009_alphafold2_model_5_seed_003.pdb
2329,I,Chemokine,0.76656,anc2d_I_unrelaxed_rank_010_alphafold2_model_5_seed_001.pdb
2330,I,Chemokine,0.76604,anc2d_I_unrelaxed_rank_011_alphafold2_model_5_seed_000.pdb
2331,I,Chemokine,0.68528,anc2d_I_unrelaxed_rank_012_alphafold2_model_1_seed_002.pdb
2332,I,Chemokine,0.69913,anc2d_I_unrelaxed_rank_013_alphafold2_model_1_seed_003.pdb
2333,I,Chemokine,0.66306,anc2d_I_unrelaxed_rank_014_alphafold2_model_3_seed_001.pdb
2334,I,Chemokine,0.65991,anc2d_I_unrelaxed_rank_015_alphafold2_model_3_seed_000.pdb
2335,I,Chemokine,0.65625,anc2d_I_unrelaxed_rank_016_alphafold2_model_3_seed_004.pdb
2336,I,Chemokine,0.68873,anc2d_I_unrelaxed_rank_017_alphafold2_model_1_seed_000.pdb
2337,I,Chemokine,0.68708,anc2d_I_unrelaxed_rank_018_alphafold2_model_1_seed_004.pdb
2338,I,Chemokine,0.67775,anc2d_I_unrelaxed_rank_019_alphafold2_model_1_seed_001.pdb
2339,I,Chemokine,0.65558,anc2d_I_unrelaxed_rank_020_alphafold2_model_3_seed_002.pdb
2340,I,Chemokine,0.6794,anc2d_I_unrelaxed_rank_021_alphafold2_model_4_seed_003.pdb
2341,I,Chemokine,0.65916,anc2d_I_unrelaxed_rank_022_alphafold2_model_3_seed_003.pdb
2342,I,Chemokine,0.67886,anc2d_I_unrelaxed_rank_023_alphafold2_model_4_seed_004.pdb
2343,I,Chemokine,0.68106,anc2d_I_unrelaxed_rank_024_alphafold2_model_4_seed_001.pdb
2344,I,Chemokine,0.67892,anc2d_I_unrelaxed_rank_025_alphafold2_model_4_seed_000.pdb
2345,L,Chemokine,0.7579,anc2d_L_unrelaxed_rank_001_alphafold2_model_3_seed_001.pdb
2346,L,Chemokine,0.75326,anc2d_L_unrelaxed_rank_002_alphafold2_model_3_seed_002.pdb
2347,L,Chemokine,0.77333,anc2d_L_unrelaxed_rank_003_alphafold2_model_2_seed_002.pdb
2348,L,Chemokine,0.77552,anc2d_L_unrelaxed_rank_004_alphafold2_model_2_seed_000.pdb
2349,L,Chemokine,0.76007,anc2d_L_unrelaxed_rank_005_alphafold2_model_3_seed_003.pdb
2350,L,Chemokine,0.7498,anc2d_L_unrelaxed_rank_006_alphafold2_model_1_seed_002.pdb
2351,L,Chemokine,0.77287,anc2d_L_unrelaxed_rank_007_alphafold2_model_2_seed_001.pdb
2352,L,Chemokine,0.76759,anc2d_L_unrelaxed_rank_008_alphafold2_model_2_seed_003.pdb
2353,L,Chemokine,0.76868,anc2d_L_unrelaxed_rank_009_alphafold2_model_2_seed_004.pdb
2354,L,Chemokine,0.7685,anc2d_L_unrelaxed_rank_010_alphafold2_model_5_seed_001.pdb
2355,L,Chemokine,0.76762,anc2d_L_unrelaxed_rank_011_alphafold2_model_5_seed_003.pdb
2356,L,Chemokine,0.76753,anc2d_L_unrelaxed_rank_012_alphafold2_model_4_seed_002.pdb
2357,L,Chemokine,0.76616,anc2d_L_unrelaxed_rank_013_alphafold2_model_5_seed_000.pdb
2358,L,Chemokine,0.76919,anc2d_L_unrelaxed_rank_014_alphafold2_model_4_seed_004.pdb
2359,L,Chemokine,0.77149,anc2d_L_unrelaxed_rank_015_alphafold2_model_5_seed_002.pdb
2360,L,Chemokine,0.7676,anc2d_L_unrelaxed_rank_016_alphafold2_model_5_seed_004.pdb
2361,L,Chemokine,0.6912,anc2d_L_unrelaxed_rank_017_alphafold2_model_1_seed_004.pdb
2362,L,Chemokine,0.63844,anc2d_L_unrelaxed_rank_018_alphafold2_model_3_seed_004.pdb
2363,L,Chemokine,0.63678,anc2d_L_unrelaxed_rank_019_alphafold2_model_3_seed_000.pdb
2364,L,Chemokine,0.67502,anc2d_L_unrelaxed_rank_020_alphafold2_model_1_seed_003.pdb
2365,L,Chemokine,0.66764,anc2d_L_unrelaxed_rank_021_alphafold2_model_4_seed_003.pdb
2366,L,Chemokine,0.66055,anc2d_L_unrelaxed_rank_022_alphafold2_model_4_seed_000.pdb
2367,L,Dimer,0.52661,anc2d_L_unrelaxed_rank_023_alphafold2_model_1_seed_000.pdb
2368,L,Chemokine,0.63794,anc2d_L_unrelaxed_rank_024_alphafold2_model_4_seed_001.pdb
2369,L,Dimer,0.56493,anc2d_L_unrelaxed_rank_025_alphafold2_model_1_seed_001.pdb
2370,M,Chemokine,0.76454,anc2d_M_unrelaxed_rank_001_alphafold2_model_3_seed_002.pdb
2371,M,Chemokine,0.76296,anc2d_M_unrelaxed_rank_002_alphafold2_model_3_seed_001.pdb
2372,M,Chemokine,0.76011,anc2d_M_unrelaxed_rank_003_alphafold2_model_3_seed_003.pdb
2373,M,Chemokine,0.7736,anc2d_M_unrelaxed_rank_004_alphafold2_model_1_seed_004.pdb
2374,M,Chemokine,0.78203,anc2d_M_unrelaxed_rank_005_alphafold2_model_2_seed_002.pdb
2375,M,Chemokine,0.78003,anc2d_M_unrelaxed_rank_006_alphafold2_model_2_seed_000.pdb
2376,M,Chemokine,0.78307,anc2d_M_unrelaxed_rank_007_alphafold2_model_2_seed_004.pdb
2377,M,Chemokine,0.7824,anc2d_M_unrelaxed_rank_008_alphafold2_model_2_seed_001.pdb
2378,M,Chemokine,0.76672,anc2d_M_unrelaxed_rank_009_alphafold2_model_1_seed_002.pdb
2379,M,Chemokine,0.76593,anc2d_M_unrelaxed_rank_010_alphafold2_model_1_seed_003.pdb
2380,M,Chemokine,0.76525,anc2d_M_unrelaxed_rank_011_alphafold2_model_1_seed_001.pdb
2381,M,Chemokine,0.7648,anc2d_M_unrelaxed_rank_012_alphafold2_model_1_seed_000.pdb
2382,M,Chemokine,0.75185,anc2d_M_unrelaxed_rank_013_alphafold2_model_3_seed_004.pdb
2383,M,Chemokine,0.77936,anc2d_M_unrelaxed_rank_014_alphafold2_model_2_seed_003.pdb
2384,M,Chemokine,0.75139,anc2d_M_unrelaxed_rank_015_alphafold2_model_3_seed_000.pdb
2385,M,Chemokine,0.78442,anc2d_M_unrelaxed_rank_016_alphafold2_model_4_seed_004.pdb
2386,M,Chemokine,0.77873,anc2d_M_unrelaxed_rank_017_alphafold2_model_4_seed_002.pdb
2387,M,Chemokine,0.77103,anc2d_M_unrelaxed_rank_018_alphafold2_model_5_seed_001.pdb
2388,M,Chemokine,0.76716,anc2d_M_unrelaxed_rank_019_alphafold2_model_5_seed_003.pdb
2389,M,Chemokine,0.68047,anc2d_M_unrelaxed_rank_020_alphafold2_model_4_seed_003.pdb
2390,M,Chemokine,0.67751,anc2d_M_unrelaxed_rank_021_alphafold2_model_4_seed_001.pdb
2391,M,Chemokine,0.67091,anc2d_M_unrelaxed_rank_022_alphafold2_model_4_seed_000.pdb
2392,14,Chemokine,0.76801,anc2f_14_I_unrelaxed_rank_001_alphafold2_model_3_seed_003.pdb
2393,14,Chemokine,0.76849,anc2f_14_I_unrelaxed_rank_002_alphafold2_model_3_seed_004.pdb
2394,14,Chemokine,0.76676,anc2f_14_I_unrelaxed_rank_003_alphafold2_model_3_seed_001.pdb
2395,14,Chemokine,0.76512,anc2f_14_I_unrelaxed_rank_004_alphafold2_model_3_seed_002.pdb
2396,14,Chemokine,0.76833,anc2f_14_I_unrelaxed_rank_005_alphafold2_model_3_seed_000.pdb
2397,14,Chemokine,0.77734,anc2f_14_I_unrelaxed_rank_006_alphafold2_model_1_seed_002.pdb
2398,14,Chemokine,0.76956,anc2f_14_I_unrelaxed_rank_007_alphafold2_model_5_seed_003.pdb
2399,14,Chemokine,0.76702,anc2f_14_I_unrelaxed_rank_008_alphafold2_model_5_seed_001.pdb
2400,14,Chemokine,0.76835,anc2f_14_I_unrelaxed_rank_009_alphafold2_model_5_seed_000.pdb
2401,14,Chemokine,0.77056,anc2f_14_I_unrelaxed_rank_010_alphafold2_model_4_seed_000.pdb
2402,14,Chemokine,0.51303,anc2f_14_I_unrelaxed_rank_011_alphafold2_model_2_seed_003.pdb
2403,14,Dimer,0.5142,anc2f_14_I_unrelaxed_rank_012_alphafold2_model_2_seed_001.pdb
2404,14,Chemokine,0.50578,anc2f_14_I_unrelaxed_rank_013_alphafold2_model_2_seed_000.pdb
2405,14,Chemokine,0.67034,anc2f_14_I_unrelaxed_rank_014_alphafold2_model_1_seed_004.pdb
2406,14,Chemokine,0.66979,anc2f_14_I_unrelaxed_rank_015_alphafold2_model_1_seed_003.pdb
2407,14,Chemokine,0.51471,anc2f_14_I_unrelaxed_rank_016_alphafold2_model_1_seed_001.pdb
2408,14,Chemokine,0.75382,anc2f_14_I_unrelaxed_rank_017_alphafold2_model_4_seed_003.pdb
2409,14,Chemokine,0.75064,anc2f_14_I_unrelaxed_rank_018_alphafold2_model_4_seed_004.pdb
2410,14,Chemokine,0.76333,anc2f_14_I_unrelaxed_rank_019_alphafold2_model_4_seed_002.pdb
2411,14,Chemokine,0.75247,anc2f_14_I_unrelaxed_rank_020_alphafold2_model_4_seed_001.pdb
2412,14,Chemokine,0.69177,anc2f_14_I_unrelaxed_rank_021_alphafold2_model_1_seed_000.pdb
2413,14,Dimer,0.50043,anc2f_14_I_unrelaxed_rank_022_alphafold2_model_2_seed_004.pdb
2414,14,Chemokine,0.75763,anc2f_14_L_unrelaxed_rank_001_alphafold2_model_3_seed_002.pdb
2415,14,Chemokine,0.764,anc2f_14_L_unrelaxed_rank_002_alphafold2_model_3_seed_000.pdb
2416,14,Chemokine,0.76224,anc2f_14_L_unrelaxed_rank_003_alphafold2_model_3_seed_001.pdb
2417,14,Chemokine,0.76469,anc2f_14_L_unrelaxed_rank_004_alphafold2_model_3_seed_004.pdb
2418,14,Chemokine,0.76178,anc2f_14_L_unrelaxed_rank_005_alphafold2_model_3_seed_003.pdb
2419,14,Chemokine,0.75761,anc2f_14_L_unrelaxed_rank_006_alphafold2_model_5_seed_001.pdb
2420,14,Chemokine,0.74554,anc2f_14_L_unrelaxed_rank_007_alphafold2_model_5_seed_000.pdb
2421,14,Chemokine,0.76556,anc2f_14_L_unrelaxed_rank_008_alphafold2_model_4_seed_003.pdb
2422,14,Chemokine,0.74376,anc2f_14_L_unrelaxed_rank_009_alphafold2_model_5_seed_003.pdb
2423,14,Chemokine,0.66524,anc2f_14_L_unrelaxed_rank_010_alphafold2_model_2_seed_004.pdb
2424,14,Chemokine,0.75811,anc2f_14_L_unrelaxed_rank_011_alphafold2_model_4_seed_001.pdb
2425,14,Chemokine,0.7575,anc2f_14_L_unrelaxed_rank_012_alphafold2_model_4_seed_002.pdb
2426,14,Chemokine,0.75378,anc2f_14_L_unrelaxed_rank_013_alphafold2_model_4_seed_000.pdb
2427,14,Chemokine,0.52424,anc2f_14_L_unrelaxed_rank_014_alphafold2_model_2_seed_001.pdb
2428,14,Chemokine,0.66596,anc2f_14_L_unrelaxed_rank_015_alphafold2_model_1_seed_001.pdb
2429,14,Chemokine,0.66536,anc2f_14_L_unrelaxed_rank_016_alphafold2_model_1_seed_004.pdb
2430,14,Chemokine,0.65828,anc2f_14_L_unrelaxed_rank_017_alphafold2_model_1_seed_003.pdb
2431,14,Chemokine,0.75866,anc2f_14_L_unrelaxed_rank_018_alphafold2_model_4_seed_004.pdb
2432,14,Chemokine,0.66825,anc2f_14_L_unrelaxed_rank_019_alphafold2_model_1_seed_002.pdb
2433,14,Chemokine,0.52173,anc2f_14_L_unrelaxed_rank_020_alphafold2_model_2_seed_000.pdb
2434,14,Chemokine,0.66708,anc2f_14_L_unrelaxed_rank_021_alphafold2_model_1_seed_000.pdb
2435,14,Chemokine,0.51007,anc2f_14_L_unrelaxed_rank_022_alphafold2_model_2_seed_003.pdb
2436,14,Chemokine,0.76589,anc2f_14_V_unrelaxed_rank_001_alphafold2_model_3_seed_004.pdb
2437,14,Chemokine,0.76563,anc2f_14_V_unrelaxed_rank_002_alphafold2_model_3_seed_003.pdb
2438,14,Chemokine,0.76456,anc2f_14_V_unrelaxed_rank_003_alphafold2_model_3_seed_000.pdb
2439,14,Chemokine,0.76599,anc2f_14_V_unrelaxed_rank_004_alphafold2_model_3_seed_001.pdb
2440,14,Chemokine,0.76726,anc2f_14_V_unrelaxed_rank_005_alphafold2_model_3_seed_002.pdb
2441,14,Chemokine,0.77151,anc2f_14_V_unrelaxed_rank_006_alphafold2_model_1_seed_000.pdb
2442,14,Chemokine,0.77084,anc2f_14_V_unrelaxed_rank_007_alphafold2_model_1_seed_001.pdb
2443,14,Chemokine,0.77043,anc2f_14_V_unrelaxed_rank_008_alphafold2_model_1_seed_004.pdb
2444,14,Chemokine,0.77158,anc2f_14_V_unrelaxed_rank_009_alphafold2_model_5_seed_002.pdb
2445,14,Chemokine,0.77291,anc2f_14_V_unrelaxed_rank_010_alphafold2_model_5_seed_004.pdb
2446,14,Chemokine,0.77165,anc2f_14_V_unrelaxed_rank_011_alphafold2_model_5_seed_003.pdb
2447,14,Chemokine,0.76242,anc2f_14_V_unrelaxed_rank_012_alphafold2_model_1_seed_002.pdb
2448,14,Chemokine,0.7734,anc2f_14_V_unrelaxed_rank_013_alphafold2_model_5_seed_001.pdb
2449,14,Chemokine,0.77585,anc2f_14_V_unrelaxed_rank_014_alphafold2_model_4_seed_001.pdb
2450,14,Chemokine,0.77452,anc2f_14_V_unrelaxed_rank_015_alphafold2_model_5_seed_000.pdb
2451,14,Chemokine,0.78109,anc2f_14_V_unrelaxed_rank_016_alphafold2_model_4_seed_000.pdb
2452,14,Chemokine,0.76808,anc2f_14_V_unrelaxed_rank_017_alphafold2_model_4_seed_004.pdb
2453,14,Chemokine,0.76881,anc2f_14_V_unrelaxed_rank_018_alphafold2_model_4_seed_003.pdb
2454,14,Chemokine,0.75591,anc2f_14_V_unrelaxed_rank_019_alphafold2_model_4_seed_002.pdb
2455,14,Chemokine,0.7522,anc2f_14_V_unrelaxed_rank_020_alphafold2_model_1_seed_003.pdb
2456,14,Chemokine,0.51538,anc2f_14_V_unrelaxed_rank_021_alphafold2_model_2_seed_001.pdb
2457,14,Chemokine,0.5232,anc2f_14_V_unrelaxed_rank_022_alphafold2_model_2_seed_003.pdb
2458,14,Chemokine,0.5192,anc2f_14_V_unrelaxed_rank_023_alphafold2_model_2_seed_000.pdb
2459,36,Chemokine,0.78486,anc2f_36_A_unrelaxed_rank_001_alphafold2_model_3_seed_002.pdb
2460,36,Chemokine,0.79631,anc2f_36_A_unrelaxed_rank_002_alphafold2_model_3_seed_000.pdb
2461,36,Chemokine,0.78038,anc2f_36_A_unrelaxed_rank_003_alphafold2_model_3_seed_003.pdb
2462,36,Chemokine,0.7847,anc2f_36_A_unrelaxed_rank_004_alphafold2_model_3_seed_004.pdb
2463,36,Chemokine,0.79521,anc2f_36_A_unrelaxed_rank_005_alphafold2_model_3_seed_001.pdb
2464,36,Chemokine,0.79154,anc2f_36_A_unrelaxed_rank_006_alphafold2_model_1_seed_004.pdb
2465,36,Chemokine,0.79098,anc2f_36_A_unrelaxed_rank_007_alphafold2_model_1_seed_003.pdb
2466,36,Chemokine,0.79167,anc2f_36_A_unrelaxed_rank_008_alphafold2_model_1_seed_000.pdb
2467,36,Chemokine,0.78946,anc2f_36_A_unrelaxed_rank_009_alphafold2_model_1_seed_001.pdb
2468,36,Chemokine,0.80114,anc2f_36_A_unrelaxed_rank_010_alphafold2_model_2_seed_002.pdb
2469,36,Chemokine,0.79136,anc2f_36_A_unrelaxed_rank_011_alphafold2_model_1_seed_002.pdb
2470,36,Chemokine,0.79919,anc2f_36_A_unrelaxed_rank_012_alphafold2_model_2_seed_004.pdb
2471,36,Chemokine,0.79898,anc2f_36_A_unrelaxed_rank_013_alphafold2_model_2_seed_001.pdb
2472,36,Chemokine,0.79846,anc2f_36_A_unrelaxed_rank_014_alphafold2_model_2_seed_000.pdb
2473,36,Chemokine,0.80102,anc2f_36_A_unrelaxed_rank_015_alphafold2_model_2_seed_003.pdb
2474,36,Chemokine,0.77875,anc2f_36_A_unrelaxed_rank_016_alphafold2_model_5_seed_004.pdb
2475,36,Chemokine,0.78871,anc2f_36_A_unrelaxed_rank_017_alphafold2_model_4_seed_002.pdb
2476,36,Chemokine,0.78968,anc2f_36_A_unrelaxed_rank_018_alphafold2_model_4_seed_004.pdb
2477,36,Chemokine,0.78984,anc2f_36_A_unrelaxed_rank_019_alphafold2_model_4_seed_001.pdb
2478,36,Chemokine,0.77711,anc2f_36_A_unrelaxed_rank_020_alphafold2_model_5_seed_002.pdb
2479,36,Chemokine,0.78656,anc2f_36_A_unrelaxed_rank_021_alphafold2_model_4_seed_003.pdb
2480,36,Chemokine,0.77755,anc2f_36_A_unrelaxed_rank_022_alphafold2_model_5_seed_003.pdb
2481,36,Chemokine,0.77837,anc2f_36_A_unrelaxed_rank_023_alphafold2_model_5_seed_001.pdb
2482,36,Chemokine,0.78934,anc2f_36_A_unrelaxed_rank_024_alphafold2_model_4_seed_000.pdb
2483,36,Chemokine,0.77894,anc2f_36_A_unrelaxed_rank_025_alphafold2_model_5_seed_000.pdb
2484,36,Chemokine,0.82804,anc2f_36_G_unrelaxed_rank_001_alphafold2_model_3_seed_002.pdb
2485,36,Chemokine,0.82557,anc2f_36_G_unrelaxed_rank_002_alphafold2_model_3_seed_000.pdb
2486,36,Chemokine,0.82685,anc2f_36_G_unrelaxed_rank_003_alphafold2_model_3_seed_001.pdb
2487,36,Chemokine,0.82655,anc2f_36_G_unrelaxed_rank_004_alphafold2_model_3_seed_003.pdb
2488,36,Chemokine,0.81615,anc2f_36_G_unrelaxed_rank_005_alphafold2_model_3_seed_004.pdb
2489,36,Chemokine,0.80212,anc2f_36_G_unrelaxed_rank_006_alphafold2_model_5_seed_002.pdb
2490,36,Chemokine,0.81983,anc2f_36_G_unrelaxed_rank_007_alphafold2_model_2_seed_002.pdb
2491,36,Chemokine,0.80112,anc2f_36_G_unrelaxed_rank_008_alphafold2_model_5_seed_004.pdb
2492,36,Chemokine,0.81864,anc2f_36_G_unrelaxed_rank_009_alphafold2_model_2_seed_001.pdb
2493,36,Chemokine,0.81776,anc2f_36_G_unrelaxed_rank_010_alphafold2_model_2_seed_000.pdb
2494,36,Chemokine,0.82077,anc2f_36_G_unrelaxed_rank_011_alphafold2_model_2_seed_004.pdb
2495,36,Chemokine,0.8014,anc2f_36_G_unrelaxed_rank_012_alphafold2_model_5_seed_003.pdb
2496,36,Chemokine,0.80905,anc2f_36_G_unrelaxed_rank_013_alphafold2_model_1_seed_002.pdb
2497,36,Chemokine,0.80048,anc2f_36_G_unrelaxed_rank_014_alphafold2_model_5_seed_001.pdb
2498,36,Chemokine,0.80786,anc2f_36_G_unrelaxed_rank_015_alphafold2_model_1_seed_003.pdb
2499,36,Chemokine,0.80915,anc2f_36_G_unrelaxed_rank_016_alphafold2_model_1_seed_004.pdb
2500,36,Chemokine,0.81943,anc2f_36_G_unrelaxed_rank_017_alphafold2_model_2_seed_003.pdb
2501,36,Chemokine,0.80055,anc2f_36_G_unrelaxed_rank_018_alphafold2_model_5_seed_000.pdb
2502,36,Chemokine,0.80859,anc2f_36_G_unrelaxed_rank_019_alphafold2_model_1_seed_000.pdb
2503,36,Chemokine,0.80767,anc2f_36_G_unrelaxed_rank_020_alphafold2_model_1_seed_001.pdb
2504,36,Chemokine,0.80439,anc2f_36_G_unrelaxed_rank_021_alphafold2_model_4_seed_003.pdb
2505,36,Chemokine,0.80616,anc2f_36_G_unrelaxed_rank_022_alphafold2_model_4_seed_000.pdb
2506,36,Chemokine,0.80501,anc2f_36_G_unrelaxed_rank_023_alphafold2_model_4_seed_004.pdb
2507,36,Chemokine,0.80349,anc2f_36_G_unrelaxed_rank_024_alphafold2_model_4_seed_001.pdb
2508,36,Chemokine,0.80509,anc2f_36_G_unrelaxed_rank_025_alphafold2_model_4_seed_002.pdb
2509,36,Chemokine,0.76693,anc2f_36_I_unrelaxed_rank_001_alphafold2_model_3_seed_002.pdb
2510,36,Chemokine,0.77117,anc2f_36_I_unrelaxed_rank_002_alphafold2_model_3_seed_004.pdb
2511,36,Chemokine,0.77003,anc2f_36_I_unrelaxed_rank_003_alphafold2_model_3_seed_001.pdb
2512,36,Chemokine,0.77198,anc2f_36_I_unrelaxed_rank_004_alphafold2_model_3_seed_003.pdb
2513,36,Chemokine,0.77027,anc2f_36_I_unrelaxed_rank_005_alphafold2_model_3_seed_000.pdb
2514,36,Chemokine,0.80276,anc2f_36_I_unrelaxed_rank_006_alphafold2_model_2_seed_001.pdb
2515,36,Chemokine,0.80085,anc2f_36_I_unrelaxed_rank_007_alphafold2_model_2_seed_000.pdb
2516,36,Chemokine,0.79636,anc2f_36_I_unrelaxed_rank_008_alphafold2_model_2_seed_002.pdb
2517,36,Chemokine,0.78499,anc2f_36_I_unrelaxed_rank_009_alphafold2_model_2_seed_003.pdb
2518,36,Chemokine,0.77364,anc2f_36_I_unrelaxed_rank_010_alphafold2_model_1_seed_004.pdb
2519,36,Chemokine,0.7763,anc2f_36_I_unrelaxed_rank_011_alphafold2_model_1_seed_003.pdb
2520,36,Chemokine,0.77584,anc2f_36_I_unrelaxed_rank_012_alphafold2_model_1_seed_001.pdb
2521,36,Chemokine,0.77441,anc2f_36_I_unrelaxed_rank_013_alphafold2_model_5_seed_001.pdb
2522,36,Chemokine,0.76887,anc2f_36_I_unrelaxed_rank_014_alphafold2_model_5_seed_003.pdb
2523,36,Chemokine,0.77237,anc2f_36_I_unrelaxed_rank_015_alphafold2_model_1_seed_000.pdb
2524,36,Chemokine,0.77041,anc2f_36_I_unrelaxed_rank_016_alphafold2_model_1_seed_002.pdb
2525,36,Chemokine,0.76938,anc2f_36_I_unrelaxed_rank_017_alphafold2_model_5_seed_004.pdb
2526,36,Chemokine,0.77126,anc2f_36_I_unrelaxed_rank_018_alphafold2_model_5_seed_002.pdb
2527,36,Chemokine,0.75183,anc2f_36_I_unrelaxed_rank_019_alphafold2_model_5_seed_000.pdb
2528,36,Chemokine,0.76789,anc2f_36_I_unrelaxed_rank_020_alphafold2_model_4_seed_003.pdb
2529,36,Chemokine,0.75916,anc2f_36_I_unrelaxed_rank_021_alphafold2_model_2_seed_004.pdb
2530,36,Chemokine,0.75877,anc2f_36_I_unrelaxed_rank_022_alphafold2_model_4_seed_004.pdb
2531,36,Chemokine,0.75535,anc2f_36_I_unrelaxed_rank_023_alphafold2_model_4_seed_002.pdb
2532,36,Chemokine,0.75498,anc2f_36_I_unrelaxed_rank_024_alphafold2_model_4_seed_000.pdb
2533,36,Chemokine,0.76016,anc2f_36_I_unrelaxed_rank_025_alphafold2_model_4_seed_001.pdb
2534,38,Chemokine,0.78486,anc2f_38_I_unrelaxed_rank_001_alphafold2_model_3_seed_002.pdb
2535,38,Chemokine,0.79631,anc2f_38_I_unrelaxed_rank_002_alphafold2_model_3_seed_000.pdb
2536,38,Chemokine,0.78038,anc2f_38_I_unrelaxed_rank_003_alphafold2_model_3_seed_003.pdb
2537,38,Chemokine,0.7847,anc2f_38_I_unrelaxed_rank_004_alphafold2_model_3_seed_004.pdb
2538,38,Chemokine,0.79521,anc2f_38_I_unrelaxed_rank_005_alphafold2_model_3_seed_001.pdb
2539,38,Chemokine,0.79154,anc2f_38_I_unrelaxed_rank_006_alphafold2_model_1_seed_004.pdb
2540,38,Chemokine,0.79098,anc2f_38_I_unrelaxed_rank_007_alphafold2_model_1_seed_003.pdb
2541,38,Chemokine,0.79167,anc2f_38_I_unrelaxed_rank_008_alphafold2_model_1_seed_000.pdb
2542,38,Chemokine,0.78946,anc2f_38_I_unrelaxed_rank_009_alphafold2_model_1_seed_001.pdb
2543,38,Chemokine,0.80114,anc2f_38_I_unrelaxed_rank_010_alphafold2_model_2_seed_002.pdb
2544,38,Chemokine,0.79136,anc2f_38_I_unrelaxed_rank_011_alphafold2_model_1_seed_002.pdb
2545,38,Chemokine,0.79919,anc2f_38_I_unrelaxed_rank_012_alphafold2_model_2_seed_004.pdb
2546,38,Chemokine,0.79898,anc2f_38_I_unrelaxed_rank_013_alphafold2_model_2_seed_001.pdb
2547,38,Chemokine,0.79846,anc2f_38_I_unrelaxed_rank_014_alphafold2_model_2_seed_000.pdb
2548,38,Chemokine,0.80102,anc2f_38_I_unrelaxed_rank_015_alphafold2_model_2_seed_003.pdb
2549,38,Chemokine,0.77875,anc2f_38_I_unrelaxed_rank_016_alphafold2_model_5_seed_004.pdb
2550,38,Chemokine,0.78871,anc2f_38_I_unrelaxed_rank_017_alphafold2_model_4_seed_002.pdb
2551,38,Chemokine,0.78968,anc2f_38_I_unrelaxed_rank_018_alphafold2_model_4_seed_004.pdb
2552,38,Chemokine,0.78984,anc2f_38_I_unrelaxed_rank_019_alphafold2_model_4_seed_001.pdb
2553,38,Chemokine,0.77711,anc2f_38_I_unrelaxed_rank_020_alphafold2_model_5_seed_002.pdb
2554,38,Chemokine,0.78656,anc2f_38_I_unrelaxed_rank_021_alphafold2_model_4_seed_003.pdb
2555,38,Chemokine,0.77755,anc2f_38_I_unrelaxed_rank_022_alphafold2_model_5_seed_003.pdb
2556,38,Chemokine,0.77837,anc2f_38_I_unrelaxed_rank_023_alphafold2_model_5_seed_001.pdb
2557,38,Chemokine,0.78934,anc2f_38_I_unrelaxed_rank_024_alphafold2_model_4_seed_000.pdb
2558,38,Chemokine,0.77894,anc2f_38_I_unrelaxed_rank_025_alphafold2_model_5_seed_000.pdb
2559,38,Chemokine,0.80803,anc2f_38_L_unrelaxed_rank_001_alphafold2_model_3_seed_001.pdb
2560,38,Chemokine,0.83186,anc2f_38_L_unrelaxed_rank_002_alphafold2_model_2_seed_003.pdb
2561,38,Chemokine,0.83165,anc2f_38_L_unrelaxed_rank_003_alphafold2_model_2_seed_002.pdb
2562,38,Chemokine,0.80749,anc2f_38_L_unrelaxed_rank_004_alphafold2_model_3_seed_002.pdb
2563,38,Chemokine,0.8308,anc2f_38_L_unrelaxed_rank_005_alphafold2_model_2_seed_000.pdb
2564,38,Chemokine,0.83105,anc2f_38_L_unrelaxed_rank_006_alphafold2_model_2_seed_004.pdb
2565,38,Chemokine,0.83033,anc2f_38_L_unrelaxed_rank_007_alphafold2_model_2_seed_001.pdb
2566,38,Chemokine,0.80944,anc2f_38_L_unrelaxed_rank_008_alphafold2_model_3_seed_003.pdb
2567,38,Chemokine,0.80948,anc2f_38_L_unrelaxed_rank_009_alphafold2_model_1_seed_004.pdb
2568,38,Chemokine,0.80838,anc2f_38_L_unrelaxed_rank_010_alphafold2_model_1_seed_002.pdb
2569,38,Chemokine,0.80929,anc2f_38_L_unrelaxed_rank_011_alphafold2_model_1_seed_000.pdb
2570,38,Chemokine,0.80499,anc2f_38_L_unrelaxed_rank_012_alphafold2_model_1_seed_003.pdb
2571,38,Chemokine,0.80928,anc2f_38_L_unrelaxed_rank_013_alphafold2_model_1_seed_001.pdb
2572,38,Chemokine,0.81743,anc2f_38_L_unrelaxed_rank_014_alphafold2_model_3_seed_000.pdb
2573,38,Chemokine,0.80358,anc2f_38_L_unrelaxed_rank_015_alphafold2_model_4_seed_004.pdb
2574,38,Chemokine,0.80207,anc2f_38_L_unrelaxed_rank_016_alphafold2_model_4_seed_002.pdb
2575,38,Chemokine,0.79697,anc2f_38_L_unrelaxed_rank_017_alphafold2_model_3_seed_004.pdb
2576,38,Chemokine,0.79357,anc2f_38_L_unrelaxed_rank_018_alphafold2_model_5_seed_002.pdb
2577,38,Chemokine,0.80175,anc2f_38_L_unrelaxed_rank_019_alphafold2_model_4_seed_003.pdb
2578,38,Chemokine,0.79207,anc2f_38_L_unrelaxed_rank_020_alphafold2_model_5_seed_003.pdb
2579,38,Chemokine,0.79221,anc2f_38_L_unrelaxed_rank_021_alphafold2_model_5_seed_004.pdb
2580,38,Chemokine,0.79136,anc2f_38_L_unrelaxed_rank_022_alphafold2_model_5_seed_001.pdb
2581,38,Chemokine,0.79159,anc2f_38_L_unrelaxed_rank_023_alphafold2_model_5_seed_000.pdb
2582,38,Chemokine,0.7987,anc2f_38_L_unrelaxed_rank_024_alphafold2_model_4_seed_000.pdb
2583,38,Chemokine,0.79771,anc2f_38_L_unrelaxed_rank_025_alphafold2_model_4_seed_001.pdb
2584,38,Chemokine,0.81192,anc2f_38_V_unrelaxed_rank_001_alphafold2_model_3_seed_003.pdb
2585,38,Chemokine,0.81135,anc2f_38_V_unrelaxed_rank_002_alphafold2_model_3_seed_001.pdb
2586,38,Chemokine,0.79548,anc2f_38_V_unrelaxed_rank_003_alphafold2_model_3_seed_004.pdb
2587,38,Chemokine,0.79538,anc2f_38_V_unrelaxed_rank_004_alphafold2_model_3_seed_002.pdb
2588,38,Chemokine,0.805,anc2f_38_V_unrelaxed_rank_005_alphafold2_model_3_seed_000.pdb
2589,38,Chemokine,0.79575,anc2f_38_V_unrelaxed_rank_006_alphafold2_model_1_seed_004.pdb
2590,38,Chemokine,0.79527,anc2f_38_V_unrelaxed_rank_007_alphafold2_model_1_seed_002.pdb
2591,38,Chemokine,0.79585,anc2f_38_V_unrelaxed_rank_008_alphafold2_model_1_seed_000.pdb
2592,38,Chemokine,0.79494,anc2f_38_V_unrelaxed_rank_009_alphafold2_model_1_seed_003.pdb
2593,38,Chemokine,0.81184,anc2f_38_V_unrelaxed_rank_010_alphafold2_model_2_seed_002.pdb
2594,38,Chemokine,0.81734,anc2f_38_V_unrelaxed_rank_011_alphafold2_model_2_seed_004.pdb
2595,38,Chemokine,0.79483,anc2f_38_V_unrelaxed_rank_012_alphafold2_model_1_seed_001.pdb
2596,38,Chemokine,0.81481,anc2f_38_V_unrelaxed_rank_013_alphafold2_model_2_seed_001.pdb
2597,38,Chemokine,0.81383,anc2f_38_V_unrelaxed_rank_014_alphafold2_model_2_seed_003.pdb
2598,38,Chemokine,0.81356,anc2f_38_V_unrelaxed_rank_015_alphafold2_model_2_seed_000.pdb
2599,38,Chemokine,0.78371,anc2f_38_V_unrelaxed_rank_016_alphafold2_model_5_seed_002.pdb
2600,38,Chemokine,0.78343,anc2f_38_V_unrelaxed_rank_017_alphafold2_model_5_seed_004.pdb
2601,38,Chemokine,0.7936,anc2f_38_V_unrelaxed_rank_018_alphafold2_model_4_seed_004.pdb
2602,38,Chemokine,0.78292,anc2f_38_V_unrelaxed_rank_019_alphafold2_model_5_seed_003.pdb
2603,38,Chemokine,0.784,anc2f_38_V_unrelaxed_rank_020_alphafold2_model_5_seed_001.pdb
2604,38,Chemokine,0.78498,anc2f_38_V_unrelaxed_rank_021_alphafold2_model_5_seed_000.pdb
2605,38,Chemokine,0.79522,anc2f_38_V_unrelaxed_rank_022_alphafold2_model_4_seed_001.pdb
2606,38,Chemokine,0.79152,anc2f_38_V_unrelaxed_rank_023_alphafold2_model_4_seed_002.pdb
2607,38,Chemokine,0.7918,anc2f_38_V_unrelaxed_rank_024_alphafold2_model_4_seed_003.pdb
2608,38,Chemokine,0.79459,anc2f_38_V_unrelaxed_rank_025_alphafold2_model_4_seed_000.pdb
2609,40,Chemokine,0.83885,anc2f_40_G_unrelaxed_rank_001_alphafold2_model_2_seed_003.pdb
2610,40,Chemokine,0.80531,anc2f_40_G_unrelaxed_rank_002_alphafold2_model_2_seed_002.pdb
2611,40,Chemokine,0.77733,anc2f_40_G_unrelaxed_rank_003_alphafold2_model_5_seed_003.pdb
2612,40,Chemokine,0.78289,anc2f_40_G_unrelaxed_rank_004_alphafold2_model_2_seed_001.pdb
2613,40,Chemokine,0.78772,anc2f_40_I_unrelaxed_rank_001_alphafold2_model_3_seed_000.pdb
2614,40,Chemokine,0.78381,anc2f_40_I_unrelaxed_rank_002_alphafold2_model_3_seed_002.pdb
2615,40,Chemokine,0.78818,anc2f_40_I_unrelaxed_rank_003_alphafold2_model_3_seed_001.pdb
2616,40,Chemokine,0.78058,anc2f_40_I_unrelaxed_rank_004_alphafold2_model_3_seed_003.pdb
2617,40,Chemokine,0.79004,anc2f_40_I_unrelaxed_rank_005_alphafold2_model_1_seed_004.pdb
2618,40,Chemokine,0.7894,anc2f_40_I_unrelaxed_rank_006_alphafold2_model_1_seed_002.pdb
2619,40,Chemokine,0.78768,anc2f_40_I_unrelaxed_rank_007_alphafold2_model_1_seed_003.pdb
2620,40,Chemokine,0.7881,anc2f_40_I_unrelaxed_rank_008_alphafold2_model_1_seed_000.pdb
2621,40,Chemokine,0.80309,anc2f_40_I_unrelaxed_rank_009_alphafold2_model_2_seed_003.pdb
2622,40,Chemokine,0.80192,anc2f_40_I_unrelaxed_rank_010_alphafold2_model_2_seed_004.pdb
2623,40,Chemokine,0.79957,anc2f_40_I_unrelaxed_rank_011_alphafold2_model_2_seed_000.pdb
2624,40,Chemokine,0.79972,anc2f_40_I_unrelaxed_rank_012_alphafold2_model_2_seed_001.pdb
2625,40,Chemokine,0.78263,anc2f_40_I_unrelaxed_rank_013_alphafold2_model_1_seed_001.pdb
2626,40,Chemokine,0.78227,anc2f_40_I_unrelaxed_rank_014_alphafold2_model_5_seed_003.pdb
2627,40,Chemokine,0.78436,anc2f_40_I_unrelaxed_rank_015_alphafold2_model_5_seed_002.pdb
2628,40,Chemokine,0.76658,anc2f_40_I_unrelaxed_rank_016_alphafold2_model_3_seed_004.pdb
2629,40,Chemokine,0.78122,anc2f_40_I_unrelaxed_rank_017_alphafold2_model_5_seed_001.pdb
2630,40,Chemokine,0.78533,anc2f_40_I_unrelaxed_rank_018_alphafold2_model_5_seed_000.pdb
2631,40,Chemokine,0.78794,anc2f_40_I_unrelaxed_rank_019_alphafold2_model_4_seed_003.pdb
2632,40,Chemokine,0.78039,anc2f_40_I_unrelaxed_rank_020_alphafold2_model_2_seed_002.pdb
2633,40,Chemokine,0.68154,anc2f_40_I_unrelaxed_rank_021_alphafold2_model_4_seed_002.pdb
2634,40,Chemokine,0.66987,anc2f_40_I_unrelaxed_rank_022_alphafold2_model_4_seed_000.pdb
2635,40,Chemokine,0.79523,anc2f_40_V_unrelaxed_rank_001_alphafold2_model_1_seed_000.pdb
2636,40,Chemokine,0.79339,anc2f_40_V_unrelaxed_rank_002_alphafold2_model_1_seed_002.pdb
2637,40,Chemokine,0.8034,anc2f_40_V_unrelaxed_rank_003_alphafold2_model_2_seed_003.pdb
2638,40,Chemokine,0.80191,anc2f_40_V_unrelaxed_rank_004_alphafold2_model_2_seed_000.pdb
2639,40,Chemokine,0.79999,anc2f_40_V_unrelaxed_rank_005_alphafold2_model_2_seed_001.pdb
2640,40,Chemokine,0.79542,anc2f_40_V_unrelaxed_rank_006_alphafold2_model_4_seed_002.pdb
2641,40,Chemokine,0.79311,anc2f_40_V_unrelaxed_rank_007_alphafold2_model_1_seed_001.pdb
2642,40,Chemokine,0.80067,anc2f_40_V_unrelaxed_rank_008_alphafold2_model_2_seed_004.pdb
2643,40,Chemokine,0.78271,anc2f_40_V_unrelaxed_rank_009_alphafold2_model_1_seed_003.pdb
2644,40,Chemokine,0.79717,anc2f_40_V_unrelaxed_rank_010_alphafold2_model_4_seed_004.pdb
2645,40,Chemokine,0.78381,anc2f_40_V_unrelaxed_rank_011_alphafold2_model_5_seed_004.pdb
2646,40,Chemokine,0.78373,anc2f_40_V_unrelaxed_rank_012_alphafold2_model_5_seed_003.pdb
2647,40,Chemokine,0.78344,anc2f_40_V_unrelaxed_rank_013_alphafold2_model_5_seed_001.pdb
2648,40,Chemokine,0.78472,anc2f_40_V_unrelaxed_rank_014_alphafold2_model_5_seed_000.pdb
2649,40,Chemokine,0.7909,anc2f_40_V_unrelaxed_rank_015_alphafold2_model_1_seed_004.pdb
2650,40,Chemokine,0.78541,anc2f_40_V_unrelaxed_rank_016_alphafold2_model_5_seed_002.pdb
2651,40,Chemokine,0.73544,anc2f_40_V_unrelaxed_rank_017_alphafold2_model_2_seed_002.pdb
2652,40,Chemokine,0.67366,anc2f_40_V_unrelaxed_rank_018_alphafold2_model_3_seed_004.pdb
2653,40,Chemokine,0.66551,anc2f_40_V_unrelaxed_rank_019_alphafold2_model_3_seed_003.pdb
2654,40,Chemokine,0.68193,anc2f_40_V_unrelaxed_rank_020_alphafold2_model_4_seed_003.pdb
2655,40,Chemokine,0.66585,anc2f_40_V_unrelaxed_rank_021_alphafold2_model_3_seed_000.pdb
2656,40,Chemokine,0.66717,anc2f_40_V_unrelaxed_rank_022_alphafold2_model_3_seed_002.pdb
2657,40,Chemokine,0.66747,anc2f_40_V_unrelaxed_rank_023_alphafold2_model_3_seed_001.pdb
2658,40,Chemokine,0.67908,anc2f_40_V_unrelaxed_rank_024_alphafold2_model_4_seed_000.pdb
2659,40,Chemokine,0.67572,anc2f_40_V_unrelaxed_rank_025_alphafold2_model_4_seed_001.pdb
2660,45,Chemokine,0.78878,anc2f_45_I_unrelaxed_rank_001_alphafold2_model_1_seed_002.pdb
2661,45,Chemokine,0.78863,anc2f_45_I_unrelaxed_rank_002_alphafold2_model_1_seed_003.pdb
2662,45,Chemokine,0.60996,anc2f_45_I_unrelaxed_rank_003_alphafold2_model_2_seed_002.pdb
2663,45,Chemokine,0.60977,anc2f_45_I_unrelaxed_rank_004_alphafold2_model_2_seed_001.pdb
2664,45,Dimer,0.52556,anc2f_45_I_unrelaxed_rank_005_alphafold2_model_4_seed_000.pdb
2665,45,Chemokine,0.60719,anc2f_45_I_unrelaxed_rank_006_alphafold2_model_2_seed_000.pdb
2666,45,Dimer,0.52472,anc2f_45_I_unrelaxed_rank_007_alphafold2_model_4_seed_002.pdb
2667,45,Dimer,0.5256,anc2f_45_I_unrelaxed_rank_008_alphafold2_model_4_seed_004.pdb
2668,45,Chemokine,0.6087,anc2f_45_I_unrelaxed_rank_009_alphafold2_model_2_seed_004.pdb
2669,45,Dimer,0.52729,anc2f_45_I_unrelaxed_rank_010_alphafold2_model_4_seed_001.pdb
2670,45,Dimer,0.51102,anc2f_45_I_unrelaxed_rank_014_alphafold2_model_3_seed_002.pdb
2671,45,Chemokine,0.60084,anc2f_45_I_unrelaxed_rank_015_alphafold2_model_2_seed_003.pdb
2672,45,Dimer,0.50762,anc2f_45_I_unrelaxed_rank_016_alphafold2_model_3_seed_003.pdb
2673,45,Chemokine,0.79461,anc2f_45_L_unrelaxed_rank_001_alphafold2_model_1_seed_003.pdb
2674,45,Chemokine,0.78613,anc2f_45_L_unrelaxed_rank_002_alphafold2_model_1_seed_002.pdb
2675,45,Chemokine,0.78536,anc2f_45_L_unrelaxed_rank_003_alphafold2_model_5_seed_002.pdb
2676,45,Chemokine,0.58443,anc2f_45_L_unrelaxed_rank_004_alphafold2_model_2_seed_003.pdb
2677,45,Chemokine,0.58167,anc2f_45_L_unrelaxed_rank_005_alphafold2_model_2_seed_001.pdb
2678,45,Chemokine,0.77187,anc2f_45_L_unrelaxed_rank_006_alphafold2_model_5_seed_001.pdb
2679,45,Chemokine,0.61356,anc2f_45_L_unrelaxed_rank_007_alphafold2_model_2_seed_002.pdb
2680,45,Chemokine,0.58506,anc2f_45_L_unrelaxed_rank_008_alphafold2_model_2_seed_004.pdb
2681,45,Chemokine,0.5984,anc2f_45_L_unrelaxed_rank_009_alphafold2_model_2_seed_000.pdb
2682,45,Dimer,0.5181,anc2f_45_L_unrelaxed_rank_010_alphafold2_model_3_seed_003.pdb
2683,45,Dimer,0.51128,anc2f_45_L_unrelaxed_rank_011_alphafold2_model_3_seed_004.pdb
2684,45,Chemokine,0.79882,anc2f_45_V_unrelaxed_rank_001_alphafold2_model_3_seed_003.pdb
2685,45,Chemokine,0.78402,anc2f_45_V_unrelaxed_rank_002_alphafold2_model_3_seed_004.pdb
2686,45,Chemokine,0.78911,anc2f_45_V_unrelaxed_rank_003_alphafold2_model_1_seed_002.pdb
2687,45,Chemokine,0.79061,anc2f_45_V_unrelaxed_rank_004_alphafold2_model_1_seed_000.pdb
2688,45,Chemokine,0.79362,anc2f_45_V_unrelaxed_rank_005_alphafold2_model_4_seed_003.pdb
2689,45,Chemokine,0.78966,anc2f_45_V_unrelaxed_rank_006_alphafold2_model_1_seed_003.pdb
2690,45,Chemokine,0.78789,anc2f_45_V_unrelaxed_rank_007_alphafold2_model_4_seed_004.pdb
2691,45,Chemokine,0.78827,anc2f_45_V_unrelaxed_rank_008_alphafold2_model_4_seed_002.pdb
2692,45,Chemokine,0.78705,anc2f_45_V_unrelaxed_rank_009_alphafold2_model_2_seed_002.pdb
2693,45,Chemokine,0.76968,anc2f_45_V_unrelaxed_rank_010_alphafold2_model_5_seed_000.pdb
2694,45,Chemokine,0.71335,anc2f_45_V_unrelaxed_rank_011_alphafold2_model_4_seed_000.pdb
2695,45,Chemokine,0.65726,anc2f_45_V_unrelaxed_rank_012_alphafold2_model_2_seed_004.pdb
2696,45,Chemokine,0.64699,anc2f_45_V_unrelaxed_rank_013_alphafold2_model_2_seed_000.pdb
2697,45,Chemokine,0.64729,anc2f_45_V_unrelaxed_rank_014_alphafold2_model_2_seed_001.pdb
2698,45,Chemokine,0.61436,anc2f_45_V_unrelaxed_rank_015_alphafold2_model_2_seed_003.pdb
2699,I,Chemokine,0.78702,anc2f_I_unrelaxed_rank_001_alphafold2_model_3_seed_003.pdb
2700,I,Chemokine,0.78426,anc2f_I_unrelaxed_rank_002_alphafold2_model_3_seed_002.pdb
2701,I,Chemokine,0.78611,anc2f_I_unrelaxed_rank_003_alphafold2_model_3_seed_000.pdb
2702,I,Chemokine,0.78675,anc2f_I_unrelaxed_rank_004_alphafold2_model_3_seed_004.pdb
2703,I,Chemokine,0.78565,anc2f_I_unrelaxed_rank_005_alphafold2_model_3_seed_001.pdb
2704,I,Chemokine,0.789,anc2f_I_unrelaxed_rank_006_alphafold2_model_1_seed_004.pdb
2705,I,Chemokine,0.78764,anc2f_I_unrelaxed_rank_007_alphafold2_model_1_seed_003.pdb
2706,I,Chemokine,0.78814,anc2f_I_unrelaxed_rank_008_alphafold2_model_1_seed_001.pdb
2707,I,Chemokine,0.78927,anc2f_I_unrelaxed_rank_009_alphafold2_model_1_seed_000.pdb
2708,I,Chemokine,0.79121,anc2f_I_unrelaxed_rank_010_alphafold2_model_1_seed_002.pdb
2709,I,Chemokine,0.79286,anc2f_I_unrelaxed_rank_011_alphafold2_model_2_seed_002.pdb
2710,I,Chemokine,0.79043,anc2f_I_unrelaxed_rank_012_alphafold2_model_2_seed_003.pdb
2711,I,Chemokine,0.78983,anc2f_I_unrelaxed_rank_013_alphafold2_model_2_seed_000.pdb
2712,I,Chemokine,0.79026,anc2f_I_unrelaxed_rank_014_alphafold2_model_2_seed_001.pdb
2713,I,Chemokine,0.78574,anc2f_I_unrelaxed_rank_015_alphafold2_model_2_seed_004.pdb
2714,I,Chemokine,0.79685,anc2f_I_unrelaxed_rank_016_alphafold2_model_4_seed_002.pdb
2715,I,Chemokine,0.7928,anc2f_I_unrelaxed_rank_017_alphafold2_model_4_seed_004.pdb
2716,I,Chemokine,0.79819,anc2f_I_unrelaxed_rank_018_alphafold2_model_4_seed_003.pdb
2717,I,Chemokine,0.79458,anc2f_I_unrelaxed_rank_019_alphafold2_model_4_seed_001.pdb
2718,I,Chemokine,0.79517,anc2f_I_unrelaxed_rank_020_alphafold2_model_4_seed_000.pdb
2719,I,Chemokine,0.77852,anc2f_I_unrelaxed_rank_021_alphafold2_model_5_seed_002.pdb
2720,I,Chemokine,0.77886,anc2f_I_unrelaxed_rank_022_alphafold2_model_5_seed_001.pdb
2721,I,Chemokine,0.77878,anc2f_I_unrelaxed_rank_023_alphafold2_model_5_seed_003.pdb
2722,I,Chemokine,0.7807,anc2f_I_unrelaxed_rank_024_alphafold2_model_5_seed_000.pdb
2723,I,Chemokine,0.77697,anc2f_I_unrelaxed_rank_025_alphafold2_model_5_seed_004.pdb
2724,L,Chemokine,0.78476,anc2f_L_unrelaxed_rank_001_alphafold2_model_3_seed_003.pdb
2725,L,Chemokine,0.787,anc2f_L_unrelaxed_rank_002_alphafold2_model_3_seed_002.pdb
2726,L,Chemokine,0.78597,anc2f_L_unrelaxed_rank_003_alphafold2_model_3_seed_000.pdb
2727,L,Chemokine,0.78538,anc2f_L_unrelaxed_rank_004_alphafold2_model_3_seed_004.pdb
2728,L,Chemokine,0.78826,anc2f_L_unrelaxed_rank_005_alphafold2_model_3_seed_001.pdb
2729,L,Chemokine,0.78688,anc2f_L_unrelaxed_rank_006_alphafold2_model_1_seed_001.pdb
2730,L,Chemokine,0.78802,anc2f_L_unrelaxed_rank_007_alphafold2_model_1_seed_003.pdb
2731,L,Chemokine,0.78699,anc2f_L_unrelaxed_rank_008_alphafold2_model_1_seed_004.pdb
2732,L,Chemokine,0.8249,anc2f_L_unrelaxed_rank_009_alphafold2_model_2_seed_001.pdb
2733,L,Chemokine,0.80115,anc2f_L_unrelaxed_rank_010_alphafold2_model_1_seed_000.pdb
2734,L,Chemokine,0.80328,anc2f_L_unrelaxed_rank_011_alphafold2_model_1_seed_002.pdb
2735,L,Chemokine,0.79612,anc2f_L_unrelaxed_rank_012_alphafold2_model_2_seed_004.pdb
2736,L,Chemokine,0.79655,anc2f_L_unrelaxed_rank_013_alphafold2_model_2_seed_002.pdb
2737,L,Chemokine,0.80976,anc2f_L_unrelaxed_rank_014_alphafold2_model_2_seed_003.pdb
2738,L,Chemokine,0.80661,anc2f_L_unrelaxed_rank_015_alphafold2_model_2_seed_000.pdb
2739,L,Chemokine,0.79618,anc2f_L_unrelaxed_rank_016_alphafold2_model_4_seed_000.pdb
2740,L,Chemokine,0.7765,anc2f_L_unrelaxed_rank_017_alphafold2_model_5_seed_004.pdb
2741,L,Chemokine,0.77624,anc2f_L_unrelaxed_rank_018_alphafold2_model_5_seed_002.pdb
2742,L,Chemokine,0.78097,anc2f_L_unrelaxed_rank_019_alphafold2_model_4_seed_002.pdb
2743,L,Chemokine,0.78385,anc2f_L_unrelaxed_rank_020_alphafold2_model_4_seed_003.pdb
2744,L,Chemokine,0.77785,anc2f_L_unrelaxed_rank_021_alphafold2_model_5_seed_003.pdb
2745,L,Chemokine,0.7777,anc2f_L_unrelaxed_rank_022_alphafold2_model_5_seed_001.pdb
2746,L,Chemokine,0.78342,anc2f_L_unrelaxed_rank_023_alphafold2_model_4_seed_001.pdb
2747,L,Chemokine,0.78215,anc2f_L_unrelaxed_rank_024_alphafold2_model_4_seed_004.pdb
2748,L,Chemokine,0.77877,anc2f_L_unrelaxed_rank_025_alphafold2_model_5_seed_000.pdb
2749,M,Chemokine,0.78486,anc2f_M_unrelaxed_rank_001_alphafold2_model_3_seed_002.pdb
2750,M,Chemokine,0.79631,anc2f_M_unrelaxed_rank_002_alphafold2_model_3_seed_000.pdb
2751,M,Chemokine,0.78038,anc2f_M_unrelaxed_rank_003_alphafold2_model_3_seed_003.pdb
2752,M,Chemokine,0.7847,anc2f_M_unrelaxed_rank_004_alphafold2_model_3_seed_004.pdb
2753,M,Chemokine,0.79521,anc2f_M_unrelaxed_rank_005_alphafold2_model_3_seed_001.pdb
2754,M,Chemokine,0.79154,anc2f_M_unrelaxed_rank_006_alphafold2_model_1_seed_004.pdb
2755,M,Chemokine,0.79098,anc2f_M_unrelaxed_rank_007_alphafold2_model_1_seed_003.pdb
2756,M,Chemokine,0.79167,anc2f_M_unrelaxed_rank_008_alphafold2_model_1_seed_000.pdb
2757,M,Chemokine,0.78946,anc2f_M_unrelaxed_rank_009_alphafold2_model_1_seed_001.pdb
2758,M,Chemokine,0.80114,anc2f_M_unrelaxed_rank_010_alphafold2_model_2_seed_002.pdb
2759,M,Chemokine,0.79136,anc2f_M_unrelaxed_rank_011_alphafold2_model_1_seed_002.pdb
2760,M,Chemokine,0.79919,anc2f_M_unrelaxed_rank_012_alphafold2_model_2_seed_004.pdb
2761,M,Chemokine,0.79898,anc2f_M_unrelaxed_rank_013_alphafold2_model_2_seed_001.pdb
2762,M,Chemokine,0.79846,anc2f_M_unrelaxed_rank_014_alphafold2_model_2_seed_000.pdb
2763,M,Chemokine,0.80102,anc2f_M_unrelaxed_rank_015_alphafold2_model_2_seed_003.pdb
2764,M,Chemokine,0.77875,anc2f_M_unrelaxed_rank_016_alphafold2_model_5_seed_004.pdb
2765,M,Chemokine,0.78871,anc2f_M_unrelaxed_rank_017_alphafold2_model_4_seed_002.pdb
2766,M,Chemokine,0.78968,anc2f_M_unrelaxed_rank_018_alphafold2_model_4_seed_004.pdb
2767,M,Chemokine,0.78984,anc2f_M_unrelaxed_rank_019_alphafold2_model_4_seed_001.pdb
2768,M,Chemokine,0.77711,anc2f_M_unrelaxed_rank_020_alphafold2_model_5_seed_002.pdb
2769,M,Chemokine,0.78656,anc2f_M_unrelaxed_rank_021_alphafold2_model_4_seed_003.pdb
2770,M,Chemokine,0.77755,anc2f_M_unrelaxed_rank_022_alphafold2_model_5_seed_003.pdb
2771,M,Chemokine,0.77837,anc2f_M_unrelaxed_rank_023_alphafold2_model_5_seed_001.pdb
2772,M,Chemokine,0.78934,anc2f_M_unrelaxed_rank_024_alphafold2_model_4_seed_000.pdb
2773,M,Chemokine,0.77894,anc2f_M_unrelaxed_rank_025_alphafold2_model_5_seed_000.pdb
2774,14,Chemokine,0.69273,anc2i_14_I_unrelaxed_rank_001_alphafold2_model_1_seed_004.pdb
2775,14,Chemokine,0.74985,anc2i_14_I_unrelaxed_rank_002_alphafold2_model_1_seed_003.pdb
2776,14,Chemokine,0.7559,anc2i_14_I_unrelaxed_rank_003_alphafold2_model_1_seed_001.pdb
2777,14,Chemokine,0.66655,anc2i_14_I_unrelaxed_rank_004_alphafold2_model_1_seed_000.pdb
2778,14,Chemokine,0.7173,anc2i_14_L_unrelaxed_rank_001_alphafold2_model_1_seed_000.pdb
2779,14,Chemokine,0.66389,anc2i_14_L_unrelaxed_rank_002_alphafold2_model_1_seed_004.pdb
2780,14,Chemokine,0.66283,anc2i_14_L_unrelaxed_rank_003_alphafold2_model_1_seed_002.pdb
2781,14,Chemokine,0.7443,anc2i_14_V_unrelaxed_rank_001_alphafold2_model_1_seed_001.pdb
2782,14,Chemokine,0.7412,anc2i_14_V_unrelaxed_rank_002_alphafold2_model_1_seed_003.pdb
2783,14,Chemokine,0.74558,anc2i_14_V_unrelaxed_rank_003_alphafold2_model_3_seed_002.pdb
2784,14,Dimer,0.58,anc2i_14_V_unrelaxed_rank_004_alphafold2_model_1_seed_002.pdb
2785,14,Chemokine,0.75478,anc2i_14_V_unrelaxed_rank_005_alphafold2_model_4_seed_003.pdb
2786,14,Chemokine,0.75458,anc2i_14_V_unrelaxed_rank_006_alphafold2_model_4_seed_000.pdb
2787,14,Chemokine,0.75436,anc2i_14_V_unrelaxed_rank_007_alphafold2_model_4_seed_001.pdb
2788,14,Chemokine,0.7594,anc2i_14_V_unrelaxed_rank_008_alphafold2_model_4_seed_004.pdb
2789,14,Chemokine,0.69391,anc2i_14_V_unrelaxed_rank_009_alphafold2_model_1_seed_004.pdb
2790,14,Chemokine,0.67822,anc2i_14_V_unrelaxed_rank_010_alphafold2_model_1_seed_000.pdb
2791,36,Chemokine,0.78276,anc2i_36_A_unrelaxed_rank_001_alphafold2_model_4_seed_003.pdb
2792,36,Dimer,0.56428,anc2i_36_A_unrelaxed_rank_002_alphafold2_model_1_seed_002.pdb
2793,36,Dimer,0.50694,anc2i_36_A_unrelaxed_rank_003_alphafold2_model_3_seed_000.pdb
2794,36,Dimer,0.51232,anc2i_36_A_unrelaxed_rank_005_alphafold2_model_3_seed_004.pdb
2795,36,Dimer,0.50319,anc2i_36_A_unrelaxed_rank_006_alphafold2_model_3_seed_001.pdb
2796,36,Chemokine,0.70442,anc2i_36_A_unrelaxed_rank_007_alphafold2_model_5_seed_001.pdb
2797,36,Chemokine,0.68763,anc2i_36_A_unrelaxed_rank_008_alphafold2_model_4_seed_001.pdb
2798,36,Chemokine,0.6693,anc2i_36_A_unrelaxed_rank_009_alphafold2_model_5_seed_000.pdb
2799,36,Chemokine,0.66942,anc2i_36_A_unrelaxed_rank_010_alphafold2_model_5_seed_004.pdb
2800,36,Chemokine,0.66694,anc2i_36_A_unrelaxed_rank_011_alphafold2_model_5_seed_003.pdb
2801,36,Chemokine,0.79083,anc2i_36_G_unrelaxed_rank_001_alphafold2_model_4_seed_000.pdb
2802,36,Dimer,0.57305,anc2i_36_G_unrelaxed_rank_002_alphafold2_model_2_seed_003.pdb
2803,36,Dimer,0.52382,anc2i_36_G_unrelaxed_rank_003_alphafold2_model_3_seed_003.pdb
2804,36,Chemokine,0.70823,anc2i_36_G_unrelaxed_rank_004_alphafold2_model_4_seed_003.pdb
2805,36,Dimer,0.52303,anc2i_36_G_unrelaxed_rank_005_alphafold2_model_1_seed_000.pdb
2806,36,Dimer,0.52648,anc2i_36_G_unrelaxed_rank_006_alphafold2_model_2_seed_000.pdb
2807,36,Dimer,0.5326,anc2i_36_G_unrelaxed_rank_007_alphafold2_model_1_seed_002.pdb
2808,36,Dimer,0.51876,anc2i_36_G_unrelaxed_rank_008_alphafold2_model_3_seed_004.pdb
2809,36,Dimer,0.51228,anc2i_36_G_unrelaxed_rank_009_alphafold2_model_3_seed_002.pdb
2810,36,Dimer,0.50918,anc2i_36_G_unrelaxed_rank_010_alphafold2_model_5_seed_002.pdb
2811,36,Dimer,0.51085,anc2i_36_G_unrelaxed_rank_011_alphafold2_model_3_seed_000.pdb
2812,36,Dimer,0.53926,anc2i_36_G_unrelaxed_rank_012_alphafold2_model_4_seed_001.pdb
2813,36,Dimer,0.51636,anc2i_36_G_unrelaxed_rank_013_alphafold2_model_4_seed_004.pdb
2814,36,Chemokine,0.70591,anc2i_36_I_unrelaxed_rank_001_alphafold2_model_3_seed_004.pdb
2815,36,Chemokine,0.7106,anc2i_36_I_unrelaxed_rank_002_alphafold2_model_2_seed_000.pdb
2816,36,Chemokine,0.71059,anc2i_36_I_unrelaxed_rank_003_alphafold2_model_2_seed_003.pdb
2817,36,Chemokine,0.71045,anc2i_36_I_unrelaxed_rank_004_alphafold2_model_2_seed_002.pdb
2818,36,Chemokine,0.69059,anc2i_36_I_unrelaxed_rank_005_alphafold2_model_5_seed_003.pdb
2819,36,Chemokine,0.69369,anc2i_36_I_unrelaxed_rank_006_alphafold2_model_2_seed_004.pdb
2820,36,Chemokine,0.68826,anc2i_36_I_unrelaxed_rank_007_alphafold2_model_5_seed_004.pdb
2821,36,Chemokine,0.6652,anc2i_36_I_unrelaxed_rank_008_alphafold2_model_1_seed_003.pdb
2822,38,Chemokine,0.78276,anc2i_38_I_unrelaxed_rank_001_alphafold2_model_4_seed_003.pdb
2823,38,Dimer,0.56428,anc2i_38_I_unrelaxed_rank_002_alphafold2_model_1_seed_002.pdb
2824,38,Dimer,0.50694,anc2i_38_I_unrelaxed_rank_003_alphafold2_model_3_seed_000.pdb
2825,38,Dimer,0.51232,anc2i_38_I_unrelaxed_rank_005_alphafold2_model_3_seed_004.pdb
2826,38,Dimer,0.50319,anc2i_38_I_unrelaxed_rank_006_alphafold2_model_3_seed_001.pdb
2827,38,Chemokine,0.70442,anc2i_38_I_unrelaxed_rank_007_alphafold2_model_5_seed_001.pdb
2828,38,Chemokine,0.68763,anc2i_38_I_unrelaxed_rank_008_alphafold2_model_4_seed_001.pdb
2829,38,Chemokine,0.6693,anc2i_38_I_unrelaxed_rank_009_alphafold2_model_5_seed_000.pdb
2830,38,Chemokine,0.66942,anc2i_38_I_unrelaxed_rank_010_alphafold2_model_5_seed_004.pdb
2831,38,Chemokine,0.66694,anc2i_38_I_unrelaxed_rank_011_alphafold2_model_5_seed_003.pdb
2832,38,Chemokine,0.6923,anc2i_38_L_unrelaxed_rank_001_alphafold2_model_1_seed_003.pdb
2833,38,Dimer,0.50978,anc2i_38_L_unrelaxed_rank_002_alphafold2_model_3_seed_000.pdb
2834,38,Dimer,0.51157,anc2i_38_L_unrelaxed_rank_003_alphafold2_model_3_seed_004.pdb
2835,38,Chemokine,0.7924,anc2i_38_V_unrelaxed_rank_001_alphafold2_model_2_seed_002.pdb
2836,38,Chemokine,0.79039,anc2i_38_V_unrelaxed_rank_002_alphafold2_model_2_seed_003.pdb
2837,38,Chemokine,0.79059,anc2i_38_V_unrelaxed_rank_003_alphafold2_model_2_seed_000.pdb
2838,38,Chemokine,0.72048,anc2i_38_V_unrelaxed_rank_004_alphafold2_model_2_seed_004.pdb
2839,38,Dimer,0.57558,anc2i_38_V_unrelaxed_rank_005_alphafold2_model_1_seed_003.pdb
2840,38,Chemokine,0.70861,anc2i_38_V_unrelaxed_rank_006_alphafold2_model_5_seed_004.pdb
2841,38,Dimer,0.51316,anc2i_38_V_unrelaxed_rank_007_alphafold2_model_3_seed_002.pdb
2842,38,Dimer,0.50406,anc2i_38_V_unrelaxed_rank_008_alphafold2_model_4_seed_001.pdb
2843,38,Dimer,0.502,anc2i_38_V_unrelaxed_rank_009_alphafold2_model_4_seed_004.pdb
2844,38,Chemokine,0.66701,anc2i_38_V_unrelaxed_rank_010_alphafold2_model_5_seed_001.pdb
2845,38,Dimer,0.51039,anc2i_38_V_unrelaxed_rank_011_alphafold2_model_3_seed_001.pdb
2846,38,Chemokine,0.67046,anc2i_38_V_unrelaxed_rank_013_alphafold2_model_5_seed_003.pdb
2847,38,Dimer,0.50801,anc2i_38_V_unrelaxed_rank_014_alphafold2_model_3_seed_000.pdb
2848,38,Dimer,0.50309,anc2i_38_V_unrelaxed_rank_015_alphafold2_model_4_seed_000.pdb
2849,38,Dimer,0.5144,anc2i_38_V_unrelaxed_rank_016_alphafold2_model_3_seed_004.pdb
2850,38,Dimer,0.50334,anc2i_38_V_unrelaxed_rank_017_alphafold2_model_4_seed_003.pdb
2851,38,Chemokine,0.67067,anc2i_38_V_unrelaxed_rank_018_alphafold2_model_5_seed_000.pdb
2852,40,Dimer,0.50583,anc2i_40_G_unrelaxed_rank_003_alphafold2_model_4_seed_000.pdb
2853,40,Dimer,0.50444,anc2i_40_G_unrelaxed_rank_006_alphafold2_model_4_seed_004.pdb
2854,40,Dimer,0.50569,anc2i_40_G_unrelaxed_rank_008_alphafold2_model_4_seed_001.pdb
2855,40,Dimer,0.57978,anc2i_40_G_unrelaxed_rank_009_alphafold2_model_1_seed_001.pdb
2856,40,Chemokine,0.66756,anc2i_40_G_unrelaxed_rank_010_alphafold2_model_1_seed_003.pdb
2857,40,Chemokine,0.67699,anc2i_40_G_unrelaxed_rank_011_alphafold2_model_5_seed_004.pdb
2858,40,Chemokine,0.67203,anc2i_40_G_unrelaxed_rank_012_alphafold2_model_5_seed_003.pdb
2859,40,Dimer,0.57612,anc2i_40_G_unrelaxed_rank_013_alphafold2_model_4_seed_002.pdb
2860,40,Dimer,0.5772,anc2i_40_G_unrelaxed_rank_014_alphafold2_model_4_seed_003.pdb
2861,40,Chemokine,0.78969,anc2i_40_I_unrelaxed_rank_001_alphafold2_model_2_seed_001.pdb
2862,40,Chemokine,0.78947,anc2i_40_I_unrelaxed_rank_002_alphafold2_model_2_seed_002.pdb
2863,40,Chemokine,0.78628,anc2i_40_I_unrelaxed_rank_003_alphafold2_model_2_seed_003.pdb
2864,40,Chemokine,0.78653,anc2i_40_I_unrelaxed_rank_004_alphafold2_model_2_seed_000.pdb
2865,40,Chemokine,0.78401,anc2i_40_I_unrelaxed_rank_005_alphafold2_model_2_seed_004.pdb
2866,40,Chemokine,0.78175,anc2i_40_I_unrelaxed_rank_006_alphafold2_model_4_seed_002.pdb
2867,40,Chemokine,0.78286,anc2i_40_I_unrelaxed_rank_007_alphafold2_model_4_seed_003.pdb
2868,40,Dimer,0.57589,anc2i_40_I_unrelaxed_rank_008_alphafold2_model_3_seed_002.pdb
2869,40,Dimer,0.56724,anc2i_40_I_unrelaxed_rank_009_alphafold2_model_1_seed_003.pdb
2870,40,Chemokine,0.75589,anc2i_40_I_unrelaxed_rank_010_alphafold2_model_1_seed_002.pdb
2871,40,Chemokine,0.76282,anc2i_40_I_unrelaxed_rank_011_alphafold2_model_5_seed_004.pdb
2872,40,Dimer,0.56669,anc2i_40_I_unrelaxed_rank_012_alphafold2_model_3_seed_004.pdb
2873,40,Chemokine,0.72579,anc2i_40_I_unrelaxed_rank_013_alphafold2_model_1_seed_000.pdb
2874,40,Chemokine,0.69443,anc2i_40_I_unrelaxed_rank_014_alphafold2_model_4_seed_000.pdb
2875,40,Dimer,0.5134,anc2i_40_I_unrelaxed_rank_015_alphafold2_model_3_seed_001.pdb
2876,40,Dimer,0.54149,anc2i_40_I_unrelaxed_rank_017_alphafold2_model_3_seed_000.pdb
2877,40,Chemokine,0.70169,anc2i_40_I_unrelaxed_rank_018_alphafold2_model_4_seed_004.pdb
2878,40,Chemokine,0.67117,anc2i_40_I_unrelaxed_rank_019_alphafold2_model_5_seed_003.pdb
2879,40,Chemokine,0.79287,anc2i_40_V_unrelaxed_rank_001_alphafold2_model_2_seed_000.pdb
2880,40,Chemokine,0.78993,anc2i_40_V_unrelaxed_rank_002_alphafold2_model_2_seed_002.pdb
2881,40,Chemokine,0.78858,anc2i_40_V_unrelaxed_rank_003_alphafold2_model_2_seed_003.pdb
2882,40,Chemokine,0.78882,anc2i_40_V_unrelaxed_rank_004_alphafold2_model_2_seed_004.pdb
2883,40,Chemokine,0.78935,anc2i_40_V_unrelaxed_rank_005_alphafold2_model_4_seed_003.pdb
2884,40,Dimer,0.56434,anc2i_40_V_unrelaxed_rank_006_alphafold2_model_1_seed_003.pdb
2885,40,Chemokine,0.78561,anc2i_40_V_unrelaxed_rank_007_alphafold2_model_2_seed_001.pdb
2886,40,Dimer,0.57016,anc2i_40_V_unrelaxed_rank_008_alphafold2_model_3_seed_004.pdb
2887,40,Dimer,0.56139,anc2i_40_V_unrelaxed_rank_009_alphafold2_model_3_seed_002.pdb
2888,40,Chemokine,0.76841,anc2i_40_V_unrelaxed_rank_010_alphafold2_model_5_seed_000.pdb
2889,40,Dimer,0.57915,anc2i_40_V_unrelaxed_rank_011_alphafold2_model_4_seed_002.pdb
2890,40,Dimer,0.53709,anc2i_40_V_unrelaxed_rank_012_alphafold2_model_3_seed_000.pdb
2891,40,Dimer,0.53942,anc2i_40_V_unrelaxed_rank_013_alphafold2_model_3_seed_001.pdb
2892,40,Chemokine,0.69763,anc2i_40_V_unrelaxed_rank_014_alphafold2_model_4_seed_004.pdb
2893,40,Chemokine,0.68938,anc2i_40_V_unrelaxed_rank_015_alphafold2_model_5_seed_003.pdb
2894,40,Chemokine,0.688,anc2i_40_V_unrelaxed_rank_016_alphafold2_model_4_seed_000.pdb
2895,40,Chemokine,0.66812,anc2i_40_V_unrelaxed_rank_017_alphafold2_model_5_seed_004.pdb
2896,45,Dimer,0.5926,anc2i_45_I_unrelaxed_rank_001_alphafold2_model_2_seed_003.pdb
2897,45,Dimer,0.59191,anc2i_45_I_unrelaxed_rank_002_alphafold2_model_2_seed_004.pdb
2898,45,Dimer,0.59212,anc2i_45_I_unrelaxed_rank_003_alphafold2_model_1_seed_003.pdb
2899,45,Dimer,0.58905,anc2i_45_I_unrelaxed_rank_004_alphafold2_model_1_seed_004.pdb
2900,45,Dimer,0.58953,anc2i_45_I_unrelaxed_rank_005_alphafold2_model_1_seed_002.pdb
2901,45,Dimer,0.58745,anc2i_45_I_unrelaxed_rank_006_alphafold2_model_1_seed_000.pdb
2902,45,Dimer,0.5841,anc2i_45_I_unrelaxed_rank_007_alphafold2_model_3_seed_001.pdb
2903,45,Dimer,0.57673,anc2i_45_I_unrelaxed_rank_008_alphafold2_model_3_seed_002.pdb
2904,45,Dimer,0.57125,anc2i_45_I_unrelaxed_rank_009_alphafold2_model_4_seed_001.pdb
2905,45,Dimer,0.56185,anc2i_45_I_unrelaxed_rank_010_alphafold2_model_3_seed_003.pdb
2906,45,Chemokine,0.69506,anc2i_45_I_unrelaxed_rank_011_alphafold2_model_5_seed_004.pdb
2907,45,Dimer,0.5544,anc2i_45_I_unrelaxed_rank_012_alphafold2_model_3_seed_000.pdb
2908,45,Chemokine,0.65924,anc2i_45_I_unrelaxed_rank_013_alphafold2_model_5_seed_003.pdb
2909,45,Dimer,0.53662,anc2i_45_I_unrelaxed_rank_014_alphafold2_model_4_seed_004.pdb
2910,45,Chemokine,0.78276,anc2i_45_L_unrelaxed_rank_001_alphafold2_model_4_seed_003.pdb
2911,45,Dimer,0.56428,anc2i_45_L_unrelaxed_rank_002_alphafold2_model_1_seed_002.pdb
2912,45,Dimer,0.50694,anc2i_45_L_unrelaxed_rank_003_alphafold2_model_3_seed_000.pdb
2913,45,Dimer,0.51232,anc2i_45_L_unrelaxed_rank_005_alphafold2_model_3_seed_004.pdb
2914,45,Dimer,0.50319,anc2i_45_L_unrelaxed_rank_006_alphafold2_model_3_seed_001.pdb
2915,45,Chemokine,0.70442,anc2i_45_L_unrelaxed_rank_007_alphafold2_model_5_seed_001.pdb
2916,45,Chemokine,0.68763,anc2i_45_L_unrelaxed_rank_008_alphafold2_model_4_seed_001.pdb
2917,45,Chemokine,0.6693,anc2i_45_L_unrelaxed_rank_009_alphafold2_model_5_seed_000.pdb
2918,45,Chemokine,0.66942,anc2i_45_L_unrelaxed_rank_010_alphafold2_model_5_seed_004.pdb
2919,45,Chemokine,0.66694,anc2i_45_L_unrelaxed_rank_011_alphafold2_model_5_seed_003.pdb
2920,45,Chemokine,0.78998,anc2i_45_V_unrelaxed_rank_001_alphafold2_model_2_seed_001.pdb
2921,45,Chemokine,0.78966,anc2i_45_V_unrelaxed_rank_002_alphafold2_model_2_seed_002.pdb
2922,45,Chemokine,0.78784,anc2i_45_V_unrelaxed_rank_003_alphafold2_model_2_seed_000.pdb
2923,45,Dimer,0.57785,anc2i_45_V_unrelaxed_rank_004_alphafold2_model_3_seed_003.pdb
2924,45,Dimer,0.5882,anc2i_45_V_unrelaxed_rank_005_alphafold2_model_1_seed_002.pdb
2925,45,Dimer,0.57876,anc2i_45_V_unrelaxed_rank_006_alphafold2_model_1_seed_003.pdb
2926,45,Dimer,0.58584,anc2i_45_V_unrelaxed_rank_007_alphafold2_model_1_seed_004.pdb
2927,45,Dimer,0.57468,anc2i_45_V_unrelaxed_rank_008_alphafold2_model_3_seed_001.pdb
2928,45,Dimer,0.57657,anc2i_45_V_unrelaxed_rank_009_alphafold2_model_2_seed_003.pdb
2929,45,Dimer,0.59372,anc2i_45_V_unrelaxed_rank_010_alphafold2_model_4_seed_004.pdb
2930,45,Dimer,0.57604,anc2i_45_V_unrelaxed_rank_011_alphafold2_model_3_seed_002.pdb
2931,45,Dimer,0.59053,anc2i_45_V_unrelaxed_rank_012_alphafold2_model_4_seed_001.pdb
2932,45,Dimer,0.5944,anc2i_45_V_unrelaxed_rank_013_alphafold2_model_4_seed_000.pdb
2933,45,Dimer,0.58167,anc2i_45_V_unrelaxed_rank_014_alphafold2_model_4_seed_003.pdb
2934,45,Dimer,0.54684,anc2i_45_V_unrelaxed_rank_015_alphafold2_model_4_seed_002.pdb
2935,45,Chemokine,0.68496,anc2i_45_V_unrelaxed_rank_016_alphafold2_model_5_seed_000.pdb
2936,45,Dimer,0.5475,anc2i_45_V_unrelaxed_rank_017_alphafold2_model_3_seed_000.pdb
2937,45,Chemokine,0.66824,anc2i_45_V_unrelaxed_rank_018_alphafold2_model_5_seed_001.pdb
2938,45,Chemokine,0.72999,anc2i_45_V_unrelaxed_rank_019_alphafold2_model_2_seed_004.pdb
2939,45,Chemokine,0.66349,anc2i_45_V_unrelaxed_rank_020_alphafold2_model_5_seed_004.pdb
2940,45,Chemokine,0.65962,anc2i_45_V_unrelaxed_rank_021_alphafold2_model_5_seed_003.pdb
2941,I,Dimer,0.57693,anc2i_I_unrelaxed_rank_001_alphafold2_model_3_seed_003.pdb
2942,I,Dimer,0.58625,anc2i_I_unrelaxed_rank_002_alphafold2_model_2_seed_003.pdb
2943,I,Dimer,0.58403,anc2i_I_unrelaxed_rank_003_alphafold2_model_2_seed_004.pdb
2944,I,Dimer,0.58445,anc2i_I_unrelaxed_rank_004_alphafold2_model_2_seed_001.pdb
2945,I,Dimer,0.58653,anc2i_I_unrelaxed_rank_005_alphafold2_model_1_seed_003.pdb
2946,I,Dimer,0.53878,anc2i_I_unrelaxed_rank_006_alphafold2_model_3_seed_004.pdb
2947,I,Dimer,0.58215,anc2i_I_unrelaxed_rank_007_alphafold2_model_1_seed_004.pdb
2948,I,Dimer,0.58143,anc2i_I_unrelaxed_rank_008_alphafold2_model_1_seed_002.pdb
2949,I,Dimer,0.51523,anc2i_I_unrelaxed_rank_009_alphafold2_model_3_seed_001.pdb
2950,I,Dimer,0.52374,anc2i_I_unrelaxed_rank_010_alphafold2_model_3_seed_000.pdb
2951,I,Dimer,0.56445,anc2i_I_unrelaxed_rank_011_alphafold2_model_2_seed_002.pdb
2952,I,Dimer,0.502,anc2i_I_unrelaxed_rank_012_alphafold2_model_3_seed_002.pdb
2953,I,Dimer,0.57573,anc2i_I_unrelaxed_rank_013_alphafold2_model_4_seed_001.pdb
2954,I,Dimer,0.5191,anc2i_I_unrelaxed_rank_014_alphafold2_model_2_seed_000.pdb
2955,I,Dimer,0.57184,anc2i_I_unrelaxed_rank_015_alphafold2_model_4_seed_004.pdb
2956,I,Dimer,0.55302,anc2i_I_unrelaxed_rank_016_alphafold2_model_4_seed_003.pdb
2957,I,Dimer,0.55101,anc2i_I_unrelaxed_rank_018_alphafold2_model_4_seed_000.pdb
2958,I,Dimer,0.50295,anc2i_I_unrelaxed_rank_019_alphafold2_model_5_seed_003.pdb
2959,L,Dimer,0.50505,anc2i_L_unrelaxed_rank_001_alphafold2_model_3_seed_004.pdb
2960,L,Dimer,0.5013,anc2i_L_unrelaxed_rank_002_alphafold2_model_3_seed_001.pdb
2961,L,Dimer,0.56443,anc2i_L_unrelaxed_rank_003_alphafold2_model_2_seed_002.pdb
2962,L,Dimer,0.56163,anc2i_L_unrelaxed_rank_005_alphafold2_model_1_seed_003.pdb
2963,L,Dimer,0.56323,anc2i_L_unrelaxed_rank_006_alphafold2_model_2_seed_001.pdb
2964,L,Dimer,0.50272,anc2i_L_unrelaxed_rank_010_alphafold2_model_3_seed_003.pdb
2965,L,Chemokine,0.73022,anc2i_L_unrelaxed_rank_012_alphafold2_model_5_seed_001.pdb
2966,L,Chemokine,0.70372,anc2i_L_unrelaxed_rank_013_alphafold2_model_5_seed_004.pdb
2967,L,Dimer,0.5154,anc2i_L_unrelaxed_rank_014_alphafold2_model_4_seed_001.pdb
2968,L,Chemokine,0.70221,anc2i_L_unrelaxed_rank_015_alphafold2_model_5_seed_000.pdb
2969,L,Chemokine,0.6901,anc2i_L_unrelaxed_rank_017_alphafold2_model_5_seed_003.pdb
2970,M,Chemokine,0.78276,anc2i_M_unrelaxed_rank_001_alphafold2_model_4_seed_003.pdb
2971,M,Dimer,0.56428,anc2i_M_unrelaxed_rank_002_alphafold2_model_1_seed_002.pdb
2972,M,Dimer,0.50694,anc2i_M_unrelaxed_rank_003_alphafold2_model_3_seed_000.pdb
2973,M,Dimer,0.51232,anc2i_M_unrelaxed_rank_005_alphafold2_model_3_seed_004.pdb
2974,M,Dimer,0.50319,anc2i_M_unrelaxed_rank_006_alphafold2_model_3_seed_001.pdb
2975,M,Chemokine,0.70442,anc2i_M_unrelaxed_rank_007_alphafold2_model_5_seed_001.pdb
2976,M,Chemokine,0.68763,anc2i_M_unrelaxed_rank_008_alphafold2_model_4_seed_001.pdb
2977,M,Chemokine,0.6693,anc2i_M_unrelaxed_rank_009_alphafold2_model_5_seed_000.pdb
2978,M,Chemokine,0.66942,anc2i_M_unrelaxed_rank_010_alphafold2_model_5_seed_004.pdb
2979,M,Chemokine,0.66694,anc2i_M_unrelaxed_rank_011_alphafold2_model_5_seed_003.pdb
2980,I,Chemokine,0.75989,anc2_I_unrelaxed_rank_001_alphafold2_model_3_seed_001.pdb
2981,I,Chemokine,0.76603,anc2_I_unrelaxed_rank_002_alphafold2_model_3_seed_002.pdb
2982,I,Chemokine,0.76681,anc2_I_unrelaxed_rank_003_alphafold2_model_3_seed_004.pdb
2983,I,Chemokine,0.76823,anc2_I_unrelaxed_rank_004_alphafold2_model_3_seed_003.pdb
2984,I,Chemokine,0.7702,anc2_I_unrelaxed_rank_005_alphafold2_model_1_seed_003.pdb
2985,I,Chemokine,0.76751,anc2_I_unrelaxed_rank_006_alphafold2_model_3_seed_000.pdb
2986,I,Chemokine,0.77149,anc2_I_unrelaxed_rank_007_alphafold2_model_1_seed_004.pdb
2987,I,Chemokine,0.76962,anc2_I_unrelaxed_rank_008_alphafold2_model_1_seed_002.pdb
2988,I,Chemokine,0.7689,anc2_I_unrelaxed_rank_009_alphafold2_model_1_seed_000.pdb
2989,I,Chemokine,0.76803,anc2_I_unrelaxed_rank_010_alphafold2_model_1_seed_001.pdb
2990,I,Chemokine,0.78153,anc2_I_unrelaxed_rank_011_alphafold2_model_2_seed_002.pdb
2991,I,Chemokine,0.77929,anc2_I_unrelaxed_rank_012_alphafold2_model_2_seed_001.pdb
2992,I,Chemokine,0.77908,anc2_I_unrelaxed_rank_013_alphafold2_model_2_seed_000.pdb
2993,I,Chemokine,0.77875,anc2_I_unrelaxed_rank_014_alphafold2_model_2_seed_003.pdb
2994,I,Chemokine,0.78499,anc2_I_unrelaxed_rank_015_alphafold2_model_4_seed_003.pdb
2995,I,Chemokine,0.77585,anc2_I_unrelaxed_rank_016_alphafold2_model_2_seed_004.pdb
2996,I,Chemokine,0.78651,anc2_I_unrelaxed_rank_017_alphafold2_model_4_seed_004.pdb
2997,I,Chemokine,0.7845,anc2_I_unrelaxed_rank_018_alphafold2_model_4_seed_002.pdb
2998,I,Chemokine,0.78525,anc2_I_unrelaxed_rank_019_alphafold2_model_4_seed_001.pdb
2999,I,Chemokine,0.78373,anc2_I_unrelaxed_rank_020_alphafold2_model_4_seed_000.pdb
3000,I,Chemokine,0.76474,anc2_I_unrelaxed_rank_021_alphafold2_model_5_seed_002.pdb
3001,I,Chemokine,0.76707,anc2_I_unrelaxed_rank_022_alphafold2_model_5_seed_003.pdb
3002,I,Chemokine,0.76847,anc2_I_unrelaxed_rank_023_alphafold2_model_5_seed_004.pdb
3003,I,Chemokine,0.76703,anc2_I_unrelaxed_rank_024_alphafold2_model_5_seed_001.pdb
3004,I,Chemokine,0.76534,anc2_I_unrelaxed_rank_025_alphafold2_model_5_seed_000.pdb
3005,14,Chemokine,0.65953,anc2l_14_I_unrelaxed_rank_001_alphafold2_model_2_seed_001.pdb
3006,14,Chemokine,0.70062,anc2l_14_I_unrelaxed_rank_002_alphafold2_model_3_seed_002.pdb
3007,14,Chemokine,0.6992,anc2l_14_I_unrelaxed_rank_003_alphafold2_model_3_seed_004.pdb
3008,14,Chemokine,0.65872,anc2l_14_I_unrelaxed_rank_004_alphafold2_model_2_seed_000.pdb
3009,14,Chemokine,0.69751,anc2l_14_I_unrelaxed_rank_005_alphafold2_model_3_seed_000.pdb
3010,14,Chemokine,0.69506,anc2l_14_I_unrelaxed_rank_006_alphafold2_model_3_seed_003.pdb
3011,14,Chemokine,0.74528,anc2l_14_I_unrelaxed_rank_007_alphafold2_model_1_seed_003.pdb
3012,14,Dimer,0.51829,anc2l_14_I_unrelaxed_rank_008_alphafold2_model_4_seed_000.pdb
3013,14,Dimer,0.51897,anc2l_14_I_unrelaxed_rank_009_alphafold2_model_4_seed_002.pdb
3014,14,Chemokine,0.70763,anc2l_14_I_unrelaxed_rank_010_alphafold2_model_1_seed_000.pdb
3015,14,Chemokine,0.64714,anc2l_14_I_unrelaxed_rank_011_alphafold2_model_5_seed_000.pdb
3016,14,Chemokine,0.67728,anc2l_14_I_unrelaxed_rank_012_alphafold2_model_1_seed_001.pdb
3017,14,Chemokine,0.64584,anc2l_14_I_unrelaxed_rank_013_alphafold2_model_5_seed_001.pdb
3018,14,Chemokine,0.71574,anc2l_14_I_unrelaxed_rank_014_alphafold2_model_2_seed_003.pdb
3019,14,Chemokine,0.646,anc2l_14_I_unrelaxed_rank_015_alphafold2_model_5_seed_004.pdb
3020,14,Dimer,0.51717,anc2l_14_I_unrelaxed_rank_016_alphafold2_model_4_seed_004.pdb
3021,14,Dimer,0.51711,anc2l_14_I_unrelaxed_rank_017_alphafold2_model_4_seed_003.pdb
3022,14,Chemokine,0.64256,anc2l_14_I_unrelaxed_rank_018_alphafold2_model_5_seed_002.pdb
3023,14,Chemokine,0.64423,anc2l_14_I_unrelaxed_rank_019_alphafold2_model_5_seed_003.pdb
3024,14,Dimer,0.51692,anc2l_14_I_unrelaxed_rank_020_alphafold2_model_1_seed_004.pdb
3025,14,Chemokine,0.64616,anc2l_14_I_unrelaxed_rank_021_alphafold2_model_3_seed_001.pdb
3026,14,Chemokine,0.72895,anc2l_14_L_unrelaxed_rank_001_alphafold2_model_1_seed_004.pdb
3027,14,Chemokine,0.73539,anc2l_14_L_unrelaxed_rank_002_alphafold2_model_1_seed_000.pdb
3028,14,Chemokine,0.72968,anc2l_14_L_unrelaxed_rank_003_alphafold2_model_1_seed_001.pdb
3029,14,Chemokine,0.73068,anc2l_14_L_unrelaxed_rank_004_alphafold2_model_1_seed_002.pdb
3030,14,Chemokine,0.70766,anc2l_14_L_unrelaxed_rank_005_alphafold2_model_1_seed_003.pdb
3031,14,Chemokine,0.65029,anc2l_14_L_unrelaxed_rank_006_alphafold2_model_5_seed_001.pdb
3032,14,Chemokine,0.65997,anc2l_14_L_unrelaxed_rank_007_alphafold2_model_2_seed_000.pdb
3033,14,Chemokine,0.66276,anc2l_14_L_unrelaxed_rank_008_alphafold2_model_2_seed_004.pdb
3034,14,Chemokine,0.67752,anc2l_14_L_unrelaxed_rank_009_alphafold2_model_3_seed_004.pdb
3035,14,Chemokine,0.60693,anc2l_14_L_unrelaxed_rank_010_alphafold2_model_5_seed_002.pdb
3036,14,Chemokine,0.6436,anc2l_14_L_unrelaxed_rank_011_alphafold2_model_3_seed_003.pdb
3037,14,Chemokine,0.64733,anc2l_14_L_unrelaxed_rank_012_alphafold2_model_3_seed_002.pdb
3038,14,Chemokine,0.69716,anc2l_14_L_unrelaxed_rank_013_alphafold2_model_2_seed_003.pdb
3039,14,Chemokine,0.64727,anc2l_14_L_unrelaxed_rank_014_alphafold2_model_3_seed_000.pdb
3040,14,Chemokine,0.65674,anc2l_14_L_unrelaxed_rank_015_alphafold2_model_3_seed_001.pdb
3041,14,Chemokine,0.61889,anc2l_14_L_unrelaxed_rank_016_alphafold2_model_5_seed_003.pdb
3042,14,Chemokine,0.70003,anc2l_14_V_unrelaxed_rank_001_alphafold2_model_3_seed_002.pdb
3043,14,Chemokine,0.7036,anc2l_14_V_unrelaxed_rank_002_alphafold2_model_3_seed_004.pdb
3044,14,Chemokine,0.69917,anc2l_14_V_unrelaxed_rank_003_alphafold2_model_3_seed_001.pdb
3045,14,Chemokine,0.72624,anc2l_14_V_unrelaxed_rank_004_alphafold2_model_1_seed_003.pdb
3046,14,Chemokine,0.69815,anc2l_14_V_unrelaxed_rank_005_alphafold2_model_3_seed_000.pdb
3047,14,Chemokine,0.63865,anc2l_14_V_unrelaxed_rank_006_alphafold2_model_2_seed_003.pdb
3048,14,Chemokine,0.66058,anc2l_14_V_unrelaxed_rank_007_alphafold2_model_2_seed_000.pdb
3049,14,Chemokine,0.75037,anc2l_14_V_unrelaxed_rank_008_alphafold2_model_1_seed_000.pdb
3050,14,Chemokine,0.63565,anc2l_14_V_unrelaxed_rank_009_alphafold2_model_2_seed_004.pdb
3051,14,Chemokine,0.64402,anc2l_14_V_unrelaxed_rank_010_alphafold2_model_5_seed_004.pdb
3052,14,Chemokine,0.6425,anc2l_14_V_unrelaxed_rank_011_alphafold2_model_5_seed_003.pdb
3053,14,Chemokine,0.63863,anc2l_14_V_unrelaxed_rank_012_alphafold2_model_2_seed_002.pdb
3054,14,Chemokine,0.64363,anc2l_14_V_unrelaxed_rank_013_alphafold2_model_5_seed_001.pdb
3055,14,Chemokine,0.64117,anc2l_14_V_unrelaxed_rank_014_alphafold2_model_5_seed_000.pdb
3056,14,Chemokine,0.68271,anc2l_14_V_unrelaxed_rank_015_alphafold2_model_1_seed_001.pdb
3057,14,Chemokine,0.65878,anc2l_14_V_unrelaxed_rank_016_alphafold2_model_4_seed_001.pdb
3058,14,Chemokine,0.64313,anc2l_14_V_unrelaxed_rank_017_alphafold2_model_3_seed_003.pdb
3059,14,Chemokine,0.64359,anc2l_14_V_unrelaxed_rank_018_alphafold2_model_5_seed_002.pdb
3060,14,Dimer,0.51789,anc2l_14_V_unrelaxed_rank_019_alphafold2_model_4_seed_000.pdb
3061,14,Chemokine,0.66348,anc2l_14_V_unrelaxed_rank_020_alphafold2_model_2_seed_001.pdb
3062,36,Chemokine,0.75869,anc2l_36_A_unrelaxed_rank_001_alphafold2_model_1_seed_004.pdb
3063,36,Chemokine,0.77317,anc2l_36_A_unrelaxed_rank_002_alphafold2_model_2_seed_001.pdb
3064,36,Chemokine,0.77746,anc2l_36_A_unrelaxed_rank_003_alphafold2_model_2_seed_004.pdb
3065,36,Chemokine,0.71086,anc2l_36_A_unrelaxed_rank_004_alphafold2_model_3_seed_004.pdb
3066,36,Chemokine,0.71033,anc2l_36_A_unrelaxed_rank_005_alphafold2_model_3_seed_003.pdb
3067,36,Chemokine,0.7686,anc2l_36_A_unrelaxed_rank_006_alphafold2_model_2_seed_003.pdb
3068,36,Chemokine,0.7096,anc2l_36_A_unrelaxed_rank_007_alphafold2_model_3_seed_000.pdb
3069,36,Chemokine,0.75365,anc2l_36_A_unrelaxed_rank_008_alphafold2_model_1_seed_001.pdb
3070,36,Chemokine,0.74423,anc2l_36_A_unrelaxed_rank_009_alphafold2_model_1_seed_003.pdb
3071,36,Chemokine,0.68426,anc2l_36_A_unrelaxed_rank_010_alphafold2_model_3_seed_001.pdb
3072,36,Chemokine,0.58552,anc2l_36_A_unrelaxed_rank_011_alphafold2_model_2_seed_000.pdb
3073,36,Chemokine,0.59288,anc2l_36_A_unrelaxed_rank_012_alphafold2_model_2_seed_002.pdb
3074,36,Chemokine,0.70018,anc2l_36_A_unrelaxed_rank_013_alphafold2_model_1_seed_000.pdb
3075,36,Chemokine,0.68177,anc2l_36_A_unrelaxed_rank_014_alphafold2_model_1_seed_002.pdb
3076,36,Chemokine,0.66746,anc2l_36_A_unrelaxed_rank_015_alphafold2_model_4_seed_003.pdb
3077,36,Chemokine,0.6577,anc2l_36_A_unrelaxed_rank_016_alphafold2_model_5_seed_004.pdb
3078,36,Chemokine,0.6578,anc2l_36_A_unrelaxed_rank_017_alphafold2_model_5_seed_001.pdb
3079,36,Chemokine,0.66976,anc2l_36_A_unrelaxed_rank_018_alphafold2_model_4_seed_004.pdb
3080,36,Chemokine,0.66059,anc2l_36_A_unrelaxed_rank_019_alphafold2_model_5_seed_003.pdb
3081,36,Chemokine,0.66007,anc2l_36_A_unrelaxed_rank_020_alphafold2_model_5_seed_002.pdb
3082,36,Chemokine,0.65808,anc2l_36_A_unrelaxed_rank_021_alphafold2_model_5_seed_000.pdb
3083,36,Chemokine,0.65116,anc2l_36_A_unrelaxed_rank_022_alphafold2_model_4_seed_000.pdb
3084,36,Chemokine,0.80407,anc2l_36_G_unrelaxed_rank_001_alphafold2_model_2_seed_004.pdb
3085,36,Chemokine,0.80012,anc2l_36_G_unrelaxed_rank_002_alphafold2_model_2_seed_003.pdb
3086,36,Chemokine,0.79178,anc2l_36_G_unrelaxed_rank_003_alphafold2_model_2_seed_000.pdb
3087,36,Chemokine,0.7873,anc2l_36_G_unrelaxed_rank_004_alphafold2_model_2_seed_002.pdb
3088,36,Chemokine,0.78684,anc2l_36_G_unrelaxed_rank_005_alphafold2_model_2_seed_001.pdb
3089,36,Chemokine,0.77421,anc2l_36_G_unrelaxed_rank_006_alphafold2_model_1_seed_000.pdb
3090,36,Chemokine,0.71476,anc2l_36_G_unrelaxed_rank_007_alphafold2_model_3_seed_001.pdb
3091,36,Chemokine,0.7146,anc2l_36_G_unrelaxed_rank_008_alphafold2_model_3_seed_004.pdb
3092,36,Chemokine,0.71422,anc2l_36_G_unrelaxed_rank_009_alphafold2_model_3_seed_000.pdb
3093,36,Chemokine,0.71344,anc2l_36_G_unrelaxed_rank_010_alphafold2_model_3_seed_003.pdb
3094,36,Chemokine,0.75832,anc2l_36_G_unrelaxed_rank_011_alphafold2_model_1_seed_001.pdb
3095,36,Chemokine,0.76718,anc2l_36_G_unrelaxed_rank_012_alphafold2_model_1_seed_002.pdb
3096,36,Chemokine,0.73867,anc2l_36_G_unrelaxed_rank_013_alphafold2_model_1_seed_004.pdb
3097,36,Chemokine,0.73553,anc2l_36_G_unrelaxed_rank_014_alphafold2_model_3_seed_002.pdb
3098,36,Chemokine,0.66599,anc2l_36_G_unrelaxed_rank_015_alphafold2_model_1_seed_003.pdb
3099,36,Chemokine,0.70086,anc2l_36_G_unrelaxed_rank_016_alphafold2_model_4_seed_002.pdb
3100,36,Chemokine,0.73766,anc2l_36_I_unrelaxed_rank_001_alphafold2_model_3_seed_002.pdb
3101,36,Chemokine,0.74679,anc2l_36_I_unrelaxed_rank_002_alphafold2_model_2_seed_004.pdb
3102,36,Chemokine,0.74489,anc2l_36_I_unrelaxed_rank_003_alphafold2_model_3_seed_001.pdb
3103,36,Chemokine,0.71329,anc2l_36_I_unrelaxed_rank_004_alphafold2_model_3_seed_004.pdb
3104,36,Chemokine,0.71312,anc2l_36_I_unrelaxed_rank_005_alphafold2_model_3_seed_003.pdb
3105,36,Chemokine,0.76372,anc2l_36_I_unrelaxed_rank_006_alphafold2_model_2_seed_002.pdb
3106,36,Chemokine,0.71342,anc2l_36_I_unrelaxed_rank_007_alphafold2_model_3_seed_000.pdb
3107,36,Chemokine,0.7325,anc2l_36_I_unrelaxed_rank_008_alphafold2_model_1_seed_000.pdb
3108,36,Chemokine,0.71936,anc2l_36_I_unrelaxed_rank_009_alphafold2_model_1_seed_004.pdb
3109,36,Chemokine,0.5816,anc2l_36_I_unrelaxed_rank_010_alphafold2_model_2_seed_003.pdb
3110,36,Chemokine,0.68352,anc2l_36_I_unrelaxed_rank_011_alphafold2_model_4_seed_004.pdb
3111,36,Chemokine,0.67866,anc2l_36_I_unrelaxed_rank_012_alphafold2_model_4_seed_003.pdb
3112,36,Chemokine,0.65782,anc2l_36_I_unrelaxed_rank_013_alphafold2_model_1_seed_002.pdb
3113,36,Chemokine,0.66094,anc2l_36_I_unrelaxed_rank_014_alphafold2_model_1_seed_003.pdb
3114,36,Chemokine,0.65765,anc2l_36_I_unrelaxed_rank_015_alphafold2_model_5_seed_003.pdb
3115,36,Chemokine,0.65571,anc2l_36_I_unrelaxed_rank_016_alphafold2_model_5_seed_000.pdb
3116,36,Chemokine,0.67971,anc2l_36_I_unrelaxed_rank_017_alphafold2_model_4_seed_002.pdb
3117,36,Chemokine,0.65829,anc2l_36_I_unrelaxed_rank_018_alphafold2_model_5_seed_001.pdb
3118,36,Chemokine,0.67238,anc2l_36_I_unrelaxed_rank_019_alphafold2_model_1_seed_001.pdb
3119,36,Chemokine,0.6692,anc2l_36_I_unrelaxed_rank_020_alphafold2_model_2_seed_000.pdb
3120,36,Chemokine,0.65644,anc2l_36_I_unrelaxed_rank_021_alphafold2_model_5_seed_004.pdb
3121,36,Chemokine,0.65265,anc2l_36_I_unrelaxed_rank_022_alphafold2_model_5_seed_002.pdb
3122,38,Chemokine,0.75869,anc2l_38_I_unrelaxed_rank_001_alphafold2_model_1_seed_004.pdb
3123,38,Chemokine,0.77317,anc2l_38_I_unrelaxed_rank_002_alphafold2_model_2_seed_001.pdb
3124,38,Chemokine,0.77746,anc2l_38_I_unrelaxed_rank_003_alphafold2_model_2_seed_004.pdb
3125,38,Chemokine,0.71086,anc2l_38_I_unrelaxed_rank_004_alphafold2_model_3_seed_004.pdb
3126,38,Chemokine,0.71033,anc2l_38_I_unrelaxed_rank_005_alphafold2_model_3_seed_003.pdb
3127,38,Chemokine,0.7686,anc2l_38_I_unrelaxed_rank_006_alphafold2_model_2_seed_003.pdb
3128,38,Chemokine,0.7096,anc2l_38_I_unrelaxed_rank_007_alphafold2_model_3_seed_000.pdb
3129,38,Chemokine,0.75365,anc2l_38_I_unrelaxed_rank_008_alphafold2_model_1_seed_001.pdb
3130,38,Chemokine,0.74423,anc2l_38_I_unrelaxed_rank_009_alphafold2_model_1_seed_003.pdb
3131,38,Chemokine,0.68426,anc2l_38_I_unrelaxed_rank_010_alphafold2_model_3_seed_001.pdb
3132,38,Chemokine,0.58552,anc2l_38_I_unrelaxed_rank_011_alphafold2_model_2_seed_000.pdb
3133,38,Chemokine,0.59288,anc2l_38_I_unrelaxed_rank_012_alphafold2_model_2_seed_002.pdb
3134,38,Chemokine,0.70018,anc2l_38_I_unrelaxed_rank_013_alphafold2_model_1_seed_000.pdb
3135,38,Chemokine,0.68177,anc2l_38_I_unrelaxed_rank_014_alphafold2_model_1_seed_002.pdb
3136,38,Chemokine,0.66746,anc2l_38_I_unrelaxed_rank_015_alphafold2_model_4_seed_003.pdb
3137,38,Chemokine,0.6577,anc2l_38_I_unrelaxed_rank_016_alphafold2_model_5_seed_004.pdb
3138,38,Chemokine,0.6578,anc2l_38_I_unrelaxed_rank_017_alphafold2_model_5_seed_001.pdb
3139,38,Chemokine,0.66976,anc2l_38_I_unrelaxed_rank_018_alphafold2_model_4_seed_004.pdb
3140,38,Chemokine,0.66059,anc2l_38_I_unrelaxed_rank_019_alphafold2_model_5_seed_003.pdb
3141,38,Chemokine,0.66007,anc2l_38_I_unrelaxed_rank_020_alphafold2_model_5_seed_002.pdb
3142,38,Chemokine,0.65808,anc2l_38_I_unrelaxed_rank_021_alphafold2_model_5_seed_000.pdb
3143,38,Chemokine,0.65116,anc2l_38_I_unrelaxed_rank_022_alphafold2_model_4_seed_000.pdb
3144,38,Chemokine,0.59523,anc2l_38_L_unrelaxed_rank_001_alphafold2_model_2_seed_001.pdb
3145,38,Chemokine,0.66231,anc2l_38_L_unrelaxed_rank_002_alphafold2_model_1_seed_001.pdb
3146,38,Chemokine,0.67069,anc2l_38_L_unrelaxed_rank_003_alphafold2_model_1_seed_002.pdb
3147,38,Chemokine,0.66601,anc2l_38_L_unrelaxed_rank_004_alphafold2_model_1_seed_004.pdb
3148,38,Chemokine,0.67033,anc2l_38_L_unrelaxed_rank_005_alphafold2_model_4_seed_003.pdb
3149,38,Chemokine,0.66426,anc2l_38_L_unrelaxed_rank_006_alphafold2_model_1_seed_003.pdb
3150,38,Chemokine,0.65667,anc2l_38_L_unrelaxed_rank_007_alphafold2_model_5_seed_002.pdb
3151,38,Chemokine,0.66736,anc2l_38_L_unrelaxed_rank_008_alphafold2_model_4_seed_004.pdb
3152,38,Chemokine,0.66357,anc2l_38_L_unrelaxed_rank_009_alphafold2_model_1_seed_000.pdb
3153,38,Chemokine,0.63597,anc2l_38_L_unrelaxed_rank_010_alphafold2_model_2_seed_002.pdb
3154,38,Chemokine,0.57735,anc2l_38_V_unrelaxed_rank_001_alphafold2_model_2_seed_002.pdb
3155,38,Chemokine,0.57909,anc2l_38_V_unrelaxed_rank_002_alphafold2_model_2_seed_000.pdb
3156,38,Chemokine,0.71897,anc2l_38_V_unrelaxed_rank_003_alphafold2_model_3_seed_003.pdb
3157,38,Chemokine,0.57237,anc2l_38_V_unrelaxed_rank_004_alphafold2_model_2_seed_001.pdb
3158,38,Chemokine,0.71983,anc2l_38_V_unrelaxed_rank_005_alphafold2_model_3_seed_004.pdb
3159,38,Chemokine,0.7194,anc2l_38_V_unrelaxed_rank_006_alphafold2_model_3_seed_000.pdb
3160,38,Chemokine,0.72003,anc2l_38_V_unrelaxed_rank_007_alphafold2_model_3_seed_001.pdb
3161,38,Chemokine,0.75587,anc2l_38_V_unrelaxed_rank_008_alphafold2_model_1_seed_004.pdb
3162,38,Chemokine,0.5799,anc2l_38_V_unrelaxed_rank_009_alphafold2_model_2_seed_003.pdb
3163,38,Chemokine,0.57553,anc2l_38_V_unrelaxed_rank_010_alphafold2_model_2_seed_004.pdb
3164,38,Chemokine,0.7149,anc2l_38_V_unrelaxed_rank_011_alphafold2_model_3_seed_002.pdb
3165,38,Chemokine,0.68446,anc2l_38_V_unrelaxed_rank_012_alphafold2_model_4_seed_002.pdb
3166,38,Chemokine,0.68044,anc2l_38_V_unrelaxed_rank_013_alphafold2_model_4_seed_004.pdb
3167,38,Chemokine,0.67582,anc2l_38_V_unrelaxed_rank_014_alphafold2_model_4_seed_000.pdb
3168,38,Chemokine,0.67571,anc2l_38_V_unrelaxed_rank_015_alphafold2_model_4_seed_003.pdb
3169,38,Chemokine,0.66265,anc2l_38_V_unrelaxed_rank_016_alphafold2_model_1_seed_002.pdb
3170,38,Chemokine,0.65904,anc2l_38_V_unrelaxed_rank_017_alphafold2_model_5_seed_004.pdb
3171,38,Chemokine,0.66323,anc2l_38_V_unrelaxed_rank_018_alphafold2_model_1_seed_003.pdb
3172,38,Chemokine,0.65976,anc2l_38_V_unrelaxed_rank_019_alphafold2_model_5_seed_003.pdb
3173,38,Chemokine,0.6597,anc2l_38_V_unrelaxed_rank_020_alphafold2_model_5_seed_001.pdb
3174,38,Chemokine,0.65249,anc2l_38_V_unrelaxed_rank_021_alphafold2_model_5_seed_000.pdb
3175,38,Chemokine,0.66012,anc2l_38_V_unrelaxed_rank_022_alphafold2_model_5_seed_002.pdb
3176,38,Chemokine,0.66236,anc2l_38_V_unrelaxed_rank_023_alphafold2_model_1_seed_000.pdb
3177,38,Chemokine,0.66322,anc2l_38_V_unrelaxed_rank_024_alphafold2_model_1_seed_001.pdb
3178,40,Dimer,0.52742,anc2l_40_G_unrelaxed_rank_002_alphafold2_model_4_seed_001.pdb
3179,40,Dimer,0.52518,anc2l_40_G_unrelaxed_rank_007_alphafold2_model_4_seed_000.pdb
3180,40,Dimer,0.53752,anc2l_40_G_unrelaxed_rank_008_alphafold2_model_4_seed_002.pdb
3181,40,Chemokine,0.66835,anc2l_40_G_unrelaxed_rank_009_alphafold2_model_1_seed_003.pdb
3182,40,Dimer,0.54637,anc2l_40_I_unrelaxed_rank_001_alphafold2_model_3_seed_001.pdb
3183,40,Dimer,0.55448,anc2l_40_I_unrelaxed_rank_002_alphafold2_model_3_seed_000.pdb
3184,40,Dimer,0.55136,anc2l_40_I_unrelaxed_rank_003_alphafold2_model_3_seed_004.pdb
3185,40,Dimer,0.56444,anc2l_40_I_unrelaxed_rank_004_alphafold2_model_3_seed_002.pdb
3186,40,Chemokine,0.75459,anc2l_40_I_unrelaxed_rank_005_alphafold2_model_4_seed_000.pdb
3187,40,Dimer,0.56409,anc2l_40_I_unrelaxed_rank_006_alphafold2_model_3_seed_003.pdb
3188,40,Dimer,0.54647,anc2l_40_I_unrelaxed_rank_007_alphafold2_model_4_seed_002.pdb
3189,40,Chemokine,0.77955,anc2l_40_V_unrelaxed_rank_001_alphafold2_model_1_seed_002.pdb
3190,40,Chemokine,0.77553,anc2l_40_V_unrelaxed_rank_002_alphafold2_model_1_seed_003.pdb
3191,40,Dimer,0.54678,anc2l_40_V_unrelaxed_rank_003_alphafold2_model_3_seed_004.pdb
3192,40,Dimer,0.54733,anc2l_40_V_unrelaxed_rank_004_alphafold2_model_3_seed_001.pdb
3193,40,Dimer,0.54293,anc2l_40_V_unrelaxed_rank_005_alphafold2_model_3_seed_000.pdb
3194,40,Dimer,0.55042,anc2l_40_V_unrelaxed_rank_006_alphafold2_model_3_seed_002.pdb
3195,40,Chemokine,0.76561,anc2l_40_V_unrelaxed_rank_007_alphafold2_model_4_seed_004.pdb
3196,40,Dimer,0.5506,anc2l_40_V_unrelaxed_rank_008_alphafold2_model_3_seed_003.pdb
3197,40,Dimer,0.54062,anc2l_40_V_unrelaxed_rank_009_alphafold2_model_4_seed_002.pdb
3198,40,Chemokine,0.67708,anc2l_40_V_unrelaxed_rank_010_alphafold2_model_1_seed_004.pdb
3199,45,Chemokine,0.75869,anc2l_45_I_unrelaxed_rank_001_alphafold2_model_1_seed_004.pdb
3200,45,Chemokine,0.77317,anc2l_45_I_unrelaxed_rank_002_alphafold2_model_2_seed_001.pdb
3201,45,Chemokine,0.77746,anc2l_45_I_unrelaxed_rank_003_alphafold2_model_2_seed_004.pdb
3202,45,Chemokine,0.71086,anc2l_45_I_unrelaxed_rank_004_alphafold2_model_3_seed_004.pdb
3203,45,Chemokine,0.71033,anc2l_45_I_unrelaxed_rank_005_alphafold2_model_3_seed_003.pdb
3204,45,Chemokine,0.7686,anc2l_45_I_unrelaxed_rank_006_alphafold2_model_2_seed_003.pdb
3205,45,Chemokine,0.7096,anc2l_45_I_unrelaxed_rank_007_alphafold2_model_3_seed_000.pdb
3206,45,Chemokine,0.75365,anc2l_45_I_unrelaxed_rank_008_alphafold2_model_1_seed_001.pdb
3207,45,Chemokine,0.74423,anc2l_45_I_unrelaxed_rank_009_alphafold2_model_1_seed_003.pdb
3208,45,Chemokine,0.68426,anc2l_45_I_unrelaxed_rank_010_alphafold2_model_3_seed_001.pdb
3209,45,Chemokine,0.58552,anc2l_45_I_unrelaxed_rank_011_alphafold2_model_2_seed_000.pdb
3210,45,Chemokine,0.59288,anc2l_45_I_unrelaxed_rank_012_alphafold2_model_2_seed_002.pdb
3211,45,Chemokine,0.70018,anc2l_45_I_unrelaxed_rank_013_alphafold2_model_1_seed_000.pdb
3212,45,Chemokine,0.68177,anc2l_45_I_unrelaxed_rank_014_alphafold2_model_1_seed_002.pdb
3213,45,Chemokine,0.66746,anc2l_45_I_unrelaxed_rank_015_alphafold2_model_4_seed_003.pdb
3214,45,Chemokine,0.6577,anc2l_45_I_unrelaxed_rank_016_alphafold2_model_5_seed_004.pdb
3215,45,Chemokine,0.6578,anc2l_45_I_unrelaxed_rank_017_alphafold2_model_5_seed_001.pdb
3216,45,Chemokine,0.66976,anc2l_45_I_unrelaxed_rank_018_alphafold2_model_4_seed_004.pdb
3217,45,Chemokine,0.66059,anc2l_45_I_unrelaxed_rank_019_alphafold2_model_5_seed_003.pdb
3218,45,Chemokine,0.66007,anc2l_45_I_unrelaxed_rank_020_alphafold2_model_5_seed_002.pdb
3219,45,Chemokine,0.65808,anc2l_45_I_unrelaxed_rank_021_alphafold2_model_5_seed_000.pdb
3220,45,Chemokine,0.65116,anc2l_45_I_unrelaxed_rank_022_alphafold2_model_4_seed_000.pdb
3221,45,Chemokine,0.77368,anc2l_45_L_unrelaxed_rank_001_alphafold2_model_2_seed_003.pdb
3222,45,Chemokine,0.74885,anc2l_45_L_unrelaxed_rank_002_alphafold2_model_2_seed_004.pdb
3223,45,Chemokine,0.77531,anc2l_45_L_unrelaxed_rank_003_alphafold2_model_2_seed_002.pdb
3224,45,Chemokine,0.77518,anc2l_45_L_unrelaxed_rank_004_alphafold2_model_2_seed_000.pdb
3225,45,Chemokine,0.71715,anc2l_45_L_unrelaxed_rank_005_alphafold2_model_3_seed_004.pdb
3226,45,Chemokine,0.71328,anc2l_45_L_unrelaxed_rank_006_alphafold2_model_3_seed_003.pdb
3227,45,Chemokine,0.58849,anc2l_45_L_unrelaxed_rank_007_alphafold2_model_2_seed_001.pdb
3228,45,Chemokine,0.69101,anc2l_45_L_unrelaxed_rank_008_alphafold2_model_3_seed_001.pdb
3229,45,Chemokine,0.73027,anc2l_45_L_unrelaxed_rank_009_alphafold2_model_1_seed_002.pdb
3230,45,Chemokine,0.69535,anc2l_45_L_unrelaxed_rank_010_alphafold2_model_3_seed_000.pdb
3231,45,Chemokine,0.67197,anc2l_45_L_unrelaxed_rank_011_alphafold2_model_1_seed_003.pdb
3232,45,Chemokine,0.67841,anc2l_45_L_unrelaxed_rank_012_alphafold2_model_1_seed_001.pdb
3233,45,Chemokine,0.6967,anc2l_45_L_unrelaxed_rank_013_alphafold2_model_3_seed_002.pdb
3234,45,Chemokine,0.6709,anc2l_45_L_unrelaxed_rank_014_alphafold2_model_4_seed_001.pdb
3235,45,Chemokine,0.66021,anc2l_45_L_unrelaxed_rank_015_alphafold2_model_4_seed_004.pdb
3236,45,Chemokine,0.65797,anc2l_45_L_unrelaxed_rank_016_alphafold2_model_4_seed_003.pdb
3237,45,Chemokine,0.66193,anc2l_45_L_unrelaxed_rank_017_alphafold2_model_4_seed_000.pdb
3238,45,Chemokine,0.66341,anc2l_45_L_unrelaxed_rank_018_alphafold2_model_1_seed_000.pdb
3239,45,Chemokine,0.77045,anc2l_45_V_unrelaxed_rank_001_alphafold2_model_3_seed_002.pdb
3240,45,Chemokine,0.78523,anc2l_45_V_unrelaxed_rank_002_alphafold2_model_2_seed_004.pdb
3241,45,Chemokine,0.77862,anc2l_45_V_unrelaxed_rank_003_alphafold2_model_2_seed_003.pdb
3242,45,Chemokine,0.76994,anc2l_45_V_unrelaxed_rank_004_alphafold2_model_1_seed_004.pdb
3243,45,Chemokine,0.78015,anc2l_45_V_unrelaxed_rank_005_alphafold2_model_2_seed_001.pdb
3244,45,Chemokine,0.71401,anc2l_45_V_unrelaxed_rank_006_alphafold2_model_3_seed_003.pdb
3245,45,Chemokine,0.71339,anc2l_45_V_unrelaxed_rank_007_alphafold2_model_3_seed_004.pdb
3246,45,Chemokine,0.71575,anc2l_45_V_unrelaxed_rank_008_alphafold2_model_3_seed_000.pdb
3247,45,Chemokine,0.71477,anc2l_45_V_unrelaxed_rank_009_alphafold2_model_3_seed_001.pdb
3248,45,Chemokine,0.59368,anc2l_45_V_unrelaxed_rank_010_alphafold2_model_2_seed_000.pdb
3249,45,Chemokine,0.67145,anc2l_45_V_unrelaxed_rank_011_alphafold2_model_4_seed_003.pdb
3250,45,Chemokine,0.66956,anc2l_45_V_unrelaxed_rank_012_alphafold2_model_4_seed_004.pdb
3251,45,Chemokine,0.67291,anc2l_45_V_unrelaxed_rank_013_alphafold2_model_4_seed_002.pdb
3252,45,Chemokine,0.67008,anc2l_45_V_unrelaxed_rank_014_alphafold2_model_4_seed_000.pdb
3253,45,Chemokine,0.66253,anc2l_45_V_unrelaxed_rank_015_alphafold2_model_1_seed_003.pdb
3254,I,Chemokine,0.77091,anc2l_I_unrelaxed_rank_001_alphafold2_model_1_seed_002.pdb
3255,I,Chemokine,0.76992,anc2l_I_unrelaxed_rank_002_alphafold2_model_1_seed_000.pdb
3256,I,Chemokine,0.7628,anc2l_I_unrelaxed_rank_003_alphafold2_model_1_seed_003.pdb
3257,I,Chemokine,0.76435,anc2l_I_unrelaxed_rank_004_alphafold2_model_1_seed_001.pdb
3258,I,Chemokine,0.75944,anc2l_I_unrelaxed_rank_005_alphafold2_model_3_seed_003.pdb
3259,I,Chemokine,0.75687,anc2l_I_unrelaxed_rank_006_alphafold2_model_1_seed_004.pdb
3260,I,Chemokine,0.76583,anc2l_I_unrelaxed_rank_007_alphafold2_model_2_seed_004.pdb
3261,I,Chemokine,0.73234,anc2l_I_unrelaxed_rank_008_alphafold2_model_3_seed_004.pdb
3262,I,Chemokine,0.70445,anc2l_I_unrelaxed_rank_009_alphafold2_model_3_seed_002.pdb
3263,I,Chemokine,0.67816,anc2l_I_unrelaxed_rank_010_alphafold2_model_3_seed_000.pdb
3264,L,Chemokine,0.76291,anc2l_L_unrelaxed_rank_001_alphafold2_model_3_seed_001.pdb
3265,L,Chemokine,0.75957,anc2l_L_unrelaxed_rank_002_alphafold2_model_3_seed_002.pdb
3266,L,Chemokine,0.76194,anc2l_L_unrelaxed_rank_003_alphafold2_model_3_seed_000.pdb
3267,L,Chemokine,0.77323,anc2l_L_unrelaxed_rank_004_alphafold2_model_2_seed_000.pdb
3268,L,Chemokine,0.76289,anc2l_L_unrelaxed_rank_005_alphafold2_model_1_seed_004.pdb
3269,L,Chemokine,0.76118,anc2l_L_unrelaxed_rank_006_alphafold2_model_1_seed_003.pdb
3270,L,Chemokine,0.75902,anc2l_L_unrelaxed_rank_007_alphafold2_model_1_seed_002.pdb
3271,L,Chemokine,0.77488,anc2l_L_unrelaxed_rank_008_alphafold2_model_2_seed_003.pdb
3272,L,Chemokine,0.77602,anc2l_L_unrelaxed_rank_009_alphafold2_model_2_seed_004.pdb
3273,L,Chemokine,0.7598,anc2l_L_unrelaxed_rank_010_alphafold2_model_1_seed_000.pdb
3274,L,Chemokine,0.77057,anc2l_L_unrelaxed_rank_011_alphafold2_model_2_seed_001.pdb
3275,L,Chemokine,0.75439,anc2l_L_unrelaxed_rank_012_alphafold2_model_5_seed_003.pdb
3276,L,Chemokine,0.71824,anc2l_L_unrelaxed_rank_013_alphafold2_model_3_seed_003.pdb
3277,L,Chemokine,0.70904,anc2l_L_unrelaxed_rank_014_alphafold2_model_1_seed_001.pdb
3278,L,Chemokine,0.70794,anc2l_L_unrelaxed_rank_015_alphafold2_model_3_seed_004.pdb
3279,L,Chemokine,0.70304,anc2l_L_unrelaxed_rank_016_alphafold2_model_5_seed_004.pdb
3280,L,Chemokine,0.69522,anc2l_L_unrelaxed_rank_017_alphafold2_model_5_seed_001.pdb
3281,L,Chemokine,0.69166,anc2l_L_unrelaxed_rank_018_alphafold2_model_5_seed_000.pdb
3282,L,Chemokine,0.71703,anc2l_L_unrelaxed_rank_019_alphafold2_model_2_seed_002.pdb
3283,M,Chemokine,0.75869,anc2l_M_unrelaxed_rank_001_alphafold2_model_1_seed_004.pdb
3284,M,Chemokine,0.77317,anc2l_M_unrelaxed_rank_002_alphafold2_model_2_seed_001.pdb
3285,M,Chemokine,0.77746,anc2l_M_unrelaxed_rank_003_alphafold2_model_2_seed_004.pdb
3286,M,Chemokine,0.71086,anc2l_M_unrelaxed_rank_004_alphafold2_model_3_seed_004.pdb
3287,M,Chemokine,0.71033,anc2l_M_unrelaxed_rank_005_alphafold2_model_3_seed_003.pdb
3288,M,Chemokine,0.7686,anc2l_M_unrelaxed_rank_006_alphafold2_model_2_seed_003.pdb
3289,M,Chemokine,0.7096,anc2l_M_unrelaxed_rank_007_alphafold2_model_3_seed_000.pdb
3290,M,Chemokine,0.75365,anc2l_M_unrelaxed_rank_008_alphafold2_model_1_seed_001.pdb
3291,M,Chemokine,0.74423,anc2l_M_unrelaxed_rank_009_alphafold2_model_1_seed_003.pdb
3292,M,Chemokine,0.68426,anc2l_M_unrelaxed_rank_010_alphafold2_model_3_seed_001.pdb
3293,M,Chemokine,0.58552,anc2l_M_unrelaxed_rank_011_alphafold2_model_2_seed_000.pdb
3294,M,Chemokine,0.59288,anc2l_M_unrelaxed_rank_012_alphafold2_model_2_seed_002.pdb
3295,M,Chemokine,0.70018,anc2l_M_unrelaxed_rank_013_alphafold2_model_1_seed_000.pdb
3296,M,Chemokine,0.68177,anc2l_M_unrelaxed_rank_014_alphafold2_model_1_seed_002.pdb
3297,M,Chemokine,0.66746,anc2l_M_unrelaxed_rank_015_alphafold2_model_4_seed_003.pdb
3298,M,Chemokine,0.6577,anc2l_M_unrelaxed_rank_016_alphafold2_model_5_seed_004.pdb
3299,M,Chemokine,0.6578,anc2l_M_unrelaxed_rank_017_alphafold2_model_5_seed_001.pdb
3300,M,Chemokine,0.66976,anc2l_M_unrelaxed_rank_018_alphafold2_model_4_seed_004.pdb
3301,M,Chemokine,0.66059,anc2l_M_unrelaxed_rank_019_alphafold2_model_5_seed_003.pdb
3302,M,Chemokine,0.66007,anc2l_M_unrelaxed_rank_020_alphafold2_model_5_seed_002.pdb
3303,M,Chemokine,0.65808,anc2l_M_unrelaxed_rank_021_alphafold2_model_5_seed_000.pdb
3304,M,Chemokine,0.65116,anc2l_M_unrelaxed_rank_022_alphafold2_model_4_seed_000.pdb
3305,L,Chemokine,0.76924,anc2_L_unrelaxed_rank_001_alphafold2_model_3_seed_000.pdb
3306,L,Chemokine,0.76804,anc2_L_unrelaxed_rank_002_alphafold2_model_3_seed_002.pdb
3307,L,Chemokine,0.77018,anc2_L_unrelaxed_rank_003_alphafold2_model_3_seed_004.pdb
3308,L,Chemokine,0.77049,anc2_L_unrelaxed_rank_004_alphafold2_model_3_seed_003.pdb
3309,L,Chemokine,0.76673,anc2_L_unrelaxed_rank_005_alphafold2_model_3_seed_001.pdb
3310,L,Chemokine,0.76661,anc2_L_unrelaxed_rank_006_alphafold2_model_1_seed_000.pdb
3311,L,Chemokine,0.77076,anc2_L_unrelaxed_rank_007_alphafold2_model_2_seed_002.pdb
3312,L,Chemokine,0.76511,anc2_L_unrelaxed_rank_008_alphafold2_model_1_seed_004.pdb
3313,L,Chemokine,0.77987,anc2_L_unrelaxed_rank_009_alphafold2_model_1_seed_002.pdb
3314,L,Chemokine,0.77569,anc2_L_unrelaxed_rank_010_alphafold2_model_2_seed_000.pdb
3315,L,Chemokine,0.76047,anc2_L_unrelaxed_rank_011_alphafold2_model_1_seed_001.pdb
3316,L,Chemokine,0.76592,anc2_L_unrelaxed_rank_012_alphafold2_model_2_seed_004.pdb
3317,L,Chemokine,0.78079,anc2_L_unrelaxed_rank_013_alphafold2_model_4_seed_003.pdb
3318,L,Chemokine,0.79079,anc2_L_unrelaxed_rank_014_alphafold2_model_4_seed_002.pdb
3319,L,Chemokine,0.78588,anc2_L_unrelaxed_rank_015_alphafold2_model_4_seed_004.pdb
3320,L,Chemokine,0.78414,anc2_L_unrelaxed_rank_016_alphafold2_model_4_seed_001.pdb
3321,L,Chemokine,0.78439,anc2_L_unrelaxed_rank_017_alphafold2_model_4_seed_000.pdb
3322,L,Chemokine,0.7667,anc2_L_unrelaxed_rank_018_alphafold2_model_2_seed_001.pdb
3323,L,Chemokine,0.73931,anc2_L_unrelaxed_rank_019_alphafold2_model_1_seed_003.pdb
3324,L,Chemokine,0.76652,anc2_L_unrelaxed_rank_020_alphafold2_model_5_seed_002.pdb
3325,L,Chemokine,0.74619,anc2_L_unrelaxed_rank_021_alphafold2_model_2_seed_003.pdb
3326,L,Chemokine,0.76603,anc2_L_unrelaxed_rank_022_alphafold2_model_5_seed_004.pdb
3327,L,Chemokine,0.77404,anc2_L_unrelaxed_rank_023_alphafold2_model_5_seed_003.pdb
3328,L,Chemokine,0.76969,anc2_L_unrelaxed_rank_024_alphafold2_model_5_seed_001.pdb
3329,L,Chemokine,0.76939,anc2_L_unrelaxed_rank_025_alphafold2_model_5_seed_000.pdb
3330,M,Chemokine,0.76305,anc2_M_unrelaxed_rank_001_alphafold2_model_3_seed_002.pdb
3331,M,Chemokine,0.76182,anc2_M_unrelaxed_rank_002_alphafold2_model_3_seed_004.pdb
3332,M,Chemokine,0.76361,anc2_M_unrelaxed_rank_003_alphafold2_model_3_seed_001.pdb
3333,M,Chemokine,0.76486,anc2_M_unrelaxed_rank_004_alphafold2_model_3_seed_003.pdb
3334,M,Chemokine,0.76245,anc2_M_unrelaxed_rank_005_alphafold2_model_3_seed_000.pdb
3335,M,Chemokine,0.77476,anc2_M_unrelaxed_rank_006_alphafold2_model_1_seed_004.pdb
3336,M,Chemokine,0.77359,anc2_M_unrelaxed_rank_007_alphafold2_model_1_seed_003.pdb
3337,M,Chemokine,0.7847,anc2_M_unrelaxed_rank_008_alphafold2_model_2_seed_002.pdb
3338,M,Chemokine,0.77446,anc2_M_unrelaxed_rank_009_alphafold2_model_1_seed_000.pdb
3339,M,Chemokine,0.7713,anc2_M_unrelaxed_rank_010_alphafold2_model_1_seed_002.pdb
3340,M,Chemokine,0.77338,anc2_M_unrelaxed_rank_011_alphafold2_model_1_seed_001.pdb
3341,M,Chemokine,0.78364,anc2_M_unrelaxed_rank_012_alphafold2_model_2_seed_001.pdb
3342,M,Chemokine,0.78224,anc2_M_unrelaxed_rank_013_alphafold2_model_2_seed_004.pdb
3343,M,Chemokine,0.78137,anc2_M_unrelaxed_rank_014_alphafold2_model_2_seed_000.pdb
3344,M,Chemokine,0.78026,anc2_M_unrelaxed_rank_015_alphafold2_model_4_seed_003.pdb
3345,M,Chemokine,0.77944,anc2_M_unrelaxed_rank_016_alphafold2_model_2_seed_003.pdb
3346,M,Chemokine,0.78368,anc2_M_unrelaxed_rank_017_alphafold2_model_4_seed_004.pdb
3347,M,Chemokine,0.78082,anc2_M_unrelaxed_rank_018_alphafold2_model_4_seed_001.pdb
3348,M,Chemokine,0.78183,anc2_M_unrelaxed_rank_019_alphafold2_model_4_seed_000.pdb
3349,M,Chemokine,0.79204,anc2_M_unrelaxed_rank_020_alphafold2_model_4_seed_002.pdb
3350,M,Chemokine,0.77441,anc2_M_unrelaxed_rank_021_alphafold2_model_5_seed_002.pdb
3351,M,Chemokine,0.77424,anc2_M_unrelaxed_rank_022_alphafold2_model_5_seed_003.pdb
3352,M,Chemokine,0.77236,anc2_M_unrelaxed_rank_023_alphafold2_model_5_seed_004.pdb
3353,M,Chemokine,0.77146,anc2_M_unrelaxed_rank_024_alphafold2_model_5_seed_001.pdb
3354,M,Chemokine,0.76969,anc2_M_unrelaxed_rank_025_alphafold2_model_5_seed_000.pdb
