,aa,fold,score,name
0,14,Chemokine,0.74967,anc0_14_I_unrelaxed_rank_001_alphafold2_model_3_seed_003.pdb
1,14,Chemokine,0.74882,anc0_14_I_unrelaxed_rank_002_alphafold2_model_3_seed_004.pdb
2,14,Chemokine,0.74864,anc0_14_I_unrelaxed_rank_003_alphafold2_model_3_seed_001.pdb
3,14,Chemokine,0.75015,anc0_14_I_unrelaxed_rank_004_alphafold2_model_3_seed_002.pdb
4,14,Chemokine,0.74922,anc0_14_I_unrelaxed_rank_005_alphafold2_model_1_seed_002.pdb
5,14,Chemokine,0.7558,anc0_14_I_unrelaxed_rank_006_alphafold2_model_2_seed_002.pdb
6,14,Chemokine,0.74501,anc0_14_I_unrelaxed_rank_007_alphafold2_model_4_seed_001.pdb
7,14,Chemokine,0.71331,anc0_14_I_unrelaxed_rank_008_alphafold2_model_5_seed_004.pdb
8,14,Chemokine,0.74635,anc0_14_I_unrelaxed_rank_009_alphafold2_model_4_seed_000.pdb
9,14,Chemokine,0.70668,anc0_14_I_unrelaxed_rank_010_alphafold2_model_5_seed_000.pdb
10,14,Chemokine,0.72141,anc0_14_I_unrelaxed_rank_011_alphafold2_model_5_seed_002.pdb
11,14,Chemokine,0.74111,anc0_14_I_unrelaxed_rank_012_alphafold2_model_4_seed_004.pdb
12,14,Chemokine,0.74285,anc0_14_I_unrelaxed_rank_013_alphafold2_model_4_seed_002.pdb
13,14,Chemokine,0.70544,anc0_14_I_unrelaxed_rank_014_alphafold2_model_5_seed_003.pdb
14,14,Chemokine,0.70451,anc0_14_I_unrelaxed_rank_015_alphafold2_model_5_seed_001.pdb
15,14,Chemokine,0.73953,anc0_14_I_unrelaxed_rank_016_alphafold2_model_1_seed_004.pdb
16,14,Chemokine,0.71824,anc0_14_I_unrelaxed_rank_017_alphafold2_model_4_seed_003.pdb
17,14,Chemokine,0.6172,anc0_14_I_unrelaxed_rank_018_alphafold2_model_3_seed_000.pdb
18,14,Chemokine,0.5111,anc0_14_I_unrelaxed_rank_019_alphafold2_model_1_seed_003.pdb
19,14,Chemokine,0.6825,anc0_14_L_unrelaxed_rank_001_alphafold2_model_3_seed_002.pdb
20,14,Chemokine,0.68199,anc0_14_L_unrelaxed_rank_002_alphafold2_model_3_seed_004.pdb
21,14,Chemokine,0.74765,anc0_14_L_unrelaxed_rank_003_alphafold2_model_1_seed_002.pdb
22,14,Chemokine,0.68558,anc0_14_L_unrelaxed_rank_004_alphafold2_model_4_seed_003.pdb
23,14,Chemokine,0.69002,anc0_14_L_unrelaxed_rank_005_alphafold2_model_4_seed_001.pdb
24,14,Chemokine,0.70284,anc0_14_L_unrelaxed_rank_006_alphafold2_model_5_seed_004.pdb
25,14,Chemokine,0.68613,anc0_14_L_unrelaxed_rank_007_alphafold2_model_4_seed_004.pdb
26,14,Chemokine,0.70181,anc0_14_L_unrelaxed_rank_008_alphafold2_model_5_seed_003.pdb
27,14,Chemokine,0.70242,anc0_14_L_unrelaxed_rank_009_alphafold2_model_5_seed_002.pdb
28,14,Chemokine,0.70073,anc0_14_L_unrelaxed_rank_010_alphafold2_model_5_seed_000.pdb
29,14,Chemokine,0.69802,anc0_14_L_unrelaxed_rank_011_alphafold2_model_5_seed_001.pdb
30,14,Chemokine,0.69233,anc0_14_L_unrelaxed_rank_012_alphafold2_model_4_seed_002.pdb
31,14,Chemokine,0.75535,anc0_14_L_unrelaxed_rank_013_alphafold2_model_2_seed_002.pdb
32,14,Chemokine,0.68619,anc0_14_L_unrelaxed_rank_014_alphafold2_model_4_seed_000.pdb
33,14,Chemokine,0.7401,anc0_14_L_unrelaxed_rank_015_alphafold2_model_1_seed_004.pdb
34,14,Chemokine,0.64698,anc0_14_L_unrelaxed_rank_018_alphafold2_model_3_seed_003.pdb
35,14,Chemokine,0.5084,anc0_14_L_unrelaxed_rank_019_alphafold2_model_1_seed_003.pdb
36,14,Chemokine,0.62309,anc0_14_L_unrelaxed_rank_020_alphafold2_model_3_seed_001.pdb
37,14,Chemokine,0.51213,anc0_14_L_unrelaxed_rank_021_alphafold2_model_1_seed_000.pdb
38,14,Chemokine,0.74921,anc0_14_V_unrelaxed_rank_001_alphafold2_model_3_seed_004.pdb
39,14,Chemokine,0.75227,anc0_14_V_unrelaxed_rank_002_alphafold2_model_3_seed_002.pdb
40,14,Chemokine,0.74497,anc0_14_V_unrelaxed_rank_003_alphafold2_model_1_seed_002.pdb
41,14,Chemokine,0.7233,anc0_14_V_unrelaxed_rank_004_alphafold2_model_3_seed_003.pdb
42,14,Chemokine,0.75716,anc0_14_V_unrelaxed_rank_005_alphafold2_model_2_seed_002.pdb
43,14,Chemokine,0.71923,anc0_14_V_unrelaxed_rank_006_alphafold2_model_3_seed_001.pdb
44,14,Chemokine,0.74343,anc0_14_V_unrelaxed_rank_007_alphafold2_model_4_seed_001.pdb
45,14,Chemokine,0.74737,anc0_14_V_unrelaxed_rank_008_alphafold2_model_4_seed_000.pdb
46,14,Chemokine,0.74343,anc0_14_V_unrelaxed_rank_009_alphafold2_model_4_seed_004.pdb
47,14,Chemokine,0.74233,anc0_14_V_unrelaxed_rank_010_alphafold2_model_4_seed_002.pdb
48,14,Chemokine,0.74459,anc0_14_V_unrelaxed_rank_011_alphafold2_model_1_seed_004.pdb
49,14,Chemokine,0.70241,anc0_14_V_unrelaxed_rank_012_alphafold2_model_5_seed_001.pdb
50,14,Chemokine,0.70465,anc0_14_V_unrelaxed_rank_013_alphafold2_model_5_seed_000.pdb
51,14,Chemokine,0.70492,anc0_14_V_unrelaxed_rank_014_alphafold2_model_5_seed_003.pdb
52,14,Chemokine,0.70784,anc0_14_V_unrelaxed_rank_015_alphafold2_model_5_seed_002.pdb
53,14,Chemokine,0.71061,anc0_14_V_unrelaxed_rank_016_alphafold2_model_5_seed_004.pdb
54,14,Chemokine,0.7187,anc0_14_V_unrelaxed_rank_017_alphafold2_model_4_seed_003.pdb
55,14,Chemokine,0.61815,anc0_14_V_unrelaxed_rank_019_alphafold2_model_3_seed_000.pdb
56,14,Chemokine,0.53194,anc0_14_V_unrelaxed_rank_020_alphafold2_model_1_seed_003.pdb
57,38,Chemokine,0.74827,anc0_38_I_unrelaxed_rank_001_alphafold2_model_3_seed_004.pdb
58,38,Chemokine,0.75033,anc0_38_I_unrelaxed_rank_002_alphafold2_model_3_seed_002.pdb
59,38,Chemokine,0.7463,anc0_38_I_unrelaxed_rank_003_alphafold2_model_3_seed_003.pdb
60,38,Chemokine,0.74998,anc0_38_I_unrelaxed_rank_004_alphafold2_model_3_seed_000.pdb
61,38,Chemokine,0.75308,anc0_38_I_unrelaxed_rank_005_alphafold2_model_3_seed_001.pdb
62,38,Chemokine,0.74645,anc0_38_I_unrelaxed_rank_006_alphafold2_model_4_seed_004.pdb
63,38,Chemokine,0.74649,anc0_38_I_unrelaxed_rank_007_alphafold2_model_4_seed_001.pdb
64,38,Chemokine,0.74737,anc0_38_I_unrelaxed_rank_008_alphafold2_model_4_seed_003.pdb
65,38,Chemokine,0.74652,anc0_38_I_unrelaxed_rank_009_alphafold2_model_4_seed_002.pdb
66,38,Chemokine,0.74648,anc0_38_I_unrelaxed_rank_010_alphafold2_model_4_seed_000.pdb
67,38,Chemokine,0.74004,anc0_38_I_unrelaxed_rank_011_alphafold2_model_1_seed_004.pdb
68,38,Chemokine,0.74616,anc0_38_I_unrelaxed_rank_012_alphafold2_model_1_seed_002.pdb
69,38,Chemokine,0.75143,anc0_38_I_unrelaxed_rank_013_alphafold2_model_2_seed_003.pdb
70,38,Chemokine,0.75544,anc0_38_I_unrelaxed_rank_014_alphafold2_model_2_seed_002.pdb
71,38,Chemokine,0.74796,anc0_38_I_unrelaxed_rank_015_alphafold2_model_2_seed_001.pdb
72,38,Chemokine,0.74796,anc0_38_I_unrelaxed_rank_016_alphafold2_model_5_seed_001.pdb
73,38,Chemokine,0.74906,anc0_38_I_unrelaxed_rank_017_alphafold2_model_5_seed_000.pdb
74,38,Chemokine,0.71176,anc0_38_I_unrelaxed_rank_018_alphafold2_model_5_seed_004.pdb
75,38,Chemokine,0.70991,anc0_38_I_unrelaxed_rank_019_alphafold2_model_5_seed_002.pdb
76,38,Chemokine,0.72833,anc0_38_I_unrelaxed_rank_020_alphafold2_model_5_seed_003.pdb
77,38,Chemokine,0.74105,anc0_38_I_unrelaxed_rank_021_alphafold2_model_2_seed_004.pdb
78,38,Chemokine,0.72965,anc0_38_I_unrelaxed_rank_022_alphafold2_model_1_seed_001.pdb
79,38,Chemokine,0.56055,anc0_38_I_unrelaxed_rank_023_alphafold2_model_1_seed_003.pdb
80,38,Chemokine,0.55772,anc0_38_I_unrelaxed_rank_024_alphafold2_model_1_seed_000.pdb
81,38,Chemokine,0.75837,anc0_38_L_unrelaxed_rank_001_alphafold2_model_3_seed_004.pdb
82,38,Chemokine,0.66513,anc0_38_L_unrelaxed_rank_002_alphafold2_model_3_seed_001.pdb
83,38,Chemokine,0.75814,anc0_38_L_unrelaxed_rank_003_alphafold2_model_3_seed_002.pdb
84,38,Chemokine,0.74585,anc0_38_L_unrelaxed_rank_004_alphafold2_model_1_seed_004.pdb
85,38,Chemokine,0.74557,anc0_38_L_unrelaxed_rank_005_alphafold2_model_1_seed_001.pdb
86,38,Chemokine,0.74988,anc0_38_L_unrelaxed_rank_006_alphafold2_model_1_seed_002.pdb
87,38,Chemokine,0.74757,anc0_38_L_unrelaxed_rank_007_alphafold2_model_1_seed_000.pdb
88,38,Chemokine,0.76002,anc0_38_L_unrelaxed_rank_008_alphafold2_model_2_seed_003.pdb
89,38,Chemokine,0.75303,anc0_38_L_unrelaxed_rank_009_alphafold2_model_2_seed_004.pdb
90,38,Chemokine,0.75328,anc0_38_L_unrelaxed_rank_010_alphafold2_model_2_seed_000.pdb
91,38,Chemokine,0.75494,anc0_38_L_unrelaxed_rank_011_alphafold2_model_2_seed_002.pdb
92,38,Chemokine,0.7559,anc0_38_L_unrelaxed_rank_012_alphafold2_model_2_seed_001.pdb
93,38,Chemokine,0.751,anc0_38_L_unrelaxed_rank_013_alphafold2_model_5_seed_001.pdb
94,38,Chemokine,0.74897,anc0_38_L_unrelaxed_rank_014_alphafold2_model_5_seed_003.pdb
95,38,Chemokine,0.75097,anc0_38_L_unrelaxed_rank_015_alphafold2_model_5_seed_004.pdb
96,38,Chemokine,0.75281,anc0_38_L_unrelaxed_rank_016_alphafold2_model_5_seed_002.pdb
97,38,Chemokine,0.74874,anc0_38_L_unrelaxed_rank_017_alphafold2_model_5_seed_000.pdb
98,38,Chemokine,0.67088,anc0_38_L_unrelaxed_rank_018_alphafold2_model_4_seed_001.pdb
99,38,Chemokine,0.66885,anc0_38_L_unrelaxed_rank_019_alphafold2_model_4_seed_003.pdb
100,38,Chemokine,0.6726,anc0_38_L_unrelaxed_rank_020_alphafold2_model_4_seed_004.pdb
101,38,Chemokine,0.66927,anc0_38_L_unrelaxed_rank_021_alphafold2_model_4_seed_002.pdb
102,38,Chemokine,0.66929,anc0_38_L_unrelaxed_rank_022_alphafold2_model_4_seed_000.pdb
103,38,Chemokine,0.56416,anc0_38_L_unrelaxed_rank_023_alphafold2_model_3_seed_003.pdb
104,38,Chemokine,0.56528,anc0_38_L_unrelaxed_rank_024_alphafold2_model_1_seed_003.pdb
105,38,Chemokine,0.75882,anc0_38_V_unrelaxed_rank_001_alphafold2_model_3_seed_003.pdb
106,38,Chemokine,0.7472,anc0_38_V_unrelaxed_rank_002_alphafold2_model_3_seed_004.pdb
107,38,Chemokine,0.75012,anc0_38_V_unrelaxed_rank_003_alphafold2_model_3_seed_001.pdb
108,38,Chemokine,0.74903,anc0_38_V_unrelaxed_rank_004_alphafold2_model_3_seed_002.pdb
109,38,Chemokine,0.74928,anc0_38_V_unrelaxed_rank_005_alphafold2_model_4_seed_003.pdb
110,38,Chemokine,0.74898,anc0_38_V_unrelaxed_rank_006_alphafold2_model_4_seed_004.pdb
111,38,Chemokine,0.74842,anc0_38_V_unrelaxed_rank_007_alphafold2_model_4_seed_001.pdb
112,38,Chemokine,0.74845,anc0_38_V_unrelaxed_rank_008_alphafold2_model_4_seed_000.pdb
113,38,Chemokine,0.74992,anc0_38_V_unrelaxed_rank_009_alphafold2_model_4_seed_002.pdb
114,38,Chemokine,0.75312,anc0_38_V_unrelaxed_rank_010_alphafold2_model_2_seed_002.pdb
115,38,Chemokine,0.74708,anc0_38_V_unrelaxed_rank_011_alphafold2_model_1_seed_002.pdb
116,38,Chemokine,0.75319,anc0_38_V_unrelaxed_rank_012_alphafold2_model_2_seed_004.pdb
117,38,Chemokine,0.75452,anc0_38_V_unrelaxed_rank_013_alphafold2_model_5_seed_001.pdb
118,38,Chemokine,0.75628,anc0_38_V_unrelaxed_rank_014_alphafold2_model_5_seed_000.pdb
119,38,Chemokine,0.74888,anc0_38_V_unrelaxed_rank_015_alphafold2_model_2_seed_001.pdb
120,38,Chemokine,0.75431,anc0_38_V_unrelaxed_rank_016_alphafold2_model_5_seed_003.pdb
121,38,Chemokine,0.75346,anc0_38_V_unrelaxed_rank_017_alphafold2_model_5_seed_002.pdb
122,38,Chemokine,0.73705,anc0_38_V_unrelaxed_rank_018_alphafold2_model_1_seed_001.pdb
123,38,Chemokine,0.72437,anc0_38_V_unrelaxed_rank_019_alphafold2_model_1_seed_004.pdb
124,38,Chemokine,0.7568,anc0_38_V_unrelaxed_rank_020_alphafold2_model_5_seed_004.pdb
125,38,Chemokine,0.56191,anc0_38_V_unrelaxed_rank_021_alphafold2_model_1_seed_003.pdb
126,38,Chemokine,0.6288,anc0_38_V_unrelaxed_rank_022_alphafold2_model_3_seed_000.pdb
127,40,Chemokine,0.66542,anc0_40_G_unrelaxed_rank_001_alphafold2_model_3_seed_004.pdb
128,40,Chemokine,0.66475,anc0_40_G_unrelaxed_rank_002_alphafold2_model_3_seed_002.pdb
129,40,Chemokine,0.66611,anc0_40_G_unrelaxed_rank_003_alphafold2_model_3_seed_003.pdb
130,40,Chemokine,0.66766,anc0_40_G_unrelaxed_rank_004_alphafold2_model_3_seed_001.pdb
131,40,Chemokine,0.65427,anc0_40_G_unrelaxed_rank_005_alphafold2_model_3_seed_000.pdb
132,40,Chemokine,0.73379,anc0_40_G_unrelaxed_rank_006_alphafold2_model_1_seed_004.pdb
133,40,Chemokine,0.73184,anc0_40_G_unrelaxed_rank_007_alphafold2_model_1_seed_001.pdb
134,40,Chemokine,0.7351,anc0_40_G_unrelaxed_rank_008_alphafold2_model_1_seed_002.pdb
135,40,Chemokine,0.72526,anc0_40_G_unrelaxed_rank_009_alphafold2_model_1_seed_000.pdb
136,40,Chemokine,0.76084,anc0_40_G_unrelaxed_rank_010_alphafold2_model_2_seed_002.pdb
137,40,Dimer,0.5603,anc0_40_G_unrelaxed_rank_011_alphafold2_model_2_seed_003.pdb
138,40,Chemokine,0.66499,anc0_40_G_unrelaxed_rank_012_alphafold2_model_4_seed_002.pdb
139,40,Chemokine,0.66489,anc0_40_G_unrelaxed_rank_013_alphafold2_model_4_seed_001.pdb
140,40,Chemokine,0.70537,anc0_40_G_unrelaxed_rank_014_alphafold2_model_1_seed_003.pdb
141,40,Chemokine,0.66414,anc0_40_G_unrelaxed_rank_015_alphafold2_model_4_seed_004.pdb
142,40,Chemokine,0.66307,anc0_40_G_unrelaxed_rank_016_alphafold2_model_4_seed_003.pdb
143,40,Chemokine,0.664,anc0_40_G_unrelaxed_rank_017_alphafold2_model_4_seed_000.pdb
144,40,Chemokine,0.74426,anc0_40_G_unrelaxed_rank_018_alphafold2_model_5_seed_001.pdb
145,40,Chemokine,0.66365,anc0_40_G_unrelaxed_rank_019_alphafold2_model_5_seed_000.pdb
146,40,Chemokine,0.67195,anc0_40_G_unrelaxed_rank_020_alphafold2_model_5_seed_003.pdb
147,40,Dimer,0.55798,anc0_40_G_unrelaxed_rank_021_alphafold2_model_5_seed_004.pdb
148,40,Chemokine,0.75102,anc0_40_I_unrelaxed_rank_001_alphafold2_model_3_seed_002.pdb
149,40,Chemokine,0.75146,anc0_40_I_unrelaxed_rank_002_alphafold2_model_2_seed_004.pdb
150,40,Chemokine,0.73903,anc0_40_I_unrelaxed_rank_003_alphafold2_model_1_seed_004.pdb
151,40,Chemokine,0.74452,anc0_40_I_unrelaxed_rank_004_alphafold2_model_3_seed_004.pdb
152,40,Chemokine,0.74573,anc0_40_I_unrelaxed_rank_005_alphafold2_model_1_seed_002.pdb
153,40,Chemokine,0.74211,anc0_40_I_unrelaxed_rank_006_alphafold2_model_1_seed_000.pdb
154,40,Chemokine,0.74156,anc0_40_I_unrelaxed_rank_007_alphafold2_model_3_seed_001.pdb
155,40,Chemokine,0.71694,anc0_40_I_unrelaxed_rank_008_alphafold2_model_3_seed_003.pdb
156,40,Chemokine,0.74784,anc0_40_I_unrelaxed_rank_009_alphafold2_model_2_seed_002.pdb
157,40,Chemokine,0.74965,anc0_40_I_unrelaxed_rank_010_alphafold2_model_2_seed_001.pdb
158,40,Chemokine,0.7467,anc0_40_I_unrelaxed_rank_011_alphafold2_model_2_seed_000.pdb
159,40,Chemokine,0.75598,anc0_40_I_unrelaxed_rank_012_alphafold2_model_2_seed_003.pdb
160,40,Chemokine,0.72837,anc0_40_I_unrelaxed_rank_013_alphafold2_model_1_seed_003.pdb
161,40,Chemokine,0.74923,anc0_40_I_unrelaxed_rank_014_alphafold2_model_5_seed_001.pdb
162,40,Chemokine,0.76085,anc0_40_I_unrelaxed_rank_015_alphafold2_model_5_seed_003.pdb
163,40,Chemokine,0.75938,anc0_40_I_unrelaxed_rank_016_alphafold2_model_5_seed_004.pdb
164,40,Chemokine,0.7163,anc0_40_I_unrelaxed_rank_017_alphafold2_model_5_seed_002.pdb
165,40,Chemokine,0.74408,anc0_40_I_unrelaxed_rank_018_alphafold2_model_5_seed_000.pdb
166,40,Chemokine,0.71913,anc0_40_I_unrelaxed_rank_019_alphafold2_model_4_seed_004.pdb
167,40,Chemokine,0.73011,anc0_40_I_unrelaxed_rank_020_alphafold2_model_4_seed_002.pdb
168,40,Chemokine,0.63739,anc0_40_I_unrelaxed_rank_021_alphafold2_model_4_seed_003.pdb
169,40,Chemokine,0.63294,anc0_40_I_unrelaxed_rank_022_alphafold2_model_4_seed_001.pdb
170,40,Chemokine,0.63771,anc0_40_I_unrelaxed_rank_023_alphafold2_model_4_seed_000.pdb
171,40,Chemokine,0.7533,anc0_40_V_unrelaxed_rank_001_alphafold2_model_3_seed_004.pdb
172,40,Chemokine,0.74916,anc0_40_V_unrelaxed_rank_002_alphafold2_model_3_seed_001.pdb
173,40,Chemokine,0.75314,anc0_40_V_unrelaxed_rank_003_alphafold2_model_2_seed_003.pdb
174,40,Chemokine,0.7455,anc0_40_V_unrelaxed_rank_004_alphafold2_model_1_seed_002.pdb
175,40,Chemokine,0.74975,anc0_40_V_unrelaxed_rank_005_alphafold2_model_3_seed_002.pdb
176,40,Chemokine,0.73438,anc0_40_V_unrelaxed_rank_006_alphafold2_model_1_seed_004.pdb
177,40,Chemokine,0.75008,anc0_40_V_unrelaxed_rank_007_alphafold2_model_2_seed_004.pdb
178,40,Chemokine,0.75176,anc0_40_V_unrelaxed_rank_008_alphafold2_model_2_seed_002.pdb
179,40,Chemokine,0.74973,anc0_40_V_unrelaxed_rank_009_alphafold2_model_2_seed_000.pdb
180,40,Chemokine,0.75066,anc0_40_V_unrelaxed_rank_010_alphafold2_model_2_seed_001.pdb
181,40,Chemokine,0.70491,anc0_40_V_unrelaxed_rank_011_alphafold2_model_3_seed_003.pdb
182,40,Chemokine,0.71959,anc0_40_V_unrelaxed_rank_012_alphafold2_model_1_seed_000.pdb
183,40,Chemokine,0.72154,anc0_40_V_unrelaxed_rank_013_alphafold2_model_1_seed_003.pdb
184,40,Chemokine,0.75243,anc0_40_V_unrelaxed_rank_014_alphafold2_model_5_seed_000.pdb
185,40,Chemokine,0.75006,anc0_40_V_unrelaxed_rank_015_alphafold2_model_5_seed_001.pdb
186,40,Chemokine,0.74476,anc0_40_V_unrelaxed_rank_016_alphafold2_model_5_seed_004.pdb
187,40,Chemokine,0.74201,anc0_40_V_unrelaxed_rank_017_alphafold2_model_5_seed_003.pdb
188,40,Chemokine,0.72786,anc0_40_V_unrelaxed_rank_018_alphafold2_model_5_seed_002.pdb
189,40,Chemokine,0.74959,anc0_40_V_unrelaxed_rank_019_alphafold2_model_3_seed_000.pdb
190,40,Chemokine,0.70073,anc0_40_V_unrelaxed_rank_020_alphafold2_model_4_seed_004.pdb
191,40,Chemokine,0.64954,anc0_40_V_unrelaxed_rank_021_alphafold2_model_4_seed_001.pdb
192,40,Chemokine,0.65684,anc0_40_V_unrelaxed_rank_022_alphafold2_model_4_seed_003.pdb
193,40,Chemokine,0.64088,anc0_40_V_unrelaxed_rank_023_alphafold2_model_4_seed_000.pdb
194,40,Chemokine,0.64869,anc0_40_V_unrelaxed_rank_024_alphafold2_model_4_seed_002.pdb
195,45,Dimer,0.56321,anc0_45_I_unrelaxed_rank_002_alphafold2_model_5_seed_000.pdb
196,45,Dimer,0.56063,anc0_45_I_unrelaxed_rank_003_alphafold2_model_3_seed_000.pdb
197,45,Dimer,0.562,anc0_45_I_unrelaxed_rank_004_alphafold2_model_5_seed_003.pdb
198,45,Chemokine,0.65048,anc0_45_I_unrelaxed_rank_005_alphafold2_model_4_seed_000.pdb
199,45,Dimer,0.52569,anc0_45_I_unrelaxed_rank_006_alphafold2_model_2_seed_003.pdb
200,45,Chemokine,0.65234,anc0_45_I_unrelaxed_rank_007_alphafold2_model_4_seed_003.pdb
201,45,Dimer,0.54803,anc0_45_I_unrelaxed_rank_008_alphafold2_model_5_seed_001.pdb
202,45,Dimer,0.55522,anc0_45_I_unrelaxed_rank_009_alphafold2_model_5_seed_004.pdb
203,45,Dimer,0.55135,anc0_45_I_unrelaxed_rank_010_alphafold2_model_5_seed_002.pdb
204,45,Dimer,0.55849,anc0_45_I_unrelaxed_rank_011_alphafold2_model_2_seed_001.pdb
205,45,Dimer,0.59028,anc0_45_I_unrelaxed_rank_012_alphafold2_model_2_seed_004.pdb
206,45,Dimer,0.55818,anc0_45_L_unrelaxed_rank_001_alphafold2_model_3_seed_000.pdb
207,45,Dimer,0.562,anc0_45_L_unrelaxed_rank_006_alphafold2_model_5_seed_003.pdb
208,45,Dimer,0.56136,anc0_45_L_unrelaxed_rank_007_alphafold2_model_5_seed_004.pdb
209,45,Dimer,0.56187,anc0_45_L_unrelaxed_rank_008_alphafold2_model_5_seed_000.pdb
210,45,Dimer,0.56121,anc0_45_L_unrelaxed_rank_009_alphafold2_model_5_seed_001.pdb
211,45,Chemokine,0.65914,anc0_45_L_unrelaxed_rank_010_alphafold2_model_4_seed_000.pdb
212,45,Dimer,0.54957,anc0_45_L_unrelaxed_rank_011_alphafold2_model_3_seed_001.pdb
213,45,Dimer,0.55962,anc0_45_L_unrelaxed_rank_012_alphafold2_model_5_seed_002.pdb
214,45,Dimer,0.52909,anc0_45_L_unrelaxed_rank_013_alphafold2_model_3_seed_002.pdb
215,45,Dimer,0.54542,anc0_45_L_unrelaxed_rank_014_alphafold2_model_3_seed_004.pdb
216,45,Dimer,0.54428,anc0_45_L_unrelaxed_rank_015_alphafold2_model_3_seed_003.pdb
217,45,Dimer,0.56146,anc0_45_V_unrelaxed_rank_005_alphafold2_model_3_seed_000.pdb
218,45,Dimer,0.54337,anc0_45_V_unrelaxed_rank_006_alphafold2_model_5_seed_003.pdb
219,45,Dimer,0.55741,anc0_45_V_unrelaxed_rank_007_alphafold2_model_5_seed_004.pdb
220,45,Dimer,0.55849,anc0_45_V_unrelaxed_rank_008_alphafold2_model_5_seed_001.pdb
221,45,Dimer,0.55486,anc0_45_V_unrelaxed_rank_009_alphafold2_model_5_seed_002.pdb
222,47,Chemokine,0.74827,anc0_47_I_unrelaxed_rank_001_alphafold2_model_3_seed_004.pdb
223,47,Chemokine,0.75033,anc0_47_I_unrelaxed_rank_002_alphafold2_model_3_seed_002.pdb
224,47,Chemokine,0.7463,anc0_47_I_unrelaxed_rank_003_alphafold2_model_3_seed_003.pdb
225,47,Chemokine,0.74998,anc0_47_I_unrelaxed_rank_004_alphafold2_model_3_seed_000.pdb
226,47,Chemokine,0.75308,anc0_47_I_unrelaxed_rank_005_alphafold2_model_3_seed_001.pdb
227,47,Chemokine,0.74645,anc0_47_I_unrelaxed_rank_006_alphafold2_model_4_seed_004.pdb
228,47,Chemokine,0.74649,anc0_47_I_unrelaxed_rank_007_alphafold2_model_4_seed_001.pdb
229,47,Chemokine,0.74737,anc0_47_I_unrelaxed_rank_008_alphafold2_model_4_seed_003.pdb
230,47,Chemokine,0.74652,anc0_47_I_unrelaxed_rank_009_alphafold2_model_4_seed_002.pdb
231,47,Chemokine,0.74648,anc0_47_I_unrelaxed_rank_010_alphafold2_model_4_seed_000.pdb
232,47,Chemokine,0.74004,anc0_47_I_unrelaxed_rank_011_alphafold2_model_1_seed_004.pdb
233,47,Chemokine,0.74616,anc0_47_I_unrelaxed_rank_012_alphafold2_model_1_seed_002.pdb
234,47,Chemokine,0.75143,anc0_47_I_unrelaxed_rank_013_alphafold2_model_2_seed_003.pdb
235,47,Chemokine,0.75544,anc0_47_I_unrelaxed_rank_014_alphafold2_model_2_seed_002.pdb
236,47,Chemokine,0.74796,anc0_47_I_unrelaxed_rank_015_alphafold2_model_2_seed_001.pdb
237,47,Chemokine,0.74796,anc0_47_I_unrelaxed_rank_016_alphafold2_model_5_seed_001.pdb
238,47,Chemokine,0.74906,anc0_47_I_unrelaxed_rank_017_alphafold2_model_5_seed_000.pdb
239,47,Chemokine,0.71176,anc0_47_I_unrelaxed_rank_018_alphafold2_model_5_seed_004.pdb
240,47,Chemokine,0.70991,anc0_47_I_unrelaxed_rank_019_alphafold2_model_5_seed_002.pdb
241,47,Chemokine,0.72833,anc0_47_I_unrelaxed_rank_020_alphafold2_model_5_seed_003.pdb
242,47,Chemokine,0.74105,anc0_47_I_unrelaxed_rank_021_alphafold2_model_2_seed_004.pdb
243,47,Chemokine,0.72965,anc0_47_I_unrelaxed_rank_022_alphafold2_model_1_seed_001.pdb
244,47,Chemokine,0.56055,anc0_47_I_unrelaxed_rank_023_alphafold2_model_1_seed_003.pdb
245,47,Chemokine,0.55772,anc0_47_I_unrelaxed_rank_024_alphafold2_model_1_seed_000.pdb
246,47,Chemokine,0.74977,anc0_47_L_unrelaxed_rank_001_alphafold2_model_3_seed_001.pdb
247,47,Chemokine,0.74879,anc0_47_L_unrelaxed_rank_002_alphafold2_model_3_seed_004.pdb
248,47,Chemokine,0.75105,anc0_47_L_unrelaxed_rank_003_alphafold2_model_3_seed_002.pdb
249,47,Chemokine,0.75396,anc0_47_L_unrelaxed_rank_004_alphafold2_model_3_seed_003.pdb
250,47,Chemokine,0.73216,anc0_47_L_unrelaxed_rank_005_alphafold2_model_1_seed_002.pdb
251,47,Chemokine,0.73723,anc0_47_L_unrelaxed_rank_006_alphafold2_model_1_seed_004.pdb
252,47,Chemokine,0.75117,anc0_47_L_unrelaxed_rank_007_alphafold2_model_2_seed_003.pdb
253,47,Chemokine,0.73974,anc0_47_L_unrelaxed_rank_008_alphafold2_model_4_seed_001.pdb
254,47,Chemokine,0.74116,anc0_47_L_unrelaxed_rank_009_alphafold2_model_4_seed_000.pdb
255,47,Chemokine,0.74212,anc0_47_L_unrelaxed_rank_010_alphafold2_model_4_seed_002.pdb
256,47,Chemokine,0.75386,anc0_47_L_unrelaxed_rank_011_alphafold2_model_2_seed_004.pdb
257,47,Chemokine,0.74536,anc0_47_L_unrelaxed_rank_012_alphafold2_model_4_seed_003.pdb
258,47,Chemokine,0.74265,anc0_47_L_unrelaxed_rank_013_alphafold2_model_4_seed_004.pdb
259,47,Chemokine,0.74925,anc0_47_L_unrelaxed_rank_014_alphafold2_model_2_seed_001.pdb
260,47,Chemokine,0.7195,anc0_47_L_unrelaxed_rank_015_alphafold2_model_1_seed_003.pdb
261,47,Chemokine,0.70664,anc0_47_L_unrelaxed_rank_016_alphafold2_model_1_seed_000.pdb
262,47,Chemokine,0.74801,anc0_47_L_unrelaxed_rank_017_alphafold2_model_2_seed_002.pdb
263,47,Chemokine,0.74121,anc0_47_L_unrelaxed_rank_018_alphafold2_model_2_seed_000.pdb
264,47,Chemokine,0.70251,anc0_47_L_unrelaxed_rank_019_alphafold2_model_5_seed_003.pdb
265,47,Chemokine,0.70648,anc0_47_L_unrelaxed_rank_020_alphafold2_model_5_seed_002.pdb
266,47,Chemokine,0.70062,anc0_47_L_unrelaxed_rank_021_alphafold2_model_5_seed_001.pdb
267,47,Chemokine,0.70177,anc0_47_L_unrelaxed_rank_022_alphafold2_model_5_seed_000.pdb
268,47,Chemokine,0.70589,anc0_47_L_unrelaxed_rank_023_alphafold2_model_5_seed_004.pdb
269,47,Chemokine,0.75645,anc0_47_M_unrelaxed_rank_001_alphafold2_model_3_seed_004.pdb
270,47,Chemokine,0.75187,anc0_47_M_unrelaxed_rank_002_alphafold2_model_3_seed_003.pdb
271,47,Chemokine,0.75216,anc0_47_M_unrelaxed_rank_003_alphafold2_model_3_seed_002.pdb
272,47,Chemokine,0.74445,anc0_47_M_unrelaxed_rank_004_alphafold2_model_1_seed_000.pdb
273,47,Chemokine,0.72507,anc0_47_M_unrelaxed_rank_005_alphafold2_model_3_seed_001.pdb
274,47,Chemokine,0.7444,anc0_47_M_unrelaxed_rank_006_alphafold2_model_1_seed_002.pdb
275,47,Chemokine,0.73397,anc0_47_M_unrelaxed_rank_007_alphafold2_model_3_seed_000.pdb
276,47,Chemokine,0.75199,anc0_47_M_unrelaxed_rank_008_alphafold2_model_4_seed_004.pdb
277,47,Chemokine,0.75127,anc0_47_M_unrelaxed_rank_009_alphafold2_model_4_seed_000.pdb
278,47,Chemokine,0.73655,anc0_47_M_unrelaxed_rank_010_alphafold2_model_1_seed_004.pdb
279,47,Chemokine,0.74785,anc0_47_M_unrelaxed_rank_011_alphafold2_model_4_seed_001.pdb
280,47,Chemokine,0.75202,anc0_47_M_unrelaxed_rank_012_alphafold2_model_4_seed_003.pdb
281,47,Chemokine,0.74847,anc0_47_M_unrelaxed_rank_013_alphafold2_model_4_seed_002.pdb
282,47,Chemokine,0.75092,anc0_47_M_unrelaxed_rank_014_alphafold2_model_2_seed_000.pdb
283,47,Chemokine,0.75569,anc0_47_M_unrelaxed_rank_015_alphafold2_model_2_seed_002.pdb
284,47,Chemokine,0.75641,anc0_47_M_unrelaxed_rank_016_alphafold2_model_2_seed_004.pdb
285,47,Chemokine,0.74669,anc0_47_M_unrelaxed_rank_017_alphafold2_model_1_seed_001.pdb
286,47,Chemokine,0.75239,anc0_47_M_unrelaxed_rank_018_alphafold2_model_5_seed_004.pdb
287,47,Chemokine,0.76144,anc0_47_M_unrelaxed_rank_019_alphafold2_model_2_seed_001.pdb
288,47,Chemokine,0.74816,anc0_47_M_unrelaxed_rank_020_alphafold2_model_1_seed_003.pdb
289,47,Chemokine,0.70727,anc0_47_M_unrelaxed_rank_021_alphafold2_model_5_seed_001.pdb
290,47,Chemokine,0.71533,anc0_47_M_unrelaxed_rank_022_alphafold2_model_5_seed_002.pdb
291,47,Chemokine,0.71063,anc0_47_M_unrelaxed_rank_023_alphafold2_model_5_seed_003.pdb
292,47,Chemokine,0.70981,anc0_47_M_unrelaxed_rank_024_alphafold2_model_5_seed_000.pdb
293,A,Chemokine,0.75071,anc0_A_unrelaxed_rank_001_alphafold2_model_3_seed_002.pdb
294,A,Chemokine,0.75063,anc0_A_unrelaxed_rank_002_alphafold2_model_3_seed_004.pdb
295,A,Chemokine,0.75077,anc0_A_unrelaxed_rank_003_alphafold2_model_3_seed_000.pdb
296,A,Chemokine,0.74968,anc0_A_unrelaxed_rank_004_alphafold2_model_3_seed_003.pdb
297,A,Chemokine,0.74846,anc0_A_unrelaxed_rank_005_alphafold2_model_3_seed_001.pdb
298,A,Chemokine,0.75787,anc0_A_unrelaxed_rank_006_alphafold2_model_2_seed_004.pdb
299,A,Chemokine,0.75758,anc0_A_unrelaxed_rank_007_alphafold2_model_2_seed_000.pdb
300,A,Chemokine,0.7581,anc0_A_unrelaxed_rank_008_alphafold2_model_2_seed_001.pdb
301,A,Chemokine,0.7604,anc0_A_unrelaxed_rank_009_alphafold2_model_2_seed_002.pdb
302,A,Chemokine,0.75882,anc0_A_unrelaxed_rank_010_alphafold2_model_2_seed_003.pdb
303,A,Chemokine,0.7517,anc0_A_unrelaxed_rank_011_alphafold2_model_1_seed_004.pdb
304,A,Chemokine,0.75233,anc0_A_unrelaxed_rank_012_alphafold2_model_1_seed_000.pdb
305,A,Chemokine,0.7505,anc0_A_unrelaxed_rank_013_alphafold2_model_1_seed_001.pdb
306,A,Chemokine,0.75172,anc0_A_unrelaxed_rank_014_alphafold2_model_1_seed_002.pdb
307,A,Chemokine,0.74549,anc0_A_unrelaxed_rank_015_alphafold2_model_4_seed_002.pdb
308,A,Chemokine,0.7461,anc0_A_unrelaxed_rank_016_alphafold2_model_4_seed_001.pdb
309,A,Chemokine,0.7491,anc0_A_unrelaxed_rank_017_alphafold2_model_4_seed_000.pdb
310,A,Chemokine,0.74732,anc0_A_unrelaxed_rank_018_alphafold2_model_4_seed_004.pdb
311,A,Chemokine,0.7483,anc0_A_unrelaxed_rank_019_alphafold2_model_4_seed_003.pdb
312,A,Chemokine,0.70376,anc0_A_unrelaxed_rank_020_alphafold2_model_5_seed_004.pdb
313,A,Chemokine,0.70672,anc0_A_unrelaxed_rank_021_alphafold2_model_5_seed_002.pdb
314,A,Chemokine,0.70487,anc0_A_unrelaxed_rank_022_alphafold2_model_5_seed_003.pdb
315,A,Chemokine,0.70644,anc0_A_unrelaxed_rank_023_alphafold2_model_5_seed_000.pdb
316,A,Chemokine,0.70245,anc0_A_unrelaxed_rank_024_alphafold2_model_5_seed_001.pdb
317,A,Chemokine,0.56767,anc0_A_unrelaxed_rank_025_alphafold2_model_1_seed_003.pdb
318,G,Chemokine,0.76248,anc0_G_unrelaxed_rank_001_alphafold2_model_3_seed_002.pdb
319,G,Chemokine,0.76279,anc0_G_unrelaxed_rank_002_alphafold2_model_3_seed_004.pdb
320,G,Chemokine,0.77509,anc0_G_unrelaxed_rank_003_alphafold2_model_2_seed_004.pdb
321,G,Chemokine,0.7715,anc0_G_unrelaxed_rank_004_alphafold2_model_2_seed_003.pdb
322,G,Chemokine,0.77369,anc0_G_unrelaxed_rank_005_alphafold2_model_2_seed_000.pdb
323,G,Chemokine,0.77547,anc0_G_unrelaxed_rank_006_alphafold2_model_2_seed_002.pdb
324,G,Chemokine,0.75863,anc0_G_unrelaxed_rank_007_alphafold2_model_3_seed_003.pdb
325,G,Chemokine,0.75671,anc0_G_unrelaxed_rank_008_alphafold2_model_3_seed_000.pdb
326,G,Chemokine,0.77121,anc0_G_unrelaxed_rank_009_alphafold2_model_2_seed_001.pdb
327,G,Chemokine,0.7565,anc0_G_unrelaxed_rank_010_alphafold2_model_3_seed_001.pdb
328,G,Chemokine,0.7625,anc0_G_unrelaxed_rank_011_alphafold2_model_1_seed_004.pdb
329,G,Chemokine,0.76145,anc0_G_unrelaxed_rank_012_alphafold2_model_1_seed_002.pdb
330,G,Chemokine,0.76356,anc0_G_unrelaxed_rank_013_alphafold2_model_1_seed_000.pdb
331,G,Chemokine,0.76443,anc0_G_unrelaxed_rank_014_alphafold2_model_1_seed_003.pdb
332,G,Chemokine,0.75437,anc0_G_unrelaxed_rank_015_alphafold2_model_1_seed_001.pdb
333,G,Chemokine,0.75264,anc0_G_unrelaxed_rank_016_alphafold2_model_4_seed_004.pdb
334,G,Chemokine,0.75258,anc0_G_unrelaxed_rank_017_alphafold2_model_4_seed_001.pdb
335,G,Chemokine,0.75312,anc0_G_unrelaxed_rank_018_alphafold2_model_4_seed_002.pdb
336,G,Chemokine,0.75266,anc0_G_unrelaxed_rank_019_alphafold2_model_4_seed_000.pdb
337,G,Chemokine,0.75399,anc0_G_unrelaxed_rank_020_alphafold2_model_4_seed_003.pdb
338,G,Chemokine,0.7578,anc0_G_unrelaxed_rank_021_alphafold2_model_5_seed_000.pdb
339,G,Chemokine,0.75731,anc0_G_unrelaxed_rank_022_alphafold2_model_5_seed_001.pdb
340,G,Chemokine,0.75938,anc0_G_unrelaxed_rank_023_alphafold2_model_5_seed_003.pdb
341,G,Chemokine,0.75751,anc0_G_unrelaxed_rank_024_alphafold2_model_5_seed_002.pdb
342,G,Chemokine,0.69714,anc0_G_unrelaxed_rank_025_alphafold2_model_5_seed_004.pdb
343,I,Chemokine,0.74827,anc0_I_unrelaxed_rank_001_alphafold2_model_3_seed_004.pdb
344,I,Chemokine,0.75033,anc0_I_unrelaxed_rank_002_alphafold2_model_3_seed_002.pdb
345,I,Chemokine,0.7463,anc0_I_unrelaxed_rank_003_alphafold2_model_3_seed_003.pdb
346,I,Chemokine,0.74998,anc0_I_unrelaxed_rank_004_alphafold2_model_3_seed_000.pdb
347,I,Chemokine,0.75308,anc0_I_unrelaxed_rank_005_alphafold2_model_3_seed_001.pdb
348,I,Chemokine,0.74645,anc0_I_unrelaxed_rank_006_alphafold2_model_4_seed_004.pdb
349,I,Chemokine,0.74649,anc0_I_unrelaxed_rank_007_alphafold2_model_4_seed_001.pdb
350,I,Chemokine,0.74737,anc0_I_unrelaxed_rank_008_alphafold2_model_4_seed_003.pdb
351,I,Chemokine,0.74652,anc0_I_unrelaxed_rank_009_alphafold2_model_4_seed_002.pdb
352,I,Chemokine,0.74648,anc0_I_unrelaxed_rank_010_alphafold2_model_4_seed_000.pdb
353,I,Chemokine,0.74004,anc0_I_unrelaxed_rank_011_alphafold2_model_1_seed_004.pdb
354,I,Chemokine,0.74616,anc0_I_unrelaxed_rank_012_alphafold2_model_1_seed_002.pdb
355,I,Chemokine,0.75143,anc0_I_unrelaxed_rank_013_alphafold2_model_2_seed_003.pdb
356,I,Chemokine,0.75544,anc0_I_unrelaxed_rank_014_alphafold2_model_2_seed_002.pdb
357,I,Chemokine,0.74796,anc0_I_unrelaxed_rank_015_alphafold2_model_2_seed_001.pdb
358,I,Chemokine,0.74796,anc0_I_unrelaxed_rank_016_alphafold2_model_5_seed_001.pdb
359,I,Chemokine,0.74906,anc0_I_unrelaxed_rank_017_alphafold2_model_5_seed_000.pdb
360,I,Chemokine,0.71176,anc0_I_unrelaxed_rank_018_alphafold2_model_5_seed_004.pdb
361,I,Chemokine,0.70991,anc0_I_unrelaxed_rank_019_alphafold2_model_5_seed_002.pdb
362,I,Chemokine,0.72833,anc0_I_unrelaxed_rank_020_alphafold2_model_5_seed_003.pdb
363,I,Chemokine,0.74105,anc0_I_unrelaxed_rank_021_alphafold2_model_2_seed_004.pdb
364,I,Chemokine,0.72965,anc0_I_unrelaxed_rank_022_alphafold2_model_1_seed_001.pdb
365,I,Chemokine,0.56055,anc0_I_unrelaxed_rank_023_alphafold2_model_1_seed_003.pdb
366,I,Chemokine,0.55772,anc0_I_unrelaxed_rank_024_alphafold2_model_1_seed_000.pdb
367,14,Chemokine,0.73682,anc2_14_I_unrelaxed_rank_001_alphafold2_model_3_seed_000.pdb
368,14,Chemokine,0.73383,anc2_14_I_unrelaxed_rank_002_alphafold2_model_3_seed_002.pdb
369,14,Chemokine,0.73593,anc2_14_I_unrelaxed_rank_003_alphafold2_model_3_seed_003.pdb
370,14,Chemokine,0.73483,anc2_14_I_unrelaxed_rank_004_alphafold2_model_3_seed_004.pdb
371,14,Chemokine,0.7364,anc2_14_I_unrelaxed_rank_005_alphafold2_model_3_seed_001.pdb
372,14,Chemokine,0.73762,anc2_14_I_unrelaxed_rank_006_alphafold2_model_1_seed_003.pdb
373,14,Chemokine,0.73241,anc2_14_I_unrelaxed_rank_007_alphafold2_model_1_seed_000.pdb
374,14,Chemokine,0.75098,anc2_14_I_unrelaxed_rank_008_alphafold2_model_4_seed_003.pdb
375,14,Chemokine,0.73882,anc2_14_I_unrelaxed_rank_009_alphafold2_model_2_seed_000.pdb
376,14,Chemokine,0.73314,anc2_14_I_unrelaxed_rank_010_alphafold2_model_2_seed_002.pdb
377,14,Chemokine,0.74923,anc2_14_I_unrelaxed_rank_011_alphafold2_model_2_seed_003.pdb
378,14,Chemokine,0.75323,anc2_14_I_unrelaxed_rank_012_alphafold2_model_4_seed_001.pdb
379,14,Chemokine,0.73947,anc2_14_I_unrelaxed_rank_013_alphafold2_model_1_seed_002.pdb
380,14,Chemokine,0.76085,anc2_14_I_unrelaxed_rank_014_alphafold2_model_5_seed_004.pdb
381,14,Chemokine,0.75162,anc2_14_I_unrelaxed_rank_015_alphafold2_model_4_seed_000.pdb
382,14,Chemokine,0.75979,anc2_14_I_unrelaxed_rank_016_alphafold2_model_5_seed_003.pdb
383,14,Chemokine,0.75213,anc2_14_I_unrelaxed_rank_017_alphafold2_model_4_seed_004.pdb
384,14,Chemokine,0.75951,anc2_14_I_unrelaxed_rank_018_alphafold2_model_5_seed_000.pdb
385,14,Chemokine,0.7594,anc2_14_I_unrelaxed_rank_019_alphafold2_model_5_seed_001.pdb
386,14,Chemokine,0.74805,anc2_14_I_unrelaxed_rank_020_alphafold2_model_5_seed_002.pdb
387,14,Dimer,0.50723,anc2_14_I_unrelaxed_rank_021_alphafold2_model_2_seed_001.pdb
388,14,Chemokine,0.75417,anc2_14_I_unrelaxed_rank_022_alphafold2_model_4_seed_002.pdb
389,14,Chemokine,0.72438,anc2_14_I_unrelaxed_rank_023_alphafold2_model_1_seed_004.pdb
390,14,Dimer,0.50806,anc2_14_I_unrelaxed_rank_024_alphafold2_model_2_seed_004.pdb
391,14,Chemokine,0.73404,anc2_14_L_unrelaxed_rank_001_alphafold2_model_3_seed_004.pdb
392,14,Chemokine,0.73515,anc2_14_L_unrelaxed_rank_002_alphafold2_model_3_seed_001.pdb
393,14,Chemokine,0.7373,anc2_14_L_unrelaxed_rank_003_alphafold2_model_3_seed_003.pdb
394,14,Chemokine,0.73648,anc2_14_L_unrelaxed_rank_004_alphafold2_model_3_seed_000.pdb
395,14,Chemokine,0.73311,anc2_14_L_unrelaxed_rank_005_alphafold2_model_3_seed_002.pdb
396,14,Chemokine,0.72269,anc2_14_L_unrelaxed_rank_007_alphafold2_model_1_seed_000.pdb
397,14,Chemokine,0.75477,anc2_14_L_unrelaxed_rank_008_alphafold2_model_2_seed_002.pdb
398,14,Chemokine,0.72534,anc2_14_L_unrelaxed_rank_009_alphafold2_model_1_seed_003.pdb
399,14,Chemokine,0.74698,anc2_14_L_unrelaxed_rank_010_alphafold2_model_2_seed_003.pdb
400,14,Chemokine,0.72552,anc2_14_L_unrelaxed_rank_011_alphafold2_model_1_seed_002.pdb
401,14,Chemokine,0.74387,anc2_14_L_unrelaxed_rank_012_alphafold2_model_4_seed_000.pdb
402,14,Chemokine,0.74481,anc2_14_L_unrelaxed_rank_013_alphafold2_model_4_seed_002.pdb
403,14,Chemokine,0.74623,anc2_14_L_unrelaxed_rank_014_alphafold2_model_4_seed_001.pdb
404,14,Chemokine,0.745,anc2_14_L_unrelaxed_rank_015_alphafold2_model_4_seed_004.pdb
405,14,Chemokine,0.74866,anc2_14_L_unrelaxed_rank_016_alphafold2_model_2_seed_000.pdb
406,14,Chemokine,0.75646,anc2_14_L_unrelaxed_rank_017_alphafold2_model_5_seed_004.pdb
407,14,Chemokine,0.75578,anc2_14_L_unrelaxed_rank_018_alphafold2_model_5_seed_000.pdb
408,14,Chemokine,0.75406,anc2_14_L_unrelaxed_rank_019_alphafold2_model_5_seed_002.pdb
409,14,Chemokine,0.755,anc2_14_L_unrelaxed_rank_020_alphafold2_model_5_seed_003.pdb
410,14,Chemokine,0.75469,anc2_14_L_unrelaxed_rank_021_alphafold2_model_5_seed_001.pdb
411,14,Chemokine,0.75799,anc2_14_L_unrelaxed_rank_022_alphafold2_model_4_seed_003.pdb
412,14,Dimer,0.50619,anc2_14_L_unrelaxed_rank_023_alphafold2_model_2_seed_004.pdb
413,14,Chemokine,0.73828,anc2_14_V_unrelaxed_rank_001_alphafold2_model_3_seed_004.pdb
414,14,Chemokine,0.73728,anc2_14_V_unrelaxed_rank_002_alphafold2_model_3_seed_003.pdb
415,14,Chemokine,0.73169,anc2_14_V_unrelaxed_rank_003_alphafold2_model_3_seed_002.pdb
416,14,Chemokine,0.73345,anc2_14_V_unrelaxed_rank_004_alphafold2_model_3_seed_001.pdb
417,14,Chemokine,0.73214,anc2_14_V_unrelaxed_rank_005_alphafold2_model_1_seed_003.pdb
418,14,Chemokine,0.73495,anc2_14_V_unrelaxed_rank_006_alphafold2_model_3_seed_000.pdb
419,14,Chemokine,0.75064,anc2_14_V_unrelaxed_rank_007_alphafold2_model_2_seed_002.pdb
420,14,Chemokine,0.73883,anc2_14_V_unrelaxed_rank_008_alphafold2_model_2_seed_003.pdb
421,14,Chemokine,0.75464,anc2_14_V_unrelaxed_rank_009_alphafold2_model_2_seed_001.pdb
422,14,Chemokine,0.731,anc2_14_V_unrelaxed_rank_010_alphafold2_model_1_seed_002.pdb
423,14,Chemokine,0.74815,anc2_14_V_unrelaxed_rank_011_alphafold2_model_2_seed_004.pdb
424,14,Chemokine,0.75217,anc2_14_V_unrelaxed_rank_012_alphafold2_model_4_seed_000.pdb
425,14,Chemokine,0.75529,anc2_14_V_unrelaxed_rank_013_alphafold2_model_4_seed_002.pdb
426,14,Chemokine,0.75448,anc2_14_V_unrelaxed_rank_014_alphafold2_model_4_seed_004.pdb
427,14,Chemokine,0.73603,anc2_14_V_unrelaxed_rank_015_alphafold2_model_2_seed_000.pdb
428,14,Chemokine,0.72208,anc2_14_V_unrelaxed_rank_016_alphafold2_model_5_seed_002.pdb
429,14,Chemokine,0.74289,anc2_14_V_unrelaxed_rank_017_alphafold2_model_4_seed_001.pdb
430,14,Chemokine,0.72542,anc2_14_V_unrelaxed_rank_018_alphafold2_model_5_seed_001.pdb
431,14,Chemokine,0.72536,anc2_14_V_unrelaxed_rank_019_alphafold2_model_5_seed_000.pdb
432,14,Chemokine,0.73181,anc2_14_V_unrelaxed_rank_020_alphafold2_model_5_seed_004.pdb
433,14,Chemokine,0.75719,anc2_14_V_unrelaxed_rank_021_alphafold2_model_5_seed_003.pdb
434,14,Chemokine,0.75014,anc2_14_V_unrelaxed_rank_022_alphafold2_model_4_seed_003.pdb
435,38,Chemokine,0.74464,anc2_38_I_unrelaxed_rank_001_alphafold2_model_3_seed_002.pdb
436,38,Chemokine,0.74325,anc2_38_I_unrelaxed_rank_002_alphafold2_model_3_seed_004.pdb
437,38,Chemokine,0.74957,anc2_38_I_unrelaxed_rank_003_alphafold2_model_3_seed_001.pdb
438,38,Chemokine,0.74581,anc2_38_I_unrelaxed_rank_004_alphafold2_model_3_seed_003.pdb
439,38,Chemokine,0.74953,anc2_38_I_unrelaxed_rank_005_alphafold2_model_3_seed_000.pdb
440,38,Chemokine,0.74879,anc2_38_I_unrelaxed_rank_006_alphafold2_model_1_seed_002.pdb
441,38,Chemokine,0.73648,anc2_38_I_unrelaxed_rank_007_alphafold2_model_1_seed_003.pdb
442,38,Chemokine,0.75415,anc2_38_I_unrelaxed_rank_008_alphafold2_model_4_seed_001.pdb
443,38,Chemokine,0.75814,anc2_38_I_unrelaxed_rank_009_alphafold2_model_5_seed_002.pdb
444,38,Chemokine,0.75747,anc2_38_I_unrelaxed_rank_010_alphafold2_model_5_seed_004.pdb
445,38,Chemokine,0.75663,anc2_38_I_unrelaxed_rank_011_alphafold2_model_5_seed_001.pdb
446,38,Chemokine,0.75959,anc2_38_I_unrelaxed_rank_012_alphafold2_model_5_seed_003.pdb
447,38,Chemokine,0.75495,anc2_38_I_unrelaxed_rank_013_alphafold2_model_4_seed_002.pdb
448,38,Chemokine,0.75867,anc2_38_I_unrelaxed_rank_014_alphafold2_model_5_seed_000.pdb
449,38,Chemokine,0.75795,anc2_38_I_unrelaxed_rank_015_alphafold2_model_4_seed_004.pdb
450,38,Chemokine,0.76033,anc2_38_I_unrelaxed_rank_016_alphafold2_model_4_seed_003.pdb
451,38,Chemokine,0.75998,anc2_38_I_unrelaxed_rank_017_alphafold2_model_4_seed_000.pdb
452,38,Chemokine,0.74678,anc2_38_I_unrelaxed_rank_018_alphafold2_model_2_seed_003.pdb
453,38,Chemokine,0.75427,anc2_38_I_unrelaxed_rank_019_alphafold2_model_2_seed_002.pdb
454,38,Chemokine,0.75941,anc2_38_L_unrelaxed_rank_001_alphafold2_model_3_seed_004.pdb
455,38,Chemokine,0.75849,anc2_38_L_unrelaxed_rank_002_alphafold2_model_3_seed_002.pdb
456,38,Chemokine,0.76028,anc2_38_L_unrelaxed_rank_003_alphafold2_model_3_seed_001.pdb
457,38,Chemokine,0.76131,anc2_38_L_unrelaxed_rank_004_alphafold2_model_3_seed_000.pdb
458,38,Chemokine,0.7607,anc2_38_L_unrelaxed_rank_005_alphafold2_model_3_seed_003.pdb
459,38,Chemokine,0.7523,anc2_38_L_unrelaxed_rank_006_alphafold2_model_1_seed_002.pdb
460,38,Chemokine,0.75838,anc2_38_L_unrelaxed_rank_007_alphafold2_model_2_seed_002.pdb
461,38,Chemokine,0.76038,anc2_38_L_unrelaxed_rank_008_alphafold2_model_2_seed_000.pdb
462,38,Chemokine,0.76499,anc2_38_L_unrelaxed_rank_009_alphafold2_model_4_seed_000.pdb
463,38,Chemokine,0.76085,anc2_38_L_unrelaxed_rank_010_alphafold2_model_5_seed_002.pdb
464,38,Chemokine,0.75989,anc2_38_L_unrelaxed_rank_011_alphafold2_model_5_seed_004.pdb
465,38,Chemokine,0.76261,anc2_38_L_unrelaxed_rank_012_alphafold2_model_4_seed_001.pdb
466,38,Chemokine,0.76033,anc2_38_L_unrelaxed_rank_013_alphafold2_model_5_seed_003.pdb
467,38,Chemokine,0.75976,anc2_38_L_unrelaxed_rank_014_alphafold2_model_5_seed_001.pdb
468,38,Chemokine,0.76202,anc2_38_L_unrelaxed_rank_015_alphafold2_model_5_seed_000.pdb
469,38,Chemokine,0.76219,anc2_38_L_unrelaxed_rank_016_alphafold2_model_4_seed_002.pdb
470,38,Chemokine,0.74173,anc2_38_L_unrelaxed_rank_017_alphafold2_model_2_seed_003.pdb
471,38,Chemokine,0.74698,anc2_38_L_unrelaxed_rank_018_alphafold2_model_2_seed_004.pdb
472,38,Chemokine,0.7632,anc2_38_L_unrelaxed_rank_019_alphafold2_model_4_seed_003.pdb
473,38,Chemokine,0.75155,anc2_38_V_unrelaxed_rank_001_alphafold2_model_3_seed_002.pdb
474,38,Chemokine,0.75346,anc2_38_V_unrelaxed_rank_002_alphafold2_model_3_seed_004.pdb
475,38,Chemokine,0.75175,anc2_38_V_unrelaxed_rank_003_alphafold2_model_3_seed_003.pdb
476,38,Chemokine,0.75368,anc2_38_V_unrelaxed_rank_004_alphafold2_model_3_seed_001.pdb
477,38,Chemokine,0.7508,anc2_38_V_unrelaxed_rank_005_alphafold2_model_3_seed_000.pdb
478,38,Chemokine,0.75611,anc2_38_V_unrelaxed_rank_006_alphafold2_model_2_seed_002.pdb
479,38,Chemokine,0.7567,anc2_38_V_unrelaxed_rank_007_alphafold2_model_2_seed_000.pdb
480,38,Chemokine,0.74273,anc2_38_V_unrelaxed_rank_008_alphafold2_model_1_seed_002.pdb
481,38,Chemokine,0.75835,anc2_38_V_unrelaxed_rank_009_alphafold2_model_2_seed_003.pdb
482,38,Chemokine,0.76267,anc2_38_V_unrelaxed_rank_010_alphafold2_model_5_seed_004.pdb
483,38,Chemokine,0.76384,anc2_38_V_unrelaxed_rank_011_alphafold2_model_5_seed_002.pdb
484,38,Chemokine,0.76435,anc2_38_V_unrelaxed_rank_012_alphafold2_model_5_seed_003.pdb
485,38,Chemokine,0.76469,anc2_38_V_unrelaxed_rank_013_alphafold2_model_4_seed_003.pdb
486,38,Chemokine,0.76346,anc2_38_V_unrelaxed_rank_014_alphafold2_model_5_seed_001.pdb
487,38,Chemokine,0.76298,anc2_38_V_unrelaxed_rank_015_alphafold2_model_5_seed_000.pdb
488,38,Chemokine,0.7678,anc2_38_V_unrelaxed_rank_016_alphafold2_model_4_seed_004.pdb
489,38,Chemokine,0.76725,anc2_38_V_unrelaxed_rank_017_alphafold2_model_4_seed_000.pdb
490,38,Chemokine,0.75848,anc2_38_V_unrelaxed_rank_018_alphafold2_model_4_seed_002.pdb
491,38,Chemokine,0.76268,anc2_38_V_unrelaxed_rank_019_alphafold2_model_4_seed_001.pdb
492,38,Chemokine,0.68159,anc2_38_V_unrelaxed_rank_020_alphafold2_model_1_seed_003.pdb
493,40,Chemokine,0.50163,anc2_40_G_unrelaxed_rank_002_alphafold2_model_1_seed_003.pdb
494,40,Chemokine,0.74749,anc2_40_I_unrelaxed_rank_001_alphafold2_model_3_seed_002.pdb
495,40,Chemokine,0.74634,anc2_40_I_unrelaxed_rank_002_alphafold2_model_3_seed_004.pdb
496,40,Chemokine,0.74902,anc2_40_I_unrelaxed_rank_003_alphafold2_model_3_seed_003.pdb
497,40,Chemokine,0.75185,anc2_40_I_unrelaxed_rank_004_alphafold2_model_3_seed_001.pdb
498,40,Chemokine,0.74997,anc2_40_I_unrelaxed_rank_005_alphafold2_model_1_seed_003.pdb
499,40,Chemokine,0.75434,anc2_40_I_unrelaxed_rank_006_alphafold2_model_2_seed_002.pdb
500,40,Chemokine,0.74882,anc2_40_I_unrelaxed_rank_007_alphafold2_model_3_seed_000.pdb
501,40,Chemokine,0.75014,anc2_40_I_unrelaxed_rank_008_alphafold2_model_1_seed_002.pdb
502,40,Chemokine,0.74944,anc2_40_I_unrelaxed_rank_009_alphafold2_model_1_seed_000.pdb
503,40,Chemokine,0.75201,anc2_40_I_unrelaxed_rank_010_alphafold2_model_1_seed_001.pdb
504,40,Chemokine,0.75718,anc2_40_I_unrelaxed_rank_011_alphafold2_model_2_seed_003.pdb
505,40,Chemokine,0.75395,anc2_40_I_unrelaxed_rank_012_alphafold2_model_1_seed_004.pdb
506,40,Chemokine,0.76152,anc2_40_I_unrelaxed_rank_013_alphafold2_model_2_seed_000.pdb
507,40,Chemokine,0.75652,anc2_40_I_unrelaxed_rank_014_alphafold2_model_2_seed_001.pdb
508,40,Chemokine,0.75639,anc2_40_I_unrelaxed_rank_015_alphafold2_model_4_seed_004.pdb
509,40,Chemokine,0.75802,anc2_40_I_unrelaxed_rank_016_alphafold2_model_5_seed_001.pdb
510,40,Chemokine,0.76174,anc2_40_I_unrelaxed_rank_017_alphafold2_model_5_seed_003.pdb
511,40,Chemokine,0.75806,anc2_40_I_unrelaxed_rank_018_alphafold2_model_4_seed_002.pdb
512,40,Chemokine,0.76194,anc2_40_I_unrelaxed_rank_019_alphafold2_model_4_seed_001.pdb
513,40,Chemokine,0.76206,anc2_40_I_unrelaxed_rank_020_alphafold2_model_4_seed_000.pdb
514,40,Chemokine,0.7639,anc2_40_I_unrelaxed_rank_021_alphafold2_model_4_seed_003.pdb
515,40,Chemokine,0.76251,anc2_40_I_unrelaxed_rank_022_alphafold2_model_5_seed_004.pdb
516,40,Chemokine,0.74944,anc2_40_V_unrelaxed_rank_001_alphafold2_model_3_seed_001.pdb
517,40,Chemokine,0.75941,anc2_40_V_unrelaxed_rank_002_alphafold2_model_2_seed_003.pdb
518,40,Chemokine,0.74796,anc2_40_V_unrelaxed_rank_003_alphafold2_model_3_seed_003.pdb
519,40,Chemokine,0.75552,anc2_40_V_unrelaxed_rank_004_alphafold2_model_2_seed_002.pdb
520,40,Chemokine,0.75904,anc2_40_V_unrelaxed_rank_005_alphafold2_model_3_seed_002.pdb
521,40,Chemokine,0.765,anc2_40_V_unrelaxed_rank_006_alphafold2_model_3_seed_004.pdb
522,40,Chemokine,0.75291,anc2_40_V_unrelaxed_rank_007_alphafold2_model_1_seed_003.pdb
523,40,Chemokine,0.75175,anc2_40_V_unrelaxed_rank_008_alphafold2_model_1_seed_002.pdb
524,40,Chemokine,0.75496,anc2_40_V_unrelaxed_rank_009_alphafold2_model_1_seed_000.pdb
525,40,Chemokine,0.76242,anc2_40_V_unrelaxed_rank_010_alphafold2_model_3_seed_000.pdb
526,40,Chemokine,0.74959,anc2_40_V_unrelaxed_rank_011_alphafold2_model_1_seed_001.pdb
527,40,Chemokine,0.76458,anc2_40_V_unrelaxed_rank_012_alphafold2_model_5_seed_004.pdb
528,40,Chemokine,0.76534,anc2_40_V_unrelaxed_rank_013_alphafold2_model_5_seed_003.pdb
529,40,Chemokine,0.76287,anc2_40_V_unrelaxed_rank_014_alphafold2_model_5_seed_001.pdb
530,40,Chemokine,0.763,anc2_40_V_unrelaxed_rank_015_alphafold2_model_4_seed_004.pdb
531,40,Chemokine,0.73964,anc2_40_V_unrelaxed_rank_016_alphafold2_model_2_seed_004.pdb
532,40,Chemokine,0.7651,anc2_40_V_unrelaxed_rank_017_alphafold2_model_4_seed_002.pdb
533,40,Chemokine,0.76546,anc2_40_V_unrelaxed_rank_018_alphafold2_model_4_seed_003.pdb
534,40,Chemokine,0.74615,anc2_40_V_unrelaxed_rank_019_alphafold2_model_1_seed_004.pdb
535,40,Chemokine,0.77238,anc2_40_V_unrelaxed_rank_020_alphafold2_model_5_seed_000.pdb
536,40,Chemokine,0.7418,anc2_40_V_unrelaxed_rank_021_alphafold2_model_2_seed_001.pdb
537,40,Chemokine,0.73697,anc2_40_V_unrelaxed_rank_022_alphafold2_model_2_seed_000.pdb
538,40,Chemokine,0.74812,anc2_40_V_unrelaxed_rank_023_alphafold2_model_4_seed_001.pdb
539,40,Chemokine,0.75123,anc2_40_V_unrelaxed_rank_024_alphafold2_model_4_seed_000.pdb
540,47,Chemokine,0.74464,anc2_47_I_unrelaxed_rank_001_alphafold2_model_3_seed_002.pdb
541,47,Chemokine,0.74325,anc2_47_I_unrelaxed_rank_002_alphafold2_model_3_seed_004.pdb
542,47,Chemokine,0.74957,anc2_47_I_unrelaxed_rank_003_alphafold2_model_3_seed_001.pdb
543,47,Chemokine,0.74581,anc2_47_I_unrelaxed_rank_004_alphafold2_model_3_seed_003.pdb
544,47,Chemokine,0.74953,anc2_47_I_unrelaxed_rank_005_alphafold2_model_3_seed_000.pdb
545,47,Chemokine,0.74879,anc2_47_I_unrelaxed_rank_006_alphafold2_model_1_seed_002.pdb
546,47,Chemokine,0.73648,anc2_47_I_unrelaxed_rank_007_alphafold2_model_1_seed_003.pdb
547,47,Chemokine,0.75415,anc2_47_I_unrelaxed_rank_008_alphafold2_model_4_seed_001.pdb
548,47,Chemokine,0.75814,anc2_47_I_unrelaxed_rank_009_alphafold2_model_5_seed_002.pdb
549,47,Chemokine,0.75747,anc2_47_I_unrelaxed_rank_010_alphafold2_model_5_seed_004.pdb
550,47,Chemokine,0.75663,anc2_47_I_unrelaxed_rank_011_alphafold2_model_5_seed_001.pdb
551,47,Chemokine,0.75959,anc2_47_I_unrelaxed_rank_012_alphafold2_model_5_seed_003.pdb
552,47,Chemokine,0.75495,anc2_47_I_unrelaxed_rank_013_alphafold2_model_4_seed_002.pdb
553,47,Chemokine,0.75867,anc2_47_I_unrelaxed_rank_014_alphafold2_model_5_seed_000.pdb
554,47,Chemokine,0.75795,anc2_47_I_unrelaxed_rank_015_alphafold2_model_4_seed_004.pdb
555,47,Chemokine,0.76033,anc2_47_I_unrelaxed_rank_016_alphafold2_model_4_seed_003.pdb
556,47,Chemokine,0.75998,anc2_47_I_unrelaxed_rank_017_alphafold2_model_4_seed_000.pdb
557,47,Chemokine,0.74678,anc2_47_I_unrelaxed_rank_018_alphafold2_model_2_seed_003.pdb
558,47,Chemokine,0.75427,anc2_47_I_unrelaxed_rank_019_alphafold2_model_2_seed_002.pdb
559,47,Chemokine,0.74911,anc2_47_L_unrelaxed_rank_001_alphafold2_model_3_seed_004.pdb
560,47,Chemokine,0.74843,anc2_47_L_unrelaxed_rank_002_alphafold2_model_3_seed_002.pdb
561,47,Chemokine,0.74965,anc2_47_L_unrelaxed_rank_003_alphafold2_model_3_seed_003.pdb
562,47,Chemokine,0.74919,anc2_47_L_unrelaxed_rank_004_alphafold2_model_3_seed_001.pdb
563,47,Chemokine,0.74574,anc2_47_L_unrelaxed_rank_005_alphafold2_model_3_seed_000.pdb
564,47,Chemokine,0.76205,anc2_47_L_unrelaxed_rank_006_alphafold2_model_2_seed_004.pdb
565,47,Chemokine,0.72364,anc2_47_L_unrelaxed_rank_007_alphafold2_model_1_seed_002.pdb
566,47,Chemokine,0.75474,anc2_47_L_unrelaxed_rank_008_alphafold2_model_2_seed_000.pdb
567,47,Chemokine,0.73852,anc2_47_L_unrelaxed_rank_009_alphafold2_model_2_seed_001.pdb
568,47,Chemokine,0.75775,anc2_47_L_unrelaxed_rank_010_alphafold2_model_5_seed_003.pdb
569,47,Chemokine,0.75813,anc2_47_L_unrelaxed_rank_011_alphafold2_model_4_seed_001.pdb
570,47,Chemokine,0.75793,anc2_47_L_unrelaxed_rank_012_alphafold2_model_4_seed_003.pdb
571,47,Chemokine,0.7455,anc2_47_L_unrelaxed_rank_013_alphafold2_model_4_seed_002.pdb
572,47,Chemokine,0.75499,anc2_47_L_unrelaxed_rank_014_alphafold2_model_5_seed_001.pdb
573,47,Chemokine,0.74866,anc2_47_L_unrelaxed_rank_015_alphafold2_model_4_seed_000.pdb
574,47,Chemokine,0.75579,anc2_47_L_unrelaxed_rank_016_alphafold2_model_5_seed_000.pdb
575,47,Chemokine,0.75422,anc2_47_L_unrelaxed_rank_017_alphafold2_model_5_seed_004.pdb
576,47,Chemokine,0.7443,anc2_47_L_unrelaxed_rank_018_alphafold2_model_2_seed_003.pdb
577,47,Chemokine,0.74424,anc2_47_L_unrelaxed_rank_019_alphafold2_model_2_seed_002.pdb
578,47,Chemokine,0.71759,anc2_47_L_unrelaxed_rank_020_alphafold2_model_1_seed_003.pdb
579,47,Chemokine,0.74682,anc2_47_L_unrelaxed_rank_021_alphafold2_model_5_seed_002.pdb
580,47,Chemokine,0.75426,anc2_47_M_unrelaxed_rank_001_alphafold2_model_3_seed_002.pdb
581,47,Chemokine,0.7567,anc2_47_M_unrelaxed_rank_002_alphafold2_model_3_seed_004.pdb
582,47,Chemokine,0.75653,anc2_47_M_unrelaxed_rank_003_alphafold2_model_3_seed_003.pdb
583,47,Chemokine,0.75831,anc2_47_M_unrelaxed_rank_004_alphafold2_model_3_seed_000.pdb
584,47,Chemokine,0.74745,anc2_47_M_unrelaxed_rank_005_alphafold2_model_3_seed_001.pdb
585,47,Chemokine,0.75205,anc2_47_M_unrelaxed_rank_006_alphafold2_model_1_seed_003.pdb
586,47,Chemokine,0.76105,anc2_47_M_unrelaxed_rank_007_alphafold2_model_2_seed_003.pdb
587,47,Chemokine,0.76192,anc2_47_M_unrelaxed_rank_008_alphafold2_model_2_seed_002.pdb
588,47,Chemokine,0.75463,anc2_47_M_unrelaxed_rank_009_alphafold2_model_1_seed_002.pdb
589,47,Chemokine,0.75459,anc2_47_M_unrelaxed_rank_010_alphafold2_model_1_seed_000.pdb
590,47,Chemokine,0.75536,anc2_47_M_unrelaxed_rank_011_alphafold2_model_2_seed_001.pdb
591,47,Chemokine,0.75664,anc2_47_M_unrelaxed_rank_012_alphafold2_model_5_seed_003.pdb
592,47,Chemokine,0.75509,anc2_47_M_unrelaxed_rank_013_alphafold2_model_5_seed_002.pdb
593,47,Chemokine,0.75483,anc2_47_M_unrelaxed_rank_014_alphafold2_model_2_seed_000.pdb
594,47,Chemokine,0.76472,anc2_47_M_unrelaxed_rank_015_alphafold2_model_4_seed_000.pdb
595,47,Chemokine,0.7669,anc2_47_M_unrelaxed_rank_016_alphafold2_model_4_seed_003.pdb
596,47,Chemokine,0.75547,anc2_47_M_unrelaxed_rank_017_alphafold2_model_5_seed_004.pdb
597,47,Chemokine,0.76014,anc2_47_M_unrelaxed_rank_018_alphafold2_model_5_seed_000.pdb
598,47,Chemokine,0.75794,anc2_47_M_unrelaxed_rank_019_alphafold2_model_2_seed_004.pdb
599,47,Chemokine,0.76484,anc2_47_M_unrelaxed_rank_020_alphafold2_model_4_seed_002.pdb
600,47,Chemokine,0.56904,anc2_47_M_unrelaxed_rank_021_alphafold2_model_4_seed_004.pdb
601,47,Chemokine,0.56819,anc2_47_M_unrelaxed_rank_022_alphafold2_model_4_seed_001.pdb
602,47,Chemokine,0.6817,anc2_47_M_unrelaxed_rank_023_alphafold2_model_1_seed_004.pdb
603,47,Chemokine,0.66143,anc2_47_M_unrelaxed_rank_024_alphafold2_model_5_seed_001.pdb
604,14,Chemokine,0.73181,anc2a_14_I_unrelaxed_rank_001_alphafold2_model_1_seed_003.pdb
605,14,Dimer,0.50893,anc2a_14_I_unrelaxed_rank_002_alphafold2_model_2_seed_002.pdb
606,14,Chemokine,0.74358,anc2a_14_I_unrelaxed_rank_003_alphafold2_model_2_seed_004.pdb
607,14,Chemokine,0.74238,anc2a_14_I_unrelaxed_rank_004_alphafold2_model_2_seed_000.pdb
608,14,Chemokine,0.73372,anc2a_14_I_unrelaxed_rank_005_alphafold2_model_3_seed_004.pdb
609,14,Chemokine,0.74492,anc2a_14_I_unrelaxed_rank_006_alphafold2_model_2_seed_001.pdb
610,14,Chemokine,0.73322,anc2a_14_I_unrelaxed_rank_007_alphafold2_model_3_seed_003.pdb
611,14,Chemokine,0.73332,anc2a_14_I_unrelaxed_rank_008_alphafold2_model_3_seed_002.pdb
612,14,Chemokine,0.73303,anc2a_14_I_unrelaxed_rank_009_alphafold2_model_3_seed_001.pdb
613,14,Chemokine,0.73291,anc2a_14_I_unrelaxed_rank_010_alphafold2_model_3_seed_000.pdb
614,14,Chemokine,0.74533,anc2a_14_I_unrelaxed_rank_011_alphafold2_model_1_seed_002.pdb
615,14,Chemokine,0.75119,anc2a_14_I_unrelaxed_rank_012_alphafold2_model_2_seed_003.pdb
616,14,Chemokine,0.74403,anc2a_14_I_unrelaxed_rank_013_alphafold2_model_5_seed_004.pdb
617,14,Chemokine,0.74065,anc2a_14_I_unrelaxed_rank_014_alphafold2_model_5_seed_002.pdb
618,14,Chemokine,0.74739,anc2a_14_I_unrelaxed_rank_015_alphafold2_model_4_seed_004.pdb
619,14,Chemokine,0.74467,anc2a_14_I_unrelaxed_rank_016_alphafold2_model_5_seed_003.pdb
620,14,Chemokine,0.74684,anc2a_14_I_unrelaxed_rank_017_alphafold2_model_4_seed_002.pdb
621,14,Chemokine,0.74581,anc2a_14_I_unrelaxed_rank_018_alphafold2_model_4_seed_001.pdb
622,14,Chemokine,0.74827,anc2a_14_I_unrelaxed_rank_019_alphafold2_model_4_seed_003.pdb
623,14,Chemokine,0.74403,anc2a_14_I_unrelaxed_rank_020_alphafold2_model_5_seed_000.pdb
624,14,Chemokine,0.74316,anc2a_14_I_unrelaxed_rank_021_alphafold2_model_4_seed_000.pdb
625,14,Chemokine,0.74179,anc2a_14_I_unrelaxed_rank_022_alphafold2_model_5_seed_001.pdb
626,14,Chemokine,0.66429,anc2a_14_I_unrelaxed_rank_023_alphafold2_model_1_seed_000.pdb
627,14,Chemokine,0.75402,anc2a_14_L_unrelaxed_rank_001_alphafold2_model_2_seed_003.pdb
628,14,Chemokine,0.75434,anc2a_14_L_unrelaxed_rank_002_alphafold2_model_2_seed_002.pdb
629,14,Chemokine,0.75356,anc2a_14_L_unrelaxed_rank_003_alphafold2_model_2_seed_000.pdb
630,14,Chemokine,0.72331,anc2a_14_L_unrelaxed_rank_004_alphafold2_model_3_seed_004.pdb
631,14,Chemokine,0.72126,anc2a_14_L_unrelaxed_rank_005_alphafold2_model_3_seed_002.pdb
632,14,Chemokine,0.72156,anc2a_14_L_unrelaxed_rank_006_alphafold2_model_3_seed_003.pdb
633,14,Chemokine,0.74333,anc2a_14_L_unrelaxed_rank_007_alphafold2_model_1_seed_002.pdb
634,14,Chemokine,0.72113,anc2a_14_L_unrelaxed_rank_008_alphafold2_model_3_seed_000.pdb
635,14,Chemokine,0.72111,anc2a_14_L_unrelaxed_rank_009_alphafold2_model_3_seed_001.pdb
636,14,Chemokine,0.73897,anc2a_14_L_unrelaxed_rank_010_alphafold2_model_4_seed_004.pdb
637,14,Chemokine,0.73656,anc2a_14_L_unrelaxed_rank_011_alphafold2_model_4_seed_002.pdb
638,14,Chemokine,0.73953,anc2a_14_L_unrelaxed_rank_012_alphafold2_model_4_seed_001.pdb
639,14,Chemokine,0.73711,anc2a_14_L_unrelaxed_rank_013_alphafold2_model_4_seed_003.pdb
640,14,Chemokine,0.7376,anc2a_14_L_unrelaxed_rank_014_alphafold2_model_4_seed_000.pdb
641,14,Chemokine,0.72986,anc2a_14_L_unrelaxed_rank_015_alphafold2_model_5_seed_002.pdb
642,14,Chemokine,0.73363,anc2a_14_L_unrelaxed_rank_016_alphafold2_model_5_seed_004.pdb
643,14,Chemokine,0.73231,anc2a_14_L_unrelaxed_rank_017_alphafold2_model_5_seed_001.pdb
644,14,Chemokine,0.73297,anc2a_14_L_unrelaxed_rank_018_alphafold2_model_5_seed_003.pdb
645,14,Chemokine,0.73547,anc2a_14_L_unrelaxed_rank_019_alphafold2_model_5_seed_000.pdb
646,14,Dimer,0.51101,anc2a_14_L_unrelaxed_rank_020_alphafold2_model_2_seed_004.pdb
647,14,Chemokine,0.73575,anc2a_14_V_unrelaxed_rank_001_alphafold2_model_3_seed_004.pdb
648,14,Chemokine,0.73232,anc2a_14_V_unrelaxed_rank_002_alphafold2_model_3_seed_002.pdb
649,14,Chemokine,0.734,anc2a_14_V_unrelaxed_rank_003_alphafold2_model_3_seed_003.pdb
650,14,Chemokine,0.73324,anc2a_14_V_unrelaxed_rank_004_alphafold2_model_3_seed_000.pdb
651,14,Chemokine,0.73516,anc2a_14_V_unrelaxed_rank_005_alphafold2_model_3_seed_001.pdb
652,14,Chemokine,0.74973,anc2a_14_V_unrelaxed_rank_006_alphafold2_model_2_seed_002.pdb
653,14,Chemokine,0.74518,anc2a_14_V_unrelaxed_rank_007_alphafold2_model_1_seed_002.pdb
654,14,Chemokine,0.74024,anc2a_14_V_unrelaxed_rank_008_alphafold2_model_1_seed_003.pdb
655,14,Chemokine,0.74601,anc2a_14_V_unrelaxed_rank_009_alphafold2_model_4_seed_002.pdb
656,14,Chemokine,0.74545,anc2a_14_V_unrelaxed_rank_010_alphafold2_model_4_seed_001.pdb
657,14,Chemokine,0.74645,anc2a_14_V_unrelaxed_rank_011_alphafold2_model_4_seed_004.pdb
658,14,Chemokine,0.74429,anc2a_14_V_unrelaxed_rank_012_alphafold2_model_4_seed_000.pdb
659,14,Chemokine,0.7533,anc2a_14_V_unrelaxed_rank_013_alphafold2_model_2_seed_003.pdb
660,14,Chemokine,0.7458,anc2a_14_V_unrelaxed_rank_014_alphafold2_model_4_seed_003.pdb
661,14,Chemokine,0.74127,anc2a_14_V_unrelaxed_rank_015_alphafold2_model_5_seed_004.pdb
662,14,Chemokine,0.73875,anc2a_14_V_unrelaxed_rank_016_alphafold2_model_5_seed_002.pdb
663,14,Chemokine,0.74062,anc2a_14_V_unrelaxed_rank_017_alphafold2_model_5_seed_001.pdb
664,14,Chemokine,0.74255,anc2a_14_V_unrelaxed_rank_018_alphafold2_model_5_seed_003.pdb
665,14,Chemokine,0.73956,anc2a_14_V_unrelaxed_rank_019_alphafold2_model_5_seed_000.pdb
666,38,Chemokine,0.74751,anc2a_38_I_unrelaxed_rank_001_alphafold2_model_3_seed_002.pdb
667,38,Chemokine,0.74699,anc2a_38_I_unrelaxed_rank_002_alphafold2_model_3_seed_001.pdb
668,38,Chemokine,0.75017,anc2a_38_I_unrelaxed_rank_003_alphafold2_model_3_seed_004.pdb
669,38,Chemokine,0.74759,anc2a_38_I_unrelaxed_rank_004_alphafold2_model_3_seed_000.pdb
670,38,Chemokine,0.7476,anc2a_38_I_unrelaxed_rank_005_alphafold2_model_3_seed_003.pdb
671,38,Chemokine,0.74672,anc2a_38_I_unrelaxed_rank_006_alphafold2_model_1_seed_002.pdb
672,38,Chemokine,0.7565,anc2a_38_I_unrelaxed_rank_007_alphafold2_model_1_seed_003.pdb
673,38,Chemokine,0.75099,anc2a_38_I_unrelaxed_rank_008_alphafold2_model_5_seed_002.pdb
674,38,Chemokine,0.75091,anc2a_38_I_unrelaxed_rank_009_alphafold2_model_5_seed_004.pdb
675,38,Chemokine,0.75207,anc2a_38_I_unrelaxed_rank_010_alphafold2_model_5_seed_003.pdb
676,38,Chemokine,0.75122,anc2a_38_I_unrelaxed_rank_011_alphafold2_model_5_seed_000.pdb
677,38,Chemokine,0.75163,anc2a_38_I_unrelaxed_rank_012_alphafold2_model_5_seed_001.pdb
678,38,Chemokine,0.75336,anc2a_38_I_unrelaxed_rank_013_alphafold2_model_2_seed_003.pdb
679,38,Chemokine,0.75749,anc2a_38_I_unrelaxed_rank_014_alphafold2_model_4_seed_002.pdb
680,38,Chemokine,0.75451,anc2a_38_I_unrelaxed_rank_015_alphafold2_model_4_seed_001.pdb
681,38,Chemokine,0.75657,anc2a_38_I_unrelaxed_rank_016_alphafold2_model_4_seed_004.pdb
682,38,Chemokine,0.7602,anc2a_38_I_unrelaxed_rank_017_alphafold2_model_4_seed_000.pdb
683,38,Chemokine,0.7573,anc2a_38_I_unrelaxed_rank_018_alphafold2_model_4_seed_003.pdb
684,38,Chemokine,0.7543,anc2a_38_L_unrelaxed_rank_001_alphafold2_model_3_seed_002.pdb
685,38,Chemokine,0.75496,anc2a_38_L_unrelaxed_rank_002_alphafold2_model_3_seed_004.pdb
686,38,Chemokine,0.75353,anc2a_38_L_unrelaxed_rank_003_alphafold2_model_3_seed_000.pdb
687,38,Chemokine,0.75311,anc2a_38_L_unrelaxed_rank_004_alphafold2_model_3_seed_001.pdb
688,38,Chemokine,0.75631,anc2a_38_L_unrelaxed_rank_005_alphafold2_model_3_seed_003.pdb
689,38,Chemokine,0.75111,anc2a_38_L_unrelaxed_rank_006_alphafold2_model_1_seed_003.pdb
690,38,Chemokine,0.75288,anc2a_38_L_unrelaxed_rank_007_alphafold2_model_1_seed_002.pdb
691,38,Chemokine,0.75274,anc2a_38_L_unrelaxed_rank_008_alphafold2_model_1_seed_004.pdb
692,38,Chemokine,0.75296,anc2a_38_L_unrelaxed_rank_009_alphafold2_model_5_seed_002.pdb
693,38,Chemokine,0.75369,anc2a_38_L_unrelaxed_rank_010_alphafold2_model_5_seed_004.pdb
694,38,Chemokine,0.58779,anc2a_38_L_unrelaxed_rank_011_alphafold2_model_4_seed_004.pdb
695,38,Chemokine,0.75383,anc2a_38_L_unrelaxed_rank_012_alphafold2_model_5_seed_001.pdb
696,38,Chemokine,0.75357,anc2a_38_L_unrelaxed_rank_013_alphafold2_model_5_seed_000.pdb
697,38,Chemokine,0.75689,anc2a_38_L_unrelaxed_rank_014_alphafold2_model_4_seed_002.pdb
698,38,Chemokine,0.75445,anc2a_38_L_unrelaxed_rank_015_alphafold2_model_5_seed_003.pdb
699,38,Chemokine,0.7645,anc2a_38_L_unrelaxed_rank_016_alphafold2_model_4_seed_000.pdb
700,38,Chemokine,0.76298,anc2a_38_L_unrelaxed_rank_017_alphafold2_model_4_seed_003.pdb
701,38,Chemokine,0.7655,anc2a_38_L_unrelaxed_rank_018_alphafold2_model_4_seed_001.pdb
702,38,Chemokine,0.74927,anc2a_38_V_unrelaxed_rank_001_alphafold2_model_3_seed_002.pdb
703,38,Chemokine,0.74889,anc2a_38_V_unrelaxed_rank_002_alphafold2_model_3_seed_004.pdb
704,38,Chemokine,0.75135,anc2a_38_V_unrelaxed_rank_003_alphafold2_model_3_seed_001.pdb
705,38,Chemokine,0.74903,anc2a_38_V_unrelaxed_rank_004_alphafold2_model_3_seed_003.pdb
706,38,Chemokine,0.75598,anc2a_38_V_unrelaxed_rank_005_alphafold2_model_3_seed_000.pdb
707,38,Chemokine,0.74787,anc2a_38_V_unrelaxed_rank_006_alphafold2_model_1_seed_002.pdb
708,38,Chemokine,0.76274,anc2a_38_V_unrelaxed_rank_007_alphafold2_model_2_seed_002.pdb
709,38,Chemokine,0.75764,anc2a_38_V_unrelaxed_rank_008_alphafold2_model_2_seed_003.pdb
710,38,Chemokine,0.75626,anc2a_38_V_unrelaxed_rank_009_alphafold2_model_1_seed_003.pdb
711,38,Chemokine,0.75072,anc2a_38_V_unrelaxed_rank_010_alphafold2_model_5_seed_002.pdb
712,38,Chemokine,0.74996,anc2a_38_V_unrelaxed_rank_011_alphafold2_model_5_seed_004.pdb
713,38,Chemokine,0.75156,anc2a_38_V_unrelaxed_rank_012_alphafold2_model_5_seed_003.pdb
714,38,Chemokine,0.75039,anc2a_38_V_unrelaxed_rank_013_alphafold2_model_5_seed_001.pdb
715,38,Chemokine,0.74968,anc2a_38_V_unrelaxed_rank_014_alphafold2_model_5_seed_000.pdb
716,38,Chemokine,0.75803,anc2a_38_V_unrelaxed_rank_015_alphafold2_model_4_seed_002.pdb
717,38,Chemokine,0.75952,anc2a_38_V_unrelaxed_rank_016_alphafold2_model_4_seed_004.pdb
718,38,Chemokine,0.76085,anc2a_38_V_unrelaxed_rank_017_alphafold2_model_4_seed_003.pdb
719,38,Chemokine,0.75824,anc2a_38_V_unrelaxed_rank_018_alphafold2_model_4_seed_000.pdb
720,38,Chemokine,0.75725,anc2a_38_V_unrelaxed_rank_019_alphafold2_model_4_seed_001.pdb
721,40,Chemokine,0.75045,anc2a_40_I_unrelaxed_rank_001_alphafold2_model_3_seed_002.pdb
722,40,Chemokine,0.75114,anc2a_40_I_unrelaxed_rank_002_alphafold2_model_3_seed_003.pdb
723,40,Chemokine,0.75239,anc2a_40_I_unrelaxed_rank_003_alphafold2_model_2_seed_002.pdb
724,40,Chemokine,0.75525,anc2a_40_I_unrelaxed_rank_004_alphafold2_model_2_seed_003.pdb
725,40,Chemokine,0.75126,anc2a_40_I_unrelaxed_rank_005_alphafold2_model_3_seed_004.pdb
726,40,Chemokine,0.75026,anc2a_40_I_unrelaxed_rank_006_alphafold2_model_3_seed_001.pdb
727,40,Chemokine,0.75509,anc2a_40_I_unrelaxed_rank_007_alphafold2_model_1_seed_000.pdb
728,40,Chemokine,0.75758,anc2a_40_I_unrelaxed_rank_008_alphafold2_model_1_seed_004.pdb
729,40,Chemokine,0.75543,anc2a_40_I_unrelaxed_rank_009_alphafold2_model_1_seed_003.pdb
730,40,Chemokine,0.75339,anc2a_40_I_unrelaxed_rank_010_alphafold2_model_1_seed_002.pdb
731,40,Chemokine,0.76057,anc2a_40_I_unrelaxed_rank_011_alphafold2_model_2_seed_001.pdb
732,40,Chemokine,0.75087,anc2a_40_I_unrelaxed_rank_012_alphafold2_model_3_seed_000.pdb
733,40,Chemokine,0.75676,anc2a_40_I_unrelaxed_rank_013_alphafold2_model_1_seed_001.pdb
734,40,Chemokine,0.74786,anc2a_40_I_unrelaxed_rank_014_alphafold2_model_5_seed_001.pdb
735,40,Chemokine,0.76204,anc2a_40_I_unrelaxed_rank_015_alphafold2_model_5_seed_003.pdb
736,40,Chemokine,0.7534,anc2a_40_I_unrelaxed_rank_016_alphafold2_model_4_seed_002.pdb
737,40,Chemokine,0.75637,anc2a_40_I_unrelaxed_rank_017_alphafold2_model_4_seed_004.pdb
738,40,Chemokine,0.7552,anc2a_40_I_unrelaxed_rank_018_alphafold2_model_4_seed_003.pdb
739,40,Chemokine,0.75594,anc2a_40_I_unrelaxed_rank_019_alphafold2_model_4_seed_001.pdb
740,40,Chemokine,0.75774,anc2a_40_I_unrelaxed_rank_020_alphafold2_model_5_seed_004.pdb
741,40,Chemokine,0.75581,anc2a_40_I_unrelaxed_rank_021_alphafold2_model_4_seed_000.pdb
742,40,Chemokine,0.75557,anc2a_40_V_unrelaxed_rank_001_alphafold2_model_2_seed_003.pdb
743,40,Chemokine,0.74872,anc2a_40_V_unrelaxed_rank_002_alphafold2_model_3_seed_002.pdb
744,40,Chemokine,0.75545,anc2a_40_V_unrelaxed_rank_003_alphafold2_model_2_seed_002.pdb
745,40,Chemokine,0.75396,anc2a_40_V_unrelaxed_rank_004_alphafold2_model_3_seed_004.pdb
746,40,Chemokine,0.75223,anc2a_40_V_unrelaxed_rank_005_alphafold2_model_3_seed_001.pdb
747,40,Chemokine,0.75102,anc2a_40_V_unrelaxed_rank_006_alphafold2_model_3_seed_003.pdb
748,40,Chemokine,0.75844,anc2a_40_V_unrelaxed_rank_007_alphafold2_model_1_seed_003.pdb
749,40,Chemokine,0.75615,anc2a_40_V_unrelaxed_rank_008_alphafold2_model_1_seed_002.pdb
750,40,Chemokine,0.75602,anc2a_40_V_unrelaxed_rank_009_alphafold2_model_1_seed_004.pdb
751,40,Chemokine,0.7625,anc2a_40_V_unrelaxed_rank_010_alphafold2_model_2_seed_001.pdb
752,40,Chemokine,0.75424,anc2a_40_V_unrelaxed_rank_011_alphafold2_model_1_seed_001.pdb
753,40,Chemokine,0.75692,anc2a_40_V_unrelaxed_rank_012_alphafold2_model_1_seed_000.pdb
754,40,Chemokine,0.76074,anc2a_40_V_unrelaxed_rank_013_alphafold2_model_2_seed_000.pdb
755,40,Chemokine,0.76087,anc2a_40_V_unrelaxed_rank_014_alphafold2_model_5_seed_001.pdb
756,40,Chemokine,0.76355,anc2a_40_V_unrelaxed_rank_015_alphafold2_model_5_seed_003.pdb
757,40,Chemokine,0.75151,anc2a_40_V_unrelaxed_rank_016_alphafold2_model_5_seed_000.pdb
758,40,Chemokine,0.76462,anc2a_40_V_unrelaxed_rank_017_alphafold2_model_5_seed_004.pdb
759,40,Chemokine,0.75468,anc2a_40_V_unrelaxed_rank_018_alphafold2_model_4_seed_002.pdb
760,40,Chemokine,0.75543,anc2a_40_V_unrelaxed_rank_019_alphafold2_model_4_seed_004.pdb
761,40,Chemokine,0.75621,anc2a_40_V_unrelaxed_rank_020_alphafold2_model_4_seed_001.pdb
762,40,Chemokine,0.75722,anc2a_40_V_unrelaxed_rank_021_alphafold2_model_4_seed_003.pdb
763,40,Chemokine,0.75746,anc2a_40_V_unrelaxed_rank_022_alphafold2_model_4_seed_000.pdb
764,45,Dimer,0.55168,anc2a_45_L_unrelaxed_rank_001_alphafold2_model_4_seed_003.pdb
765,45,Dimer,0.55066,anc2a_45_L_unrelaxed_rank_002_alphafold2_model_4_seed_002.pdb
766,45,Dimer,0.55219,anc2a_45_L_unrelaxed_rank_003_alphafold2_model_4_seed_004.pdb
767,45,Dimer,0.55138,anc2a_45_L_unrelaxed_rank_004_alphafold2_model_4_seed_000.pdb
768,47,Chemokine,0.74751,anc2a_47_I_unrelaxed_rank_001_alphafold2_model_3_seed_002.pdb
769,47,Chemokine,0.74699,anc2a_47_I_unrelaxed_rank_002_alphafold2_model_3_seed_001.pdb
770,47,Chemokine,0.75017,anc2a_47_I_unrelaxed_rank_003_alphafold2_model_3_seed_004.pdb
771,47,Chemokine,0.74759,anc2a_47_I_unrelaxed_rank_004_alphafold2_model_3_seed_000.pdb
772,47,Chemokine,0.7476,anc2a_47_I_unrelaxed_rank_005_alphafold2_model_3_seed_003.pdb
773,47,Chemokine,0.74672,anc2a_47_I_unrelaxed_rank_006_alphafold2_model_1_seed_002.pdb
774,47,Chemokine,0.7565,anc2a_47_I_unrelaxed_rank_007_alphafold2_model_1_seed_003.pdb
775,47,Chemokine,0.75099,anc2a_47_I_unrelaxed_rank_008_alphafold2_model_5_seed_002.pdb
776,47,Chemokine,0.75091,anc2a_47_I_unrelaxed_rank_009_alphafold2_model_5_seed_004.pdb
777,47,Chemokine,0.75207,anc2a_47_I_unrelaxed_rank_010_alphafold2_model_5_seed_003.pdb
778,47,Chemokine,0.75122,anc2a_47_I_unrelaxed_rank_011_alphafold2_model_5_seed_000.pdb
779,47,Chemokine,0.75163,anc2a_47_I_unrelaxed_rank_012_alphafold2_model_5_seed_001.pdb
780,47,Chemokine,0.75336,anc2a_47_I_unrelaxed_rank_013_alphafold2_model_2_seed_003.pdb
781,47,Chemokine,0.75749,anc2a_47_I_unrelaxed_rank_014_alphafold2_model_4_seed_002.pdb
782,47,Chemokine,0.75451,anc2a_47_I_unrelaxed_rank_015_alphafold2_model_4_seed_001.pdb
783,47,Chemokine,0.75657,anc2a_47_I_unrelaxed_rank_016_alphafold2_model_4_seed_004.pdb
784,47,Chemokine,0.7602,anc2a_47_I_unrelaxed_rank_017_alphafold2_model_4_seed_000.pdb
785,47,Chemokine,0.7573,anc2a_47_I_unrelaxed_rank_018_alphafold2_model_4_seed_003.pdb
786,47,Chemokine,0.74873,anc2a_47_L_unrelaxed_rank_001_alphafold2_model_3_seed_002.pdb
787,47,Chemokine,0.75016,anc2a_47_L_unrelaxed_rank_002_alphafold2_model_3_seed_004.pdb
788,47,Chemokine,0.75053,anc2a_47_L_unrelaxed_rank_003_alphafold2_model_3_seed_001.pdb
789,47,Chemokine,0.74944,anc2a_47_L_unrelaxed_rank_004_alphafold2_model_3_seed_003.pdb
790,47,Chemokine,0.75651,anc2a_47_L_unrelaxed_rank_005_alphafold2_model_2_seed_004.pdb
791,47,Chemokine,0.75147,anc2a_47_L_unrelaxed_rank_006_alphafold2_model_3_seed_000.pdb
792,47,Chemokine,0.75545,anc2a_47_L_unrelaxed_rank_007_alphafold2_model_2_seed_002.pdb
793,47,Chemokine,0.74666,anc2a_47_L_unrelaxed_rank_008_alphafold2_model_1_seed_003.pdb
794,47,Chemokine,0.75507,anc2a_47_L_unrelaxed_rank_009_alphafold2_model_2_seed_003.pdb
795,47,Chemokine,0.75641,anc2a_47_L_unrelaxed_rank_010_alphafold2_model_2_seed_000.pdb
796,47,Chemokine,0.74957,anc2a_47_L_unrelaxed_rank_011_alphafold2_model_5_seed_003.pdb
797,47,Chemokine,0.74773,anc2a_47_L_unrelaxed_rank_012_alphafold2_model_5_seed_001.pdb
798,47,Chemokine,0.75207,anc2a_47_L_unrelaxed_rank_013_alphafold2_model_5_seed_004.pdb
799,47,Chemokine,0.75626,anc2a_47_L_unrelaxed_rank_014_alphafold2_model_5_seed_002.pdb
800,47,Chemokine,0.74697,anc2a_47_L_unrelaxed_rank_015_alphafold2_model_5_seed_000.pdb
801,47,Chemokine,0.75333,anc2a_47_L_unrelaxed_rank_016_alphafold2_model_4_seed_000.pdb
802,47,Chemokine,0.75824,anc2a_47_L_unrelaxed_rank_017_alphafold2_model_4_seed_003.pdb
803,47,Chemokine,0.74966,anc2a_47_L_unrelaxed_rank_018_alphafold2_model_4_seed_002.pdb
804,47,Chemokine,0.75281,anc2a_47_L_unrelaxed_rank_019_alphafold2_model_4_seed_001.pdb
805,47,Chemokine,0.75081,anc2a_47_L_unrelaxed_rank_020_alphafold2_model_4_seed_004.pdb
806,47,Chemokine,0.72188,anc2a_47_L_unrelaxed_rank_021_alphafold2_model_1_seed_002.pdb
807,47,Chemokine,0.75496,anc2a_47_M_unrelaxed_rank_001_alphafold2_model_3_seed_002.pdb
808,47,Chemokine,0.75704,anc2a_47_M_unrelaxed_rank_002_alphafold2_model_3_seed_000.pdb
809,47,Chemokine,0.75709,anc2a_47_M_unrelaxed_rank_003_alphafold2_model_3_seed_004.pdb
810,47,Chemokine,0.75684,anc2a_47_M_unrelaxed_rank_004_alphafold2_model_3_seed_001.pdb
811,47,Chemokine,0.57138,anc2a_47_M_unrelaxed_rank_005_alphafold2_model_4_seed_004.pdb
812,47,Chemokine,0.75654,anc2a_47_M_unrelaxed_rank_006_alphafold2_model_3_seed_003.pdb
813,47,Chemokine,0.75496,anc2a_47_M_unrelaxed_rank_007_alphafold2_model_2_seed_004.pdb
814,47,Chemokine,0.75175,anc2a_47_M_unrelaxed_rank_008_alphafold2_model_5_seed_003.pdb
815,47,Chemokine,0.75607,anc2a_47_M_unrelaxed_rank_009_alphafold2_model_2_seed_002.pdb
816,47,Chemokine,0.74709,anc2a_47_M_unrelaxed_rank_010_alphafold2_model_1_seed_003.pdb
817,47,Chemokine,0.74845,anc2a_47_M_unrelaxed_rank_011_alphafold2_model_1_seed_002.pdb
818,47,Chemokine,0.74895,anc2a_47_M_unrelaxed_rank_012_alphafold2_model_1_seed_000.pdb
819,47,Chemokine,0.75736,anc2a_47_M_unrelaxed_rank_013_alphafold2_model_2_seed_003.pdb
820,47,Chemokine,0.75574,anc2a_47_M_unrelaxed_rank_014_alphafold2_model_2_seed_000.pdb
821,47,Chemokine,0.75428,anc2a_47_M_unrelaxed_rank_015_alphafold2_model_2_seed_001.pdb
822,47,Chemokine,0.75179,anc2a_47_M_unrelaxed_rank_016_alphafold2_model_5_seed_000.pdb
823,47,Chemokine,0.76033,anc2a_47_M_unrelaxed_rank_017_alphafold2_model_4_seed_003.pdb
824,47,Chemokine,0.7609,anc2a_47_M_unrelaxed_rank_018_alphafold2_model_4_seed_000.pdb
825,47,Chemokine,0.76039,anc2a_47_M_unrelaxed_rank_019_alphafold2_model_4_seed_002.pdb
826,47,Chemokine,0.7617,anc2a_47_M_unrelaxed_rank_020_alphafold2_model_4_seed_001.pdb
827,47,Chemokine,0.67907,anc2a_47_M_unrelaxed_rank_021_alphafold2_model_5_seed_002.pdb
828,47,Chemokine,0.65984,anc2a_47_M_unrelaxed_rank_022_alphafold2_model_5_seed_004.pdb
829,47,Chemokine,0.66627,anc2a_47_M_unrelaxed_rank_023_alphafold2_model_5_seed_001.pdb
830,A,Chemokine,0.76554,anc2a_A_unrelaxed_rank_001_alphafold2_model_3_seed_002.pdb
831,A,Chemokine,0.76496,anc2a_A_unrelaxed_rank_002_alphafold2_model_3_seed_004.pdb
832,A,Chemokine,0.76227,anc2a_A_unrelaxed_rank_003_alphafold2_model_3_seed_001.pdb
833,A,Chemokine,0.76778,anc2a_A_unrelaxed_rank_004_alphafold2_model_2_seed_004.pdb
834,A,Chemokine,0.77517,anc2a_A_unrelaxed_rank_005_alphafold2_model_3_seed_003.pdb
835,A,Chemokine,0.76421,anc2a_A_unrelaxed_rank_006_alphafold2_model_3_seed_000.pdb
836,A,Chemokine,0.76921,anc2a_A_unrelaxed_rank_007_alphafold2_model_2_seed_002.pdb
837,A,Chemokine,0.7672,anc2a_A_unrelaxed_rank_008_alphafold2_model_2_seed_003.pdb
838,A,Chemokine,0.76862,anc2a_A_unrelaxed_rank_009_alphafold2_model_2_seed_000.pdb
839,A,Chemokine,0.76734,anc2a_A_unrelaxed_rank_010_alphafold2_model_2_seed_001.pdb
840,A,Chemokine,0.76387,anc2a_A_unrelaxed_rank_011_alphafold2_model_1_seed_001.pdb
841,A,Chemokine,0.76899,anc2a_A_unrelaxed_rank_012_alphafold2_model_1_seed_002.pdb
842,A,Chemokine,0.76283,anc2a_A_unrelaxed_rank_013_alphafold2_model_1_seed_000.pdb
843,A,Chemokine,0.76819,anc2a_A_unrelaxed_rank_014_alphafold2_model_1_seed_004.pdb
844,A,Chemokine,0.76452,anc2a_A_unrelaxed_rank_015_alphafold2_model_1_seed_003.pdb
845,A,Chemokine,0.78415,anc2a_A_unrelaxed_rank_016_alphafold2_model_4_seed_003.pdb
846,A,Chemokine,0.7945,anc2a_A_unrelaxed_rank_017_alphafold2_model_4_seed_002.pdb
847,A,Chemokine,0.78527,anc2a_A_unrelaxed_rank_018_alphafold2_model_4_seed_001.pdb
848,A,Chemokine,0.78322,anc2a_A_unrelaxed_rank_019_alphafold2_model_4_seed_000.pdb
849,A,Chemokine,0.7919,anc2a_A_unrelaxed_rank_020_alphafold2_model_4_seed_004.pdb
850,A,Chemokine,0.77156,anc2a_A_unrelaxed_rank_021_alphafold2_model_5_seed_002.pdb
851,A,Chemokine,0.77247,anc2a_A_unrelaxed_rank_022_alphafold2_model_5_seed_003.pdb
852,A,Chemokine,0.76826,anc2a_A_unrelaxed_rank_023_alphafold2_model_5_seed_004.pdb
853,A,Chemokine,0.77107,anc2a_A_unrelaxed_rank_024_alphafold2_model_5_seed_001.pdb
854,A,Chemokine,0.77017,anc2a_A_unrelaxed_rank_025_alphafold2_model_5_seed_000.pdb
855,G,Chemokine,0.79215,anc2a_G_unrelaxed_rank_001_alphafold2_model_2_seed_002.pdb
856,G,Chemokine,0.79286,anc2a_G_unrelaxed_rank_002_alphafold2_model_2_seed_004.pdb
857,G,Chemokine,0.78741,anc2a_G_unrelaxed_rank_003_alphafold2_model_2_seed_001.pdb
858,G,Chemokine,0.78914,anc2a_G_unrelaxed_rank_004_alphafold2_model_2_seed_003.pdb
859,G,Chemokine,0.78711,anc2a_G_unrelaxed_rank_005_alphafold2_model_2_seed_000.pdb
860,G,Chemokine,0.76526,anc2a_G_unrelaxed_rank_006_alphafold2_model_3_seed_002.pdb
861,G,Chemokine,0.78326,anc2a_G_unrelaxed_rank_007_alphafold2_model_1_seed_002.pdb
862,G,Chemokine,0.76544,anc2a_G_unrelaxed_rank_008_alphafold2_model_3_seed_004.pdb
863,G,Chemokine,0.78326,anc2a_G_unrelaxed_rank_009_alphafold2_model_1_seed_004.pdb
864,G,Chemokine,0.76492,anc2a_G_unrelaxed_rank_010_alphafold2_model_3_seed_000.pdb
865,G,Chemokine,0.78142,anc2a_G_unrelaxed_rank_011_alphafold2_model_1_seed_003.pdb
866,G,Chemokine,0.78232,anc2a_G_unrelaxed_rank_012_alphafold2_model_1_seed_001.pdb
867,G,Chemokine,0.76412,anc2a_G_unrelaxed_rank_013_alphafold2_model_3_seed_001.pdb
868,G,Chemokine,0.76385,anc2a_G_unrelaxed_rank_014_alphafold2_model_3_seed_003.pdb
869,G,Chemokine,0.78149,anc2a_G_unrelaxed_rank_015_alphafold2_model_1_seed_000.pdb
870,G,Chemokine,0.78854,anc2a_G_unrelaxed_rank_016_alphafold2_model_4_seed_003.pdb
871,G,Chemokine,0.79329,anc2a_G_unrelaxed_rank_017_alphafold2_model_4_seed_004.pdb
872,G,Chemokine,0.79027,anc2a_G_unrelaxed_rank_018_alphafold2_model_4_seed_002.pdb
873,G,Chemokine,0.78834,anc2a_G_unrelaxed_rank_019_alphafold2_model_4_seed_001.pdb
874,G,Chemokine,0.78877,anc2a_G_unrelaxed_rank_020_alphafold2_model_4_seed_000.pdb
875,G,Chemokine,0.77915,anc2a_G_unrelaxed_rank_021_alphafold2_model_5_seed_002.pdb
876,G,Chemokine,0.77803,anc2a_G_unrelaxed_rank_022_alphafold2_model_5_seed_003.pdb
877,G,Chemokine,0.77424,anc2a_G_unrelaxed_rank_023_alphafold2_model_5_seed_004.pdb
878,G,Chemokine,0.77412,anc2a_G_unrelaxed_rank_024_alphafold2_model_5_seed_001.pdb
879,G,Chemokine,0.77631,anc2a_G_unrelaxed_rank_025_alphafold2_model_5_seed_000.pdb
880,I,Chemokine,0.74751,anc2a_I_unrelaxed_rank_001_alphafold2_model_3_seed_002.pdb
881,I,Chemokine,0.74699,anc2a_I_unrelaxed_rank_002_alphafold2_model_3_seed_001.pdb
882,I,Chemokine,0.75017,anc2a_I_unrelaxed_rank_003_alphafold2_model_3_seed_004.pdb
883,I,Chemokine,0.74759,anc2a_I_unrelaxed_rank_004_alphafold2_model_3_seed_000.pdb
884,I,Chemokine,0.7476,anc2a_I_unrelaxed_rank_005_alphafold2_model_3_seed_003.pdb
885,I,Chemokine,0.74672,anc2a_I_unrelaxed_rank_006_alphafold2_model_1_seed_002.pdb
886,I,Chemokine,0.7565,anc2a_I_unrelaxed_rank_007_alphafold2_model_1_seed_003.pdb
887,I,Chemokine,0.75099,anc2a_I_unrelaxed_rank_008_alphafold2_model_5_seed_002.pdb
888,I,Chemokine,0.75091,anc2a_I_unrelaxed_rank_009_alphafold2_model_5_seed_004.pdb
889,I,Chemokine,0.75207,anc2a_I_unrelaxed_rank_010_alphafold2_model_5_seed_003.pdb
890,I,Chemokine,0.75122,anc2a_I_unrelaxed_rank_011_alphafold2_model_5_seed_000.pdb
891,I,Chemokine,0.75163,anc2a_I_unrelaxed_rank_012_alphafold2_model_5_seed_001.pdb
892,I,Chemokine,0.75336,anc2a_I_unrelaxed_rank_013_alphafold2_model_2_seed_003.pdb
893,I,Chemokine,0.75749,anc2a_I_unrelaxed_rank_014_alphafold2_model_4_seed_002.pdb
894,I,Chemokine,0.75451,anc2a_I_unrelaxed_rank_015_alphafold2_model_4_seed_001.pdb
895,I,Chemokine,0.75657,anc2a_I_unrelaxed_rank_016_alphafold2_model_4_seed_004.pdb
896,I,Chemokine,0.7602,anc2a_I_unrelaxed_rank_017_alphafold2_model_4_seed_000.pdb
897,I,Chemokine,0.7573,anc2a_I_unrelaxed_rank_018_alphafold2_model_4_seed_003.pdb
898,A,Chemokine,0.75989,anc2_A_unrelaxed_rank_001_alphafold2_model_3_seed_001.pdb
899,A,Chemokine,0.76603,anc2_A_unrelaxed_rank_002_alphafold2_model_3_seed_002.pdb
900,A,Chemokine,0.76681,anc2_A_unrelaxed_rank_003_alphafold2_model_3_seed_004.pdb
901,A,Chemokine,0.76823,anc2_A_unrelaxed_rank_004_alphafold2_model_3_seed_003.pdb
902,A,Chemokine,0.7702,anc2_A_unrelaxed_rank_005_alphafold2_model_1_seed_003.pdb
903,A,Chemokine,0.76751,anc2_A_unrelaxed_rank_006_alphafold2_model_3_seed_000.pdb
904,A,Chemokine,0.77149,anc2_A_unrelaxed_rank_007_alphafold2_model_1_seed_004.pdb
905,A,Chemokine,0.76962,anc2_A_unrelaxed_rank_008_alphafold2_model_1_seed_002.pdb
906,A,Chemokine,0.7689,anc2_A_unrelaxed_rank_009_alphafold2_model_1_seed_000.pdb
907,A,Chemokine,0.76803,anc2_A_unrelaxed_rank_010_alphafold2_model_1_seed_001.pdb
908,A,Chemokine,0.78153,anc2_A_unrelaxed_rank_011_alphafold2_model_2_seed_002.pdb
909,A,Chemokine,0.77929,anc2_A_unrelaxed_rank_012_alphafold2_model_2_seed_001.pdb
910,A,Chemokine,0.77908,anc2_A_unrelaxed_rank_013_alphafold2_model_2_seed_000.pdb
911,A,Chemokine,0.77875,anc2_A_unrelaxed_rank_014_alphafold2_model_2_seed_003.pdb
912,A,Chemokine,0.78499,anc2_A_unrelaxed_rank_015_alphafold2_model_4_seed_003.pdb
913,A,Chemokine,0.77585,anc2_A_unrelaxed_rank_016_alphafold2_model_2_seed_004.pdb
914,A,Chemokine,0.78651,anc2_A_unrelaxed_rank_017_alphafold2_model_4_seed_004.pdb
915,A,Chemokine,0.7845,anc2_A_unrelaxed_rank_018_alphafold2_model_4_seed_002.pdb
916,A,Chemokine,0.78525,anc2_A_unrelaxed_rank_019_alphafold2_model_4_seed_001.pdb
917,A,Chemokine,0.78373,anc2_A_unrelaxed_rank_020_alphafold2_model_4_seed_000.pdb
918,A,Chemokine,0.76474,anc2_A_unrelaxed_rank_021_alphafold2_model_5_seed_002.pdb
919,A,Chemokine,0.76707,anc2_A_unrelaxed_rank_022_alphafold2_model_5_seed_003.pdb
920,A,Chemokine,0.76847,anc2_A_unrelaxed_rank_023_alphafold2_model_5_seed_004.pdb
921,A,Chemokine,0.76703,anc2_A_unrelaxed_rank_024_alphafold2_model_5_seed_001.pdb
922,A,Chemokine,0.76534,anc2_A_unrelaxed_rank_025_alphafold2_model_5_seed_000.pdb
923,14,Chemokine,0.74177,anc2b_14_I_unrelaxed_rank_001_alphafold2_model_3_seed_004.pdb
924,14,Chemokine,0.74512,anc2b_14_I_unrelaxed_rank_002_alphafold2_model_3_seed_001.pdb
925,14,Chemokine,0.74371,anc2b_14_I_unrelaxed_rank_003_alphafold2_model_3_seed_000.pdb
926,14,Chemokine,0.7411,anc2b_14_I_unrelaxed_rank_004_alphafold2_model_3_seed_002.pdb
927,14,Chemokine,0.744,anc2b_14_I_unrelaxed_rank_005_alphafold2_model_3_seed_003.pdb
928,14,Chemokine,0.73656,anc2b_14_I_unrelaxed_rank_006_alphafold2_model_1_seed_004.pdb
929,14,Chemokine,0.73826,anc2b_14_I_unrelaxed_rank_007_alphafold2_model_1_seed_003.pdb
930,14,Chemokine,0.73316,anc2b_14_I_unrelaxed_rank_008_alphafold2_model_1_seed_001.pdb
931,14,Chemokine,0.73564,anc2b_14_I_unrelaxed_rank_009_alphafold2_model_1_seed_002.pdb
932,14,Chemokine,0.75157,anc2b_14_I_unrelaxed_rank_010_alphafold2_model_2_seed_000.pdb
933,14,Chemokine,0.75566,anc2b_14_I_unrelaxed_rank_011_alphafold2_model_2_seed_002.pdb
934,14,Chemokine,0.73926,anc2b_14_I_unrelaxed_rank_012_alphafold2_model_2_seed_003.pdb
935,14,Chemokine,0.73983,anc2b_14_I_unrelaxed_rank_013_alphafold2_model_1_seed_000.pdb
936,14,Chemokine,0.75224,anc2b_14_I_unrelaxed_rank_014_alphafold2_model_4_seed_003.pdb
937,14,Chemokine,0.75174,anc2b_14_I_unrelaxed_rank_015_alphafold2_model_4_seed_001.pdb
938,14,Chemokine,0.75148,anc2b_14_I_unrelaxed_rank_016_alphafold2_model_4_seed_004.pdb
939,14,Chemokine,0.75136,anc2b_14_I_unrelaxed_rank_017_alphafold2_model_4_seed_000.pdb
940,14,Chemokine,0.73755,anc2b_14_I_unrelaxed_rank_018_alphafold2_model_2_seed_004.pdb
941,14,Chemokine,0.73806,anc2b_14_I_unrelaxed_rank_019_alphafold2_model_2_seed_001.pdb
942,14,Chemokine,0.7495,anc2b_14_I_unrelaxed_rank_020_alphafold2_model_5_seed_002.pdb
943,14,Chemokine,0.75831,anc2b_14_I_unrelaxed_rank_021_alphafold2_model_5_seed_000.pdb
944,14,Chemokine,0.75332,anc2b_14_I_unrelaxed_rank_022_alphafold2_model_5_seed_004.pdb
945,14,Chemokine,0.75759,anc2b_14_I_unrelaxed_rank_023_alphafold2_model_5_seed_001.pdb
946,14,Chemokine,0.75629,anc2b_14_I_unrelaxed_rank_024_alphafold2_model_5_seed_003.pdb
947,14,Chemokine,0.74719,anc2b_14_I_unrelaxed_rank_025_alphafold2_model_4_seed_002.pdb
948,14,Chemokine,0.74054,anc2b_14_L_unrelaxed_rank_001_alphafold2_model_3_seed_001.pdb
949,14,Chemokine,0.73983,anc2b_14_L_unrelaxed_rank_002_alphafold2_model_3_seed_000.pdb
950,14,Chemokine,0.73769,anc2b_14_L_unrelaxed_rank_003_alphafold2_model_3_seed_003.pdb
951,14,Chemokine,0.73681,anc2b_14_L_unrelaxed_rank_004_alphafold2_model_3_seed_004.pdb
952,14,Chemokine,0.73618,anc2b_14_L_unrelaxed_rank_005_alphafold2_model_3_seed_002.pdb
953,14,Chemokine,0.75697,anc2b_14_L_unrelaxed_rank_006_alphafold2_model_2_seed_002.pdb
954,14,Chemokine,0.75518,anc2b_14_L_unrelaxed_rank_007_alphafold2_model_2_seed_004.pdb
955,14,Chemokine,0.75628,anc2b_14_L_unrelaxed_rank_008_alphafold2_model_2_seed_001.pdb
956,14,Chemokine,0.7318,anc2b_14_L_unrelaxed_rank_009_alphafold2_model_1_seed_001.pdb
957,14,Chemokine,0.73727,anc2b_14_L_unrelaxed_rank_010_alphafold2_model_1_seed_000.pdb
958,14,Chemokine,0.73233,anc2b_14_L_unrelaxed_rank_011_alphafold2_model_1_seed_002.pdb
959,14,Chemokine,0.73401,anc2b_14_L_unrelaxed_rank_012_alphafold2_model_1_seed_003.pdb
960,14,Chemokine,0.74667,anc2b_14_L_unrelaxed_rank_013_alphafold2_model_4_seed_001.pdb
961,14,Chemokine,0.7464,anc2b_14_L_unrelaxed_rank_014_alphafold2_model_4_seed_000.pdb
962,14,Chemokine,0.7348,anc2b_14_L_unrelaxed_rank_015_alphafold2_model_1_seed_004.pdb
963,14,Chemokine,0.74563,anc2b_14_L_unrelaxed_rank_016_alphafold2_model_4_seed_004.pdb
964,14,Chemokine,0.7361,anc2b_14_L_unrelaxed_rank_017_alphafold2_model_2_seed_003.pdb
965,14,Chemokine,0.74439,anc2b_14_L_unrelaxed_rank_018_alphafold2_model_4_seed_002.pdb
966,14,Chemokine,0.74903,anc2b_14_L_unrelaxed_rank_019_alphafold2_model_2_seed_000.pdb
967,14,Chemokine,0.7485,anc2b_14_L_unrelaxed_rank_020_alphafold2_model_4_seed_003.pdb
968,14,Chemokine,0.75153,anc2b_14_L_unrelaxed_rank_021_alphafold2_model_5_seed_004.pdb
969,14,Chemokine,0.74392,anc2b_14_L_unrelaxed_rank_022_alphafold2_model_5_seed_002.pdb
970,14,Chemokine,0.74912,anc2b_14_L_unrelaxed_rank_023_alphafold2_model_5_seed_000.pdb
971,14,Chemokine,0.74828,anc2b_14_L_unrelaxed_rank_024_alphafold2_model_5_seed_003.pdb
972,14,Chemokine,0.74067,anc2b_14_L_unrelaxed_rank_025_alphafold2_model_5_seed_001.pdb
973,14,Chemokine,0.74548,anc2b_14_V_unrelaxed_rank_001_alphafold2_model_3_seed_001.pdb
974,14,Chemokine,0.74301,anc2b_14_V_unrelaxed_rank_002_alphafold2_model_3_seed_004.pdb
975,14,Chemokine,0.7285,anc2b_14_V_unrelaxed_rank_003_alphafold2_model_1_seed_001.pdb
976,14,Chemokine,0.74257,anc2b_14_V_unrelaxed_rank_004_alphafold2_model_3_seed_000.pdb
977,14,Chemokine,0.74248,anc2b_14_V_unrelaxed_rank_005_alphafold2_model_3_seed_003.pdb
978,14,Chemokine,0.73225,anc2b_14_V_unrelaxed_rank_006_alphafold2_model_1_seed_003.pdb
979,14,Chemokine,0.74475,anc2b_14_V_unrelaxed_rank_007_alphafold2_model_3_seed_002.pdb
980,14,Chemokine,0.73527,anc2b_14_V_unrelaxed_rank_008_alphafold2_model_1_seed_004.pdb
981,14,Chemokine,0.72936,anc2b_14_V_unrelaxed_rank_009_alphafold2_model_1_seed_000.pdb
982,14,Chemokine,0.75071,anc2b_14_V_unrelaxed_rank_010_alphafold2_model_4_seed_003.pdb
983,14,Chemokine,0.73752,anc2b_14_V_unrelaxed_rank_011_alphafold2_model_2_seed_001.pdb
984,14,Chemokine,0.74992,anc2b_14_V_unrelaxed_rank_012_alphafold2_model_4_seed_001.pdb
985,14,Chemokine,0.75103,anc2b_14_V_unrelaxed_rank_013_alphafold2_model_4_seed_004.pdb
986,14,Chemokine,0.73664,anc2b_14_V_unrelaxed_rank_014_alphafold2_model_1_seed_002.pdb
987,14,Chemokine,0.74935,anc2b_14_V_unrelaxed_rank_015_alphafold2_model_4_seed_000.pdb
988,14,Chemokine,0.73852,anc2b_14_V_unrelaxed_rank_016_alphafold2_model_2_seed_002.pdb
989,14,Chemokine,0.73845,anc2b_14_V_unrelaxed_rank_017_alphafold2_model_2_seed_003.pdb
990,14,Chemokine,0.73924,anc2b_14_V_unrelaxed_rank_018_alphafold2_model_2_seed_004.pdb
991,14,Chemokine,0.74016,anc2b_14_V_unrelaxed_rank_019_alphafold2_model_2_seed_000.pdb
992,14,Chemokine,0.74658,anc2b_14_V_unrelaxed_rank_020_alphafold2_model_4_seed_002.pdb
993,14,Chemokine,0.72409,anc2b_14_V_unrelaxed_rank_021_alphafold2_model_5_seed_001.pdb
994,14,Chemokine,0.72601,anc2b_14_V_unrelaxed_rank_022_alphafold2_model_5_seed_002.pdb
995,14,Chemokine,0.72508,anc2b_14_V_unrelaxed_rank_023_alphafold2_model_5_seed_000.pdb
996,14,Chemokine,0.74286,anc2b_14_V_unrelaxed_rank_024_alphafold2_model_5_seed_004.pdb
997,14,Chemokine,0.73829,anc2b_14_V_unrelaxed_rank_025_alphafold2_model_5_seed_003.pdb
998,38,Chemokine,0.74917,anc2b_38_I_unrelaxed_rank_001_alphafold2_model_3_seed_002.pdb
999,38,Chemokine,0.74907,anc2b_38_I_unrelaxed_rank_002_alphafold2_model_3_seed_003.pdb
1000,38,Chemokine,0.75023,anc2b_38_I_unrelaxed_rank_003_alphafold2_model_3_seed_004.pdb
1001,38,Chemokine,0.75037,anc2b_38_I_unrelaxed_rank_004_alphafold2_model_3_seed_001.pdb
1002,38,Chemokine,0.75019,anc2b_38_I_unrelaxed_rank_005_alphafold2_model_3_seed_000.pdb
1003,38,Chemokine,0.76125,anc2b_38_I_unrelaxed_rank_006_alphafold2_model_2_seed_002.pdb
1004,38,Chemokine,0.7605,anc2b_38_I_unrelaxed_rank_007_alphafold2_model_2_seed_003.pdb
1005,38,Chemokine,0.75788,anc2b_38_I_unrelaxed_rank_008_alphafold2_model_1_seed_002.pdb
1006,38,Chemokine,0.75988,anc2b_38_I_unrelaxed_rank_009_alphafold2_model_2_seed_004.pdb
1007,38,Chemokine,0.75683,anc2b_38_I_unrelaxed_rank_010_alphafold2_model_2_seed_000.pdb
1008,38,Chemokine,0.75761,anc2b_38_I_unrelaxed_rank_011_alphafold2_model_2_seed_001.pdb
1009,38,Chemokine,0.75505,anc2b_38_I_unrelaxed_rank_012_alphafold2_model_4_seed_003.pdb
1010,38,Chemokine,0.73981,anc2b_38_I_unrelaxed_rank_013_alphafold2_model_1_seed_003.pdb
1011,38,Chemokine,0.75375,anc2b_38_I_unrelaxed_rank_014_alphafold2_model_4_seed_000.pdb
1012,38,Chemokine,0.75457,anc2b_38_I_unrelaxed_rank_015_alphafold2_model_4_seed_001.pdb
1013,38,Chemokine,0.73276,anc2b_38_I_unrelaxed_rank_016_alphafold2_model_1_seed_001.pdb
1014,38,Chemokine,0.7572,anc2b_38_I_unrelaxed_rank_017_alphafold2_model_4_seed_002.pdb
1015,38,Chemokine,0.75897,anc2b_38_I_unrelaxed_rank_018_alphafold2_model_4_seed_004.pdb
1016,38,Chemokine,0.75693,anc2b_38_I_unrelaxed_rank_019_alphafold2_model_5_seed_003.pdb
1017,38,Chemokine,0.75486,anc2b_38_I_unrelaxed_rank_020_alphafold2_model_5_seed_002.pdb
1018,38,Chemokine,0.76102,anc2b_38_I_unrelaxed_rank_021_alphafold2_model_5_seed_004.pdb
1019,38,Chemokine,0.73478,anc2b_38_I_unrelaxed_rank_022_alphafold2_model_1_seed_000.pdb
1020,38,Chemokine,0.75967,anc2b_38_I_unrelaxed_rank_023_alphafold2_model_5_seed_000.pdb
1021,38,Chemokine,0.75694,anc2b_38_I_unrelaxed_rank_024_alphafold2_model_5_seed_001.pdb
1022,38,Chemokine,0.7488,anc2b_38_I_unrelaxed_rank_025_alphafold2_model_1_seed_004.pdb
1023,38,Chemokine,0.74676,anc2b_38_L_unrelaxed_rank_001_alphafold2_model_3_seed_002.pdb
1024,38,Chemokine,0.75417,anc2b_38_L_unrelaxed_rank_002_alphafold2_model_3_seed_004.pdb
1025,38,Chemokine,0.75242,anc2b_38_L_unrelaxed_rank_003_alphafold2_model_3_seed_000.pdb
1026,38,Chemokine,0.75352,anc2b_38_L_unrelaxed_rank_004_alphafold2_model_3_seed_003.pdb
1027,38,Chemokine,0.75153,anc2b_38_L_unrelaxed_rank_005_alphafold2_model_3_seed_001.pdb
1028,38,Chemokine,0.7554,anc2b_38_L_unrelaxed_rank_006_alphafold2_model_1_seed_004.pdb
1029,38,Chemokine,0.75851,anc2b_38_L_unrelaxed_rank_007_alphafold2_model_1_seed_003.pdb
1030,38,Chemokine,0.76642,anc2b_38_L_unrelaxed_rank_008_alphafold2_model_2_seed_004.pdb
1031,38,Chemokine,0.76375,anc2b_38_L_unrelaxed_rank_009_alphafold2_model_2_seed_000.pdb
1032,38,Chemokine,0.7576,anc2b_38_L_unrelaxed_rank_010_alphafold2_model_1_seed_000.pdb
1033,38,Chemokine,0.76617,anc2b_38_L_unrelaxed_rank_011_alphafold2_model_2_seed_002.pdb
1034,38,Chemokine,0.7588,anc2b_38_L_unrelaxed_rank_012_alphafold2_model_1_seed_002.pdb
1035,38,Chemokine,0.76024,anc2b_38_L_unrelaxed_rank_013_alphafold2_model_2_seed_003.pdb
1036,38,Chemokine,0.76425,anc2b_38_L_unrelaxed_rank_014_alphafold2_model_4_seed_001.pdb
1037,38,Chemokine,0.76459,anc2b_38_L_unrelaxed_rank_015_alphafold2_model_4_seed_000.pdb
1038,38,Chemokine,0.75855,anc2b_38_L_unrelaxed_rank_016_alphafold2_model_2_seed_001.pdb
1039,38,Chemokine,0.76251,anc2b_38_L_unrelaxed_rank_017_alphafold2_model_4_seed_003.pdb
1040,38,Chemokine,0.75959,anc2b_38_L_unrelaxed_rank_018_alphafold2_model_5_seed_002.pdb
1041,38,Chemokine,0.74266,anc2b_38_L_unrelaxed_rank_019_alphafold2_model_1_seed_001.pdb
1042,38,Chemokine,0.75944,anc2b_38_L_unrelaxed_rank_020_alphafold2_model_5_seed_001.pdb
1043,38,Chemokine,0.75913,anc2b_38_L_unrelaxed_rank_021_alphafold2_model_5_seed_003.pdb
1044,38,Chemokine,0.75903,anc2b_38_L_unrelaxed_rank_022_alphafold2_model_5_seed_004.pdb
1045,38,Chemokine,0.75948,anc2b_38_L_unrelaxed_rank_023_alphafold2_model_5_seed_000.pdb
1046,38,Chemokine,0.7536,anc2b_38_L_unrelaxed_rank_024_alphafold2_model_4_seed_002.pdb
1047,38,Chemokine,0.77036,anc2b_38_L_unrelaxed_rank_025_alphafold2_model_4_seed_004.pdb
1048,38,Chemokine,0.75098,anc2b_38_V_unrelaxed_rank_001_alphafold2_model_3_seed_002.pdb
1049,38,Chemokine,0.75244,anc2b_38_V_unrelaxed_rank_002_alphafold2_model_3_seed_004.pdb
1050,38,Chemokine,0.75295,anc2b_38_V_unrelaxed_rank_003_alphafold2_model_3_seed_003.pdb
1051,38,Chemokine,0.75531,anc2b_38_V_unrelaxed_rank_004_alphafold2_model_3_seed_000.pdb
1052,38,Chemokine,0.75489,anc2b_38_V_unrelaxed_rank_005_alphafold2_model_3_seed_001.pdb
1053,38,Chemokine,0.76199,anc2b_38_V_unrelaxed_rank_006_alphafold2_model_2_seed_004.pdb
1054,38,Chemokine,0.75618,anc2b_38_V_unrelaxed_rank_007_alphafold2_model_1_seed_002.pdb
1055,38,Chemokine,0.76276,anc2b_38_V_unrelaxed_rank_008_alphafold2_model_2_seed_002.pdb
1056,38,Chemokine,0.76417,anc2b_38_V_unrelaxed_rank_009_alphafold2_model_2_seed_000.pdb
1057,38,Chemokine,0.7351,anc2b_38_V_unrelaxed_rank_010_alphafold2_model_1_seed_001.pdb
1058,38,Chemokine,0.76016,anc2b_38_V_unrelaxed_rank_011_alphafold2_model_2_seed_001.pdb
1059,38,Chemokine,0.74019,anc2b_38_V_unrelaxed_rank_012_alphafold2_model_1_seed_003.pdb
1060,38,Chemokine,0.74375,anc2b_38_V_unrelaxed_rank_013_alphafold2_model_1_seed_004.pdb
1061,38,Chemokine,0.74447,anc2b_38_V_unrelaxed_rank_014_alphafold2_model_1_seed_000.pdb
1062,38,Chemokine,0.75213,anc2b_38_V_unrelaxed_rank_015_alphafold2_model_4_seed_003.pdb
1063,38,Chemokine,0.75552,anc2b_38_V_unrelaxed_rank_016_alphafold2_model_4_seed_004.pdb
1064,38,Chemokine,0.75896,anc2b_38_V_unrelaxed_rank_017_alphafold2_model_4_seed_002.pdb
1065,38,Chemokine,0.7551,anc2b_38_V_unrelaxed_rank_018_alphafold2_model_2_seed_003.pdb
1066,38,Chemokine,0.7518,anc2b_38_V_unrelaxed_rank_019_alphafold2_model_4_seed_000.pdb
1067,38,Chemokine,0.75847,anc2b_38_V_unrelaxed_rank_020_alphafold2_model_4_seed_001.pdb
1068,38,Chemokine,0.76433,anc2b_38_V_unrelaxed_rank_021_alphafold2_model_5_seed_002.pdb
1069,38,Chemokine,0.76402,anc2b_38_V_unrelaxed_rank_022_alphafold2_model_5_seed_004.pdb
1070,38,Chemokine,0.76484,anc2b_38_V_unrelaxed_rank_023_alphafold2_model_5_seed_003.pdb
1071,38,Chemokine,0.76443,anc2b_38_V_unrelaxed_rank_024_alphafold2_model_5_seed_001.pdb
1072,38,Chemokine,0.76497,anc2b_38_V_unrelaxed_rank_025_alphafold2_model_5_seed_000.pdb
1073,40,Chemokine,0.75427,anc2b_40_G_unrelaxed_rank_001_alphafold2_model_1_seed_002.pdb
1074,40,Chemokine,0.75189,anc2b_40_G_unrelaxed_rank_002_alphafold2_model_1_seed_003.pdb
1075,40,Chemokine,0.74109,anc2b_40_G_unrelaxed_rank_003_alphafold2_model_1_seed_004.pdb
1076,40,Chemokine,0.66489,anc2b_40_G_unrelaxed_rank_004_alphafold2_model_2_seed_002.pdb
1077,40,Chemokine,0.75052,anc2b_40_I_unrelaxed_rank_001_alphafold2_model_3_seed_002.pdb
1078,40,Chemokine,0.74994,anc2b_40_I_unrelaxed_rank_002_alphafold2_model_3_seed_001.pdb
1079,40,Chemokine,0.75131,anc2b_40_I_unrelaxed_rank_003_alphafold2_model_3_seed_004.pdb
1080,40,Chemokine,0.74903,anc2b_40_I_unrelaxed_rank_004_alphafold2_model_3_seed_003.pdb
1081,40,Chemokine,0.7488,anc2b_40_I_unrelaxed_rank_005_alphafold2_model_3_seed_000.pdb
1082,40,Chemokine,0.75991,anc2b_40_I_unrelaxed_rank_006_alphafold2_model_2_seed_003.pdb
1083,40,Chemokine,0.76157,anc2b_40_I_unrelaxed_rank_007_alphafold2_model_2_seed_004.pdb
1084,40,Chemokine,0.75177,anc2b_40_I_unrelaxed_rank_008_alphafold2_model_1_seed_004.pdb
1085,40,Chemokine,0.75045,anc2b_40_I_unrelaxed_rank_009_alphafold2_model_1_seed_001.pdb
1086,40,Chemokine,0.75057,anc2b_40_I_unrelaxed_rank_010_alphafold2_model_1_seed_003.pdb
1087,40,Chemokine,0.76198,anc2b_40_I_unrelaxed_rank_011_alphafold2_model_2_seed_001.pdb
1088,40,Chemokine,0.74889,anc2b_40_I_unrelaxed_rank_012_alphafold2_model_1_seed_000.pdb
1089,40,Chemokine,0.76152,anc2b_40_I_unrelaxed_rank_013_alphafold2_model_2_seed_000.pdb
1090,40,Chemokine,0.75173,anc2b_40_I_unrelaxed_rank_014_alphafold2_model_1_seed_002.pdb
1091,40,Chemokine,0.7601,anc2b_40_I_unrelaxed_rank_015_alphafold2_model_2_seed_002.pdb
1092,40,Chemokine,0.76072,anc2b_40_I_unrelaxed_rank_016_alphafold2_model_5_seed_001.pdb
1093,40,Chemokine,0.75879,anc2b_40_I_unrelaxed_rank_017_alphafold2_model_5_seed_003.pdb
1094,40,Chemokine,0.75647,anc2b_40_I_unrelaxed_rank_018_alphafold2_model_4_seed_003.pdb
1095,40,Chemokine,0.76057,anc2b_40_I_unrelaxed_rank_019_alphafold2_model_5_seed_004.pdb
1096,40,Chemokine,0.76239,anc2b_40_I_unrelaxed_rank_020_alphafold2_model_4_seed_002.pdb
1097,40,Chemokine,0.75553,anc2b_40_I_unrelaxed_rank_021_alphafold2_model_5_seed_002.pdb
1098,40,Chemokine,0.76148,anc2b_40_I_unrelaxed_rank_022_alphafold2_model_4_seed_004.pdb
1099,40,Chemokine,0.76028,anc2b_40_I_unrelaxed_rank_023_alphafold2_model_4_seed_001.pdb
1100,40,Chemokine,0.75981,anc2b_40_I_unrelaxed_rank_024_alphafold2_model_5_seed_000.pdb
1101,40,Chemokine,0.76093,anc2b_40_I_unrelaxed_rank_025_alphafold2_model_4_seed_000.pdb
1102,40,Chemokine,0.75306,anc2b_40_V_unrelaxed_rank_001_alphafold2_model_3_seed_004.pdb
1103,40,Chemokine,0.751,anc2b_40_V_unrelaxed_rank_002_alphafold2_model_3_seed_003.pdb
1104,40,Chemokine,0.74892,anc2b_40_V_unrelaxed_rank_003_alphafold2_model_3_seed_002.pdb
1105,40,Chemokine,0.75151,anc2b_40_V_unrelaxed_rank_004_alphafold2_model_3_seed_001.pdb
1106,40,Chemokine,0.75259,anc2b_40_V_unrelaxed_rank_005_alphafold2_model_3_seed_000.pdb
1107,40,Chemokine,0.76219,anc2b_40_V_unrelaxed_rank_006_alphafold2_model_2_seed_003.pdb
1108,40,Chemokine,0.76435,anc2b_40_V_unrelaxed_rank_007_alphafold2_model_2_seed_004.pdb
1109,40,Chemokine,0.75232,anc2b_40_V_unrelaxed_rank_008_alphafold2_model_1_seed_004.pdb
1110,40,Chemokine,0.75139,anc2b_40_V_unrelaxed_rank_009_alphafold2_model_1_seed_001.pdb
1111,40,Chemokine,0.76373,anc2b_40_V_unrelaxed_rank_010_alphafold2_model_2_seed_001.pdb
1112,40,Chemokine,0.75789,anc2b_40_V_unrelaxed_rank_011_alphafold2_model_1_seed_002.pdb
1113,40,Chemokine,0.75265,anc2b_40_V_unrelaxed_rank_012_alphafold2_model_1_seed_003.pdb
1114,40,Chemokine,0.7519,anc2b_40_V_unrelaxed_rank_013_alphafold2_model_1_seed_000.pdb
1115,40,Chemokine,0.76379,anc2b_40_V_unrelaxed_rank_014_alphafold2_model_2_seed_002.pdb
1116,40,Chemokine,0.76571,anc2b_40_V_unrelaxed_rank_015_alphafold2_model_2_seed_000.pdb
1117,40,Chemokine,0.76299,anc2b_40_V_unrelaxed_rank_016_alphafold2_model_5_seed_001.pdb
1118,40,Chemokine,0.76272,anc2b_40_V_unrelaxed_rank_017_alphafold2_model_5_seed_003.pdb
1119,40,Chemokine,0.76139,anc2b_40_V_unrelaxed_rank_018_alphafold2_model_5_seed_004.pdb
1120,40,Chemokine,0.75643,anc2b_40_V_unrelaxed_rank_019_alphafold2_model_5_seed_002.pdb
1121,40,Chemokine,0.75877,anc2b_40_V_unrelaxed_rank_020_alphafold2_model_4_seed_003.pdb
1122,40,Chemokine,0.76256,anc2b_40_V_unrelaxed_rank_021_alphafold2_model_5_seed_000.pdb
1123,40,Chemokine,0.76299,anc2b_40_V_unrelaxed_rank_022_alphafold2_model_4_seed_004.pdb
1124,40,Chemokine,0.75833,anc2b_40_V_unrelaxed_rank_023_alphafold2_model_4_seed_002.pdb
1125,40,Chemokine,0.76242,anc2b_40_V_unrelaxed_rank_024_alphafold2_model_4_seed_001.pdb
1126,40,Chemokine,0.75955,anc2b_40_V_unrelaxed_rank_025_alphafold2_model_4_seed_000.pdb
1127,45,Chemokine,0.72675,anc2b_45_I_unrelaxed_rank_001_alphafold2_model_1_seed_003.pdb
1128,45,Chemokine,0.67613,anc2b_45_I_unrelaxed_rank_002_alphafold2_model_2_seed_004.pdb
1129,45,Chemokine,0.67147,anc2b_45_I_unrelaxed_rank_003_alphafold2_model_1_seed_002.pdb
1130,45,Chemokine,0.66971,anc2b_45_I_unrelaxed_rank_004_alphafold2_model_2_seed_001.pdb
1131,45,Chemokine,0.67794,anc2b_45_I_unrelaxed_rank_005_alphafold2_model_2_seed_002.pdb
1132,45,Chemokine,0.66443,anc2b_45_I_unrelaxed_rank_006_alphafold2_model_2_seed_000.pdb
1133,45,Chemokine,0.65739,anc2b_45_I_unrelaxed_rank_007_alphafold2_model_5_seed_002.pdb
1134,45,Chemokine,0.66878,anc2b_45_I_unrelaxed_rank_008_alphafold2_model_5_seed_003.pdb
1135,45,Chemokine,0.73054,anc2b_45_L_unrelaxed_rank_001_alphafold2_model_1_seed_002.pdb
1136,45,Chemokine,0.73756,anc2b_45_L_unrelaxed_rank_002_alphafold2_model_2_seed_003.pdb
1137,45,Chemokine,0.74754,anc2b_45_L_unrelaxed_rank_003_alphafold2_model_3_seed_004.pdb
1138,45,Chemokine,0.73223,anc2b_45_L_unrelaxed_rank_004_alphafold2_model_3_seed_002.pdb
1139,45,Chemokine,0.75301,anc2b_45_L_unrelaxed_rank_005_alphafold2_model_2_seed_002.pdb
1140,45,Chemokine,0.74964,anc2b_45_L_unrelaxed_rank_006_alphafold2_model_2_seed_000.pdb
1141,45,Chemokine,0.74082,anc2b_45_L_unrelaxed_rank_007_alphafold2_model_2_seed_001.pdb
1142,45,Chemokine,0.67134,anc2b_45_L_unrelaxed_rank_008_alphafold2_model_1_seed_000.pdb
1143,45,Chemokine,0.67027,anc2b_45_L_unrelaxed_rank_009_alphafold2_model_1_seed_003.pdb
1144,45,Chemokine,0.74227,anc2b_45_V_unrelaxed_rank_001_alphafold2_model_2_seed_003.pdb
1145,45,Chemokine,0.74428,anc2b_45_V_unrelaxed_rank_002_alphafold2_model_2_seed_002.pdb
1146,45,Chemokine,0.72942,anc2b_45_V_unrelaxed_rank_003_alphafold2_model_1_seed_002.pdb
1147,45,Chemokine,0.7357,anc2b_45_V_unrelaxed_rank_004_alphafold2_model_2_seed_004.pdb
1148,45,Chemokine,0.73703,anc2b_45_V_unrelaxed_rank_005_alphafold2_model_2_seed_000.pdb
1149,45,Chemokine,0.66975,anc2b_45_V_unrelaxed_rank_006_alphafold2_model_1_seed_004.pdb
1150,45,Chemokine,0.66849,anc2b_45_V_unrelaxed_rank_007_alphafold2_model_1_seed_003.pdb
1151,45,Chemokine,0.67351,anc2b_45_V_unrelaxed_rank_008_alphafold2_model_1_seed_000.pdb
1152,47,Chemokine,0.74917,anc2b_47_I_unrelaxed_rank_001_alphafold2_model_3_seed_002.pdb
1153,47,Chemokine,0.74907,anc2b_47_I_unrelaxed_rank_002_alphafold2_model_3_seed_003.pdb
1154,47,Chemokine,0.75023,anc2b_47_I_unrelaxed_rank_003_alphafold2_model_3_seed_004.pdb
1155,47,Chemokine,0.75037,anc2b_47_I_unrelaxed_rank_004_alphafold2_model_3_seed_001.pdb
1156,47,Chemokine,0.75019,anc2b_47_I_unrelaxed_rank_005_alphafold2_model_3_seed_000.pdb
1157,47,Chemokine,0.76125,anc2b_47_I_unrelaxed_rank_006_alphafold2_model_2_seed_002.pdb
1158,47,Chemokine,0.7605,anc2b_47_I_unrelaxed_rank_007_alphafold2_model_2_seed_003.pdb
1159,47,Chemokine,0.75788,anc2b_47_I_unrelaxed_rank_008_alphafold2_model_1_seed_002.pdb
1160,47,Chemokine,0.75988,anc2b_47_I_unrelaxed_rank_009_alphafold2_model_2_seed_004.pdb
1161,47,Chemokine,0.75683,anc2b_47_I_unrelaxed_rank_010_alphafold2_model_2_seed_000.pdb
1162,47,Chemokine,0.75761,anc2b_47_I_unrelaxed_rank_011_alphafold2_model_2_seed_001.pdb
1163,47,Chemokine,0.75505,anc2b_47_I_unrelaxed_rank_012_alphafold2_model_4_seed_003.pdb
1164,47,Chemokine,0.73981,anc2b_47_I_unrelaxed_rank_013_alphafold2_model_1_seed_003.pdb
1165,47,Chemokine,0.75375,anc2b_47_I_unrelaxed_rank_014_alphafold2_model_4_seed_000.pdb
1166,47,Chemokine,0.75457,anc2b_47_I_unrelaxed_rank_015_alphafold2_model_4_seed_001.pdb
1167,47,Chemokine,0.73276,anc2b_47_I_unrelaxed_rank_016_alphafold2_model_1_seed_001.pdb
1168,47,Chemokine,0.7572,anc2b_47_I_unrelaxed_rank_017_alphafold2_model_4_seed_002.pdb
1169,47,Chemokine,0.75897,anc2b_47_I_unrelaxed_rank_018_alphafold2_model_4_seed_004.pdb
1170,47,Chemokine,0.75693,anc2b_47_I_unrelaxed_rank_019_alphafold2_model_5_seed_003.pdb
1171,47,Chemokine,0.75486,anc2b_47_I_unrelaxed_rank_020_alphafold2_model_5_seed_002.pdb
1172,47,Chemokine,0.76102,anc2b_47_I_unrelaxed_rank_021_alphafold2_model_5_seed_004.pdb
1173,47,Chemokine,0.73478,anc2b_47_I_unrelaxed_rank_022_alphafold2_model_1_seed_000.pdb
1174,47,Chemokine,0.75967,anc2b_47_I_unrelaxed_rank_023_alphafold2_model_5_seed_000.pdb
1175,47,Chemokine,0.75694,anc2b_47_I_unrelaxed_rank_024_alphafold2_model_5_seed_001.pdb
1176,47,Chemokine,0.7488,anc2b_47_I_unrelaxed_rank_025_alphafold2_model_1_seed_004.pdb
1177,47,Chemokine,0.75482,anc2b_47_L_unrelaxed_rank_001_alphafold2_model_3_seed_001.pdb
1178,47,Chemokine,0.75285,anc2b_47_L_unrelaxed_rank_002_alphafold2_model_3_seed_002.pdb
1179,47,Chemokine,0.75349,anc2b_47_L_unrelaxed_rank_003_alphafold2_model_3_seed_004.pdb
1180,47,Chemokine,0.75413,anc2b_47_L_unrelaxed_rank_004_alphafold2_model_3_seed_000.pdb
1181,47,Chemokine,0.754,anc2b_47_L_unrelaxed_rank_005_alphafold2_model_3_seed_003.pdb
1182,47,Chemokine,0.7612,anc2b_47_L_unrelaxed_rank_006_alphafold2_model_2_seed_000.pdb
1183,47,Chemokine,0.73431,anc2b_47_L_unrelaxed_rank_007_alphafold2_model_1_seed_003.pdb
1184,47,Chemokine,0.73167,anc2b_47_L_unrelaxed_rank_008_alphafold2_model_1_seed_001.pdb
1185,47,Chemokine,0.73452,anc2b_47_L_unrelaxed_rank_009_alphafold2_model_1_seed_004.pdb
1186,47,Chemokine,0.73977,anc2b_47_L_unrelaxed_rank_010_alphafold2_model_1_seed_002.pdb
1187,47,Chemokine,0.73401,anc2b_47_L_unrelaxed_rank_011_alphafold2_model_1_seed_000.pdb
1188,47,Chemokine,0.74693,anc2b_47_L_unrelaxed_rank_012_alphafold2_model_2_seed_003.pdb
1189,47,Chemokine,0.74481,anc2b_47_L_unrelaxed_rank_013_alphafold2_model_2_seed_002.pdb
1190,47,Chemokine,0.75947,anc2b_47_L_unrelaxed_rank_014_alphafold2_model_4_seed_001.pdb
1191,47,Chemokine,0.74987,anc2b_47_L_unrelaxed_rank_015_alphafold2_model_4_seed_000.pdb
1192,47,Chemokine,0.75898,anc2b_47_L_unrelaxed_rank_016_alphafold2_model_4_seed_003.pdb
1193,47,Chemokine,0.75726,anc2b_47_L_unrelaxed_rank_017_alphafold2_model_5_seed_003.pdb
1194,47,Chemokine,0.75711,anc2b_47_L_unrelaxed_rank_018_alphafold2_model_5_seed_002.pdb
1195,47,Chemokine,0.75714,anc2b_47_L_unrelaxed_rank_019_alphafold2_model_5_seed_004.pdb
1196,47,Chemokine,0.75641,anc2b_47_L_unrelaxed_rank_020_alphafold2_model_5_seed_001.pdb
1197,47,Chemokine,0.75726,anc2b_47_L_unrelaxed_rank_021_alphafold2_model_5_seed_000.pdb
1198,47,Chemokine,0.73513,anc2b_47_L_unrelaxed_rank_022_alphafold2_model_2_seed_004.pdb
1199,47,Chemokine,0.76074,anc2b_47_L_unrelaxed_rank_023_alphafold2_model_4_seed_002.pdb
1200,47,Chemokine,0.74237,anc2b_47_L_unrelaxed_rank_024_alphafold2_model_2_seed_001.pdb
1201,47,Chemokine,0.75392,anc2b_47_L_unrelaxed_rank_025_alphafold2_model_4_seed_004.pdb
1202,47,Chemokine,0.75674,anc2b_47_M_unrelaxed_rank_001_alphafold2_model_3_seed_002.pdb
1203,47,Chemokine,0.75793,anc2b_47_M_unrelaxed_rank_002_alphafold2_model_3_seed_004.pdb
1204,47,Chemokine,0.75592,anc2b_47_M_unrelaxed_rank_003_alphafold2_model_3_seed_003.pdb
1205,47,Chemokine,0.75742,anc2b_47_M_unrelaxed_rank_004_alphafold2_model_3_seed_000.pdb
1206,47,Chemokine,0.75903,anc2b_47_M_unrelaxed_rank_005_alphafold2_model_3_seed_001.pdb
1207,47,Chemokine,0.76109,anc2b_47_M_unrelaxed_rank_006_alphafold2_model_2_seed_004.pdb
1208,47,Chemokine,0.7624,anc2b_47_M_unrelaxed_rank_007_alphafold2_model_2_seed_003.pdb
1209,47,Chemokine,0.76267,anc2b_47_M_unrelaxed_rank_008_alphafold2_model_2_seed_002.pdb
1210,47,Chemokine,0.75817,anc2b_47_M_unrelaxed_rank_009_alphafold2_model_1_seed_002.pdb
1211,47,Chemokine,0.77109,anc2b_47_M_unrelaxed_rank_010_alphafold2_model_2_seed_000.pdb
1212,47,Chemokine,0.75312,anc2b_47_M_unrelaxed_rank_011_alphafold2_model_1_seed_004.pdb
1213,47,Chemokine,0.7652,anc2b_47_M_unrelaxed_rank_012_alphafold2_model_4_seed_000.pdb
1214,47,Chemokine,0.7564,anc2b_47_M_unrelaxed_rank_013_alphafold2_model_5_seed_004.pdb
1215,47,Chemokine,0.74989,anc2b_47_M_unrelaxed_rank_014_alphafold2_model_1_seed_003.pdb
1216,47,Chemokine,0.76533,anc2b_47_M_unrelaxed_rank_015_alphafold2_model_4_seed_001.pdb
1217,47,Chemokine,0.75903,anc2b_47_M_unrelaxed_rank_016_alphafold2_model_5_seed_002.pdb
1218,47,Chemokine,0.73679,anc2b_47_M_unrelaxed_rank_017_alphafold2_model_1_seed_000.pdb
1219,47,Chemokine,0.75921,anc2b_47_M_unrelaxed_rank_018_alphafold2_model_5_seed_001.pdb
1220,47,Chemokine,0.76253,anc2b_47_M_unrelaxed_rank_019_alphafold2_model_4_seed_003.pdb
1221,47,Chemokine,0.75895,anc2b_47_M_unrelaxed_rank_020_alphafold2_model_5_seed_003.pdb
1222,47,Chemokine,0.75847,anc2b_47_M_unrelaxed_rank_021_alphafold2_model_5_seed_000.pdb
1223,47,Chemokine,0.77141,anc2b_47_M_unrelaxed_rank_022_alphafold2_model_2_seed_001.pdb
1224,47,Chemokine,0.73759,anc2b_47_M_unrelaxed_rank_023_alphafold2_model_1_seed_001.pdb
1225,47,Chemokine,0.76238,anc2b_47_M_unrelaxed_rank_024_alphafold2_model_4_seed_002.pdb
1226,47,Chemokine,0.74758,anc2b_47_M_unrelaxed_rank_025_alphafold2_model_4_seed_004.pdb
1227,A,Chemokine,0.77392,anc2b_A_unrelaxed_rank_001_alphafold2_model_2_seed_002.pdb
1228,A,Chemokine,0.77426,anc2b_A_unrelaxed_rank_002_alphafold2_model_2_seed_000.pdb
1229,A,Chemokine,0.77636,anc2b_A_unrelaxed_rank_003_alphafold2_model_2_seed_004.pdb
1230,A,Chemokine,0.77698,anc2b_A_unrelaxed_rank_004_alphafold2_model_2_seed_003.pdb
1231,A,Chemokine,0.77752,anc2b_A_unrelaxed_rank_005_alphafold2_model_2_seed_001.pdb
1232,A,Chemokine,0.75479,anc2b_A_unrelaxed_rank_006_alphafold2_model_3_seed_004.pdb
1233,A,Chemokine,0.76783,anc2b_A_unrelaxed_rank_007_alphafold2_model_1_seed_003.pdb
1234,A,Chemokine,0.7686,anc2b_A_unrelaxed_rank_008_alphafold2_model_1_seed_004.pdb
1235,A,Chemokine,0.76682,anc2b_A_unrelaxed_rank_009_alphafold2_model_1_seed_001.pdb
1236,A,Chemokine,0.76698,anc2b_A_unrelaxed_rank_010_alphafold2_model_1_seed_002.pdb
1237,A,Chemokine,0.76634,anc2b_A_unrelaxed_rank_011_alphafold2_model_1_seed_000.pdb
1238,A,Chemokine,0.75639,anc2b_A_unrelaxed_rank_012_alphafold2_model_3_seed_003.pdb
1239,A,Chemokine,0.75646,anc2b_A_unrelaxed_rank_013_alphafold2_model_3_seed_000.pdb
1240,A,Chemokine,0.75563,anc2b_A_unrelaxed_rank_014_alphafold2_model_3_seed_002.pdb
1241,A,Chemokine,0.75336,anc2b_A_unrelaxed_rank_015_alphafold2_model_3_seed_001.pdb
1242,A,Chemokine,0.78123,anc2b_A_unrelaxed_rank_016_alphafold2_model_4_seed_004.pdb
1243,A,Chemokine,0.79103,anc2b_A_unrelaxed_rank_017_alphafold2_model_4_seed_002.pdb
1244,A,Chemokine,0.78048,anc2b_A_unrelaxed_rank_018_alphafold2_model_4_seed_003.pdb
1245,A,Chemokine,0.78126,anc2b_A_unrelaxed_rank_019_alphafold2_model_4_seed_001.pdb
1246,A,Chemokine,0.77979,anc2b_A_unrelaxed_rank_020_alphafold2_model_4_seed_000.pdb
1247,A,Chemokine,0.7646,anc2b_A_unrelaxed_rank_021_alphafold2_model_5_seed_004.pdb
1248,A,Chemokine,0.76663,anc2b_A_unrelaxed_rank_022_alphafold2_model_5_seed_002.pdb
1249,A,Chemokine,0.76396,anc2b_A_unrelaxed_rank_023_alphafold2_model_5_seed_003.pdb
1250,A,Chemokine,0.76396,anc2b_A_unrelaxed_rank_024_alphafold2_model_5_seed_001.pdb
1251,A,Chemokine,0.76346,anc2b_A_unrelaxed_rank_025_alphafold2_model_5_seed_000.pdb
1252,G,Chemokine,0.82792,anc2b_G_unrelaxed_rank_001_alphafold2_model_2_seed_003.pdb
1253,G,Chemokine,0.76826,anc2b_G_unrelaxed_rank_002_alphafold2_model_3_seed_004.pdb
1254,G,Chemokine,0.7899,anc2b_G_unrelaxed_rank_003_alphafold2_model_1_seed_002.pdb
1255,G,Chemokine,0.79013,anc2b_G_unrelaxed_rank_004_alphafold2_model_1_seed_004.pdb
1256,G,Chemokine,0.76499,anc2b_G_unrelaxed_rank_005_alphafold2_model_3_seed_001.pdb
1257,G,Chemokine,0.76721,anc2b_G_unrelaxed_rank_006_alphafold2_model_3_seed_003.pdb
1258,G,Chemokine,0.78962,anc2b_G_unrelaxed_rank_007_alphafold2_model_1_seed_003.pdb
1259,G,Chemokine,0.78819,anc2b_G_unrelaxed_rank_008_alphafold2_model_1_seed_000.pdb
1260,G,Chemokine,0.78877,anc2b_G_unrelaxed_rank_009_alphafold2_model_1_seed_001.pdb
1261,G,Chemokine,0.76851,anc2b_G_unrelaxed_rank_010_alphafold2_model_3_seed_000.pdb
1262,G,Chemokine,0.76541,anc2b_G_unrelaxed_rank_011_alphafold2_model_3_seed_002.pdb
1263,G,Chemokine,0.79766,anc2b_G_unrelaxed_rank_012_alphafold2_model_4_seed_004.pdb
1264,G,Chemokine,0.79805,anc2b_G_unrelaxed_rank_013_alphafold2_model_4_seed_001.pdb
1265,G,Chemokine,0.79788,anc2b_G_unrelaxed_rank_014_alphafold2_model_4_seed_003.pdb
1266,G,Chemokine,0.79785,anc2b_G_unrelaxed_rank_015_alphafold2_model_4_seed_000.pdb
1267,G,Chemokine,0.79756,anc2b_G_unrelaxed_rank_016_alphafold2_model_4_seed_002.pdb
1268,G,Chemokine,0.79453,anc2b_G_unrelaxed_rank_017_alphafold2_model_2_seed_004.pdb
1269,G,Chemokine,0.80289,anc2b_G_unrelaxed_rank_018_alphafold2_model_2_seed_001.pdb
1270,G,Chemokine,0.79909,anc2b_G_unrelaxed_rank_019_alphafold2_model_2_seed_000.pdb
1271,G,Chemokine,0.77457,anc2b_G_unrelaxed_rank_020_alphafold2_model_5_seed_002.pdb
1272,G,Chemokine,0.77363,anc2b_G_unrelaxed_rank_021_alphafold2_model_5_seed_004.pdb
1273,G,Chemokine,0.77411,anc2b_G_unrelaxed_rank_022_alphafold2_model_5_seed_003.pdb
1274,G,Chemokine,0.77379,anc2b_G_unrelaxed_rank_023_alphafold2_model_5_seed_001.pdb
1275,G,Chemokine,0.77204,anc2b_G_unrelaxed_rank_024_alphafold2_model_5_seed_000.pdb
1276,I,Chemokine,0.74917,anc2b_I_unrelaxed_rank_001_alphafold2_model_3_seed_002.pdb
1277,I,Chemokine,0.74907,anc2b_I_unrelaxed_rank_002_alphafold2_model_3_seed_003.pdb
1278,I,Chemokine,0.75023,anc2b_I_unrelaxed_rank_003_alphafold2_model_3_seed_004.pdb
1279,I,Chemokine,0.75037,anc2b_I_unrelaxed_rank_004_alphafold2_model_3_seed_001.pdb
1280,I,Chemokine,0.75019,anc2b_I_unrelaxed_rank_005_alphafold2_model_3_seed_000.pdb
1281,I,Chemokine,0.76125,anc2b_I_unrelaxed_rank_006_alphafold2_model_2_seed_002.pdb
1282,I,Chemokine,0.7605,anc2b_I_unrelaxed_rank_007_alphafold2_model_2_seed_003.pdb
1283,I,Chemokine,0.75788,anc2b_I_unrelaxed_rank_008_alphafold2_model_1_seed_002.pdb
1284,I,Chemokine,0.75988,anc2b_I_unrelaxed_rank_009_alphafold2_model_2_seed_004.pdb
1285,I,Chemokine,0.75683,anc2b_I_unrelaxed_rank_010_alphafold2_model_2_seed_000.pdb
1286,I,Chemokine,0.75761,anc2b_I_unrelaxed_rank_011_alphafold2_model_2_seed_001.pdb
1287,I,Chemokine,0.75505,anc2b_I_unrelaxed_rank_012_alphafold2_model_4_seed_003.pdb
1288,I,Chemokine,0.73981,anc2b_I_unrelaxed_rank_013_alphafold2_model_1_seed_003.pdb
1289,I,Chemokine,0.75375,anc2b_I_unrelaxed_rank_014_alphafold2_model_4_seed_000.pdb
1290,I,Chemokine,0.75457,anc2b_I_unrelaxed_rank_015_alphafold2_model_4_seed_001.pdb
1291,I,Chemokine,0.73276,anc2b_I_unrelaxed_rank_016_alphafold2_model_1_seed_001.pdb
1292,I,Chemokine,0.7572,anc2b_I_unrelaxed_rank_017_alphafold2_model_4_seed_002.pdb
1293,I,Chemokine,0.75897,anc2b_I_unrelaxed_rank_018_alphafold2_model_4_seed_004.pdb
1294,I,Chemokine,0.75693,anc2b_I_unrelaxed_rank_019_alphafold2_model_5_seed_003.pdb
1295,I,Chemokine,0.75486,anc2b_I_unrelaxed_rank_020_alphafold2_model_5_seed_002.pdb
1296,I,Chemokine,0.76102,anc2b_I_unrelaxed_rank_021_alphafold2_model_5_seed_004.pdb
1297,I,Chemokine,0.73478,anc2b_I_unrelaxed_rank_022_alphafold2_model_1_seed_000.pdb
1298,I,Chemokine,0.75967,anc2b_I_unrelaxed_rank_023_alphafold2_model_5_seed_000.pdb
1299,I,Chemokine,0.75694,anc2b_I_unrelaxed_rank_024_alphafold2_model_5_seed_001.pdb
1300,I,Chemokine,0.7488,anc2b_I_unrelaxed_rank_025_alphafold2_model_1_seed_004.pdb
1301,14,Chemokine,0.76222,anc2c_14_I_unrelaxed_rank_001_alphafold2_model_4_seed_003.pdb
1302,14,Chemokine,0.76274,anc2c_14_I_unrelaxed_rank_002_alphafold2_model_4_seed_004.pdb
1303,14,Chemokine,0.75685,anc2c_14_I_unrelaxed_rank_003_alphafold2_model_4_seed_002.pdb
1304,14,Chemokine,0.75658,anc2c_14_I_unrelaxed_rank_004_alphafold2_model_3_seed_004.pdb
1305,14,Chemokine,0.77595,anc2c_14_I_unrelaxed_rank_005_alphafold2_model_1_seed_000.pdb
1306,14,Chemokine,0.72245,anc2c_14_I_unrelaxed_rank_006_alphafold2_model_2_seed_003.pdb
1307,14,Chemokine,0.72373,anc2c_14_I_unrelaxed_rank_007_alphafold2_model_2_seed_000.pdb
1308,14,Dimer,0.57889,anc2c_14_I_unrelaxed_rank_008_alphafold2_model_1_seed_001.pdb
1309,14,Chemokine,0.72511,anc2c_14_I_unrelaxed_rank_009_alphafold2_model_2_seed_002.pdb
1310,14,Chemokine,0.70725,anc2c_14_I_unrelaxed_rank_010_alphafold2_model_2_seed_004.pdb
1311,14,Dimer,0.60976,anc2c_14_I_unrelaxed_rank_011_alphafold2_model_1_seed_004.pdb
1312,14,Chemokine,0.66967,anc2c_14_I_unrelaxed_rank_012_alphafold2_model_3_seed_003.pdb
1313,14,Chemokine,0.67331,anc2c_14_I_unrelaxed_rank_013_alphafold2_model_3_seed_001.pdb
1314,14,Dimer,0.56227,anc2c_14_I_unrelaxed_rank_014_alphafold2_model_5_seed_001.pdb
1315,14,Chemokine,0.68408,anc2c_14_I_unrelaxed_rank_015_alphafold2_model_4_seed_001.pdb
1316,14,Chemokine,0.67432,anc2c_14_I_unrelaxed_rank_016_alphafold2_model_3_seed_000.pdb
1317,14,Dimer,0.5669,anc2c_14_I_unrelaxed_rank_017_alphafold2_model_5_seed_003.pdb
1318,14,Dimer,0.55958,anc2c_14_I_unrelaxed_rank_018_alphafold2_model_5_seed_000.pdb
1319,14,Dimer,0.56159,anc2c_14_I_unrelaxed_rank_019_alphafold2_model_5_seed_002.pdb
1320,14,Chemokine,0.68032,anc2c_14_I_unrelaxed_rank_020_alphafold2_model_1_seed_003.pdb
1321,14,Chemokine,0.76094,anc2c_14_L_unrelaxed_rank_001_alphafold2_model_1_seed_002.pdb
1322,14,Chemokine,0.76756,anc2c_14_L_unrelaxed_rank_002_alphafold2_model_2_seed_001.pdb
1323,14,Chemokine,0.77853,anc2c_14_L_unrelaxed_rank_003_alphafold2_model_2_seed_002.pdb
1324,14,Chemokine,0.77112,anc2c_14_L_unrelaxed_rank_004_alphafold2_model_4_seed_004.pdb
1325,14,Chemokine,0.77158,anc2c_14_L_unrelaxed_rank_005_alphafold2_model_4_seed_003.pdb
1326,14,Chemokine,0.77072,anc2c_14_L_unrelaxed_rank_006_alphafold2_model_4_seed_000.pdb
1327,14,Chemokine,0.75341,anc2c_14_L_unrelaxed_rank_007_alphafold2_model_3_seed_002.pdb
1328,14,Chemokine,0.76235,anc2c_14_L_unrelaxed_rank_008_alphafold2_model_4_seed_001.pdb
1329,14,Chemokine,0.7277,anc2c_14_L_unrelaxed_rank_009_alphafold2_model_2_seed_003.pdb
1330,14,Chemokine,0.72453,anc2c_14_L_unrelaxed_rank_010_alphafold2_model_2_seed_000.pdb
1331,14,Chemokine,0.72396,anc2c_14_L_unrelaxed_rank_011_alphafold2_model_1_seed_000.pdb
1332,14,Chemokine,0.7271,anc2c_14_L_unrelaxed_rank_012_alphafold2_model_1_seed_003.pdb
1333,14,Chemokine,0.5603,anc2c_14_L_unrelaxed_rank_013_alphafold2_model_4_seed_002.pdb
1334,14,Chemokine,0.5457,anc2c_14_L_unrelaxed_rank_014_alphafold2_model_2_seed_004.pdb
1335,14,Chemokine,0.66437,anc2c_14_L_unrelaxed_rank_015_alphafold2_model_3_seed_004.pdb
1336,14,Chemokine,0.66593,anc2c_14_L_unrelaxed_rank_016_alphafold2_model_3_seed_003.pdb
1337,14,Chemokine,0.66946,anc2c_14_L_unrelaxed_rank_017_alphafold2_model_3_seed_001.pdb
1338,14,Chemokine,0.66714,anc2c_14_L_unrelaxed_rank_018_alphafold2_model_3_seed_000.pdb
1339,14,Dimer,0.57949,anc2c_14_L_unrelaxed_rank_019_alphafold2_model_1_seed_001.pdb
1340,14,Dimer,0.57683,anc2c_14_L_unrelaxed_rank_020_alphafold2_model_1_seed_004.pdb
1341,14,Chemokine,0.76495,anc2c_14_V_unrelaxed_rank_001_alphafold2_model_4_seed_003.pdb
1342,14,Chemokine,0.76369,anc2c_14_V_unrelaxed_rank_002_alphafold2_model_4_seed_000.pdb
1343,14,Chemokine,0.78472,anc2c_14_V_unrelaxed_rank_003_alphafold2_model_2_seed_002.pdb
1344,14,Chemokine,0.75884,anc2c_14_V_unrelaxed_rank_004_alphafold2_model_4_seed_004.pdb
1345,14,Chemokine,0.75844,anc2c_14_V_unrelaxed_rank_005_alphafold2_model_4_seed_001.pdb
1346,14,Chemokine,0.78133,anc2c_14_V_unrelaxed_rank_006_alphafold2_model_1_seed_000.pdb
1347,14,Chemokine,0.72337,anc2c_14_V_unrelaxed_rank_007_alphafold2_model_2_seed_000.pdb
1348,14,Chemokine,0.697,anc2c_14_V_unrelaxed_rank_008_alphafold2_model_2_seed_004.pdb
1349,14,Chemokine,0.58332,anc2c_14_V_unrelaxed_rank_009_alphafold2_model_4_seed_002.pdb
1350,14,Chemokine,0.73784,anc2c_14_V_unrelaxed_rank_010_alphafold2_model_2_seed_003.pdb
1351,14,Dimer,0.56319,anc2c_14_V_unrelaxed_rank_011_alphafold2_model_5_seed_000.pdb
1352,14,Chemokine,0.67083,anc2c_14_V_unrelaxed_rank_012_alphafold2_model_3_seed_001.pdb
1353,14,Chemokine,0.67028,anc2c_14_V_unrelaxed_rank_013_alphafold2_model_3_seed_000.pdb
1354,14,Chemokine,0.66743,anc2c_14_V_unrelaxed_rank_014_alphafold2_model_3_seed_003.pdb
1355,14,Dimer,0.60214,anc2c_14_V_unrelaxed_rank_015_alphafold2_model_1_seed_001.pdb
1356,14,Chemokine,0.6742,anc2c_14_V_unrelaxed_rank_016_alphafold2_model_3_seed_004.pdb
1357,38,Chemokine,0.74798,anc2c_38_I_unrelaxed_rank_001_alphafold2_model_1_seed_002.pdb
1358,38,Chemokine,0.75637,anc2c_38_I_unrelaxed_rank_002_alphafold2_model_2_seed_004.pdb
1359,38,Chemokine,0.75939,anc2c_38_I_unrelaxed_rank_003_alphafold2_model_4_seed_004.pdb
1360,38,Chemokine,0.7588,anc2c_38_I_unrelaxed_rank_004_alphafold2_model_2_seed_001.pdb
1361,38,Chemokine,0.75904,anc2c_38_I_unrelaxed_rank_005_alphafold2_model_4_seed_000.pdb
1362,38,Chemokine,0.74086,anc2c_38_I_unrelaxed_rank_006_alphafold2_model_2_seed_003.pdb
1363,38,Chemokine,0.73427,anc2c_38_I_unrelaxed_rank_007_alphafold2_model_1_seed_003.pdb
1364,38,Chemokine,0.7606,anc2c_38_I_unrelaxed_rank_008_alphafold2_model_3_seed_002.pdb
1365,38,Chemokine,0.52453,anc2c_38_I_unrelaxed_rank_009_alphafold2_model_4_seed_002.pdb
1366,38,Chemokine,0.58824,anc2c_38_I_unrelaxed_rank_010_alphafold2_model_2_seed_000.pdb
1367,38,Chemokine,0.54936,anc2c_38_I_unrelaxed_rank_011_alphafold2_model_4_seed_001.pdb
1368,38,Chemokine,0.5749,anc2c_38_I_unrelaxed_rank_012_alphafold2_model_4_seed_003.pdb
1369,38,Chemokine,0.72839,anc2c_38_I_unrelaxed_rank_013_alphafold2_model_1_seed_000.pdb
1370,38,Chemokine,0.58398,anc2c_38_I_unrelaxed_rank_014_alphafold2_model_2_seed_002.pdb
1371,38,Chemokine,0.66821,anc2c_38_I_unrelaxed_rank_015_alphafold2_model_3_seed_001.pdb
1372,38,Chemokine,0.66231,anc2c_38_I_unrelaxed_rank_016_alphafold2_model_3_seed_004.pdb
1373,38,Chemokine,0.662,anc2c_38_I_unrelaxed_rank_017_alphafold2_model_3_seed_000.pdb
1374,38,Chemokine,0.66028,anc2c_38_I_unrelaxed_rank_018_alphafold2_model_3_seed_003.pdb
1375,38,Dimer,0.58144,anc2c_38_I_unrelaxed_rank_019_alphafold2_model_1_seed_001.pdb
1376,38,Chemokine,0.75193,anc2c_38_L_unrelaxed_rank_001_alphafold2_model_3_seed_001.pdb
1377,38,Chemokine,0.76006,anc2c_38_L_unrelaxed_rank_002_alphafold2_model_3_seed_002.pdb
1378,38,Chemokine,0.76195,anc2c_38_L_unrelaxed_rank_003_alphafold2_model_3_seed_004.pdb
1379,38,Chemokine,0.76765,anc2c_38_L_unrelaxed_rank_004_alphafold2_model_5_seed_003.pdb
1380,38,Chemokine,0.74745,anc2c_38_L_unrelaxed_rank_005_alphafold2_model_2_seed_004.pdb
1381,38,Chemokine,0.76778,anc2c_38_L_unrelaxed_rank_006_alphafold2_model_5_seed_004.pdb
1382,38,Chemokine,0.7495,anc2c_38_L_unrelaxed_rank_007_alphafold2_model_2_seed_003.pdb
1383,38,Chemokine,0.74794,anc2c_38_L_unrelaxed_rank_008_alphafold2_model_2_seed_000.pdb
1384,38,Chemokine,0.74776,anc2c_38_L_unrelaxed_rank_009_alphafold2_model_2_seed_001.pdb
1385,38,Chemokine,0.74796,anc2c_38_L_unrelaxed_rank_010_alphafold2_model_2_seed_002.pdb
1386,38,Chemokine,0.76656,anc2c_38_L_unrelaxed_rank_011_alphafold2_model_4_seed_001.pdb
1387,38,Chemokine,0.7551,anc2c_38_L_unrelaxed_rank_012_alphafold2_model_3_seed_000.pdb
1388,38,Chemokine,0.73647,anc2c_38_L_unrelaxed_rank_013_alphafold2_model_1_seed_003.pdb
1389,38,Chemokine,0.73568,anc2c_38_L_unrelaxed_rank_014_alphafold2_model_1_seed_000.pdb
1390,38,Chemokine,0.73677,anc2c_38_L_unrelaxed_rank_015_alphafold2_model_1_seed_001.pdb
1391,38,Chemokine,0.73386,anc2c_38_L_unrelaxed_rank_016_alphafold2_model_1_seed_004.pdb
1392,38,Chemokine,0.74592,anc2c_38_L_unrelaxed_rank_017_alphafold2_model_4_seed_004.pdb
1393,38,Chemokine,0.7605,anc2c_38_L_unrelaxed_rank_018_alphafold2_model_4_seed_003.pdb
1394,38,Chemokine,0.74604,anc2c_38_L_unrelaxed_rank_019_alphafold2_model_4_seed_002.pdb
1395,38,Chemokine,0.74563,anc2c_38_L_unrelaxed_rank_020_alphafold2_model_4_seed_000.pdb
1396,38,Chemokine,0.70696,anc2c_38_L_unrelaxed_rank_021_alphafold2_model_1_seed_002.pdb
1397,38,Chemokine,0.54011,anc2c_38_L_unrelaxed_rank_022_alphafold2_model_3_seed_003.pdb
1398,38,Chemokine,0.75368,anc2c_38_V_unrelaxed_rank_001_alphafold2_model_1_seed_004.pdb
1399,38,Chemokine,0.75433,anc2c_38_V_unrelaxed_rank_002_alphafold2_model_1_seed_001.pdb
1400,38,Chemokine,0.75875,anc2c_38_V_unrelaxed_rank_003_alphafold2_model_1_seed_002.pdb
1401,38,Chemokine,0.755,anc2c_38_V_unrelaxed_rank_004_alphafold2_model_2_seed_001.pdb
1402,38,Chemokine,0.77133,anc2c_38_V_unrelaxed_rank_005_alphafold2_model_5_seed_003.pdb
1403,38,Chemokine,0.77027,anc2c_38_V_unrelaxed_rank_006_alphafold2_model_5_seed_004.pdb
1404,38,Chemokine,0.76685,anc2c_38_V_unrelaxed_rank_007_alphafold2_model_4_seed_001.pdb
1405,38,Chemokine,0.74722,anc2c_38_V_unrelaxed_rank_008_alphafold2_model_2_seed_003.pdb
1406,38,Chemokine,0.74137,anc2c_38_V_unrelaxed_rank_009_alphafold2_model_2_seed_000.pdb
1407,38,Chemokine,0.73426,anc2c_38_V_unrelaxed_rank_010_alphafold2_model_1_seed_000.pdb
1408,38,Chemokine,0.7345,anc2c_38_V_unrelaxed_rank_011_alphafold2_model_1_seed_003.pdb
1409,38,Chemokine,0.52121,anc2c_38_V_unrelaxed_rank_012_alphafold2_model_4_seed_004.pdb
1410,38,Chemokine,0.53991,anc2c_38_V_unrelaxed_rank_013_alphafold2_model_4_seed_000.pdb
1411,38,Chemokine,0.72187,anc2c_38_V_unrelaxed_rank_014_alphafold2_model_2_seed_004.pdb
1412,38,Chemokine,0.53977,anc2c_38_V_unrelaxed_rank_015_alphafold2_model_4_seed_002.pdb
1413,38,Chemokine,0.5538,anc2c_38_V_unrelaxed_rank_016_alphafold2_model_4_seed_003.pdb
1414,38,Chemokine,0.67029,anc2c_38_V_unrelaxed_rank_017_alphafold2_model_5_seed_001.pdb
1415,38,Chemokine,0.66373,anc2c_38_V_unrelaxed_rank_018_alphafold2_model_3_seed_004.pdb
1416,38,Chemokine,0.66351,anc2c_38_V_unrelaxed_rank_019_alphafold2_model_3_seed_003.pdb
1417,38,Chemokine,0.67018,anc2c_38_V_unrelaxed_rank_020_alphafold2_model_3_seed_002.pdb
1418,38,Chemokine,0.66385,anc2c_38_V_unrelaxed_rank_021_alphafold2_model_3_seed_000.pdb
1419,38,Chemokine,0.67324,anc2c_38_V_unrelaxed_rank_022_alphafold2_model_3_seed_001.pdb
1420,40,Chemokine,0.74264,anc2c_40_G_unrelaxed_rank_001_alphafold2_model_2_seed_003.pdb
1421,40,Chemokine,0.7425,anc2c_40_G_unrelaxed_rank_002_alphafold2_model_2_seed_004.pdb
1422,40,Chemokine,0.74197,anc2c_40_G_unrelaxed_rank_003_alphafold2_model_2_seed_000.pdb
1423,40,Chemokine,0.74248,anc2c_40_G_unrelaxed_rank_004_alphafold2_model_2_seed_002.pdb
1424,40,Chemokine,0.74266,anc2c_40_G_unrelaxed_rank_005_alphafold2_model_2_seed_001.pdb
1425,40,Chemokine,0.74048,anc2c_40_G_unrelaxed_rank_006_alphafold2_model_3_seed_004.pdb
1426,40,Chemokine,0.7322,anc2c_40_G_unrelaxed_rank_007_alphafold2_model_1_seed_000.pdb
1427,40,Chemokine,0.7334,anc2c_40_G_unrelaxed_rank_008_alphafold2_model_1_seed_003.pdb
1428,40,Chemokine,0.7329,anc2c_40_G_unrelaxed_rank_009_alphafold2_model_1_seed_001.pdb
1429,40,Chemokine,0.72653,anc2c_40_G_unrelaxed_rank_010_alphafold2_model_1_seed_004.pdb
1430,40,Chemokine,0.74168,anc2c_40_G_unrelaxed_rank_011_alphafold2_model_4_seed_003.pdb
1431,40,Chemokine,0.74061,anc2c_40_G_unrelaxed_rank_012_alphafold2_model_4_seed_002.pdb
1432,40,Chemokine,0.74113,anc2c_40_G_unrelaxed_rank_013_alphafold2_model_4_seed_004.pdb
1433,40,Chemokine,0.73417,anc2c_40_G_unrelaxed_rank_014_alphafold2_model_5_seed_003.pdb
1434,40,Chemokine,0.74105,anc2c_40_G_unrelaxed_rank_015_alphafold2_model_4_seed_001.pdb
1435,40,Chemokine,0.74079,anc2c_40_G_unrelaxed_rank_016_alphafold2_model_4_seed_000.pdb
1436,40,Chemokine,0.72451,anc2c_40_G_unrelaxed_rank_017_alphafold2_model_1_seed_002.pdb
1437,40,Chemokine,0.73533,anc2c_40_G_unrelaxed_rank_018_alphafold2_model_5_seed_000.pdb
1438,40,Chemokine,0.72778,anc2c_40_G_unrelaxed_rank_019_alphafold2_model_5_seed_001.pdb
1439,40,Chemokine,0.72938,anc2c_40_G_unrelaxed_rank_020_alphafold2_model_5_seed_002.pdb
1440,40,Chemokine,0.73344,anc2c_40_G_unrelaxed_rank_021_alphafold2_model_5_seed_004.pdb
1441,40,Chemokine,0.74786,anc2c_40_I_unrelaxed_rank_001_alphafold2_model_3_seed_004.pdb
1442,40,Chemokine,0.74344,anc2c_40_I_unrelaxed_rank_002_alphafold2_model_3_seed_002.pdb
1443,40,Chemokine,0.7561,anc2c_40_I_unrelaxed_rank_003_alphafold2_model_1_seed_000.pdb
1444,40,Chemokine,0.75348,anc2c_40_I_unrelaxed_rank_004_alphafold2_model_1_seed_004.pdb
1445,40,Chemokine,0.75656,anc2c_40_I_unrelaxed_rank_005_alphafold2_model_1_seed_001.pdb
1446,40,Chemokine,0.7569,anc2c_40_I_unrelaxed_rank_006_alphafold2_model_1_seed_003.pdb
1447,40,Chemokine,0.76549,anc2c_40_I_unrelaxed_rank_007_alphafold2_model_4_seed_003.pdb
1448,40,Chemokine,0.76538,anc2c_40_I_unrelaxed_rank_008_alphafold2_model_1_seed_002.pdb
1449,40,Chemokine,0.76693,anc2c_40_I_unrelaxed_rank_009_alphafold2_model_4_seed_002.pdb
1450,40,Chemokine,0.76727,anc2c_40_I_unrelaxed_rank_010_alphafold2_model_4_seed_000.pdb
1451,40,Chemokine,0.75325,anc2c_40_I_unrelaxed_rank_011_alphafold2_model_2_seed_003.pdb
1452,40,Chemokine,0.76622,anc2c_40_I_unrelaxed_rank_012_alphafold2_model_4_seed_001.pdb
1453,40,Chemokine,0.76023,anc2c_40_I_unrelaxed_rank_013_alphafold2_model_4_seed_004.pdb
1454,40,Chemokine,0.68196,anc2c_40_I_unrelaxed_rank_014_alphafold2_model_3_seed_003.pdb
1455,40,Chemokine,0.67917,anc2c_40_I_unrelaxed_rank_015_alphafold2_model_3_seed_000.pdb
1456,40,Chemokine,0.69457,anc2c_40_I_unrelaxed_rank_016_alphafold2_model_3_seed_001.pdb
1457,40,Chemokine,0.57473,anc2c_40_I_unrelaxed_rank_017_alphafold2_model_2_seed_001.pdb
1458,40,Chemokine,0.5459,anc2c_40_I_unrelaxed_rank_018_alphafold2_model_2_seed_000.pdb
1459,40,Chemokine,0.54133,anc2c_40_I_unrelaxed_rank_019_alphafold2_model_2_seed_004.pdb
1460,40,Chemokine,0.53549,anc2c_40_I_unrelaxed_rank_020_alphafold2_model_2_seed_002.pdb
1461,40,Chemokine,0.74485,anc2c_40_V_unrelaxed_rank_001_alphafold2_model_3_seed_004.pdb
1462,40,Chemokine,0.74542,anc2c_40_V_unrelaxed_rank_002_alphafold2_model_3_seed_002.pdb
1463,40,Chemokine,0.75624,anc2c_40_V_unrelaxed_rank_003_alphafold2_model_1_seed_003.pdb
1464,40,Chemokine,0.75496,anc2c_40_V_unrelaxed_rank_004_alphafold2_model_1_seed_000.pdb
1465,40,Chemokine,0.7629,anc2c_40_V_unrelaxed_rank_005_alphafold2_model_2_seed_003.pdb
1466,40,Chemokine,0.75807,anc2c_40_V_unrelaxed_rank_006_alphafold2_model_1_seed_001.pdb
1467,40,Chemokine,0.75488,anc2c_40_V_unrelaxed_rank_007_alphafold2_model_1_seed_004.pdb
1468,40,Chemokine,0.75856,anc2c_40_V_unrelaxed_rank_008_alphafold2_model_1_seed_002.pdb
1469,40,Chemokine,0.76825,anc2c_40_V_unrelaxed_rank_009_alphafold2_model_4_seed_002.pdb
1470,40,Chemokine,0.76677,anc2c_40_V_unrelaxed_rank_010_alphafold2_model_4_seed_004.pdb
1471,40,Chemokine,0.76985,anc2c_40_V_unrelaxed_rank_011_alphafold2_model_4_seed_003.pdb
1472,40,Chemokine,0.76977,anc2c_40_V_unrelaxed_rank_012_alphafold2_model_4_seed_001.pdb
1473,40,Chemokine,0.76984,anc2c_40_V_unrelaxed_rank_013_alphafold2_model_4_seed_000.pdb
1474,40,Chemokine,0.78157,anc2c_40_V_unrelaxed_rank_014_alphafold2_model_2_seed_004.pdb
1475,40,Chemokine,0.67767,anc2c_40_V_unrelaxed_rank_015_alphafold2_model_3_seed_003.pdb
1476,40,Chemokine,0.66494,anc2c_40_V_unrelaxed_rank_016_alphafold2_model_3_seed_001.pdb
1477,40,Chemokine,0.55169,anc2c_40_V_unrelaxed_rank_017_alphafold2_model_2_seed_002.pdb
1478,40,Chemokine,0.66964,anc2c_40_V_unrelaxed_rank_018_alphafold2_model_3_seed_000.pdb
1479,40,Chemokine,0.59507,anc2c_40_V_unrelaxed_rank_019_alphafold2_model_2_seed_000.pdb
1480,40,Chemokine,0.57137,anc2c_40_V_unrelaxed_rank_020_alphafold2_model_2_seed_001.pdb
1481,45,Dimer,0.57353,anc2c_45_I_unrelaxed_rank_001_alphafold2_model_2_seed_001.pdb
1482,45,Dimer,0.56724,anc2c_45_I_unrelaxed_rank_002_alphafold2_model_2_seed_000.pdb
1483,45,Dimer,0.56733,anc2c_45_I_unrelaxed_rank_003_alphafold2_model_2_seed_002.pdb
1484,47,Chemokine,0.74798,anc2c_47_I_unrelaxed_rank_001_alphafold2_model_1_seed_002.pdb
1485,47,Chemokine,0.75637,anc2c_47_I_unrelaxed_rank_002_alphafold2_model_2_seed_004.pdb
1486,47,Chemokine,0.75939,anc2c_47_I_unrelaxed_rank_003_alphafold2_model_4_seed_004.pdb
1487,47,Chemokine,0.7588,anc2c_47_I_unrelaxed_rank_004_alphafold2_model_2_seed_001.pdb
1488,47,Chemokine,0.75904,anc2c_47_I_unrelaxed_rank_005_alphafold2_model_4_seed_000.pdb
1489,47,Chemokine,0.74086,anc2c_47_I_unrelaxed_rank_006_alphafold2_model_2_seed_003.pdb
1490,47,Chemokine,0.73427,anc2c_47_I_unrelaxed_rank_007_alphafold2_model_1_seed_003.pdb
1491,47,Chemokine,0.7606,anc2c_47_I_unrelaxed_rank_008_alphafold2_model_3_seed_002.pdb
1492,47,Chemokine,0.52453,anc2c_47_I_unrelaxed_rank_009_alphafold2_model_4_seed_002.pdb
1493,47,Chemokine,0.58824,anc2c_47_I_unrelaxed_rank_010_alphafold2_model_2_seed_000.pdb
1494,47,Chemokine,0.54936,anc2c_47_I_unrelaxed_rank_011_alphafold2_model_4_seed_001.pdb
1495,47,Chemokine,0.5749,anc2c_47_I_unrelaxed_rank_012_alphafold2_model_4_seed_003.pdb
1496,47,Chemokine,0.72839,anc2c_47_I_unrelaxed_rank_013_alphafold2_model_1_seed_000.pdb
1497,47,Chemokine,0.58398,anc2c_47_I_unrelaxed_rank_014_alphafold2_model_2_seed_002.pdb
1498,47,Chemokine,0.66821,anc2c_47_I_unrelaxed_rank_015_alphafold2_model_3_seed_001.pdb
1499,47,Chemokine,0.66231,anc2c_47_I_unrelaxed_rank_016_alphafold2_model_3_seed_004.pdb
1500,47,Chemokine,0.662,anc2c_47_I_unrelaxed_rank_017_alphafold2_model_3_seed_000.pdb
1501,47,Chemokine,0.66028,anc2c_47_I_unrelaxed_rank_018_alphafold2_model_3_seed_003.pdb
1502,47,Dimer,0.58144,anc2c_47_I_unrelaxed_rank_019_alphafold2_model_1_seed_001.pdb
1503,47,Chemokine,0.75153,anc2c_47_L_unrelaxed_rank_001_alphafold2_model_2_seed_004.pdb
1504,47,Chemokine,0.75626,anc2c_47_L_unrelaxed_rank_002_alphafold2_model_2_seed_001.pdb
1505,47,Chemokine,0.72411,anc2c_47_L_unrelaxed_rank_003_alphafold2_model_1_seed_004.pdb
1506,47,Chemokine,0.74261,anc2c_47_L_unrelaxed_rank_004_alphafold2_model_3_seed_002.pdb
1507,47,Chemokine,0.76094,anc2c_47_L_unrelaxed_rank_005_alphafold2_model_5_seed_004.pdb
1508,47,Chemokine,0.52056,anc2c_47_L_unrelaxed_rank_006_alphafold2_model_4_seed_003.pdb
1509,47,Chemokine,0.74425,anc2c_47_L_unrelaxed_rank_007_alphafold2_model_2_seed_003.pdb
1510,47,Chemokine,0.74515,anc2c_47_L_unrelaxed_rank_008_alphafold2_model_2_seed_002.pdb
1511,47,Chemokine,0.51982,anc2c_47_L_unrelaxed_rank_009_alphafold2_model_4_seed_004.pdb
1512,47,Chemokine,0.51978,anc2c_47_L_unrelaxed_rank_010_alphafold2_model_4_seed_002.pdb
1513,47,Chemokine,0.51988,anc2c_47_L_unrelaxed_rank_011_alphafold2_model_4_seed_001.pdb
1514,47,Chemokine,0.7433,anc2c_47_L_unrelaxed_rank_012_alphafold2_model_2_seed_000.pdb
1515,47,Chemokine,0.54327,anc2c_47_L_unrelaxed_rank_013_alphafold2_model_4_seed_000.pdb
1516,47,Chemokine,0.7334,anc2c_47_L_unrelaxed_rank_014_alphafold2_model_1_seed_003.pdb
1517,47,Chemokine,0.69548,anc2c_47_L_unrelaxed_rank_015_alphafold2_model_1_seed_000.pdb
1518,47,Chemokine,0.69908,anc2c_47_L_unrelaxed_rank_016_alphafold2_model_1_seed_002.pdb
1519,47,Chemokine,0.64064,anc2c_47_L_unrelaxed_rank_017_alphafold2_model_3_seed_001.pdb
1520,47,Chemokine,0.70922,anc2c_47_L_unrelaxed_rank_018_alphafold2_model_1_seed_001.pdb
1521,47,Chemokine,0.63868,anc2c_47_L_unrelaxed_rank_019_alphafold2_model_3_seed_000.pdb
1522,47,Chemokine,0.6363,anc2c_47_L_unrelaxed_rank_020_alphafold2_model_3_seed_003.pdb
1523,47,Chemokine,0.74828,anc2c_47_M_unrelaxed_rank_001_alphafold2_model_3_seed_000.pdb
1524,47,Chemokine,0.74913,anc2c_47_M_unrelaxed_rank_002_alphafold2_model_3_seed_001.pdb
1525,47,Chemokine,0.7497,anc2c_47_M_unrelaxed_rank_003_alphafold2_model_3_seed_003.pdb
1526,47,Chemokine,0.75087,anc2c_47_M_unrelaxed_rank_004_alphafold2_model_3_seed_004.pdb
1527,47,Chemokine,0.75329,anc2c_47_M_unrelaxed_rank_005_alphafold2_model_3_seed_002.pdb
1528,47,Chemokine,0.76278,anc2c_47_M_unrelaxed_rank_006_alphafold2_model_4_seed_004.pdb
1529,47,Chemokine,0.7594,anc2c_47_M_unrelaxed_rank_007_alphafold2_model_4_seed_000.pdb
1530,47,Chemokine,0.74397,anc2c_47_M_unrelaxed_rank_008_alphafold2_model_5_seed_000.pdb
1531,47,Chemokine,0.75428,anc2c_47_M_unrelaxed_rank_009_alphafold2_model_5_seed_001.pdb
1532,47,Chemokine,0.75434,anc2c_47_M_unrelaxed_rank_010_alphafold2_model_5_seed_003.pdb
1533,47,Chemokine,0.74679,anc2c_47_M_unrelaxed_rank_011_alphafold2_model_2_seed_000.pdb
1534,47,Chemokine,0.74491,anc2c_47_M_unrelaxed_rank_012_alphafold2_model_2_seed_004.pdb
1535,47,Chemokine,0.74329,anc2c_47_M_unrelaxed_rank_013_alphafold2_model_1_seed_000.pdb
1536,47,Chemokine,0.53992,anc2c_47_M_unrelaxed_rank_014_alphafold2_model_4_seed_003.pdb
1537,47,Chemokine,0.74462,anc2c_47_M_unrelaxed_rank_015_alphafold2_model_1_seed_002.pdb
1538,47,Chemokine,0.54912,anc2c_47_M_unrelaxed_rank_016_alphafold2_model_4_seed_001.pdb
1539,47,Chemokine,0.7471,anc2c_47_M_unrelaxed_rank_017_alphafold2_model_2_seed_003.pdb
1540,47,Chemokine,0.74412,anc2c_47_M_unrelaxed_rank_018_alphafold2_model_1_seed_001.pdb
1541,47,Chemokine,0.53849,anc2c_47_M_unrelaxed_rank_019_alphafold2_model_4_seed_002.pdb
1542,47,Chemokine,0.74349,anc2c_47_M_unrelaxed_rank_020_alphafold2_model_1_seed_004.pdb
1543,47,Chemokine,0.74653,anc2c_47_M_unrelaxed_rank_021_alphafold2_model_2_seed_002.pdb
1544,47,Chemokine,0.74629,anc2c_47_M_unrelaxed_rank_022_alphafold2_model_2_seed_001.pdb
1545,47,Chemokine,0.74088,anc2c_47_M_unrelaxed_rank_023_alphafold2_model_1_seed_003.pdb
1546,47,Chemokine,0.54812,anc2c_47_M_unrelaxed_rank_024_alphafold2_model_5_seed_002.pdb
1547,47,Chemokine,0.5401,anc2c_47_M_unrelaxed_rank_025_alphafold2_model_5_seed_004.pdb
1548,A,Chemokine,0.5799,anc2c_A_unrelaxed_rank_001_alphafold2_model_2_seed_000.pdb
1549,A,Chemokine,0.57708,anc2c_A_unrelaxed_rank_002_alphafold2_model_2_seed_003.pdb
1550,A,Chemokine,0.57253,anc2c_A_unrelaxed_rank_003_alphafold2_model_2_seed_002.pdb
1551,A,Chemokine,0.57848,anc2c_A_unrelaxed_rank_004_alphafold2_model_2_seed_004.pdb
1552,A,Chemokine,0.58501,anc2c_A_unrelaxed_rank_005_alphafold2_model_1_seed_003.pdb
1553,A,Chemokine,0.57946,anc2c_A_unrelaxed_rank_006_alphafold2_model_1_seed_004.pdb
1554,A,Chemokine,0.58605,anc2c_A_unrelaxed_rank_007_alphafold2_model_1_seed_002.pdb
1555,A,Chemokine,0.58605,anc2c_A_unrelaxed_rank_008_alphafold2_model_2_seed_001.pdb
1556,A,Chemokine,0.5907,anc2c_A_unrelaxed_rank_009_alphafold2_model_1_seed_000.pdb
1557,A,Chemokine,0.57882,anc2c_A_unrelaxed_rank_010_alphafold2_model_4_seed_000.pdb
1558,A,Chemokine,0.57557,anc2c_A_unrelaxed_rank_011_alphafold2_model_4_seed_003.pdb
1559,A,Chemokine,0.55802,anc2c_A_unrelaxed_rank_012_alphafold2_model_1_seed_001.pdb
1560,A,Chemokine,0.57277,anc2c_A_unrelaxed_rank_013_alphafold2_model_4_seed_004.pdb
1561,A,Chemokine,0.57433,anc2c_A_unrelaxed_rank_014_alphafold2_model_4_seed_002.pdb
1562,A,Chemokine,0.57943,anc2c_A_unrelaxed_rank_015_alphafold2_model_4_seed_001.pdb
1563,A,Chemokine,0.57937,anc2c_A_unrelaxed_rank_016_alphafold2_model_5_seed_002.pdb
1564,A,Chemokine,0.57908,anc2c_A_unrelaxed_rank_017_alphafold2_model_5_seed_003.pdb
1565,A,Chemokine,0.5856,anc2c_A_unrelaxed_rank_018_alphafold2_model_5_seed_000.pdb
1566,A,Chemokine,0.58632,anc2c_A_unrelaxed_rank_019_alphafold2_model_5_seed_001.pdb
1567,A,Chemokine,0.58706,anc2c_A_unrelaxed_rank_020_alphafold2_model_5_seed_004.pdb
1568,A,Chemokine,0.59844,anc2c_A_unrelaxed_rank_021_alphafold2_model_3_seed_003.pdb
1569,A,Chemokine,0.60575,anc2c_A_unrelaxed_rank_022_alphafold2_model_3_seed_004.pdb
1570,A,Chemokine,0.61102,anc2c_A_unrelaxed_rank_023_alphafold2_model_3_seed_000.pdb
1571,G,Chemokine,0.7798,anc2c_G_unrelaxed_rank_001_alphafold2_model_3_seed_000.pdb
1572,G,Chemokine,0.53628,anc2c_G_unrelaxed_rank_002_alphafold2_model_2_seed_003.pdb
1573,G,Chemokine,0.53467,anc2c_G_unrelaxed_rank_003_alphafold2_model_2_seed_004.pdb
1574,G,Chemokine,0.53247,anc2c_G_unrelaxed_rank_004_alphafold2_model_2_seed_001.pdb
1575,G,Chemokine,0.53215,anc2c_G_unrelaxed_rank_005_alphafold2_model_2_seed_000.pdb
1576,G,Chemokine,0.53445,anc2c_G_unrelaxed_rank_006_alphafold2_model_2_seed_002.pdb
1577,G,Chemokine,0.54708,anc2c_G_unrelaxed_rank_007_alphafold2_model_4_seed_000.pdb
1578,G,Chemokine,0.77505,anc2c_G_unrelaxed_rank_008_alphafold2_model_3_seed_002.pdb
1579,G,Chemokine,0.5213,anc2c_G_unrelaxed_rank_009_alphafold2_model_4_seed_002.pdb
1580,G,Chemokine,0.54918,anc2c_G_unrelaxed_rank_010_alphafold2_model_4_seed_001.pdb
1581,G,Chemokine,0.62362,anc2c_G_unrelaxed_rank_011_alphafold2_model_1_seed_003.pdb
1582,G,Chemokine,0.61948,anc2c_G_unrelaxed_rank_012_alphafold2_model_1_seed_001.pdb
1583,G,Chemokine,0.62165,anc2c_G_unrelaxed_rank_013_alphafold2_model_1_seed_000.pdb
1584,G,Chemokine,0.61771,anc2c_G_unrelaxed_rank_014_alphafold2_model_1_seed_004.pdb
1585,G,Chemokine,0.52607,anc2c_G_unrelaxed_rank_015_alphafold2_model_4_seed_004.pdb
1586,G,Chemokine,0.61186,anc2c_G_unrelaxed_rank_016_alphafold2_model_1_seed_002.pdb
1587,G,Chemokine,0.53251,anc2c_G_unrelaxed_rank_017_alphafold2_model_4_seed_003.pdb
1588,G,Chemokine,0.79459,anc2c_G_unrelaxed_rank_018_alphafold2_model_3_seed_001.pdb
1589,G,Chemokine,0.55076,anc2c_G_unrelaxed_rank_019_alphafold2_model_5_seed_004.pdb
1590,G,Chemokine,0.54864,anc2c_G_unrelaxed_rank_020_alphafold2_model_5_seed_002.pdb
1591,G,Chemokine,0.55371,anc2c_G_unrelaxed_rank_021_alphafold2_model_5_seed_000.pdb
1592,G,Chemokine,0.55078,anc2c_G_unrelaxed_rank_022_alphafold2_model_5_seed_003.pdb
1593,G,Chemokine,0.5514,anc2c_G_unrelaxed_rank_023_alphafold2_model_5_seed_001.pdb
1594,G,Chemokine,0.61766,anc2c_G_unrelaxed_rank_024_alphafold2_model_3_seed_003.pdb
1595,I,Chemokine,0.74798,anc2c_I_unrelaxed_rank_001_alphafold2_model_1_seed_002.pdb
1596,I,Chemokine,0.75637,anc2c_I_unrelaxed_rank_002_alphafold2_model_2_seed_004.pdb
1597,I,Chemokine,0.75939,anc2c_I_unrelaxed_rank_003_alphafold2_model_4_seed_004.pdb
1598,I,Chemokine,0.7588,anc2c_I_unrelaxed_rank_004_alphafold2_model_2_seed_001.pdb
1599,I,Chemokine,0.75904,anc2c_I_unrelaxed_rank_005_alphafold2_model_4_seed_000.pdb
1600,I,Chemokine,0.74086,anc2c_I_unrelaxed_rank_006_alphafold2_model_2_seed_003.pdb
1601,I,Chemokine,0.73427,anc2c_I_unrelaxed_rank_007_alphafold2_model_1_seed_003.pdb
1602,I,Chemokine,0.7606,anc2c_I_unrelaxed_rank_008_alphafold2_model_3_seed_002.pdb
1603,I,Chemokine,0.52453,anc2c_I_unrelaxed_rank_009_alphafold2_model_4_seed_002.pdb
1604,I,Chemokine,0.58824,anc2c_I_unrelaxed_rank_010_alphafold2_model_2_seed_000.pdb
1605,I,Chemokine,0.54936,anc2c_I_unrelaxed_rank_011_alphafold2_model_4_seed_001.pdb
1606,I,Chemokine,0.5749,anc2c_I_unrelaxed_rank_012_alphafold2_model_4_seed_003.pdb
1607,I,Chemokine,0.72839,anc2c_I_unrelaxed_rank_013_alphafold2_model_1_seed_000.pdb
1608,I,Chemokine,0.58398,anc2c_I_unrelaxed_rank_014_alphafold2_model_2_seed_002.pdb
1609,I,Chemokine,0.66821,anc2c_I_unrelaxed_rank_015_alphafold2_model_3_seed_001.pdb
1610,I,Chemokine,0.66231,anc2c_I_unrelaxed_rank_016_alphafold2_model_3_seed_004.pdb
1611,I,Chemokine,0.662,anc2c_I_unrelaxed_rank_017_alphafold2_model_3_seed_000.pdb
1612,I,Chemokine,0.66028,anc2c_I_unrelaxed_rank_018_alphafold2_model_3_seed_003.pdb
1613,I,Dimer,0.58144,anc2c_I_unrelaxed_rank_019_alphafold2_model_1_seed_001.pdb
1614,14,Chemokine,0.73939,anc2d_14_I_unrelaxed_rank_001_alphafold2_model_3_seed_004.pdb
1615,14,Chemokine,0.74007,anc2d_14_I_unrelaxed_rank_002_alphafold2_model_3_seed_001.pdb
1616,14,Chemokine,0.73915,anc2d_14_I_unrelaxed_rank_003_alphafold2_model_3_seed_002.pdb
1617,14,Chemokine,0.73865,anc2d_14_I_unrelaxed_rank_004_alphafold2_model_3_seed_003.pdb
1618,14,Chemokine,0.74478,anc2d_14_I_unrelaxed_rank_005_alphafold2_model_3_seed_000.pdb
1619,14,Chemokine,0.75058,anc2d_14_I_unrelaxed_rank_006_alphafold2_model_2_seed_001.pdb
1620,14,Chemokine,0.75023,anc2d_14_I_unrelaxed_rank_007_alphafold2_model_2_seed_004.pdb
1621,14,Chemokine,0.75908,anc2d_14_I_unrelaxed_rank_008_alphafold2_model_5_seed_004.pdb
1622,14,Chemokine,0.73122,anc2d_14_I_unrelaxed_rank_009_alphafold2_model_1_seed_000.pdb
1623,14,Chemokine,0.74639,anc2d_14_I_unrelaxed_rank_010_alphafold2_model_1_seed_004.pdb
1624,14,Chemokine,0.73846,anc2d_14_I_unrelaxed_rank_011_alphafold2_model_1_seed_002.pdb
1625,14,Chemokine,0.73842,anc2d_14_I_unrelaxed_rank_012_alphafold2_model_2_seed_002.pdb
1626,14,Chemokine,0.73631,anc2d_14_I_unrelaxed_rank_013_alphafold2_model_1_seed_003.pdb
1627,14,Chemokine,0.75781,anc2d_14_I_unrelaxed_rank_014_alphafold2_model_5_seed_001.pdb
1628,14,Chemokine,0.73894,anc2d_14_I_unrelaxed_rank_015_alphafold2_model_1_seed_001.pdb
1629,14,Chemokine,0.76086,anc2d_14_I_unrelaxed_rank_016_alphafold2_model_5_seed_003.pdb
1630,14,Chemokine,0.75892,anc2d_14_I_unrelaxed_rank_017_alphafold2_model_5_seed_000.pdb
1631,14,Chemokine,0.74805,anc2d_14_I_unrelaxed_rank_018_alphafold2_model_4_seed_000.pdb
1632,14,Chemokine,0.74638,anc2d_14_I_unrelaxed_rank_019_alphafold2_model_4_seed_001.pdb
1633,14,Chemokine,0.74215,anc2d_14_I_unrelaxed_rank_020_alphafold2_model_2_seed_003.pdb
1634,14,Chemokine,0.75981,anc2d_14_I_unrelaxed_rank_021_alphafold2_model_5_seed_002.pdb
1635,14,Chemokine,0.73579,anc2d_14_I_unrelaxed_rank_022_alphafold2_model_2_seed_000.pdb
1636,14,Chemokine,0.75212,anc2d_14_I_unrelaxed_rank_023_alphafold2_model_4_seed_002.pdb
1637,14,Chemokine,0.75206,anc2d_14_I_unrelaxed_rank_024_alphafold2_model_4_seed_004.pdb
1638,14,Chemokine,0.73622,anc2d_14_I_unrelaxed_rank_025_alphafold2_model_4_seed_003.pdb
1639,14,Chemokine,0.7376,anc2d_14_L_unrelaxed_rank_001_alphafold2_model_3_seed_001.pdb
1640,14,Chemokine,0.73617,anc2d_14_L_unrelaxed_rank_002_alphafold2_model_3_seed_004.pdb
1641,14,Chemokine,0.73945,anc2d_14_L_unrelaxed_rank_003_alphafold2_model_3_seed_003.pdb
1642,14,Chemokine,0.7335,anc2d_14_L_unrelaxed_rank_004_alphafold2_model_3_seed_000.pdb
1643,14,Chemokine,0.7318,anc2d_14_L_unrelaxed_rank_005_alphafold2_model_3_seed_002.pdb
1644,14,Chemokine,0.74698,anc2d_14_L_unrelaxed_rank_006_alphafold2_model_2_seed_000.pdb
1645,14,Chemokine,0.74219,anc2d_14_L_unrelaxed_rank_007_alphafold2_model_1_seed_000.pdb
1646,14,Chemokine,0.74884,anc2d_14_L_unrelaxed_rank_008_alphafold2_model_2_seed_002.pdb
1647,14,Chemokine,0.74666,anc2d_14_L_unrelaxed_rank_009_alphafold2_model_2_seed_003.pdb
1648,14,Chemokine,0.74928,anc2d_14_L_unrelaxed_rank_010_alphafold2_model_2_seed_001.pdb
1649,14,Chemokine,0.73176,anc2d_14_L_unrelaxed_rank_011_alphafold2_model_1_seed_002.pdb
1650,14,Chemokine,0.73793,anc2d_14_L_unrelaxed_rank_012_alphafold2_model_1_seed_003.pdb
1651,14,Chemokine,0.74859,anc2d_14_L_unrelaxed_rank_013_alphafold2_model_5_seed_004.pdb
1652,14,Chemokine,0.74783,anc2d_14_L_unrelaxed_rank_014_alphafold2_model_5_seed_002.pdb
1653,14,Chemokine,0.75002,anc2d_14_L_unrelaxed_rank_015_alphafold2_model_5_seed_001.pdb
1654,14,Chemokine,0.74831,anc2d_14_L_unrelaxed_rank_016_alphafold2_model_5_seed_000.pdb
1655,14,Chemokine,0.73611,anc2d_14_L_unrelaxed_rank_017_alphafold2_model_1_seed_004.pdb
1656,14,Chemokine,0.74692,anc2d_14_L_unrelaxed_rank_018_alphafold2_model_2_seed_004.pdb
1657,14,Chemokine,0.73376,anc2d_14_L_unrelaxed_rank_019_alphafold2_model_1_seed_001.pdb
1658,14,Chemokine,0.74685,anc2d_14_L_unrelaxed_rank_020_alphafold2_model_4_seed_002.pdb
1659,14,Chemokine,0.74459,anc2d_14_L_unrelaxed_rank_021_alphafold2_model_4_seed_003.pdb
1660,14,Chemokine,0.75313,anc2d_14_L_unrelaxed_rank_022_alphafold2_model_5_seed_003.pdb
1661,14,Chemokine,0.74224,anc2d_14_L_unrelaxed_rank_023_alphafold2_model_4_seed_004.pdb
1662,14,Chemokine,0.74493,anc2d_14_L_unrelaxed_rank_024_alphafold2_model_4_seed_001.pdb
1663,14,Chemokine,0.74687,anc2d_14_L_unrelaxed_rank_025_alphafold2_model_4_seed_000.pdb
1664,14,Chemokine,0.74076,anc2d_14_V_unrelaxed_rank_001_alphafold2_model_3_seed_004.pdb
1665,14,Chemokine,0.73784,anc2d_14_V_unrelaxed_rank_002_alphafold2_model_3_seed_003.pdb
1666,14,Chemokine,0.74213,anc2d_14_V_unrelaxed_rank_003_alphafold2_model_3_seed_001.pdb
1667,14,Chemokine,0.73918,anc2d_14_V_unrelaxed_rank_004_alphafold2_model_3_seed_002.pdb
1668,14,Chemokine,0.74335,anc2d_14_V_unrelaxed_rank_005_alphafold2_model_3_seed_000.pdb
1669,14,Chemokine,0.73314,anc2d_14_V_unrelaxed_rank_006_alphafold2_model_1_seed_000.pdb
1670,14,Chemokine,0.7356,anc2d_14_V_unrelaxed_rank_007_alphafold2_model_1_seed_003.pdb
1671,14,Chemokine,0.73317,anc2d_14_V_unrelaxed_rank_008_alphafold2_model_1_seed_002.pdb
1672,14,Chemokine,0.72997,anc2d_14_V_unrelaxed_rank_009_alphafold2_model_2_seed_001.pdb
1673,14,Chemokine,0.74909,anc2d_14_V_unrelaxed_rank_010_alphafold2_model_4_seed_002.pdb
1674,14,Chemokine,0.72996,anc2d_14_V_unrelaxed_rank_011_alphafold2_model_2_seed_002.pdb
1675,14,Chemokine,0.73092,anc2d_14_V_unrelaxed_rank_012_alphafold2_model_2_seed_003.pdb
1676,14,Chemokine,0.72931,anc2d_14_V_unrelaxed_rank_013_alphafold2_model_5_seed_004.pdb
1677,14,Chemokine,0.73666,anc2d_14_V_unrelaxed_rank_014_alphafold2_model_1_seed_001.pdb
1678,14,Chemokine,0.73495,anc2d_14_V_unrelaxed_rank_015_alphafold2_model_1_seed_004.pdb
1679,14,Chemokine,0.73055,anc2d_14_V_unrelaxed_rank_016_alphafold2_model_2_seed_000.pdb
1680,14,Chemokine,0.73585,anc2d_14_V_unrelaxed_rank_017_alphafold2_model_2_seed_004.pdb
1681,14,Chemokine,0.72726,anc2d_14_V_unrelaxed_rank_018_alphafold2_model_5_seed_002.pdb
1682,14,Chemokine,0.72732,anc2d_14_V_unrelaxed_rank_019_alphafold2_model_5_seed_000.pdb
1683,14,Chemokine,0.75014,anc2d_14_V_unrelaxed_rank_020_alphafold2_model_4_seed_003.pdb
1684,14,Chemokine,0.7506,anc2d_14_V_unrelaxed_rank_021_alphafold2_model_4_seed_001.pdb
1685,14,Chemokine,0.7511,anc2d_14_V_unrelaxed_rank_022_alphafold2_model_4_seed_004.pdb
1686,14,Chemokine,0.74938,anc2d_14_V_unrelaxed_rank_023_alphafold2_model_4_seed_000.pdb
1687,14,Chemokine,0.72727,anc2d_14_V_unrelaxed_rank_024_alphafold2_model_5_seed_001.pdb
1688,14,Chemokine,0.75545,anc2d_14_V_unrelaxed_rank_025_alphafold2_model_5_seed_003.pdb
1689,38,Chemokine,0.74749,anc2d_38_I_unrelaxed_rank_001_alphafold2_model_3_seed_002.pdb
1690,38,Chemokine,0.74634,anc2d_38_I_unrelaxed_rank_002_alphafold2_model_3_seed_004.pdb
1691,38,Chemokine,0.74902,anc2d_38_I_unrelaxed_rank_003_alphafold2_model_3_seed_003.pdb
1692,38,Chemokine,0.75185,anc2d_38_I_unrelaxed_rank_004_alphafold2_model_3_seed_001.pdb
1693,38,Chemokine,0.74997,anc2d_38_I_unrelaxed_rank_005_alphafold2_model_1_seed_003.pdb
1694,38,Chemokine,0.75434,anc2d_38_I_unrelaxed_rank_006_alphafold2_model_2_seed_002.pdb
1695,38,Chemokine,0.74882,anc2d_38_I_unrelaxed_rank_007_alphafold2_model_3_seed_000.pdb
1696,38,Chemokine,0.75014,anc2d_38_I_unrelaxed_rank_008_alphafold2_model_1_seed_002.pdb
1697,38,Chemokine,0.74944,anc2d_38_I_unrelaxed_rank_009_alphafold2_model_1_seed_000.pdb
1698,38,Chemokine,0.75201,anc2d_38_I_unrelaxed_rank_010_alphafold2_model_1_seed_001.pdb
1699,38,Chemokine,0.75718,anc2d_38_I_unrelaxed_rank_011_alphafold2_model_2_seed_003.pdb
1700,38,Chemokine,0.75395,anc2d_38_I_unrelaxed_rank_012_alphafold2_model_1_seed_004.pdb
1701,38,Chemokine,0.76152,anc2d_38_I_unrelaxed_rank_013_alphafold2_model_2_seed_000.pdb
1702,38,Chemokine,0.75652,anc2d_38_I_unrelaxed_rank_014_alphafold2_model_2_seed_001.pdb
1703,38,Chemokine,0.75639,anc2d_38_I_unrelaxed_rank_015_alphafold2_model_4_seed_004.pdb
1704,38,Chemokine,0.75802,anc2d_38_I_unrelaxed_rank_016_alphafold2_model_5_seed_001.pdb
1705,38,Chemokine,0.76174,anc2d_38_I_unrelaxed_rank_017_alphafold2_model_5_seed_003.pdb
1706,38,Chemokine,0.75806,anc2d_38_I_unrelaxed_rank_018_alphafold2_model_4_seed_002.pdb
1707,38,Chemokine,0.76194,anc2d_38_I_unrelaxed_rank_019_alphafold2_model_4_seed_001.pdb
1708,38,Chemokine,0.76206,anc2d_38_I_unrelaxed_rank_020_alphafold2_model_4_seed_000.pdb
1709,38,Chemokine,0.7639,anc2d_38_I_unrelaxed_rank_021_alphafold2_model_4_seed_003.pdb
1710,38,Chemokine,0.76251,anc2d_38_I_unrelaxed_rank_022_alphafold2_model_5_seed_004.pdb
1711,38,Chemokine,0.7583,anc2d_38_L_unrelaxed_rank_001_alphafold2_model_1_seed_003.pdb
1712,38,Chemokine,0.75474,anc2d_38_L_unrelaxed_rank_002_alphafold2_model_1_seed_002.pdb
1713,38,Chemokine,0.76258,anc2d_38_L_unrelaxed_rank_003_alphafold2_model_3_seed_003.pdb
1714,38,Chemokine,0.75858,anc2d_38_L_unrelaxed_rank_004_alphafold2_model_1_seed_000.pdb
1715,38,Chemokine,0.76335,anc2d_38_L_unrelaxed_rank_005_alphafold2_model_3_seed_004.pdb
1716,38,Chemokine,0.75307,anc2d_38_L_unrelaxed_rank_006_alphafold2_model_1_seed_001.pdb
1717,38,Chemokine,0.7516,anc2d_38_L_unrelaxed_rank_007_alphafold2_model_1_seed_004.pdb
1718,38,Chemokine,0.766,anc2d_38_L_unrelaxed_rank_008_alphafold2_model_2_seed_001.pdb
1719,38,Chemokine,0.76643,anc2d_38_L_unrelaxed_rank_009_alphafold2_model_4_seed_003.pdb
1720,38,Chemokine,0.76453,anc2d_38_L_unrelaxed_rank_010_alphafold2_model_5_seed_003.pdb
1721,38,Chemokine,0.76519,anc2d_38_L_unrelaxed_rank_011_alphafold2_model_5_seed_001.pdb
1722,38,Chemokine,0.7661,anc2d_38_L_unrelaxed_rank_012_alphafold2_model_5_seed_004.pdb
1723,38,Chemokine,0.76696,anc2d_38_L_unrelaxed_rank_013_alphafold2_model_4_seed_004.pdb
1724,38,Chemokine,0.74503,anc2d_38_L_unrelaxed_rank_014_alphafold2_model_2_seed_003.pdb
1725,38,Chemokine,0.76651,anc2d_38_L_unrelaxed_rank_015_alphafold2_model_4_seed_002.pdb
1726,38,Chemokine,0.7438,anc2d_38_L_unrelaxed_rank_016_alphafold2_model_2_seed_002.pdb
1727,38,Chemokine,0.76773,anc2d_38_L_unrelaxed_rank_017_alphafold2_model_4_seed_000.pdb
1728,38,Chemokine,0.74029,anc2d_38_L_unrelaxed_rank_018_alphafold2_model_2_seed_000.pdb
1729,38,Chemokine,0.76328,anc2d_38_L_unrelaxed_rank_019_alphafold2_model_5_seed_000.pdb
1730,38,Chemokine,0.75592,anc2d_38_L_unrelaxed_rank_020_alphafold2_model_4_seed_001.pdb
1731,38,Chemokine,0.75155,anc2d_38_V_unrelaxed_rank_001_alphafold2_model_1_seed_004.pdb
1732,38,Chemokine,0.75153,anc2d_38_V_unrelaxed_rank_002_alphafold2_model_1_seed_003.pdb
1733,38,Chemokine,0.74874,anc2d_38_V_unrelaxed_rank_003_alphafold2_model_1_seed_001.pdb
1734,38,Chemokine,0.74903,anc2d_38_V_unrelaxed_rank_004_alphafold2_model_1_seed_000.pdb
1735,38,Chemokine,0.75148,anc2d_38_V_unrelaxed_rank_005_alphafold2_model_1_seed_002.pdb
1736,38,Chemokine,0.75983,anc2d_38_V_unrelaxed_rank_006_alphafold2_model_2_seed_001.pdb
1737,38,Chemokine,0.75986,anc2d_38_V_unrelaxed_rank_007_alphafold2_model_2_seed_002.pdb
1738,38,Chemokine,0.76216,anc2d_38_V_unrelaxed_rank_008_alphafold2_model_2_seed_003.pdb
1739,38,Chemokine,0.75243,anc2d_38_V_unrelaxed_rank_009_alphafold2_model_2_seed_000.pdb
1740,38,Chemokine,0.76986,anc2d_38_V_unrelaxed_rank_010_alphafold2_model_5_seed_004.pdb
1741,38,Chemokine,0.74215,anc2d_38_V_unrelaxed_rank_011_alphafold2_model_2_seed_004.pdb
1742,38,Chemokine,0.76796,anc2d_38_V_unrelaxed_rank_012_alphafold2_model_5_seed_001.pdb
1743,38,Chemokine,0.7679,anc2d_38_V_unrelaxed_rank_013_alphafold2_model_5_seed_000.pdb
1744,38,Chemokine,0.76484,anc2d_38_V_unrelaxed_rank_014_alphafold2_model_5_seed_003.pdb
1745,38,Chemokine,0.76346,anc2d_38_V_unrelaxed_rank_015_alphafold2_model_4_seed_002.pdb
1746,38,Chemokine,0.76602,anc2d_38_V_unrelaxed_rank_016_alphafold2_model_4_seed_000.pdb
1747,38,Chemokine,0.76427,anc2d_38_V_unrelaxed_rank_017_alphafold2_model_4_seed_003.pdb
1748,38,Chemokine,0.72721,anc2d_38_V_unrelaxed_rank_018_alphafold2_model_5_seed_002.pdb
1749,38,Chemokine,0.67149,anc2d_38_V_unrelaxed_rank_019_alphafold2_model_3_seed_003.pdb
1750,38,Chemokine,0.67038,anc2d_38_V_unrelaxed_rank_020_alphafold2_model_3_seed_001.pdb
1751,38,Chemokine,0.66388,anc2d_38_V_unrelaxed_rank_021_alphafold2_model_3_seed_004.pdb
1752,38,Chemokine,0.67015,anc2d_38_V_unrelaxed_rank_022_alphafold2_model_3_seed_002.pdb
1753,40,Chemokine,0.50163,anc2d_40_G_unrelaxed_rank_002_alphafold2_model_1_seed_003.pdb
1754,40,Chemokine,0.74749,anc2d_40_I_unrelaxed_rank_001_alphafold2_model_3_seed_002.pdb
1755,40,Chemokine,0.74634,anc2d_40_I_unrelaxed_rank_002_alphafold2_model_3_seed_004.pdb
1756,40,Chemokine,0.74902,anc2d_40_I_unrelaxed_rank_003_alphafold2_model_3_seed_003.pdb
1757,40,Chemokine,0.75185,anc2d_40_I_unrelaxed_rank_004_alphafold2_model_3_seed_001.pdb
1758,40,Chemokine,0.74997,anc2d_40_I_unrelaxed_rank_005_alphafold2_model_1_seed_003.pdb
1759,40,Chemokine,0.75434,anc2d_40_I_unrelaxed_rank_006_alphafold2_model_2_seed_002.pdb
1760,40,Chemokine,0.74882,anc2d_40_I_unrelaxed_rank_007_alphafold2_model_3_seed_000.pdb
1761,40,Chemokine,0.75014,anc2d_40_I_unrelaxed_rank_008_alphafold2_model_1_seed_002.pdb
1762,40,Chemokine,0.74944,anc2d_40_I_unrelaxed_rank_009_alphafold2_model_1_seed_000.pdb
1763,40,Chemokine,0.75201,anc2d_40_I_unrelaxed_rank_010_alphafold2_model_1_seed_001.pdb
1764,40,Chemokine,0.75718,anc2d_40_I_unrelaxed_rank_011_alphafold2_model_2_seed_003.pdb
1765,40,Chemokine,0.75395,anc2d_40_I_unrelaxed_rank_012_alphafold2_model_1_seed_004.pdb
1766,40,Chemokine,0.76152,anc2d_40_I_unrelaxed_rank_013_alphafold2_model_2_seed_000.pdb
1767,40,Chemokine,0.75652,anc2d_40_I_unrelaxed_rank_014_alphafold2_model_2_seed_001.pdb
1768,40,Chemokine,0.75639,anc2d_40_I_unrelaxed_rank_015_alphafold2_model_4_seed_004.pdb
1769,40,Chemokine,0.75802,anc2d_40_I_unrelaxed_rank_016_alphafold2_model_5_seed_001.pdb
1770,40,Chemokine,0.76174,anc2d_40_I_unrelaxed_rank_017_alphafold2_model_5_seed_003.pdb
1771,40,Chemokine,0.75806,anc2d_40_I_unrelaxed_rank_018_alphafold2_model_4_seed_002.pdb
1772,40,Chemokine,0.76194,anc2d_40_I_unrelaxed_rank_019_alphafold2_model_4_seed_001.pdb
1773,40,Chemokine,0.76206,anc2d_40_I_unrelaxed_rank_020_alphafold2_model_4_seed_000.pdb
1774,40,Chemokine,0.7639,anc2d_40_I_unrelaxed_rank_021_alphafold2_model_4_seed_003.pdb
1775,40,Chemokine,0.76251,anc2d_40_I_unrelaxed_rank_022_alphafold2_model_5_seed_004.pdb
1776,40,Chemokine,0.74944,anc2d_40_V_unrelaxed_rank_001_alphafold2_model_3_seed_001.pdb
1777,40,Chemokine,0.75941,anc2d_40_V_unrelaxed_rank_002_alphafold2_model_2_seed_003.pdb
1778,40,Chemokine,0.74796,anc2d_40_V_unrelaxed_rank_003_alphafold2_model_3_seed_003.pdb
1779,40,Chemokine,0.75552,anc2d_40_V_unrelaxed_rank_004_alphafold2_model_2_seed_002.pdb
1780,40,Chemokine,0.75904,anc2d_40_V_unrelaxed_rank_005_alphafold2_model_3_seed_002.pdb
1781,40,Chemokine,0.765,anc2d_40_V_unrelaxed_rank_006_alphafold2_model_3_seed_004.pdb
1782,40,Chemokine,0.75291,anc2d_40_V_unrelaxed_rank_007_alphafold2_model_1_seed_003.pdb
1783,40,Chemokine,0.75175,anc2d_40_V_unrelaxed_rank_008_alphafold2_model_1_seed_002.pdb
1784,40,Chemokine,0.75496,anc2d_40_V_unrelaxed_rank_009_alphafold2_model_1_seed_000.pdb
1785,40,Chemokine,0.76242,anc2d_40_V_unrelaxed_rank_010_alphafold2_model_3_seed_000.pdb
1786,40,Chemokine,0.74959,anc2d_40_V_unrelaxed_rank_011_alphafold2_model_1_seed_001.pdb
1787,40,Chemokine,0.76458,anc2d_40_V_unrelaxed_rank_012_alphafold2_model_5_seed_004.pdb
1788,40,Chemokine,0.76534,anc2d_40_V_unrelaxed_rank_013_alphafold2_model_5_seed_003.pdb
1789,40,Chemokine,0.76287,anc2d_40_V_unrelaxed_rank_014_alphafold2_model_5_seed_001.pdb
1790,40,Chemokine,0.763,anc2d_40_V_unrelaxed_rank_015_alphafold2_model_4_seed_004.pdb
1791,40,Chemokine,0.73964,anc2d_40_V_unrelaxed_rank_016_alphafold2_model_2_seed_004.pdb
1792,40,Chemokine,0.7651,anc2d_40_V_unrelaxed_rank_017_alphafold2_model_4_seed_002.pdb
1793,40,Chemokine,0.76546,anc2d_40_V_unrelaxed_rank_018_alphafold2_model_4_seed_003.pdb
1794,40,Chemokine,0.74615,anc2d_40_V_unrelaxed_rank_019_alphafold2_model_1_seed_004.pdb
1795,40,Chemokine,0.77238,anc2d_40_V_unrelaxed_rank_020_alphafold2_model_5_seed_000.pdb
1796,40,Chemokine,0.7418,anc2d_40_V_unrelaxed_rank_021_alphafold2_model_2_seed_001.pdb
1797,40,Chemokine,0.73697,anc2d_40_V_unrelaxed_rank_022_alphafold2_model_2_seed_000.pdb
1798,40,Chemokine,0.74812,anc2d_40_V_unrelaxed_rank_023_alphafold2_model_4_seed_001.pdb
1799,40,Chemokine,0.75123,anc2d_40_V_unrelaxed_rank_024_alphafold2_model_4_seed_000.pdb
1800,47,Chemokine,0.74749,anc2d_47_I_unrelaxed_rank_001_alphafold2_model_3_seed_002.pdb
1801,47,Chemokine,0.74634,anc2d_47_I_unrelaxed_rank_002_alphafold2_model_3_seed_004.pdb
1802,47,Chemokine,0.74902,anc2d_47_I_unrelaxed_rank_003_alphafold2_model_3_seed_003.pdb
1803,47,Chemokine,0.75185,anc2d_47_I_unrelaxed_rank_004_alphafold2_model_3_seed_001.pdb
1804,47,Chemokine,0.74997,anc2d_47_I_unrelaxed_rank_005_alphafold2_model_1_seed_003.pdb
1805,47,Chemokine,0.75434,anc2d_47_I_unrelaxed_rank_006_alphafold2_model_2_seed_002.pdb
1806,47,Chemokine,0.74882,anc2d_47_I_unrelaxed_rank_007_alphafold2_model_3_seed_000.pdb
1807,47,Chemokine,0.75014,anc2d_47_I_unrelaxed_rank_008_alphafold2_model_1_seed_002.pdb
1808,47,Chemokine,0.74944,anc2d_47_I_unrelaxed_rank_009_alphafold2_model_1_seed_000.pdb
1809,47,Chemokine,0.75201,anc2d_47_I_unrelaxed_rank_010_alphafold2_model_1_seed_001.pdb
1810,47,Chemokine,0.75718,anc2d_47_I_unrelaxed_rank_011_alphafold2_model_2_seed_003.pdb
1811,47,Chemokine,0.75395,anc2d_47_I_unrelaxed_rank_012_alphafold2_model_1_seed_004.pdb
1812,47,Chemokine,0.76152,anc2d_47_I_unrelaxed_rank_013_alphafold2_model_2_seed_000.pdb
1813,47,Chemokine,0.75652,anc2d_47_I_unrelaxed_rank_014_alphafold2_model_2_seed_001.pdb
1814,47,Chemokine,0.75639,anc2d_47_I_unrelaxed_rank_015_alphafold2_model_4_seed_004.pdb
1815,47,Chemokine,0.75802,anc2d_47_I_unrelaxed_rank_016_alphafold2_model_5_seed_001.pdb
1816,47,Chemokine,0.76174,anc2d_47_I_unrelaxed_rank_017_alphafold2_model_5_seed_003.pdb
1817,47,Chemokine,0.75806,anc2d_47_I_unrelaxed_rank_018_alphafold2_model_4_seed_002.pdb
1818,47,Chemokine,0.76194,anc2d_47_I_unrelaxed_rank_019_alphafold2_model_4_seed_001.pdb
1819,47,Chemokine,0.76206,anc2d_47_I_unrelaxed_rank_020_alphafold2_model_4_seed_000.pdb
1820,47,Chemokine,0.7639,anc2d_47_I_unrelaxed_rank_021_alphafold2_model_4_seed_003.pdb
1821,47,Chemokine,0.76251,anc2d_47_I_unrelaxed_rank_022_alphafold2_model_5_seed_004.pdb
1822,47,Chemokine,0.7502,anc2d_47_L_unrelaxed_rank_001_alphafold2_model_3_seed_002.pdb
1823,47,Chemokine,0.75512,anc2d_47_L_unrelaxed_rank_002_alphafold2_model_3_seed_004.pdb
1824,47,Chemokine,0.75359,anc2d_47_L_unrelaxed_rank_003_alphafold2_model_3_seed_001.pdb
1825,47,Chemokine,0.75007,anc2d_47_L_unrelaxed_rank_004_alphafold2_model_3_seed_003.pdb
1826,47,Chemokine,0.74845,anc2d_47_L_unrelaxed_rank_005_alphafold2_model_3_seed_000.pdb
1827,47,Chemokine,0.74949,anc2d_47_L_unrelaxed_rank_006_alphafold2_model_2_seed_002.pdb
1828,47,Chemokine,0.7614,anc2d_47_L_unrelaxed_rank_007_alphafold2_model_5_seed_003.pdb
1829,47,Chemokine,0.7375,anc2d_47_L_unrelaxed_rank_008_alphafold2_model_1_seed_002.pdb
1830,47,Chemokine,0.75797,anc2d_47_L_unrelaxed_rank_009_alphafold2_model_4_seed_003.pdb
1831,47,Chemokine,0.74997,anc2d_47_L_unrelaxed_rank_010_alphafold2_model_4_seed_000.pdb
1832,47,Chemokine,0.74565,anc2d_47_L_unrelaxed_rank_011_alphafold2_model_4_seed_002.pdb
1833,47,Chemokine,0.74788,anc2d_47_L_unrelaxed_rank_012_alphafold2_model_2_seed_001.pdb
1834,47,Chemokine,0.74635,anc2d_47_L_unrelaxed_rank_013_alphafold2_model_4_seed_004.pdb
1835,47,Chemokine,0.74547,anc2d_47_L_unrelaxed_rank_014_alphafold2_model_4_seed_001.pdb
1836,47,Chemokine,0.75676,anc2d_47_M_unrelaxed_rank_001_alphafold2_model_3_seed_002.pdb
1837,47,Chemokine,0.75865,anc2d_47_M_unrelaxed_rank_002_alphafold2_model_3_seed_004.pdb
1838,47,Chemokine,0.75663,anc2d_47_M_unrelaxed_rank_003_alphafold2_model_3_seed_001.pdb
1839,47,Chemokine,0.75374,anc2d_47_M_unrelaxed_rank_004_alphafold2_model_3_seed_000.pdb
1840,47,Chemokine,0.75706,anc2d_47_M_unrelaxed_rank_005_alphafold2_model_1_seed_001.pdb
1841,47,Chemokine,0.76795,anc2d_47_M_unrelaxed_rank_006_alphafold2_model_2_seed_001.pdb
1842,47,Chemokine,0.75631,anc2d_47_M_unrelaxed_rank_007_alphafold2_model_1_seed_000.pdb
1843,47,Chemokine,0.75862,anc2d_47_M_unrelaxed_rank_008_alphafold2_model_1_seed_004.pdb
1844,47,Chemokine,0.75573,anc2d_47_M_unrelaxed_rank_009_alphafold2_model_1_seed_002.pdb
1845,47,Chemokine,0.7647,anc2d_47_M_unrelaxed_rank_010_alphafold2_model_2_seed_002.pdb
1846,47,Chemokine,0.77056,anc2d_47_M_unrelaxed_rank_011_alphafold2_model_2_seed_003.pdb
1847,47,Chemokine,0.74038,anc2d_47_M_unrelaxed_rank_012_alphafold2_model_3_seed_003.pdb
1848,47,Chemokine,0.75292,anc2d_47_M_unrelaxed_rank_013_alphafold2_model_1_seed_003.pdb
1849,47,Chemokine,0.76815,anc2d_47_M_unrelaxed_rank_014_alphafold2_model_2_seed_004.pdb
1850,47,Chemokine,0.77124,anc2d_47_M_unrelaxed_rank_015_alphafold2_model_2_seed_000.pdb
1851,47,Chemokine,0.76607,anc2d_47_M_unrelaxed_rank_016_alphafold2_model_4_seed_001.pdb
1852,47,Chemokine,0.7663,anc2d_47_M_unrelaxed_rank_017_alphafold2_model_4_seed_000.pdb
1853,47,Chemokine,0.76466,anc2d_47_M_unrelaxed_rank_018_alphafold2_model_4_seed_002.pdb
1854,47,Chemokine,0.76893,anc2d_47_M_unrelaxed_rank_019_alphafold2_model_4_seed_003.pdb
1855,47,Chemokine,0.75867,anc2d_47_M_unrelaxed_rank_020_alphafold2_model_4_seed_004.pdb
1856,A,Chemokine,0.8037,anc2d_A_unrelaxed_rank_001_alphafold2_model_2_seed_000.pdb
1857,A,Chemokine,0.77836,anc2d_A_unrelaxed_rank_002_alphafold2_model_2_seed_002.pdb
1858,A,Chemokine,0.79282,anc2d_A_unrelaxed_rank_003_alphafold2_model_2_seed_003.pdb
1859,A,Chemokine,0.77983,anc2d_A_unrelaxed_rank_004_alphafold2_model_2_seed_001.pdb
1860,A,Chemokine,0.77561,anc2d_A_unrelaxed_rank_005_alphafold2_model_2_seed_004.pdb
1861,A,Chemokine,0.77381,anc2d_A_unrelaxed_rank_006_alphafold2_model_4_seed_002.pdb
1862,A,Chemokine,0.76607,anc2d_A_unrelaxed_rank_007_alphafold2_model_5_seed_004.pdb
1863,A,Chemokine,0.76865,anc2d_A_unrelaxed_rank_008_alphafold2_model_5_seed_002.pdb
1864,A,Chemokine,0.76639,anc2d_A_unrelaxed_rank_009_alphafold2_model_5_seed_003.pdb
1865,A,Chemokine,0.76656,anc2d_A_unrelaxed_rank_010_alphafold2_model_5_seed_001.pdb
1866,A,Chemokine,0.76604,anc2d_A_unrelaxed_rank_011_alphafold2_model_5_seed_000.pdb
1867,A,Chemokine,0.68528,anc2d_A_unrelaxed_rank_012_alphafold2_model_1_seed_002.pdb
1868,A,Chemokine,0.69913,anc2d_A_unrelaxed_rank_013_alphafold2_model_1_seed_003.pdb
1869,A,Chemokine,0.66306,anc2d_A_unrelaxed_rank_014_alphafold2_model_3_seed_001.pdb
1870,A,Chemokine,0.65991,anc2d_A_unrelaxed_rank_015_alphafold2_model_3_seed_000.pdb
1871,A,Chemokine,0.65625,anc2d_A_unrelaxed_rank_016_alphafold2_model_3_seed_004.pdb
1872,A,Chemokine,0.68873,anc2d_A_unrelaxed_rank_017_alphafold2_model_1_seed_000.pdb
1873,A,Chemokine,0.68708,anc2d_A_unrelaxed_rank_018_alphafold2_model_1_seed_004.pdb
1874,A,Chemokine,0.67775,anc2d_A_unrelaxed_rank_019_alphafold2_model_1_seed_001.pdb
1875,A,Chemokine,0.65558,anc2d_A_unrelaxed_rank_020_alphafold2_model_3_seed_002.pdb
1876,A,Chemokine,0.6794,anc2d_A_unrelaxed_rank_021_alphafold2_model_4_seed_003.pdb
1877,A,Chemokine,0.65916,anc2d_A_unrelaxed_rank_022_alphafold2_model_3_seed_003.pdb
1878,A,Chemokine,0.67886,anc2d_A_unrelaxed_rank_023_alphafold2_model_4_seed_004.pdb
1879,A,Chemokine,0.68106,anc2d_A_unrelaxed_rank_024_alphafold2_model_4_seed_001.pdb
1880,A,Chemokine,0.67892,anc2d_A_unrelaxed_rank_025_alphafold2_model_4_seed_000.pdb
1881,G,Chemokine,0.82376,anc2d_G_unrelaxed_rank_001_alphafold2_model_2_seed_000.pdb
1882,G,Chemokine,0.82462,anc2d_G_unrelaxed_rank_002_alphafold2_model_2_seed_003.pdb
1883,G,Chemokine,0.7979,anc2d_G_unrelaxed_rank_003_alphafold2_model_2_seed_002.pdb
1884,G,Chemokine,0.77249,anc2d_G_unrelaxed_rank_004_alphafold2_model_3_seed_003.pdb
1885,G,Chemokine,0.79442,anc2d_G_unrelaxed_rank_005_alphafold2_model_2_seed_004.pdb
1886,G,Chemokine,0.79698,anc2d_G_unrelaxed_rank_006_alphafold2_model_2_seed_001.pdb
1887,G,Chemokine,0.78511,anc2d_G_unrelaxed_rank_007_alphafold2_model_1_seed_003.pdb
1888,G,Chemokine,0.76902,anc2d_G_unrelaxed_rank_008_alphafold2_model_3_seed_004.pdb
1889,G,Chemokine,0.79143,anc2d_G_unrelaxed_rank_009_alphafold2_model_4_seed_004.pdb
1890,G,Chemokine,0.76525,anc2d_G_unrelaxed_rank_010_alphafold2_model_3_seed_001.pdb
1891,G,Chemokine,0.78942,anc2d_G_unrelaxed_rank_011_alphafold2_model_4_seed_002.pdb
1892,G,Chemokine,0.77945,anc2d_G_unrelaxed_rank_012_alphafold2_model_3_seed_002.pdb
1893,G,Chemokine,0.78779,anc2d_G_unrelaxed_rank_013_alphafold2_model_4_seed_003.pdb
1894,G,Chemokine,0.78243,anc2d_G_unrelaxed_rank_014_alphafold2_model_5_seed_004.pdb
1895,G,Chemokine,0.78243,anc2d_G_unrelaxed_rank_015_alphafold2_model_5_seed_003.pdb
1896,G,Chemokine,0.71332,anc2d_G_unrelaxed_rank_016_alphafold2_model_1_seed_002.pdb
1897,G,Chemokine,0.69859,anc2d_G_unrelaxed_rank_017_alphafold2_model_3_seed_000.pdb
1898,G,Chemokine,0.71642,anc2d_G_unrelaxed_rank_018_alphafold2_model_1_seed_000.pdb
1899,G,Chemokine,0.70728,anc2d_G_unrelaxed_rank_019_alphafold2_model_4_seed_000.pdb
1900,G,Chemokine,0.71224,anc2d_G_unrelaxed_rank_020_alphafold2_model_1_seed_004.pdb
1901,G,Chemokine,0.70718,anc2d_G_unrelaxed_rank_021_alphafold2_model_4_seed_001.pdb
1902,G,Chemokine,0.71646,anc2d_G_unrelaxed_rank_022_alphafold2_model_1_seed_001.pdb
1903,G,Chemokine,0.69747,anc2d_G_unrelaxed_rank_023_alphafold2_model_5_seed_001.pdb
1904,G,Chemokine,0.69717,anc2d_G_unrelaxed_rank_024_alphafold2_model_5_seed_000.pdb
1905,G,Chemokine,0.69301,anc2d_G_unrelaxed_rank_025_alphafold2_model_5_seed_002.pdb
1906,I,Chemokine,0.74749,anc2d_I_unrelaxed_rank_001_alphafold2_model_3_seed_002.pdb
1907,I,Chemokine,0.74634,anc2d_I_unrelaxed_rank_002_alphafold2_model_3_seed_004.pdb
1908,I,Chemokine,0.74902,anc2d_I_unrelaxed_rank_003_alphafold2_model_3_seed_003.pdb
1909,I,Chemokine,0.75185,anc2d_I_unrelaxed_rank_004_alphafold2_model_3_seed_001.pdb
1910,I,Chemokine,0.74997,anc2d_I_unrelaxed_rank_005_alphafold2_model_1_seed_003.pdb
1911,I,Chemokine,0.75434,anc2d_I_unrelaxed_rank_006_alphafold2_model_2_seed_002.pdb
1912,I,Chemokine,0.74882,anc2d_I_unrelaxed_rank_007_alphafold2_model_3_seed_000.pdb
1913,I,Chemokine,0.75014,anc2d_I_unrelaxed_rank_008_alphafold2_model_1_seed_002.pdb
1914,I,Chemokine,0.74944,anc2d_I_unrelaxed_rank_009_alphafold2_model_1_seed_000.pdb
1915,I,Chemokine,0.75201,anc2d_I_unrelaxed_rank_010_alphafold2_model_1_seed_001.pdb
1916,I,Chemokine,0.75718,anc2d_I_unrelaxed_rank_011_alphafold2_model_2_seed_003.pdb
1917,I,Chemokine,0.75395,anc2d_I_unrelaxed_rank_012_alphafold2_model_1_seed_004.pdb
1918,I,Chemokine,0.76152,anc2d_I_unrelaxed_rank_013_alphafold2_model_2_seed_000.pdb
1919,I,Chemokine,0.75652,anc2d_I_unrelaxed_rank_014_alphafold2_model_2_seed_001.pdb
1920,I,Chemokine,0.75639,anc2d_I_unrelaxed_rank_015_alphafold2_model_4_seed_004.pdb
1921,I,Chemokine,0.75802,anc2d_I_unrelaxed_rank_016_alphafold2_model_5_seed_001.pdb
1922,I,Chemokine,0.76174,anc2d_I_unrelaxed_rank_017_alphafold2_model_5_seed_003.pdb
1923,I,Chemokine,0.75806,anc2d_I_unrelaxed_rank_018_alphafold2_model_4_seed_002.pdb
1924,I,Chemokine,0.76194,anc2d_I_unrelaxed_rank_019_alphafold2_model_4_seed_001.pdb
1925,I,Chemokine,0.76206,anc2d_I_unrelaxed_rank_020_alphafold2_model_4_seed_000.pdb
1926,I,Chemokine,0.7639,anc2d_I_unrelaxed_rank_021_alphafold2_model_4_seed_003.pdb
1927,I,Chemokine,0.76251,anc2d_I_unrelaxed_rank_022_alphafold2_model_5_seed_004.pdb
1928,14,Chemokine,0.74976,anc2f_14_I_unrelaxed_rank_001_alphafold2_model_3_seed_002.pdb
1929,14,Chemokine,0.75105,anc2f_14_I_unrelaxed_rank_002_alphafold2_model_3_seed_001.pdb
1930,14,Chemokine,0.74841,anc2f_14_I_unrelaxed_rank_003_alphafold2_model_3_seed_003.pdb
1931,14,Dimer,0.506,anc2f_14_I_unrelaxed_rank_004_alphafold2_model_2_seed_001.pdb
1932,14,Chemokine,0.74615,anc2f_14_I_unrelaxed_rank_005_alphafold2_model_3_seed_004.pdb
1933,14,Chemokine,0.74452,anc2f_14_I_unrelaxed_rank_006_alphafold2_model_3_seed_000.pdb
1934,14,Chemokine,0.76453,anc2f_14_I_unrelaxed_rank_007_alphafold2_model_5_seed_002.pdb
1935,14,Chemokine,0.7596,anc2f_14_I_unrelaxed_rank_008_alphafold2_model_1_seed_004.pdb
1936,14,Chemokine,0.75771,anc2f_14_I_unrelaxed_rank_009_alphafold2_model_5_seed_004.pdb
1937,14,Chemokine,0.76158,anc2f_14_I_unrelaxed_rank_010_alphafold2_model_5_seed_003.pdb
1938,14,Chemokine,0.76542,anc2f_14_I_unrelaxed_rank_011_alphafold2_model_5_seed_000.pdb
1939,14,Chemokine,0.76006,anc2f_14_I_unrelaxed_rank_012_alphafold2_model_5_seed_001.pdb
1940,14,Chemokine,0.75606,anc2f_14_I_unrelaxed_rank_013_alphafold2_model_1_seed_002.pdb
1941,14,Chemokine,0.75455,anc2f_14_I_unrelaxed_rank_014_alphafold2_model_4_seed_000.pdb
1942,14,Chemokine,0.75046,anc2f_14_I_unrelaxed_rank_015_alphafold2_model_4_seed_002.pdb
1943,14,Chemokine,0.76069,anc2f_14_I_unrelaxed_rank_016_alphafold2_model_4_seed_001.pdb
1944,14,Dimer,0.51745,anc2f_14_I_unrelaxed_rank_017_alphafold2_model_2_seed_002.pdb
1945,14,Dimer,0.51977,anc2f_14_I_unrelaxed_rank_018_alphafold2_model_1_seed_001.pdb
1946,14,Dimer,0.51445,anc2f_14_I_unrelaxed_rank_019_alphafold2_model_2_seed_000.pdb
1947,14,Dimer,0.51831,anc2f_14_I_unrelaxed_rank_020_alphafold2_model_1_seed_000.pdb
1948,14,Dimer,0.5178,anc2f_14_I_unrelaxed_rank_021_alphafold2_model_2_seed_003.pdb
1949,14,Chemokine,0.72037,anc2f_14_I_unrelaxed_rank_022_alphafold2_model_1_seed_003.pdb
1950,14,Chemokine,0.74013,anc2f_14_I_unrelaxed_rank_023_alphafold2_model_4_seed_004.pdb
1951,14,Chemokine,0.75565,anc2f_14_I_unrelaxed_rank_024_alphafold2_model_4_seed_003.pdb
1952,14,Chemokine,0.74152,anc2f_14_L_unrelaxed_rank_001_alphafold2_model_3_seed_002.pdb
1953,14,Chemokine,0.74328,anc2f_14_L_unrelaxed_rank_002_alphafold2_model_3_seed_000.pdb
1954,14,Chemokine,0.74399,anc2f_14_L_unrelaxed_rank_003_alphafold2_model_3_seed_001.pdb
1955,14,Chemokine,0.50693,anc2f_14_L_unrelaxed_rank_004_alphafold2_model_2_seed_001.pdb
1956,14,Chemokine,0.74528,anc2f_14_L_unrelaxed_rank_005_alphafold2_model_3_seed_004.pdb
1957,14,Chemokine,0.74575,anc2f_14_L_unrelaxed_rank_006_alphafold2_model_3_seed_003.pdb
1958,14,Chemokine,0.75338,anc2f_14_L_unrelaxed_rank_007_alphafold2_model_5_seed_002.pdb
1959,14,Chemokine,0.75306,anc2f_14_L_unrelaxed_rank_008_alphafold2_model_1_seed_002.pdb
1960,14,Chemokine,0.51336,anc2f_14_L_unrelaxed_rank_009_alphafold2_model_2_seed_002.pdb
1961,14,Chemokine,0.51974,anc2f_14_L_unrelaxed_rank_010_alphafold2_model_1_seed_000.pdb
1962,14,Chemokine,0.75884,anc2f_14_L_unrelaxed_rank_011_alphafold2_model_4_seed_004.pdb
1963,14,Chemokine,0.76147,anc2f_14_L_unrelaxed_rank_012_alphafold2_model_4_seed_003.pdb
1964,14,Chemokine,0.75835,anc2f_14_L_unrelaxed_rank_013_alphafold2_model_4_seed_000.pdb
1965,14,Chemokine,0.76143,anc2f_14_L_unrelaxed_rank_014_alphafold2_model_4_seed_002.pdb
1966,14,Chemokine,0.76436,anc2f_14_L_unrelaxed_rank_015_alphafold2_model_4_seed_001.pdb
1967,14,Dimer,0.51569,anc2f_14_L_unrelaxed_rank_016_alphafold2_model_1_seed_001.pdb
1968,14,Dimer,0.51851,anc2f_14_L_unrelaxed_rank_017_alphafold2_model_1_seed_003.pdb
1969,14,Chemokine,0.71495,anc2f_14_L_unrelaxed_rank_018_alphafold2_model_5_seed_003.pdb
1970,14,Dimer,0.51387,anc2f_14_L_unrelaxed_rank_019_alphafold2_model_2_seed_000.pdb
1971,14,Chemokine,0.71357,anc2f_14_L_unrelaxed_rank_020_alphafold2_model_5_seed_001.pdb
1972,14,Chemokine,0.71317,anc2f_14_L_unrelaxed_rank_021_alphafold2_model_5_seed_004.pdb
1973,14,Chemokine,0.7072,anc2f_14_L_unrelaxed_rank_022_alphafold2_model_5_seed_000.pdb
1974,14,Dimer,0.51388,anc2f_14_L_unrelaxed_rank_023_alphafold2_model_2_seed_003.pdb
1975,14,Dimer,0.51906,anc2f_14_L_unrelaxed_rank_024_alphafold2_model_1_seed_004.pdb
1976,14,Chemokine,0.75031,anc2f_14_V_unrelaxed_rank_001_alphafold2_model_3_seed_003.pdb
1977,14,Chemokine,0.75067,anc2f_14_V_unrelaxed_rank_002_alphafold2_model_3_seed_004.pdb
1978,14,Chemokine,0.75158,anc2f_14_V_unrelaxed_rank_003_alphafold2_model_3_seed_000.pdb
1979,14,Chemokine,0.75216,anc2f_14_V_unrelaxed_rank_004_alphafold2_model_3_seed_002.pdb
1980,14,Chemokine,0.75167,anc2f_14_V_unrelaxed_rank_005_alphafold2_model_3_seed_001.pdb
1981,14,Chemokine,0.73542,anc2f_14_V_unrelaxed_rank_006_alphafold2_model_1_seed_000.pdb
1982,14,Chemokine,0.76314,anc2f_14_V_unrelaxed_rank_007_alphafold2_model_2_seed_004.pdb
1983,14,Chemokine,0.5102,anc2f_14_V_unrelaxed_rank_008_alphafold2_model_2_seed_001.pdb
1984,14,Chemokine,0.75589,anc2f_14_V_unrelaxed_rank_009_alphafold2_model_4_seed_002.pdb
1985,14,Chemokine,0.75419,anc2f_14_V_unrelaxed_rank_010_alphafold2_model_1_seed_001.pdb
1986,14,Dimer,0.50819,anc2f_14_V_unrelaxed_rank_011_alphafold2_model_2_seed_000.pdb
1987,14,Chemokine,0.75329,anc2f_14_V_unrelaxed_rank_012_alphafold2_model_1_seed_002.pdb
1988,14,Chemokine,0.75921,anc2f_14_V_unrelaxed_rank_013_alphafold2_model_1_seed_003.pdb
1989,14,Chemokine,0.76657,anc2f_14_V_unrelaxed_rank_014_alphafold2_model_5_seed_001.pdb
1990,14,Chemokine,0.76904,anc2f_14_V_unrelaxed_rank_015_alphafold2_model_5_seed_000.pdb
1991,14,Chemokine,0.76904,anc2f_14_V_unrelaxed_rank_016_alphafold2_model_5_seed_003.pdb
1992,14,Chemokine,0.76552,anc2f_14_V_unrelaxed_rank_017_alphafold2_model_4_seed_004.pdb
1993,14,Chemokine,0.76844,anc2f_14_V_unrelaxed_rank_018_alphafold2_model_5_seed_004.pdb
1994,14,Chemokine,0.76291,anc2f_14_V_unrelaxed_rank_019_alphafold2_model_5_seed_002.pdb
1995,14,Chemokine,0.76042,anc2f_14_V_unrelaxed_rank_020_alphafold2_model_4_seed_003.pdb
1996,14,Chemokine,0.75816,anc2f_14_V_unrelaxed_rank_021_alphafold2_model_4_seed_000.pdb
1997,14,Chemokine,0.75725,anc2f_14_V_unrelaxed_rank_022_alphafold2_model_4_seed_001.pdb
1998,14,Dimer,0.52039,anc2f_14_V_unrelaxed_rank_023_alphafold2_model_2_seed_002.pdb
1999,14,Chemokine,0.51665,anc2f_14_V_unrelaxed_rank_024_alphafold2_model_2_seed_003.pdb
2000,38,Chemokine,0.76072,anc2f_38_I_unrelaxed_rank_001_alphafold2_model_3_seed_003.pdb
2001,38,Chemokine,0.75948,anc2f_38_I_unrelaxed_rank_002_alphafold2_model_3_seed_004.pdb
2002,38,Chemokine,0.77255,anc2f_38_I_unrelaxed_rank_003_alphafold2_model_3_seed_000.pdb
2003,38,Chemokine,0.76169,anc2f_38_I_unrelaxed_rank_004_alphafold2_model_3_seed_001.pdb
2004,38,Chemokine,0.75863,anc2f_38_I_unrelaxed_rank_005_alphafold2_model_3_seed_002.pdb
2005,38,Chemokine,0.79835,anc2f_38_I_unrelaxed_rank_006_alphafold2_model_2_seed_002.pdb
2006,38,Chemokine,0.77291,anc2f_38_I_unrelaxed_rank_007_alphafold2_model_1_seed_003.pdb
2007,38,Chemokine,0.782,anc2f_38_I_unrelaxed_rank_008_alphafold2_model_2_seed_003.pdb
2008,38,Chemokine,0.77354,anc2f_38_I_unrelaxed_rank_009_alphafold2_model_1_seed_002.pdb
2009,38,Chemokine,0.79458,anc2f_38_I_unrelaxed_rank_010_alphafold2_model_2_seed_004.pdb
2010,38,Chemokine,0.76927,anc2f_38_I_unrelaxed_rank_011_alphafold2_model_5_seed_001.pdb
2011,38,Chemokine,0.77086,anc2f_38_I_unrelaxed_rank_012_alphafold2_model_5_seed_004.pdb
2012,38,Chemokine,0.76865,anc2f_38_I_unrelaxed_rank_013_alphafold2_model_5_seed_003.pdb
2013,38,Chemokine,0.77154,anc2f_38_I_unrelaxed_rank_014_alphafold2_model_5_seed_002.pdb
2014,38,Chemokine,0.77031,anc2f_38_I_unrelaxed_rank_015_alphafold2_model_5_seed_000.pdb
2015,38,Chemokine,0.77208,anc2f_38_I_unrelaxed_rank_016_alphafold2_model_4_seed_000.pdb
2016,38,Chemokine,0.76287,anc2f_38_I_unrelaxed_rank_017_alphafold2_model_4_seed_002.pdb
2017,38,Chemokine,0.76409,anc2f_38_I_unrelaxed_rank_018_alphafold2_model_4_seed_003.pdb
2018,38,Chemokine,0.77361,anc2f_38_L_unrelaxed_rank_001_alphafold2_model_3_seed_000.pdb
2019,38,Chemokine,0.77414,anc2f_38_L_unrelaxed_rank_002_alphafold2_model_3_seed_003.pdb
2020,38,Chemokine,0.76479,anc2f_38_L_unrelaxed_rank_003_alphafold2_model_3_seed_004.pdb
2021,38,Chemokine,0.78328,anc2f_38_L_unrelaxed_rank_004_alphafold2_model_1_seed_004.pdb
2022,38,Chemokine,0.78407,anc2f_38_L_unrelaxed_rank_005_alphafold2_model_2_seed_003.pdb
2023,38,Chemokine,0.77521,anc2f_38_L_unrelaxed_rank_006_alphafold2_model_1_seed_003.pdb
2024,38,Chemokine,0.7781,anc2f_38_L_unrelaxed_rank_007_alphafold2_model_1_seed_002.pdb
2025,38,Chemokine,0.78044,anc2f_38_L_unrelaxed_rank_008_alphafold2_model_1_seed_000.pdb
2026,38,Chemokine,0.78035,anc2f_38_L_unrelaxed_rank_009_alphafold2_model_2_seed_002.pdb
2027,38,Chemokine,0.78094,anc2f_38_L_unrelaxed_rank_010_alphafold2_model_2_seed_000.pdb
2028,38,Chemokine,0.75503,anc2f_38_L_unrelaxed_rank_011_alphafold2_model_3_seed_002.pdb
2029,38,Chemokine,0.76982,anc2f_38_L_unrelaxed_rank_012_alphafold2_model_5_seed_002.pdb
2030,38,Chemokine,0.77114,anc2f_38_L_unrelaxed_rank_013_alphafold2_model_4_seed_003.pdb
2031,38,Chemokine,0.7667,anc2f_38_L_unrelaxed_rank_014_alphafold2_model_4_seed_002.pdb
2032,38,Chemokine,0.76097,anc2f_38_L_unrelaxed_rank_015_alphafold2_model_5_seed_003.pdb
2033,38,Chemokine,0.77335,anc2f_38_L_unrelaxed_rank_016_alphafold2_model_4_seed_000.pdb
2034,38,Chemokine,0.75461,anc2f_38_L_unrelaxed_rank_017_alphafold2_model_5_seed_004.pdb
2035,38,Chemokine,0.75106,anc2f_38_L_unrelaxed_rank_018_alphafold2_model_5_seed_000.pdb
2036,38,Chemokine,0.76879,anc2f_38_L_unrelaxed_rank_019_alphafold2_model_2_seed_001.pdb
2037,38,Chemokine,0.74141,anc2f_38_L_unrelaxed_rank_020_alphafold2_model_5_seed_001.pdb
2038,38,Chemokine,0.76341,anc2f_38_L_unrelaxed_rank_021_alphafold2_model_4_seed_001.pdb
2039,38,Chemokine,0.76476,anc2f_38_V_unrelaxed_rank_001_alphafold2_model_3_seed_002.pdb
2040,38,Chemokine,0.76551,anc2f_38_V_unrelaxed_rank_002_alphafold2_model_3_seed_004.pdb
2041,38,Chemokine,0.76346,anc2f_38_V_unrelaxed_rank_003_alphafold2_model_3_seed_003.pdb
2042,38,Chemokine,0.76298,anc2f_38_V_unrelaxed_rank_004_alphafold2_model_3_seed_000.pdb
2043,38,Chemokine,0.77076,anc2f_38_V_unrelaxed_rank_005_alphafold2_model_3_seed_001.pdb
2044,38,Chemokine,0.79382,anc2f_38_V_unrelaxed_rank_006_alphafold2_model_2_seed_004.pdb
2045,38,Chemokine,0.77963,anc2f_38_V_unrelaxed_rank_007_alphafold2_model_2_seed_002.pdb
2046,38,Chemokine,0.78114,anc2f_38_V_unrelaxed_rank_008_alphafold2_model_2_seed_000.pdb
2047,38,Chemokine,0.77922,anc2f_38_V_unrelaxed_rank_009_alphafold2_model_2_seed_001.pdb
2048,38,Chemokine,0.78787,anc2f_38_V_unrelaxed_rank_010_alphafold2_model_2_seed_003.pdb
2049,38,Chemokine,0.76787,anc2f_38_V_unrelaxed_rank_011_alphafold2_model_1_seed_003.pdb
2050,38,Chemokine,0.77478,anc2f_38_V_unrelaxed_rank_012_alphafold2_model_5_seed_004.pdb
2051,38,Chemokine,0.7672,anc2f_38_V_unrelaxed_rank_013_alphafold2_model_1_seed_002.pdb
2052,38,Chemokine,0.77706,anc2f_38_V_unrelaxed_rank_014_alphafold2_model_5_seed_002.pdb
2053,38,Chemokine,0.77622,anc2f_38_V_unrelaxed_rank_015_alphafold2_model_5_seed_003.pdb
2054,38,Chemokine,0.77365,anc2f_38_V_unrelaxed_rank_016_alphafold2_model_5_seed_001.pdb
2055,38,Chemokine,0.77077,anc2f_38_V_unrelaxed_rank_017_alphafold2_model_4_seed_004.pdb
2056,38,Chemokine,0.77691,anc2f_38_V_unrelaxed_rank_018_alphafold2_model_5_seed_000.pdb
2057,38,Chemokine,0.77372,anc2f_38_V_unrelaxed_rank_019_alphafold2_model_4_seed_001.pdb
2058,38,Chemokine,0.77363,anc2f_38_V_unrelaxed_rank_020_alphafold2_model_4_seed_000.pdb
2059,38,Chemokine,0.77365,anc2f_38_V_unrelaxed_rank_021_alphafold2_model_4_seed_002.pdb
2060,38,Chemokine,0.77479,anc2f_38_V_unrelaxed_rank_022_alphafold2_model_4_seed_003.pdb
2061,40,Chemokine,0.76345,anc2f_40_I_unrelaxed_rank_001_alphafold2_model_3_seed_004.pdb
2062,40,Chemokine,0.76046,anc2f_40_I_unrelaxed_rank_002_alphafold2_model_3_seed_003.pdb
2063,40,Chemokine,0.76095,anc2f_40_I_unrelaxed_rank_003_alphafold2_model_3_seed_000.pdb
2064,40,Chemokine,0.76208,anc2f_40_I_unrelaxed_rank_004_alphafold2_model_3_seed_002.pdb
2065,40,Chemokine,0.76372,anc2f_40_I_unrelaxed_rank_005_alphafold2_model_3_seed_001.pdb
2066,40,Chemokine,0.77085,anc2f_40_I_unrelaxed_rank_006_alphafold2_model_1_seed_002.pdb
2067,40,Chemokine,0.7709,anc2f_40_I_unrelaxed_rank_007_alphafold2_model_1_seed_003.pdb
2068,40,Chemokine,0.77213,anc2f_40_I_unrelaxed_rank_008_alphafold2_model_1_seed_000.pdb
2069,40,Chemokine,0.77391,anc2f_40_I_unrelaxed_rank_009_alphafold2_model_1_seed_001.pdb
2070,40,Chemokine,0.7782,anc2f_40_I_unrelaxed_rank_010_alphafold2_model_2_seed_003.pdb
2071,40,Chemokine,0.7783,anc2f_40_I_unrelaxed_rank_011_alphafold2_model_2_seed_001.pdb
2072,40,Chemokine,0.78016,anc2f_40_I_unrelaxed_rank_012_alphafold2_model_2_seed_000.pdb
2073,40,Chemokine,0.77944,anc2f_40_I_unrelaxed_rank_013_alphafold2_model_2_seed_002.pdb
2074,40,Chemokine,0.7727,anc2f_40_I_unrelaxed_rank_014_alphafold2_model_1_seed_004.pdb
2075,40,Chemokine,0.77319,anc2f_40_I_unrelaxed_rank_015_alphafold2_model_5_seed_001.pdb
2076,40,Chemokine,0.77504,anc2f_40_I_unrelaxed_rank_016_alphafold2_model_5_seed_004.pdb
2077,40,Chemokine,0.77171,anc2f_40_I_unrelaxed_rank_017_alphafold2_model_5_seed_003.pdb
2078,40,Chemokine,0.76815,anc2f_40_I_unrelaxed_rank_018_alphafold2_model_4_seed_003.pdb
2079,40,Chemokine,0.76714,anc2f_40_I_unrelaxed_rank_019_alphafold2_model_4_seed_002.pdb
2080,40,Chemokine,0.76976,anc2f_40_I_unrelaxed_rank_020_alphafold2_model_4_seed_004.pdb
2081,40,Chemokine,0.76298,anc2f_40_I_unrelaxed_rank_021_alphafold2_model_4_seed_001.pdb
2082,40,Chemokine,0.76233,anc2f_40_I_unrelaxed_rank_022_alphafold2_model_4_seed_000.pdb
2083,40,Chemokine,0.76671,anc2f_40_I_unrelaxed_rank_023_alphafold2_model_2_seed_004.pdb
2084,40,Chemokine,0.77268,anc2f_40_V_unrelaxed_rank_001_alphafold2_model_3_seed_003.pdb
2085,40,Chemokine,0.77347,anc2f_40_V_unrelaxed_rank_002_alphafold2_model_3_seed_004.pdb
2086,40,Chemokine,0.77661,anc2f_40_V_unrelaxed_rank_003_alphafold2_model_2_seed_003.pdb
2087,40,Chemokine,0.77622,anc2f_40_V_unrelaxed_rank_004_alphafold2_model_1_seed_003.pdb
2088,40,Chemokine,0.77845,anc2f_40_V_unrelaxed_rank_005_alphafold2_model_2_seed_002.pdb
2089,40,Chemokine,0.77957,anc2f_40_V_unrelaxed_rank_006_alphafold2_model_1_seed_004.pdb
2090,40,Chemokine,0.77796,anc2f_40_V_unrelaxed_rank_007_alphafold2_model_5_seed_004.pdb
2091,40,Chemokine,0.77554,anc2f_40_V_unrelaxed_rank_008_alphafold2_model_1_seed_001.pdb
2092,40,Chemokine,0.78472,anc2f_40_V_unrelaxed_rank_009_alphafold2_model_2_seed_000.pdb
2093,40,Chemokine,0.77618,anc2f_40_V_unrelaxed_rank_010_alphafold2_model_5_seed_001.pdb
2094,40,Chemokine,0.77619,anc2f_40_V_unrelaxed_rank_011_alphafold2_model_1_seed_000.pdb
2095,40,Chemokine,0.77703,anc2f_40_V_unrelaxed_rank_012_alphafold2_model_3_seed_002.pdb
2096,40,Chemokine,0.76669,anc2f_40_V_unrelaxed_rank_013_alphafold2_model_1_seed_002.pdb
2097,40,Chemokine,0.77764,anc2f_40_V_unrelaxed_rank_014_alphafold2_model_5_seed_003.pdb
2098,40,Chemokine,0.76353,anc2f_40_V_unrelaxed_rank_015_alphafold2_model_4_seed_002.pdb
2099,40,Chemokine,0.77238,anc2f_40_V_unrelaxed_rank_016_alphafold2_model_4_seed_003.pdb
2100,40,Chemokine,0.77387,anc2f_40_V_unrelaxed_rank_017_alphafold2_model_5_seed_002.pdb
2101,40,Chemokine,0.7672,anc2f_40_V_unrelaxed_rank_018_alphafold2_model_4_seed_004.pdb
2102,40,Chemokine,0.7716,anc2f_40_V_unrelaxed_rank_019_alphafold2_model_3_seed_001.pdb
2103,40,Chemokine,0.76624,anc2f_40_V_unrelaxed_rank_020_alphafold2_model_4_seed_000.pdb
2104,40,Chemokine,0.75318,anc2f_40_V_unrelaxed_rank_021_alphafold2_model_2_seed_004.pdb
2105,40,Chemokine,0.75366,anc2f_40_V_unrelaxed_rank_022_alphafold2_model_2_seed_001.pdb
2106,40,Chemokine,0.76174,anc2f_40_V_unrelaxed_rank_023_alphafold2_model_4_seed_001.pdb
2107,45,Dimer,0.52585,anc2f_45_V_unrelaxed_rank_001_alphafold2_model_2_seed_000.pdb
2108,47,Chemokine,0.76072,anc2f_47_I_unrelaxed_rank_001_alphafold2_model_3_seed_003.pdb
2109,47,Chemokine,0.75948,anc2f_47_I_unrelaxed_rank_002_alphafold2_model_3_seed_004.pdb
2110,47,Chemokine,0.77255,anc2f_47_I_unrelaxed_rank_003_alphafold2_model_3_seed_000.pdb
2111,47,Chemokine,0.76169,anc2f_47_I_unrelaxed_rank_004_alphafold2_model_3_seed_001.pdb
2112,47,Chemokine,0.75863,anc2f_47_I_unrelaxed_rank_005_alphafold2_model_3_seed_002.pdb
2113,47,Chemokine,0.79835,anc2f_47_I_unrelaxed_rank_006_alphafold2_model_2_seed_002.pdb
2114,47,Chemokine,0.77291,anc2f_47_I_unrelaxed_rank_007_alphafold2_model_1_seed_003.pdb
2115,47,Chemokine,0.782,anc2f_47_I_unrelaxed_rank_008_alphafold2_model_2_seed_003.pdb
2116,47,Chemokine,0.77354,anc2f_47_I_unrelaxed_rank_009_alphafold2_model_1_seed_002.pdb
2117,47,Chemokine,0.79458,anc2f_47_I_unrelaxed_rank_010_alphafold2_model_2_seed_004.pdb
2118,47,Chemokine,0.76927,anc2f_47_I_unrelaxed_rank_011_alphafold2_model_5_seed_001.pdb
2119,47,Chemokine,0.77086,anc2f_47_I_unrelaxed_rank_012_alphafold2_model_5_seed_004.pdb
2120,47,Chemokine,0.76865,anc2f_47_I_unrelaxed_rank_013_alphafold2_model_5_seed_003.pdb
2121,47,Chemokine,0.77154,anc2f_47_I_unrelaxed_rank_014_alphafold2_model_5_seed_002.pdb
2122,47,Chemokine,0.77031,anc2f_47_I_unrelaxed_rank_015_alphafold2_model_5_seed_000.pdb
2123,47,Chemokine,0.77208,anc2f_47_I_unrelaxed_rank_016_alphafold2_model_4_seed_000.pdb
2124,47,Chemokine,0.76287,anc2f_47_I_unrelaxed_rank_017_alphafold2_model_4_seed_002.pdb
2125,47,Chemokine,0.76409,anc2f_47_I_unrelaxed_rank_018_alphafold2_model_4_seed_003.pdb
2126,47,Chemokine,0.77357,anc2f_47_L_unrelaxed_rank_001_alphafold2_model_3_seed_004.pdb
2127,47,Chemokine,0.77691,anc2f_47_L_unrelaxed_rank_002_alphafold2_model_3_seed_001.pdb
2128,47,Chemokine,0.75991,anc2f_47_L_unrelaxed_rank_003_alphafold2_model_3_seed_003.pdb
2129,47,Chemokine,0.79853,anc2f_47_L_unrelaxed_rank_004_alphafold2_model_2_seed_000.pdb
2130,47,Chemokine,0.7721,anc2f_47_L_unrelaxed_rank_005_alphafold2_model_3_seed_002.pdb
2131,47,Chemokine,0.76769,anc2f_47_L_unrelaxed_rank_006_alphafold2_model_3_seed_000.pdb
2132,47,Chemokine,0.79954,anc2f_47_L_unrelaxed_rank_007_alphafold2_model_2_seed_002.pdb
2133,47,Chemokine,0.78318,anc2f_47_L_unrelaxed_rank_008_alphafold2_model_2_seed_003.pdb
2134,47,Chemokine,0.7877,anc2f_47_L_unrelaxed_rank_009_alphafold2_model_2_seed_001.pdb
2135,47,Chemokine,0.77159,anc2f_47_L_unrelaxed_rank_010_alphafold2_model_5_seed_002.pdb
2136,47,Chemokine,0.76849,anc2f_47_L_unrelaxed_rank_011_alphafold2_model_5_seed_004.pdb
2137,47,Chemokine,0.76963,anc2f_47_L_unrelaxed_rank_012_alphafold2_model_4_seed_002.pdb
2138,47,Chemokine,0.76193,anc2f_47_L_unrelaxed_rank_013_alphafold2_model_1_seed_002.pdb
2139,47,Chemokine,0.76903,anc2f_47_L_unrelaxed_rank_014_alphafold2_model_5_seed_000.pdb
2140,47,Chemokine,0.76434,anc2f_47_L_unrelaxed_rank_015_alphafold2_model_5_seed_001.pdb
2141,47,Chemokine,0.77215,anc2f_47_L_unrelaxed_rank_016_alphafold2_model_4_seed_000.pdb
2142,47,Chemokine,0.76484,anc2f_47_L_unrelaxed_rank_017_alphafold2_model_5_seed_003.pdb
2143,47,Chemokine,0.7552,anc2f_47_L_unrelaxed_rank_018_alphafold2_model_4_seed_001.pdb
2144,47,Chemokine,0.77387,anc2f_47_L_unrelaxed_rank_019_alphafold2_model_4_seed_004.pdb
2145,47,Chemokine,0.7639,anc2f_47_L_unrelaxed_rank_020_alphafold2_model_4_seed_003.pdb
2146,47,Chemokine,0.73333,anc2f_47_L_unrelaxed_rank_021_alphafold2_model_1_seed_003.pdb
2147,47,Chemokine,0.74278,anc2f_47_L_unrelaxed_rank_022_alphafold2_model_2_seed_004.pdb
2148,47,Chemokine,0.76693,anc2f_47_M_unrelaxed_rank_001_alphafold2_model_3_seed_002.pdb
2149,47,Chemokine,0.77117,anc2f_47_M_unrelaxed_rank_002_alphafold2_model_3_seed_004.pdb
2150,47,Chemokine,0.77003,anc2f_47_M_unrelaxed_rank_003_alphafold2_model_3_seed_001.pdb
2151,47,Chemokine,0.77198,anc2f_47_M_unrelaxed_rank_004_alphafold2_model_3_seed_003.pdb
2152,47,Chemokine,0.77027,anc2f_47_M_unrelaxed_rank_005_alphafold2_model_3_seed_000.pdb
2153,47,Chemokine,0.80276,anc2f_47_M_unrelaxed_rank_006_alphafold2_model_2_seed_001.pdb
2154,47,Chemokine,0.80085,anc2f_47_M_unrelaxed_rank_007_alphafold2_model_2_seed_000.pdb
2155,47,Chemokine,0.79636,anc2f_47_M_unrelaxed_rank_008_alphafold2_model_2_seed_002.pdb
2156,47,Chemokine,0.78499,anc2f_47_M_unrelaxed_rank_009_alphafold2_model_2_seed_003.pdb
2157,47,Chemokine,0.77364,anc2f_47_M_unrelaxed_rank_010_alphafold2_model_1_seed_004.pdb
2158,47,Chemokine,0.7763,anc2f_47_M_unrelaxed_rank_011_alphafold2_model_1_seed_003.pdb
2159,47,Chemokine,0.77584,anc2f_47_M_unrelaxed_rank_012_alphafold2_model_1_seed_001.pdb
2160,47,Chemokine,0.77441,anc2f_47_M_unrelaxed_rank_013_alphafold2_model_5_seed_001.pdb
2161,47,Chemokine,0.76887,anc2f_47_M_unrelaxed_rank_014_alphafold2_model_5_seed_003.pdb
2162,47,Chemokine,0.77237,anc2f_47_M_unrelaxed_rank_015_alphafold2_model_1_seed_000.pdb
2163,47,Chemokine,0.77041,anc2f_47_M_unrelaxed_rank_016_alphafold2_model_1_seed_002.pdb
2164,47,Chemokine,0.76938,anc2f_47_M_unrelaxed_rank_017_alphafold2_model_5_seed_004.pdb
2165,47,Chemokine,0.77126,anc2f_47_M_unrelaxed_rank_018_alphafold2_model_5_seed_002.pdb
2166,47,Chemokine,0.75183,anc2f_47_M_unrelaxed_rank_019_alphafold2_model_5_seed_000.pdb
2167,47,Chemokine,0.76789,anc2f_47_M_unrelaxed_rank_020_alphafold2_model_4_seed_003.pdb
2168,47,Chemokine,0.75916,anc2f_47_M_unrelaxed_rank_021_alphafold2_model_2_seed_004.pdb
2169,47,Chemokine,0.75877,anc2f_47_M_unrelaxed_rank_022_alphafold2_model_4_seed_004.pdb
2170,47,Chemokine,0.75535,anc2f_47_M_unrelaxed_rank_023_alphafold2_model_4_seed_002.pdb
2171,47,Chemokine,0.75498,anc2f_47_M_unrelaxed_rank_024_alphafold2_model_4_seed_000.pdb
2172,47,Chemokine,0.76016,anc2f_47_M_unrelaxed_rank_025_alphafold2_model_4_seed_001.pdb
2173,A,Chemokine,0.78702,anc2f_A_unrelaxed_rank_001_alphafold2_model_3_seed_003.pdb
2174,A,Chemokine,0.78426,anc2f_A_unrelaxed_rank_002_alphafold2_model_3_seed_002.pdb
2175,A,Chemokine,0.78611,anc2f_A_unrelaxed_rank_003_alphafold2_model_3_seed_000.pdb
2176,A,Chemokine,0.78675,anc2f_A_unrelaxed_rank_004_alphafold2_model_3_seed_004.pdb
2177,A,Chemokine,0.78565,anc2f_A_unrelaxed_rank_005_alphafold2_model_3_seed_001.pdb
2178,A,Chemokine,0.789,anc2f_A_unrelaxed_rank_006_alphafold2_model_1_seed_004.pdb
2179,A,Chemokine,0.78764,anc2f_A_unrelaxed_rank_007_alphafold2_model_1_seed_003.pdb
2180,A,Chemokine,0.78814,anc2f_A_unrelaxed_rank_008_alphafold2_model_1_seed_001.pdb
2181,A,Chemokine,0.78927,anc2f_A_unrelaxed_rank_009_alphafold2_model_1_seed_000.pdb
2182,A,Chemokine,0.79121,anc2f_A_unrelaxed_rank_010_alphafold2_model_1_seed_002.pdb
2183,A,Chemokine,0.79286,anc2f_A_unrelaxed_rank_011_alphafold2_model_2_seed_002.pdb
2184,A,Chemokine,0.79043,anc2f_A_unrelaxed_rank_012_alphafold2_model_2_seed_003.pdb
2185,A,Chemokine,0.78983,anc2f_A_unrelaxed_rank_013_alphafold2_model_2_seed_000.pdb
2186,A,Chemokine,0.79026,anc2f_A_unrelaxed_rank_014_alphafold2_model_2_seed_001.pdb
2187,A,Chemokine,0.78574,anc2f_A_unrelaxed_rank_015_alphafold2_model_2_seed_004.pdb
2188,A,Chemokine,0.79685,anc2f_A_unrelaxed_rank_016_alphafold2_model_4_seed_002.pdb
2189,A,Chemokine,0.7928,anc2f_A_unrelaxed_rank_017_alphafold2_model_4_seed_004.pdb
2190,A,Chemokine,0.79819,anc2f_A_unrelaxed_rank_018_alphafold2_model_4_seed_003.pdb
2191,A,Chemokine,0.79458,anc2f_A_unrelaxed_rank_019_alphafold2_model_4_seed_001.pdb
2192,A,Chemokine,0.79517,anc2f_A_unrelaxed_rank_020_alphafold2_model_4_seed_000.pdb
2193,A,Chemokine,0.77852,anc2f_A_unrelaxed_rank_021_alphafold2_model_5_seed_002.pdb
2194,A,Chemokine,0.77886,anc2f_A_unrelaxed_rank_022_alphafold2_model_5_seed_001.pdb
2195,A,Chemokine,0.77878,anc2f_A_unrelaxed_rank_023_alphafold2_model_5_seed_003.pdb
2196,A,Chemokine,0.7807,anc2f_A_unrelaxed_rank_024_alphafold2_model_5_seed_000.pdb
2197,A,Chemokine,0.77697,anc2f_A_unrelaxed_rank_025_alphafold2_model_5_seed_004.pdb
2198,G,Chemokine,0.82372,anc2f_G_unrelaxed_rank_001_alphafold2_model_3_seed_002.pdb
2199,G,Chemokine,0.81974,anc2f_G_unrelaxed_rank_002_alphafold2_model_3_seed_004.pdb
2200,G,Chemokine,0.82152,anc2f_G_unrelaxed_rank_003_alphafold2_model_3_seed_003.pdb
2201,G,Chemokine,0.82092,anc2f_G_unrelaxed_rank_004_alphafold2_model_3_seed_000.pdb
2202,G,Chemokine,0.83974,anc2f_G_unrelaxed_rank_005_alphafold2_model_2_seed_003.pdb
2203,G,Chemokine,0.8386,anc2f_G_unrelaxed_rank_006_alphafold2_model_2_seed_000.pdb
2204,G,Chemokine,0.83691,anc2f_G_unrelaxed_rank_007_alphafold2_model_2_seed_001.pdb
2205,G,Chemokine,0.8396,anc2f_G_unrelaxed_rank_008_alphafold2_model_2_seed_002.pdb
2206,G,Chemokine,0.81363,anc2f_G_unrelaxed_rank_009_alphafold2_model_3_seed_001.pdb
2207,G,Chemokine,0.81098,anc2f_G_unrelaxed_rank_010_alphafold2_model_1_seed_004.pdb
2208,G,Chemokine,0.81001,anc2f_G_unrelaxed_rank_011_alphafold2_model_1_seed_003.pdb
2209,G,Chemokine,0.81049,anc2f_G_unrelaxed_rank_012_alphafold2_model_1_seed_002.pdb
2210,G,Chemokine,0.80899,anc2f_G_unrelaxed_rank_013_alphafold2_model_1_seed_001.pdb
2211,G,Chemokine,0.80925,anc2f_G_unrelaxed_rank_014_alphafold2_model_1_seed_000.pdb
2212,G,Chemokine,0.80089,anc2f_G_unrelaxed_rank_015_alphafold2_model_5_seed_002.pdb
2213,G,Chemokine,0.81459,anc2f_G_unrelaxed_rank_016_alphafold2_model_2_seed_004.pdb
2214,G,Chemokine,0.81528,anc2f_G_unrelaxed_rank_017_alphafold2_model_4_seed_002.pdb
2215,G,Chemokine,0.79932,anc2f_G_unrelaxed_rank_018_alphafold2_model_5_seed_003.pdb
2216,G,Chemokine,0.81562,anc2f_G_unrelaxed_rank_019_alphafold2_model_4_seed_004.pdb
2217,G,Chemokine,0.8158,anc2f_G_unrelaxed_rank_020_alphafold2_model_4_seed_003.pdb
2218,G,Chemokine,0.81254,anc2f_G_unrelaxed_rank_021_alphafold2_model_4_seed_001.pdb
2219,G,Chemokine,0.81509,anc2f_G_unrelaxed_rank_022_alphafold2_model_4_seed_000.pdb
2220,G,Chemokine,0.79545,anc2f_G_unrelaxed_rank_023_alphafold2_model_5_seed_004.pdb
2221,G,Chemokine,0.79603,anc2f_G_unrelaxed_rank_024_alphafold2_model_5_seed_001.pdb
2222,G,Chemokine,0.7967,anc2f_G_unrelaxed_rank_025_alphafold2_model_5_seed_000.pdb
2223,I,Chemokine,0.76072,anc2f_I_unrelaxed_rank_001_alphafold2_model_3_seed_003.pdb
2224,I,Chemokine,0.75948,anc2f_I_unrelaxed_rank_002_alphafold2_model_3_seed_004.pdb
2225,I,Chemokine,0.77255,anc2f_I_unrelaxed_rank_003_alphafold2_model_3_seed_000.pdb
2226,I,Chemokine,0.76169,anc2f_I_unrelaxed_rank_004_alphafold2_model_3_seed_001.pdb
2227,I,Chemokine,0.75863,anc2f_I_unrelaxed_rank_005_alphafold2_model_3_seed_002.pdb
2228,I,Chemokine,0.79835,anc2f_I_unrelaxed_rank_006_alphafold2_model_2_seed_002.pdb
2229,I,Chemokine,0.77291,anc2f_I_unrelaxed_rank_007_alphafold2_model_1_seed_003.pdb
2230,I,Chemokine,0.782,anc2f_I_unrelaxed_rank_008_alphafold2_model_2_seed_003.pdb
2231,I,Chemokine,0.77354,anc2f_I_unrelaxed_rank_009_alphafold2_model_1_seed_002.pdb
2232,I,Chemokine,0.79458,anc2f_I_unrelaxed_rank_010_alphafold2_model_2_seed_004.pdb
2233,I,Chemokine,0.76927,anc2f_I_unrelaxed_rank_011_alphafold2_model_5_seed_001.pdb
2234,I,Chemokine,0.77086,anc2f_I_unrelaxed_rank_012_alphafold2_model_5_seed_004.pdb
2235,I,Chemokine,0.76865,anc2f_I_unrelaxed_rank_013_alphafold2_model_5_seed_003.pdb
2236,I,Chemokine,0.77154,anc2f_I_unrelaxed_rank_014_alphafold2_model_5_seed_002.pdb
2237,I,Chemokine,0.77031,anc2f_I_unrelaxed_rank_015_alphafold2_model_5_seed_000.pdb
2238,I,Chemokine,0.77208,anc2f_I_unrelaxed_rank_016_alphafold2_model_4_seed_000.pdb
2239,I,Chemokine,0.76287,anc2f_I_unrelaxed_rank_017_alphafold2_model_4_seed_002.pdb
2240,I,Chemokine,0.76409,anc2f_I_unrelaxed_rank_018_alphafold2_model_4_seed_003.pdb
2241,G,Chemokine,0.82384,anc2_G_unrelaxed_rank_001_alphafold2_model_2_seed_001.pdb
2242,G,Chemokine,0.82479,anc2_G_unrelaxed_rank_002_alphafold2_model_2_seed_000.pdb
2243,G,Chemokine,0.8246,anc2_G_unrelaxed_rank_003_alphafold2_model_2_seed_003.pdb
2244,G,Chemokine,0.82559,anc2_G_unrelaxed_rank_004_alphafold2_model_2_seed_002.pdb
2245,G,Chemokine,0.8015,anc2_G_unrelaxed_rank_005_alphafold2_model_3_seed_000.pdb
2246,G,Chemokine,0.79834,anc2_G_unrelaxed_rank_006_alphafold2_model_3_seed_001.pdb
2247,G,Chemokine,0.79903,anc2_G_unrelaxed_rank_007_alphafold2_model_3_seed_002.pdb
2248,G,Chemokine,0.79924,anc2_G_unrelaxed_rank_008_alphafold2_model_2_seed_004.pdb
2249,G,Chemokine,0.79383,anc2_G_unrelaxed_rank_009_alphafold2_model_1_seed_004.pdb
2250,G,Chemokine,0.79253,anc2_G_unrelaxed_rank_010_alphafold2_model_1_seed_003.pdb
2251,G,Chemokine,0.79287,anc2_G_unrelaxed_rank_011_alphafold2_model_1_seed_002.pdb
2252,G,Chemokine,0.78781,anc2_G_unrelaxed_rank_012_alphafold2_model_3_seed_004.pdb
2253,G,Chemokine,0.79175,anc2_G_unrelaxed_rank_013_alphafold2_model_3_seed_003.pdb
2254,G,Chemokine,0.79135,anc2_G_unrelaxed_rank_014_alphafold2_model_1_seed_001.pdb
2255,G,Chemokine,0.79111,anc2_G_unrelaxed_rank_015_alphafold2_model_1_seed_000.pdb
2256,G,Chemokine,0.8081,anc2_G_unrelaxed_rank_016_alphafold2_model_4_seed_002.pdb
2257,G,Chemokine,0.80776,anc2_G_unrelaxed_rank_017_alphafold2_model_4_seed_004.pdb
2258,G,Chemokine,0.80598,anc2_G_unrelaxed_rank_018_alphafold2_model_4_seed_003.pdb
2259,G,Chemokine,0.80523,anc2_G_unrelaxed_rank_019_alphafold2_model_4_seed_000.pdb
2260,G,Chemokine,0.80511,anc2_G_unrelaxed_rank_020_alphafold2_model_4_seed_001.pdb
2261,G,Chemokine,0.78329,anc2_G_unrelaxed_rank_021_alphafold2_model_5_seed_002.pdb
2262,G,Chemokine,0.78255,anc2_G_unrelaxed_rank_022_alphafold2_model_5_seed_004.pdb
2263,G,Chemokine,0.78159,anc2_G_unrelaxed_rank_023_alphafold2_model_5_seed_003.pdb
2264,G,Chemokine,0.78149,anc2_G_unrelaxed_rank_024_alphafold2_model_5_seed_001.pdb
2265,G,Chemokine,0.78112,anc2_G_unrelaxed_rank_025_alphafold2_model_5_seed_000.pdb
2266,14,Chemokine,0.70399,anc2i_14_I_unrelaxed_rank_001_alphafold2_model_2_seed_004.pdb
2267,14,Chemokine,0.6889,anc2i_14_I_unrelaxed_rank_002_alphafold2_model_2_seed_000.pdb
2268,14,Chemokine,0.68302,anc2i_14_I_unrelaxed_rank_003_alphafold2_model_2_seed_003.pdb
2269,14,Chemokine,0.68209,anc2i_14_I_unrelaxed_rank_004_alphafold2_model_2_seed_001.pdb
2270,14,Chemokine,0.66761,anc2i_14_I_unrelaxed_rank_005_alphafold2_model_1_seed_003.pdb
2271,14,Chemokine,0.52124,anc2i_14_L_unrelaxed_rank_001_alphafold2_model_2_seed_004.pdb
2272,14,Chemokine,0.65859,anc2i_14_L_unrelaxed_rank_004_alphafold2_model_5_seed_003.pdb
2273,14,Chemokine,0.65933,anc2i_14_L_unrelaxed_rank_006_alphafold2_model_5_seed_001.pdb
2274,14,Chemokine,0.65933,anc2i_14_L_unrelaxed_rank_007_alphafold2_model_5_seed_004.pdb
2275,14,Chemokine,0.65989,anc2i_14_L_unrelaxed_rank_008_alphafold2_model_5_seed_000.pdb
2276,14,Chemokine,0.70606,anc2i_14_V_unrelaxed_rank_001_alphafold2_model_2_seed_001.pdb
2277,14,Chemokine,0.69469,anc2i_14_V_unrelaxed_rank_002_alphafold2_model_2_seed_003.pdb
2278,14,Chemokine,0.67877,anc2i_14_V_unrelaxed_rank_003_alphafold2_model_2_seed_004.pdb
2279,14,Chemokine,0.6707,anc2i_14_V_unrelaxed_rank_004_alphafold2_model_2_seed_000.pdb
2280,38,Dimer,0.58114,anc2i_38_L_unrelaxed_rank_001_alphafold2_model_2_seed_000.pdb
2281,40,Dimer,0.51482,anc2i_40_G_unrelaxed_rank_001_alphafold2_model_2_seed_000.pdb
2282,40,Dimer,0.58666,anc2i_40_G_unrelaxed_rank_002_alphafold2_model_2_seed_002.pdb
2283,40,Dimer,0.52705,anc2i_40_G_unrelaxed_rank_003_alphafold2_model_2_seed_001.pdb
2284,40,Dimer,0.52325,anc2i_40_G_unrelaxed_rank_004_alphafold2_model_2_seed_004.pdb
2285,40,Dimer,0.56873,anc2i_40_G_unrelaxed_rank_005_alphafold2_model_1_seed_000.pdb
2286,40,Dimer,0.56847,anc2i_40_G_unrelaxed_rank_006_alphafold2_model_1_seed_001.pdb
2287,40,Dimer,0.57801,anc2i_40_G_unrelaxed_rank_007_alphafold2_model_3_seed_000.pdb
2288,40,Dimer,0.57554,anc2i_40_G_unrelaxed_rank_008_alphafold2_model_1_seed_002.pdb
2289,40,Dimer,0.57226,anc2i_40_G_unrelaxed_rank_009_alphafold2_model_1_seed_004.pdb
2290,40,Dimer,0.57619,anc2i_40_G_unrelaxed_rank_010_alphafold2_model_1_seed_003.pdb
2291,40,Chemokine,0.73457,anc2i_40_I_unrelaxed_rank_001_alphafold2_model_1_seed_003.pdb
2292,40,Dimer,0.58916,anc2i_40_I_unrelaxed_rank_002_alphafold2_model_2_seed_003.pdb
2293,40,Dimer,0.62924,anc2i_40_I_unrelaxed_rank_003_alphafold2_model_3_seed_004.pdb
2294,40,Dimer,0.58854,anc2i_40_V_unrelaxed_rank_001_alphafold2_model_2_seed_003.pdb
2295,40,Dimer,0.58304,anc2i_40_V_unrelaxed_rank_002_alphafold2_model_2_seed_001.pdb
2296,47,Chemokine,0.70591,anc2i_47_M_unrelaxed_rank_001_alphafold2_model_3_seed_004.pdb
2297,47,Chemokine,0.7106,anc2i_47_M_unrelaxed_rank_002_alphafold2_model_2_seed_000.pdb
2298,47,Chemokine,0.71059,anc2i_47_M_unrelaxed_rank_003_alphafold2_model_2_seed_003.pdb
2299,47,Chemokine,0.71045,anc2i_47_M_unrelaxed_rank_004_alphafold2_model_2_seed_002.pdb
2300,47,Chemokine,0.69059,anc2i_47_M_unrelaxed_rank_005_alphafold2_model_5_seed_003.pdb
2301,47,Chemokine,0.69369,anc2i_47_M_unrelaxed_rank_006_alphafold2_model_2_seed_004.pdb
2302,47,Chemokine,0.68826,anc2i_47_M_unrelaxed_rank_007_alphafold2_model_5_seed_004.pdb
2303,47,Chemokine,0.6652,anc2i_47_M_unrelaxed_rank_008_alphafold2_model_1_seed_003.pdb
2304,A,Dimer,0.57693,anc2i_A_unrelaxed_rank_001_alphafold2_model_3_seed_003.pdb
2305,A,Dimer,0.58625,anc2i_A_unrelaxed_rank_002_alphafold2_model_2_seed_003.pdb
2306,A,Dimer,0.58403,anc2i_A_unrelaxed_rank_003_alphafold2_model_2_seed_004.pdb
2307,A,Dimer,0.58445,anc2i_A_unrelaxed_rank_004_alphafold2_model_2_seed_001.pdb
2308,A,Dimer,0.58653,anc2i_A_unrelaxed_rank_005_alphafold2_model_1_seed_003.pdb
2309,A,Dimer,0.53878,anc2i_A_unrelaxed_rank_006_alphafold2_model_3_seed_004.pdb
2310,A,Dimer,0.58215,anc2i_A_unrelaxed_rank_007_alphafold2_model_1_seed_004.pdb
2311,A,Dimer,0.58143,anc2i_A_unrelaxed_rank_008_alphafold2_model_1_seed_002.pdb
2312,A,Dimer,0.51523,anc2i_A_unrelaxed_rank_009_alphafold2_model_3_seed_001.pdb
2313,A,Dimer,0.52374,anc2i_A_unrelaxed_rank_010_alphafold2_model_3_seed_000.pdb
2314,A,Dimer,0.56445,anc2i_A_unrelaxed_rank_011_alphafold2_model_2_seed_002.pdb
2315,A,Dimer,0.502,anc2i_A_unrelaxed_rank_012_alphafold2_model_3_seed_002.pdb
2316,A,Dimer,0.57573,anc2i_A_unrelaxed_rank_013_alphafold2_model_4_seed_001.pdb
2317,A,Dimer,0.5191,anc2i_A_unrelaxed_rank_014_alphafold2_model_2_seed_000.pdb
2318,A,Dimer,0.57184,anc2i_A_unrelaxed_rank_015_alphafold2_model_4_seed_004.pdb
2319,A,Dimer,0.55302,anc2i_A_unrelaxed_rank_016_alphafold2_model_4_seed_003.pdb
2320,A,Dimer,0.55101,anc2i_A_unrelaxed_rank_018_alphafold2_model_4_seed_000.pdb
2321,A,Dimer,0.50295,anc2i_A_unrelaxed_rank_019_alphafold2_model_5_seed_003.pdb
2322,G,Dimer,0.59076,anc2i_G_unrelaxed_rank_001_alphafold2_model_3_seed_003.pdb
2323,G,Dimer,0.5876,anc2i_G_unrelaxed_rank_002_alphafold2_model_2_seed_003.pdb
2324,G,Dimer,0.59131,anc2i_G_unrelaxed_rank_003_alphafold2_model_2_seed_002.pdb
2325,G,Dimer,0.59078,anc2i_G_unrelaxed_rank_004_alphafold2_model_2_seed_004.pdb
2326,G,Dimer,0.59086,anc2i_G_unrelaxed_rank_005_alphafold2_model_2_seed_001.pdb
2327,G,Dimer,0.56813,anc2i_G_unrelaxed_rank_006_alphafold2_model_3_seed_004.pdb
2328,G,Dimer,0.59804,anc2i_G_unrelaxed_rank_007_alphafold2_model_2_seed_000.pdb
2329,G,Dimer,0.55292,anc2i_G_unrelaxed_rank_008_alphafold2_model_3_seed_002.pdb
2330,G,Dimer,0.54893,anc2i_G_unrelaxed_rank_009_alphafold2_model_3_seed_000.pdb
2331,G,Dimer,0.55672,anc2i_G_unrelaxed_rank_010_alphafold2_model_3_seed_001.pdb
2332,G,Dimer,0.57118,anc2i_G_unrelaxed_rank_011_alphafold2_model_5_seed_002.pdb
2333,G,Dimer,0.55914,anc2i_G_unrelaxed_rank_012_alphafold2_model_5_seed_000.pdb
2334,G,Dimer,0.56386,anc2i_G_unrelaxed_rank_013_alphafold2_model_5_seed_001.pdb
2335,G,Dimer,0.56609,anc2i_G_unrelaxed_rank_014_alphafold2_model_4_seed_004.pdb
2336,G,Dimer,0.5667,anc2i_G_unrelaxed_rank_015_alphafold2_model_4_seed_003.pdb
2337,G,Dimer,0.51448,anc2i_G_unrelaxed_rank_016_alphafold2_model_5_seed_003.pdb
2338,G,Dimer,0.56272,anc2i_G_unrelaxed_rank_017_alphafold2_model_4_seed_001.pdb
2339,G,Dimer,0.56847,anc2i_G_unrelaxed_rank_018_alphafold2_model_4_seed_000.pdb
2340,G,Dimer,0.51708,anc2i_G_unrelaxed_rank_019_alphafold2_model_5_seed_004.pdb
2341,G,Dimer,0.54882,anc2i_G_unrelaxed_rank_020_alphafold2_model_4_seed_002.pdb
2342,I,Chemokine,0.74464,anc2_I_unrelaxed_rank_001_alphafold2_model_3_seed_002.pdb
2343,I,Chemokine,0.74325,anc2_I_unrelaxed_rank_002_alphafold2_model_3_seed_004.pdb
2344,I,Chemokine,0.74957,anc2_I_unrelaxed_rank_003_alphafold2_model_3_seed_001.pdb
2345,I,Chemokine,0.74581,anc2_I_unrelaxed_rank_004_alphafold2_model_3_seed_003.pdb
2346,I,Chemokine,0.74953,anc2_I_unrelaxed_rank_005_alphafold2_model_3_seed_000.pdb
2347,I,Chemokine,0.74879,anc2_I_unrelaxed_rank_006_alphafold2_model_1_seed_002.pdb
2348,I,Chemokine,0.73648,anc2_I_unrelaxed_rank_007_alphafold2_model_1_seed_003.pdb
2349,I,Chemokine,0.75415,anc2_I_unrelaxed_rank_008_alphafold2_model_4_seed_001.pdb
2350,I,Chemokine,0.75814,anc2_I_unrelaxed_rank_009_alphafold2_model_5_seed_002.pdb
2351,I,Chemokine,0.75747,anc2_I_unrelaxed_rank_010_alphafold2_model_5_seed_004.pdb
2352,I,Chemokine,0.75663,anc2_I_unrelaxed_rank_011_alphafold2_model_5_seed_001.pdb
2353,I,Chemokine,0.75959,anc2_I_unrelaxed_rank_012_alphafold2_model_5_seed_003.pdb
2354,I,Chemokine,0.75495,anc2_I_unrelaxed_rank_013_alphafold2_model_4_seed_002.pdb
2355,I,Chemokine,0.75867,anc2_I_unrelaxed_rank_014_alphafold2_model_5_seed_000.pdb
2356,I,Chemokine,0.75795,anc2_I_unrelaxed_rank_015_alphafold2_model_4_seed_004.pdb
2357,I,Chemokine,0.76033,anc2_I_unrelaxed_rank_016_alphafold2_model_4_seed_003.pdb
2358,I,Chemokine,0.75998,anc2_I_unrelaxed_rank_017_alphafold2_model_4_seed_000.pdb
2359,I,Chemokine,0.74678,anc2_I_unrelaxed_rank_018_alphafold2_model_2_seed_003.pdb
2360,I,Chemokine,0.75427,anc2_I_unrelaxed_rank_019_alphafold2_model_2_seed_002.pdb
2361,14,Dimer,0.51358,anc2l_14_I_unrelaxed_rank_001_alphafold2_model_2_seed_003.pdb
2362,14,Dimer,0.51913,anc2l_14_I_unrelaxed_rank_002_alphafold2_model_2_seed_001.pdb
2363,14,Dimer,0.51628,anc2l_14_I_unrelaxed_rank_003_alphafold2_model_2_seed_002.pdb
2364,14,Dimer,0.5185,anc2l_14_I_unrelaxed_rank_004_alphafold2_model_2_seed_004.pdb
2365,14,Chemokine,0.74358,anc2l_14_I_unrelaxed_rank_005_alphafold2_model_1_seed_000.pdb
2366,14,Chemokine,0.74579,anc2l_14_I_unrelaxed_rank_006_alphafold2_model_1_seed_003.pdb
2367,14,Chemokine,0.74806,anc2l_14_I_unrelaxed_rank_007_alphafold2_model_3_seed_002.pdb
2368,14,Chemokine,0.70057,anc2l_14_I_unrelaxed_rank_008_alphafold2_model_3_seed_001.pdb
2369,14,Chemokine,0.74463,anc2l_14_I_unrelaxed_rank_009_alphafold2_model_3_seed_003.pdb
2370,14,Chemokine,0.6963,anc2l_14_I_unrelaxed_rank_010_alphafold2_model_3_seed_004.pdb
2371,14,Chemokine,0.71228,anc2l_14_I_unrelaxed_rank_011_alphafold2_model_1_seed_002.pdb
2372,14,Dimer,0.51902,anc2l_14_I_unrelaxed_rank_012_alphafold2_model_2_seed_000.pdb
2373,14,Chemokine,0.7286,anc2l_14_I_unrelaxed_rank_013_alphafold2_model_4_seed_000.pdb
2374,14,Chemokine,0.72898,anc2l_14_I_unrelaxed_rank_014_alphafold2_model_4_seed_002.pdb
2375,14,Dimer,0.52307,anc2l_14_I_unrelaxed_rank_015_alphafold2_model_1_seed_004.pdb
2376,14,Dimer,0.51885,anc2l_14_L_unrelaxed_rank_001_alphafold2_model_2_seed_001.pdb
2377,14,Chemokine,0.74374,anc2l_14_L_unrelaxed_rank_002_alphafold2_model_1_seed_003.pdb
2378,14,Chemokine,0.71674,anc2l_14_L_unrelaxed_rank_003_alphafold2_model_3_seed_001.pdb
2379,14,Chemokine,0.72571,anc2l_14_L_unrelaxed_rank_004_alphafold2_model_1_seed_004.pdb
2380,14,Chemokine,0.72352,anc2l_14_L_unrelaxed_rank_005_alphafold2_model_1_seed_000.pdb
2381,14,Chemokine,0.71895,anc2l_14_L_unrelaxed_rank_006_alphafold2_model_3_seed_002.pdb
2382,14,Chemokine,0.52786,anc2l_14_L_unrelaxed_rank_007_alphafold2_model_2_seed_002.pdb
2383,14,Chemokine,0.71243,anc2l_14_L_unrelaxed_rank_008_alphafold2_model_1_seed_002.pdb
2384,14,Chemokine,0.71594,anc2l_14_L_unrelaxed_rank_009_alphafold2_model_1_seed_001.pdb
2385,14,Chemokine,0.52554,anc2l_14_L_unrelaxed_rank_010_alphafold2_model_2_seed_004.pdb
2386,14,Dimer,0.52141,anc2l_14_L_unrelaxed_rank_011_alphafold2_model_2_seed_003.pdb
2387,14,Chemokine,0.65476,anc2l_14_L_unrelaxed_rank_012_alphafold2_model_5_seed_004.pdb
2388,14,Dimer,0.52099,anc2l_14_L_unrelaxed_rank_013_alphafold2_model_2_seed_000.pdb
2389,14,Chemokine,0.66637,anc2l_14_L_unrelaxed_rank_014_alphafold2_model_3_seed_004.pdb
2390,14,Chemokine,0.65113,anc2l_14_L_unrelaxed_rank_015_alphafold2_model_5_seed_001.pdb
2391,14,Chemokine,0.6416,anc2l_14_L_unrelaxed_rank_016_alphafold2_model_5_seed_002.pdb
2392,14,Dimer,0.51517,anc2l_14_V_unrelaxed_rank_001_alphafold2_model_2_seed_003.pdb
2393,14,Dimer,0.51819,anc2l_14_V_unrelaxed_rank_002_alphafold2_model_2_seed_002.pdb
2394,14,Dimer,0.51859,anc2l_14_V_unrelaxed_rank_003_alphafold2_model_2_seed_004.pdb
2395,14,Chemokine,0.7489,anc2l_14_V_unrelaxed_rank_004_alphafold2_model_3_seed_001.pdb
2396,14,Chemokine,0.7476,anc2l_14_V_unrelaxed_rank_005_alphafold2_model_3_seed_002.pdb
2397,14,Chemokine,0.73819,anc2l_14_V_unrelaxed_rank_006_alphafold2_model_1_seed_002.pdb
2398,14,Chemokine,0.74537,anc2l_14_V_unrelaxed_rank_007_alphafold2_model_1_seed_001.pdb
2399,14,Chemokine,0.73759,anc2l_14_V_unrelaxed_rank_008_alphafold2_model_1_seed_003.pdb
2400,14,Chemokine,0.71281,anc2l_14_V_unrelaxed_rank_009_alphafold2_model_1_seed_000.pdb
2401,14,Chemokine,0.70893,anc2l_14_V_unrelaxed_rank_010_alphafold2_model_2_seed_000.pdb
2402,14,Chemokine,0.70566,anc2l_14_V_unrelaxed_rank_011_alphafold2_model_3_seed_003.pdb
2403,14,Chemokine,0.70328,anc2l_14_V_unrelaxed_rank_012_alphafold2_model_3_seed_000.pdb
2404,14,Chemokine,0.64662,anc2l_14_V_unrelaxed_rank_013_alphafold2_model_5_seed_001.pdb
2405,14,Chemokine,0.64952,anc2l_14_V_unrelaxed_rank_014_alphafold2_model_5_seed_002.pdb
2406,14,Chemokine,0.6446,anc2l_14_V_unrelaxed_rank_015_alphafold2_model_5_seed_003.pdb
2407,14,Chemokine,0.64984,anc2l_14_V_unrelaxed_rank_016_alphafold2_model_5_seed_004.pdb
2408,14,Chemokine,0.72529,anc2l_14_V_unrelaxed_rank_017_alphafold2_model_4_seed_004.pdb
2409,14,Chemokine,0.70558,anc2l_14_V_unrelaxed_rank_018_alphafold2_model_3_seed_004.pdb
2410,38,Chemokine,0.7627,anc2l_38_I_unrelaxed_rank_001_alphafold2_model_2_seed_002.pdb
2411,38,Chemokine,0.76859,anc2l_38_I_unrelaxed_rank_002_alphafold2_model_2_seed_003.pdb
2412,38,Chemokine,0.75275,anc2l_38_I_unrelaxed_rank_003_alphafold2_model_3_seed_002.pdb
2413,38,Chemokine,0.76092,anc2l_38_I_unrelaxed_rank_004_alphafold2_model_3_seed_003.pdb
2414,38,Chemokine,0.76557,anc2l_38_I_unrelaxed_rank_005_alphafold2_model_2_seed_000.pdb
2415,38,Chemokine,0.77715,anc2l_38_I_unrelaxed_rank_006_alphafold2_model_2_seed_004.pdb
2416,38,Chemokine,0.77079,anc2l_38_I_unrelaxed_rank_007_alphafold2_model_3_seed_000.pdb
2417,38,Chemokine,0.7324,anc2l_38_I_unrelaxed_rank_008_alphafold2_model_3_seed_001.pdb
2418,38,Chemokine,0.75727,anc2l_38_I_unrelaxed_rank_009_alphafold2_model_1_seed_003.pdb
2419,38,Chemokine,0.75672,anc2l_38_I_unrelaxed_rank_010_alphafold2_model_1_seed_000.pdb
2420,38,Chemokine,0.74151,anc2l_38_I_unrelaxed_rank_011_alphafold2_model_2_seed_001.pdb
2421,38,Chemokine,0.75375,anc2l_38_I_unrelaxed_rank_012_alphafold2_model_1_seed_001.pdb
2422,38,Chemokine,0.75646,anc2l_38_I_unrelaxed_rank_013_alphafold2_model_3_seed_004.pdb
2423,38,Chemokine,0.75224,anc2l_38_I_unrelaxed_rank_014_alphafold2_model_1_seed_004.pdb
2424,38,Chemokine,0.75141,anc2l_38_I_unrelaxed_rank_015_alphafold2_model_1_seed_002.pdb
2425,38,Chemokine,0.76559,anc2l_38_L_unrelaxed_rank_001_alphafold2_model_2_seed_002.pdb
2426,38,Chemokine,0.7795,anc2l_38_L_unrelaxed_rank_002_alphafold2_model_2_seed_003.pdb
2427,38,Chemokine,0.7627,anc2l_38_L_unrelaxed_rank_003_alphafold2_model_1_seed_004.pdb
2428,38,Chemokine,0.76281,anc2l_38_L_unrelaxed_rank_004_alphafold2_model_1_seed_000.pdb
2429,38,Chemokine,0.7634,anc2l_38_L_unrelaxed_rank_005_alphafold2_model_1_seed_003.pdb
2430,38,Chemokine,0.75781,anc2l_38_L_unrelaxed_rank_006_alphafold2_model_1_seed_002.pdb
2431,38,Chemokine,0.75067,anc2l_38_L_unrelaxed_rank_007_alphafold2_model_5_seed_004.pdb
2432,38,Chemokine,0.75279,anc2l_38_L_unrelaxed_rank_008_alphafold2_model_5_seed_002.pdb
2433,38,Chemokine,0.75413,anc2l_38_L_unrelaxed_rank_009_alphafold2_model_5_seed_000.pdb
2434,38,Chemokine,0.74908,anc2l_38_L_unrelaxed_rank_010_alphafold2_model_5_seed_001.pdb
2435,38,Chemokine,0.75523,anc2l_38_L_unrelaxed_rank_011_alphafold2_model_5_seed_003.pdb
2436,38,Chemokine,0.75075,anc2l_38_L_unrelaxed_rank_012_alphafold2_model_4_seed_004.pdb
2437,38,Chemokine,0.76834,anc2l_38_V_unrelaxed_rank_001_alphafold2_model_2_seed_003.pdb
2438,38,Chemokine,0.76372,anc2l_38_V_unrelaxed_rank_002_alphafold2_model_3_seed_003.pdb
2439,38,Chemokine,0.7561,anc2l_38_V_unrelaxed_rank_003_alphafold2_model_3_seed_000.pdb
2440,38,Chemokine,0.75865,anc2l_38_V_unrelaxed_rank_004_alphafold2_model_3_seed_002.pdb
2441,38,Chemokine,0.77341,anc2l_38_V_unrelaxed_rank_005_alphafold2_model_3_seed_004.pdb
2442,38,Chemokine,0.77799,anc2l_38_V_unrelaxed_rank_006_alphafold2_model_3_seed_001.pdb
2443,38,Chemokine,0.76135,anc2l_38_V_unrelaxed_rank_007_alphafold2_model_1_seed_000.pdb
2444,38,Chemokine,0.7623,anc2l_38_V_unrelaxed_rank_008_alphafold2_model_1_seed_004.pdb
2445,38,Chemokine,0.76094,anc2l_38_V_unrelaxed_rank_009_alphafold2_model_1_seed_002.pdb
2446,38,Chemokine,0.76105,anc2l_38_V_unrelaxed_rank_010_alphafold2_model_1_seed_003.pdb
2447,38,Chemokine,0.76106,anc2l_38_V_unrelaxed_rank_011_alphafold2_model_1_seed_001.pdb
2448,38,Chemokine,0.76207,anc2l_38_V_unrelaxed_rank_012_alphafold2_model_2_seed_004.pdb
2449,38,Chemokine,0.74837,anc2l_38_V_unrelaxed_rank_013_alphafold2_model_2_seed_002.pdb
2450,38,Chemokine,0.73317,anc2l_38_V_unrelaxed_rank_014_alphafold2_model_5_seed_004.pdb
2451,38,Chemokine,0.74654,anc2l_38_V_unrelaxed_rank_015_alphafold2_model_4_seed_004.pdb
2452,38,Chemokine,0.71571,anc2l_38_V_unrelaxed_rank_016_alphafold2_model_5_seed_002.pdb
2453,40,Chemokine,0.76475,anc2l_40_I_unrelaxed_rank_001_alphafold2_model_1_seed_003.pdb
2454,40,Chemokine,0.70474,anc2l_40_I_unrelaxed_rank_002_alphafold2_model_3_seed_004.pdb
2455,40,Chemokine,0.62209,anc2l_40_V_unrelaxed_rank_001_alphafold2_model_3_seed_004.pdb
2456,40,Chemokine,0.6549,anc2l_40_V_unrelaxed_rank_002_alphafold2_model_1_seed_003.pdb
2457,45,Chemokine,0.7627,anc2l_45_I_unrelaxed_rank_001_alphafold2_model_2_seed_002.pdb
2458,45,Chemokine,0.76859,anc2l_45_I_unrelaxed_rank_002_alphafold2_model_2_seed_003.pdb
2459,45,Chemokine,0.75275,anc2l_45_I_unrelaxed_rank_003_alphafold2_model_3_seed_002.pdb
2460,45,Chemokine,0.76092,anc2l_45_I_unrelaxed_rank_004_alphafold2_model_3_seed_003.pdb
2461,45,Chemokine,0.76557,anc2l_45_I_unrelaxed_rank_005_alphafold2_model_2_seed_000.pdb
2462,45,Chemokine,0.77715,anc2l_45_I_unrelaxed_rank_006_alphafold2_model_2_seed_004.pdb
2463,45,Chemokine,0.77079,anc2l_45_I_unrelaxed_rank_007_alphafold2_model_3_seed_000.pdb
2464,45,Chemokine,0.7324,anc2l_45_I_unrelaxed_rank_008_alphafold2_model_3_seed_001.pdb
2465,45,Chemokine,0.75727,anc2l_45_I_unrelaxed_rank_009_alphafold2_model_1_seed_003.pdb
2466,45,Chemokine,0.75672,anc2l_45_I_unrelaxed_rank_010_alphafold2_model_1_seed_000.pdb
2467,45,Chemokine,0.74151,anc2l_45_I_unrelaxed_rank_011_alphafold2_model_2_seed_001.pdb
2468,45,Chemokine,0.75375,anc2l_45_I_unrelaxed_rank_012_alphafold2_model_1_seed_001.pdb
2469,45,Chemokine,0.75646,anc2l_45_I_unrelaxed_rank_013_alphafold2_model_3_seed_004.pdb
2470,45,Chemokine,0.75224,anc2l_45_I_unrelaxed_rank_014_alphafold2_model_1_seed_004.pdb
2471,45,Chemokine,0.75141,anc2l_45_I_unrelaxed_rank_015_alphafold2_model_1_seed_002.pdb
2472,45,Chemokine,0.77001,anc2l_45_L_unrelaxed_rank_001_alphafold2_model_2_seed_003.pdb
2473,45,Chemokine,0.76549,anc2l_45_L_unrelaxed_rank_002_alphafold2_model_2_seed_002.pdb
2474,45,Chemokine,0.76946,anc2l_45_L_unrelaxed_rank_003_alphafold2_model_2_seed_004.pdb
2475,45,Chemokine,0.76566,anc2l_45_L_unrelaxed_rank_004_alphafold2_model_2_seed_000.pdb
2476,45,Chemokine,0.76545,anc2l_45_L_unrelaxed_rank_005_alphafold2_model_2_seed_001.pdb
2477,45,Chemokine,0.75581,anc2l_45_L_unrelaxed_rank_006_alphafold2_model_3_seed_002.pdb
2478,45,Chemokine,0.75558,anc2l_45_L_unrelaxed_rank_007_alphafold2_model_3_seed_003.pdb
2479,45,Chemokine,0.75546,anc2l_45_L_unrelaxed_rank_008_alphafold2_model_3_seed_000.pdb
2480,45,Chemokine,0.75869,anc2l_45_L_unrelaxed_rank_009_alphafold2_model_3_seed_004.pdb
2481,45,Chemokine,0.75718,anc2l_45_L_unrelaxed_rank_010_alphafold2_model_3_seed_001.pdb
2482,45,Chemokine,0.7614,anc2l_45_L_unrelaxed_rank_011_alphafold2_model_1_seed_000.pdb
2483,45,Chemokine,0.76115,anc2l_45_L_unrelaxed_rank_012_alphafold2_model_1_seed_002.pdb
2484,45,Chemokine,0.76518,anc2l_45_L_unrelaxed_rank_013_alphafold2_model_1_seed_004.pdb
2485,45,Chemokine,0.7639,anc2l_45_L_unrelaxed_rank_014_alphafold2_model_1_seed_001.pdb
2486,45,Chemokine,0.7668,anc2l_45_L_unrelaxed_rank_015_alphafold2_model_1_seed_003.pdb
2487,45,Chemokine,0.73005,anc2l_45_L_unrelaxed_rank_016_alphafold2_model_5_seed_004.pdb
2488,45,Chemokine,0.74393,anc2l_45_L_unrelaxed_rank_017_alphafold2_model_5_seed_002.pdb
2489,45,Chemokine,0.74917,anc2l_45_L_unrelaxed_rank_018_alphafold2_model_5_seed_000.pdb
2490,45,Chemokine,0.7195,anc2l_45_L_unrelaxed_rank_019_alphafold2_model_5_seed_001.pdb
2491,45,Chemokine,0.71536,anc2l_45_L_unrelaxed_rank_020_alphafold2_model_5_seed_003.pdb
2492,45,Chemokine,0.76324,anc2l_45_V_unrelaxed_rank_001_alphafold2_model_2_seed_003.pdb
2493,45,Chemokine,0.76502,anc2l_45_V_unrelaxed_rank_002_alphafold2_model_2_seed_002.pdb
2494,45,Chemokine,0.76664,anc2l_45_V_unrelaxed_rank_003_alphafold2_model_2_seed_004.pdb
2495,45,Chemokine,0.76364,anc2l_45_V_unrelaxed_rank_004_alphafold2_model_3_seed_003.pdb
2496,45,Chemokine,0.75598,anc2l_45_V_unrelaxed_rank_005_alphafold2_model_3_seed_002.pdb
2497,45,Chemokine,0.76147,anc2l_45_V_unrelaxed_rank_006_alphafold2_model_3_seed_004.pdb
2498,45,Chemokine,0.766,anc2l_45_V_unrelaxed_rank_007_alphafold2_model_2_seed_001.pdb
2499,45,Chemokine,0.76121,anc2l_45_V_unrelaxed_rank_008_alphafold2_model_2_seed_000.pdb
2500,45,Chemokine,0.76148,anc2l_45_V_unrelaxed_rank_009_alphafold2_model_3_seed_000.pdb
2501,45,Chemokine,0.75676,anc2l_45_V_unrelaxed_rank_010_alphafold2_model_1_seed_000.pdb
2502,45,Chemokine,0.75499,anc2l_45_V_unrelaxed_rank_011_alphafold2_model_1_seed_003.pdb
2503,45,Chemokine,0.74981,anc2l_45_V_unrelaxed_rank_012_alphafold2_model_5_seed_004.pdb
2504,45,Chemokine,0.75429,anc2l_45_V_unrelaxed_rank_013_alphafold2_model_1_seed_002.pdb
2505,45,Chemokine,0.7545,anc2l_45_V_unrelaxed_rank_014_alphafold2_model_1_seed_004.pdb
2506,45,Chemokine,0.75588,anc2l_45_V_unrelaxed_rank_015_alphafold2_model_1_seed_001.pdb
2507,45,Chemokine,0.72437,anc2l_45_V_unrelaxed_rank_016_alphafold2_model_3_seed_001.pdb
2508,45,Chemokine,0.72163,anc2l_45_V_unrelaxed_rank_017_alphafold2_model_5_seed_000.pdb
2509,47,Chemokine,0.7627,anc2l_47_I_unrelaxed_rank_001_alphafold2_model_2_seed_002.pdb
2510,47,Chemokine,0.76859,anc2l_47_I_unrelaxed_rank_002_alphafold2_model_2_seed_003.pdb
2511,47,Chemokine,0.75275,anc2l_47_I_unrelaxed_rank_003_alphafold2_model_3_seed_002.pdb
2512,47,Chemokine,0.76092,anc2l_47_I_unrelaxed_rank_004_alphafold2_model_3_seed_003.pdb
2513,47,Chemokine,0.76557,anc2l_47_I_unrelaxed_rank_005_alphafold2_model_2_seed_000.pdb
2514,47,Chemokine,0.77715,anc2l_47_I_unrelaxed_rank_006_alphafold2_model_2_seed_004.pdb
2515,47,Chemokine,0.77079,anc2l_47_I_unrelaxed_rank_007_alphafold2_model_3_seed_000.pdb
2516,47,Chemokine,0.7324,anc2l_47_I_unrelaxed_rank_008_alphafold2_model_3_seed_001.pdb
2517,47,Chemokine,0.75727,anc2l_47_I_unrelaxed_rank_009_alphafold2_model_1_seed_003.pdb
2518,47,Chemokine,0.75672,anc2l_47_I_unrelaxed_rank_010_alphafold2_model_1_seed_000.pdb
2519,47,Chemokine,0.74151,anc2l_47_I_unrelaxed_rank_011_alphafold2_model_2_seed_001.pdb
2520,47,Chemokine,0.75375,anc2l_47_I_unrelaxed_rank_012_alphafold2_model_1_seed_001.pdb
2521,47,Chemokine,0.75646,anc2l_47_I_unrelaxed_rank_013_alphafold2_model_3_seed_004.pdb
2522,47,Chemokine,0.75224,anc2l_47_I_unrelaxed_rank_014_alphafold2_model_1_seed_004.pdb
2523,47,Chemokine,0.75141,anc2l_47_I_unrelaxed_rank_015_alphafold2_model_1_seed_002.pdb
2524,47,Chemokine,0.76212,anc2l_47_L_unrelaxed_rank_001_alphafold2_model_2_seed_003.pdb
2525,47,Chemokine,0.76045,anc2l_47_L_unrelaxed_rank_002_alphafold2_model_2_seed_001.pdb
2526,47,Chemokine,0.7585,anc2l_47_L_unrelaxed_rank_003_alphafold2_model_3_seed_002.pdb
2527,47,Chemokine,0.75581,anc2l_47_L_unrelaxed_rank_004_alphafold2_model_3_seed_000.pdb
2528,47,Chemokine,0.75237,anc2l_47_L_unrelaxed_rank_005_alphafold2_model_3_seed_001.pdb
2529,47,Chemokine,0.76481,anc2l_47_L_unrelaxed_rank_006_alphafold2_model_3_seed_003.pdb
2530,47,Chemokine,0.7513,anc2l_47_L_unrelaxed_rank_007_alphafold2_model_1_seed_004.pdb
2531,47,Chemokine,0.74613,anc2l_47_L_unrelaxed_rank_008_alphafold2_model_1_seed_003.pdb
2532,47,Chemokine,0.73201,anc2l_47_L_unrelaxed_rank_009_alphafold2_model_5_seed_004.pdb
2533,47,Chemokine,0.74051,anc2l_47_L_unrelaxed_rank_010_alphafold2_model_5_seed_003.pdb
2534,47,Chemokine,0.73326,anc2l_47_L_unrelaxed_rank_011_alphafold2_model_5_seed_002.pdb
2535,47,Chemokine,0.72911,anc2l_47_L_unrelaxed_rank_012_alphafold2_model_5_seed_001.pdb
2536,47,Chemokine,0.73342,anc2l_47_L_unrelaxed_rank_013_alphafold2_model_5_seed_000.pdb
2537,47,Chemokine,0.73168,anc2l_47_L_unrelaxed_rank_014_alphafold2_model_2_seed_002.pdb
2538,47,Chemokine,0.74556,anc2l_47_L_unrelaxed_rank_015_alphafold2_model_4_seed_003.pdb
2539,47,Chemokine,0.72674,anc2l_47_L_unrelaxed_rank_016_alphafold2_model_2_seed_000.pdb
2540,47,Chemokine,0.72294,anc2l_47_L_unrelaxed_rank_017_alphafold2_model_2_seed_004.pdb
2541,47,Chemokine,0.74406,anc2l_47_L_unrelaxed_rank_018_alphafold2_model_4_seed_004.pdb
2542,47,Chemokine,0.71437,anc2l_47_L_unrelaxed_rank_019_alphafold2_model_1_seed_001.pdb
2543,47,Chemokine,0.71177,anc2l_47_L_unrelaxed_rank_020_alphafold2_model_1_seed_002.pdb
2544,47,Chemokine,0.71547,anc2l_47_L_unrelaxed_rank_021_alphafold2_model_1_seed_000.pdb
2545,47,Chemokine,0.71967,anc2l_47_L_unrelaxed_rank_022_alphafold2_model_3_seed_004.pdb
2546,47,Chemokine,0.71196,anc2l_47_L_unrelaxed_rank_023_alphafold2_model_4_seed_002.pdb
2547,47,Chemokine,0.70858,anc2l_47_L_unrelaxed_rank_024_alphafold2_model_4_seed_001.pdb
2548,47,Chemokine,0.73766,anc2l_47_M_unrelaxed_rank_001_alphafold2_model_3_seed_002.pdb
2549,47,Chemokine,0.74679,anc2l_47_M_unrelaxed_rank_002_alphafold2_model_2_seed_004.pdb
2550,47,Chemokine,0.74489,anc2l_47_M_unrelaxed_rank_003_alphafold2_model_3_seed_001.pdb
2551,47,Chemokine,0.71329,anc2l_47_M_unrelaxed_rank_004_alphafold2_model_3_seed_004.pdb
2552,47,Chemokine,0.71312,anc2l_47_M_unrelaxed_rank_005_alphafold2_model_3_seed_003.pdb
2553,47,Chemokine,0.76372,anc2l_47_M_unrelaxed_rank_006_alphafold2_model_2_seed_002.pdb
2554,47,Chemokine,0.71342,anc2l_47_M_unrelaxed_rank_007_alphafold2_model_3_seed_000.pdb
2555,47,Chemokine,0.7325,anc2l_47_M_unrelaxed_rank_008_alphafold2_model_1_seed_000.pdb
2556,47,Chemokine,0.71936,anc2l_47_M_unrelaxed_rank_009_alphafold2_model_1_seed_004.pdb
2557,47,Chemokine,0.5816,anc2l_47_M_unrelaxed_rank_010_alphafold2_model_2_seed_003.pdb
2558,47,Chemokine,0.68352,anc2l_47_M_unrelaxed_rank_011_alphafold2_model_4_seed_004.pdb
2559,47,Chemokine,0.67866,anc2l_47_M_unrelaxed_rank_012_alphafold2_model_4_seed_003.pdb
2560,47,Chemokine,0.65782,anc2l_47_M_unrelaxed_rank_013_alphafold2_model_1_seed_002.pdb
2561,47,Chemokine,0.66094,anc2l_47_M_unrelaxed_rank_014_alphafold2_model_1_seed_003.pdb
2562,47,Chemokine,0.65765,anc2l_47_M_unrelaxed_rank_015_alphafold2_model_5_seed_003.pdb
2563,47,Chemokine,0.65571,anc2l_47_M_unrelaxed_rank_016_alphafold2_model_5_seed_000.pdb
2564,47,Chemokine,0.67971,anc2l_47_M_unrelaxed_rank_017_alphafold2_model_4_seed_002.pdb
2565,47,Chemokine,0.65829,anc2l_47_M_unrelaxed_rank_018_alphafold2_model_5_seed_001.pdb
2566,47,Chemokine,0.67238,anc2l_47_M_unrelaxed_rank_019_alphafold2_model_1_seed_001.pdb
2567,47,Chemokine,0.6692,anc2l_47_M_unrelaxed_rank_020_alphafold2_model_2_seed_000.pdb
2568,47,Chemokine,0.65644,anc2l_47_M_unrelaxed_rank_021_alphafold2_model_5_seed_004.pdb
2569,47,Chemokine,0.65265,anc2l_47_M_unrelaxed_rank_022_alphafold2_model_5_seed_002.pdb
2570,A,Chemokine,0.77091,anc2l_A_unrelaxed_rank_001_alphafold2_model_1_seed_002.pdb
2571,A,Chemokine,0.76992,anc2l_A_unrelaxed_rank_002_alphafold2_model_1_seed_000.pdb
2572,A,Chemokine,0.7628,anc2l_A_unrelaxed_rank_003_alphafold2_model_1_seed_003.pdb
2573,A,Chemokine,0.76435,anc2l_A_unrelaxed_rank_004_alphafold2_model_1_seed_001.pdb
2574,A,Chemokine,0.75944,anc2l_A_unrelaxed_rank_005_alphafold2_model_3_seed_003.pdb
2575,A,Chemokine,0.75687,anc2l_A_unrelaxed_rank_006_alphafold2_model_1_seed_004.pdb
2576,A,Chemokine,0.76583,anc2l_A_unrelaxed_rank_007_alphafold2_model_2_seed_004.pdb
2577,A,Chemokine,0.73234,anc2l_A_unrelaxed_rank_008_alphafold2_model_3_seed_004.pdb
2578,A,Chemokine,0.70445,anc2l_A_unrelaxed_rank_009_alphafold2_model_3_seed_002.pdb
2579,A,Chemokine,0.67816,anc2l_A_unrelaxed_rank_010_alphafold2_model_3_seed_000.pdb
2580,G,Chemokine,0.76761,anc2l_G_unrelaxed_rank_001_alphafold2_model_3_seed_004.pdb
2581,G,Chemokine,0.76685,anc2l_G_unrelaxed_rank_002_alphafold2_model_3_seed_000.pdb
2582,G,Chemokine,0.78068,anc2l_G_unrelaxed_rank_003_alphafold2_model_1_seed_004.pdb
2583,G,Chemokine,0.78393,anc2l_G_unrelaxed_rank_004_alphafold2_model_3_seed_003.pdb
2584,G,Chemokine,0.77073,anc2l_G_unrelaxed_rank_005_alphafold2_model_1_seed_003.pdb
2585,G,Chemokine,0.75655,anc2l_G_unrelaxed_rank_006_alphafold2_model_3_seed_001.pdb
2586,G,Chemokine,0.76468,anc2l_G_unrelaxed_rank_007_alphafold2_model_1_seed_002.pdb
2587,G,Chemokine,0.75265,anc2l_G_unrelaxed_rank_008_alphafold2_model_3_seed_002.pdb
2588,G,Chemokine,0.77577,anc2l_G_unrelaxed_rank_009_alphafold2_model_1_seed_000.pdb
2589,G,Chemokine,0.76125,anc2l_G_unrelaxed_rank_010_alphafold2_model_1_seed_001.pdb
2590,G,Chemokine,0.75308,anc2l_G_unrelaxed_rank_011_alphafold2_model_4_seed_004.pdb
2591,G,Chemokine,0.74199,anc2l_G_unrelaxed_rank_012_alphafold2_model_5_seed_003.pdb
2592,G,Chemokine,0.7497,anc2l_G_unrelaxed_rank_013_alphafold2_model_4_seed_003.pdb
2593,G,Chemokine,0.75889,anc2l_G_unrelaxed_rank_014_alphafold2_model_5_seed_004.pdb
2594,G,Chemokine,0.75012,anc2l_G_unrelaxed_rank_015_alphafold2_model_5_seed_002.pdb
2595,G,Chemokine,0.74564,anc2l_G_unrelaxed_rank_016_alphafold2_model_4_seed_000.pdb
2596,G,Chemokine,0.74606,anc2l_G_unrelaxed_rank_017_alphafold2_model_5_seed_001.pdb
2597,G,Chemokine,0.69515,anc2l_G_unrelaxed_rank_018_alphafold2_model_5_seed_000.pdb
2598,I,Chemokine,0.7627,anc2l_I_unrelaxed_rank_001_alphafold2_model_2_seed_002.pdb
2599,I,Chemokine,0.76859,anc2l_I_unrelaxed_rank_002_alphafold2_model_2_seed_003.pdb
2600,I,Chemokine,0.75275,anc2l_I_unrelaxed_rank_003_alphafold2_model_3_seed_002.pdb
2601,I,Chemokine,0.76092,anc2l_I_unrelaxed_rank_004_alphafold2_model_3_seed_003.pdb
2602,I,Chemokine,0.76557,anc2l_I_unrelaxed_rank_005_alphafold2_model_2_seed_000.pdb
2603,I,Chemokine,0.77715,anc2l_I_unrelaxed_rank_006_alphafold2_model_2_seed_004.pdb
2604,I,Chemokine,0.77079,anc2l_I_unrelaxed_rank_007_alphafold2_model_3_seed_000.pdb
2605,I,Chemokine,0.7324,anc2l_I_unrelaxed_rank_008_alphafold2_model_3_seed_001.pdb
2606,I,Chemokine,0.75727,anc2l_I_unrelaxed_rank_009_alphafold2_model_1_seed_003.pdb
2607,I,Chemokine,0.75672,anc2l_I_unrelaxed_rank_010_alphafold2_model_1_seed_000.pdb
2608,I,Chemokine,0.74151,anc2l_I_unrelaxed_rank_011_alphafold2_model_2_seed_001.pdb
2609,I,Chemokine,0.75375,anc2l_I_unrelaxed_rank_012_alphafold2_model_1_seed_001.pdb
2610,I,Chemokine,0.75646,anc2l_I_unrelaxed_rank_013_alphafold2_model_3_seed_004.pdb
2611,I,Chemokine,0.75224,anc2l_I_unrelaxed_rank_014_alphafold2_model_1_seed_004.pdb
2612,I,Chemokine,0.75141,anc2l_I_unrelaxed_rank_015_alphafold2_model_1_seed_002.pdb
