,aa,fold,score,name
0,14,Chemokine,0.75579,anc0_14_I_unrelaxed_rank_001_alphafold2_model_3_seed_000.pdb
1,14,Chemokine,0.75836,anc0_14_I_unrelaxed_rank_002_alphafold2_model_3_seed_002.pdb
2,14,Chemokine,0.75547,anc0_14_I_unrelaxed_rank_003_alphafold2_model_3_seed_004.pdb
3,14,Chemokine,0.75531,anc0_14_I_unrelaxed_rank_004_alphafold2_model_3_seed_003.pdb
4,14,Chemokine,0.75456,anc0_14_I_unrelaxed_rank_005_alphafold2_model_3_seed_001.pdb
5,14,Chemokine,0.76857,anc0_14_I_unrelaxed_rank_006_alphafold2_model_2_seed_004.pdb
6,14,Chemokine,0.76869,anc0_14_I_unrelaxed_rank_007_alphafold2_model_2_seed_000.pdb
7,14,Chemokine,0.76802,anc0_14_I_unrelaxed_rank_008_alphafold2_model_2_seed_003.pdb
8,14,Chemokine,0.77615,anc0_14_I_unrelaxed_rank_009_alphafold2_model_2_seed_002.pdb
9,14,Chemokine,0.7708,anc0_14_I_unrelaxed_rank_010_alphafold2_model_2_seed_001.pdb
10,14,Chemokine,0.75832,anc0_14_I_unrelaxed_rank_011_alphafold2_model_1_seed_002.pdb
11,14,Chemokine,0.75883,anc0_14_I_unrelaxed_rank_012_alphafold2_model_1_seed_004.pdb
12,14,Chemokine,0.75819,anc0_14_I_unrelaxed_rank_013_alphafold2_model_1_seed_000.pdb
13,14,Chemokine,0.75957,anc0_14_I_unrelaxed_rank_014_alphafold2_model_1_seed_001.pdb
14,14,Chemokine,0.7465,anc0_14_I_unrelaxed_rank_015_alphafold2_model_4_seed_002.pdb
15,14,Chemokine,0.74628,anc0_14_I_unrelaxed_rank_016_alphafold2_model_4_seed_004.pdb
16,14,Chemokine,0.74562,anc0_14_I_unrelaxed_rank_017_alphafold2_model_4_seed_001.pdb
17,14,Chemokine,0.74537,anc0_14_I_unrelaxed_rank_018_alphafold2_model_4_seed_000.pdb
18,14,Chemokine,0.74514,anc0_14_I_unrelaxed_rank_019_alphafold2_model_4_seed_003.pdb
19,14,Chemokine,0.73554,anc0_14_I_unrelaxed_rank_020_alphafold2_model_5_seed_004.pdb
20,14,Chemokine,0.70792,anc0_14_I_unrelaxed_rank_021_alphafold2_model_5_seed_001.pdb
21,14,Chemokine,0.75111,anc0_14_I_unrelaxed_rank_022_alphafold2_model_5_seed_000.pdb
22,14,Chemokine,0.70933,anc0_14_I_unrelaxed_rank_023_alphafold2_model_5_seed_003.pdb
23,14,Chemokine,0.71246,anc0_14_I_unrelaxed_rank_024_alphafold2_model_5_seed_002.pdb
24,14,Chemokine,0.76476,anc0_14_L_unrelaxed_rank_001_alphafold2_model_2_seed_004.pdb
25,14,Chemokine,0.76487,anc0_14_L_unrelaxed_rank_002_alphafold2_model_2_seed_000.pdb
26,14,Chemokine,0.7639,anc0_14_L_unrelaxed_rank_003_alphafold2_model_2_seed_001.pdb
27,14,Chemokine,0.76443,anc0_14_L_unrelaxed_rank_004_alphafold2_model_2_seed_002.pdb
28,14,Chemokine,0.76432,anc0_14_L_unrelaxed_rank_005_alphafold2_model_2_seed_003.pdb
29,14,Chemokine,0.68423,anc0_14_L_unrelaxed_rank_006_alphafold2_model_3_seed_002.pdb
30,14,Chemokine,0.68279,anc0_14_L_unrelaxed_rank_007_alphafold2_model_3_seed_000.pdb
31,14,Chemokine,0.68185,anc0_14_L_unrelaxed_rank_008_alphafold2_model_3_seed_001.pdb
32,14,Chemokine,0.68299,anc0_14_L_unrelaxed_rank_009_alphafold2_model_3_seed_004.pdb
33,14,Chemokine,0.68272,anc0_14_L_unrelaxed_rank_010_alphafold2_model_3_seed_003.pdb
34,14,Chemokine,0.75388,anc0_14_L_unrelaxed_rank_011_alphafold2_model_1_seed_004.pdb
35,14,Chemokine,0.71312,anc0_14_L_unrelaxed_rank_012_alphafold2_model_5_seed_004.pdb
36,14,Chemokine,0.70925,anc0_14_L_unrelaxed_rank_013_alphafold2_model_5_seed_001.pdb
37,14,Chemokine,0.71153,anc0_14_L_unrelaxed_rank_014_alphafold2_model_5_seed_003.pdb
38,14,Chemokine,0.7262,anc0_14_L_unrelaxed_rank_015_alphafold2_model_1_seed_000.pdb
39,14,Chemokine,0.71263,anc0_14_L_unrelaxed_rank_016_alphafold2_model_5_seed_002.pdb
40,14,Chemokine,0.71063,anc0_14_L_unrelaxed_rank_017_alphafold2_model_5_seed_000.pdb
41,14,Chemokine,0.71754,anc0_14_L_unrelaxed_rank_018_alphafold2_model_1_seed_002.pdb
42,14,Chemokine,0.72307,anc0_14_L_unrelaxed_rank_019_alphafold2_model_1_seed_001.pdb
43,14,Chemokine,0.71234,anc0_14_L_unrelaxed_rank_020_alphafold2_model_4_seed_004.pdb
44,14,Chemokine,0.71522,anc0_14_L_unrelaxed_rank_021_alphafold2_model_4_seed_001.pdb
45,14,Chemokine,0.71727,anc0_14_L_unrelaxed_rank_022_alphafold2_model_4_seed_003.pdb
46,14,Chemokine,0.71658,anc0_14_L_unrelaxed_rank_023_alphafold2_model_4_seed_000.pdb
47,14,Chemokine,0.71595,anc0_14_L_unrelaxed_rank_024_alphafold2_model_4_seed_002.pdb
48,14,Chemokine,0.75183,anc0_14_V_unrelaxed_rank_001_alphafold2_model_3_seed_000.pdb
49,14,Chemokine,0.75337,anc0_14_V_unrelaxed_rank_002_alphafold2_model_3_seed_003.pdb
50,14,Chemokine,0.75391,anc0_14_V_unrelaxed_rank_003_alphafold2_model_3_seed_002.pdb
51,14,Chemokine,0.7528,anc0_14_V_unrelaxed_rank_004_alphafold2_model_3_seed_004.pdb
52,14,Chemokine,0.75213,anc0_14_V_unrelaxed_rank_005_alphafold2_model_3_seed_001.pdb
53,14,Chemokine,0.76734,anc0_14_V_unrelaxed_rank_006_alphafold2_model_2_seed_004.pdb
54,14,Chemokine,0.76745,anc0_14_V_unrelaxed_rank_007_alphafold2_model_2_seed_003.pdb
55,14,Chemokine,0.76655,anc0_14_V_unrelaxed_rank_008_alphafold2_model_2_seed_000.pdb
56,14,Chemokine,0.76729,anc0_14_V_unrelaxed_rank_009_alphafold2_model_2_seed_002.pdb
57,14,Chemokine,0.76779,anc0_14_V_unrelaxed_rank_010_alphafold2_model_2_seed_001.pdb
58,14,Chemokine,0.75523,anc0_14_V_unrelaxed_rank_011_alphafold2_model_1_seed_004.pdb
59,14,Chemokine,0.75576,anc0_14_V_unrelaxed_rank_012_alphafold2_model_1_seed_002.pdb
60,14,Chemokine,0.75551,anc0_14_V_unrelaxed_rank_013_alphafold2_model_1_seed_000.pdb
61,14,Chemokine,0.75299,anc0_14_V_unrelaxed_rank_014_alphafold2_model_1_seed_001.pdb
62,14,Chemokine,0.75589,anc0_14_V_unrelaxed_rank_015_alphafold2_model_5_seed_000.pdb
63,14,Chemokine,0.75734,anc0_14_V_unrelaxed_rank_016_alphafold2_model_5_seed_004.pdb
64,14,Chemokine,0.75572,anc0_14_V_unrelaxed_rank_017_alphafold2_model_5_seed_003.pdb
65,14,Chemokine,0.74606,anc0_14_V_unrelaxed_rank_018_alphafold2_model_4_seed_004.pdb
66,14,Chemokine,0.74513,anc0_14_V_unrelaxed_rank_019_alphafold2_model_4_seed_002.pdb
67,14,Chemokine,0.74509,anc0_14_V_unrelaxed_rank_020_alphafold2_model_4_seed_001.pdb
68,14,Chemokine,0.74571,anc0_14_V_unrelaxed_rank_021_alphafold2_model_4_seed_003.pdb
69,14,Chemokine,0.74472,anc0_14_V_unrelaxed_rank_022_alphafold2_model_4_seed_000.pdb
70,14,Chemokine,0.71554,anc0_14_V_unrelaxed_rank_023_alphafold2_model_5_seed_001.pdb
71,14,Chemokine,0.71216,anc0_14_V_unrelaxed_rank_024_alphafold2_model_5_seed_002.pdb
72,14,Chemokine,0.72227,anc0_14_V_unrelaxed_rank_025_alphafold2_model_1_seed_003.pdb
73,36,Chemokine,0.75146,anc0_36_A_unrelaxed_rank_001_alphafold2_model_3_seed_002.pdb
74,36,Chemokine,0.74963,anc0_36_A_unrelaxed_rank_002_alphafold2_model_3_seed_004.pdb
75,36,Chemokine,0.75097,anc0_36_A_unrelaxed_rank_003_alphafold2_model_3_seed_000.pdb
76,36,Chemokine,0.75066,anc0_36_A_unrelaxed_rank_004_alphafold2_model_3_seed_003.pdb
77,36,Chemokine,0.75093,anc0_36_A_unrelaxed_rank_005_alphafold2_model_3_seed_001.pdb
78,36,Chemokine,0.76248,anc0_36_A_unrelaxed_rank_006_alphafold2_model_2_seed_004.pdb
79,36,Chemokine,0.76298,anc0_36_A_unrelaxed_rank_007_alphafold2_model_2_seed_003.pdb
80,36,Chemokine,0.76239,anc0_36_A_unrelaxed_rank_008_alphafold2_model_2_seed_001.pdb
81,36,Chemokine,0.76181,anc0_36_A_unrelaxed_rank_009_alphafold2_model_2_seed_000.pdb
82,36,Chemokine,0.76582,anc0_36_A_unrelaxed_rank_010_alphafold2_model_2_seed_002.pdb
83,36,Chemokine,0.75372,anc0_36_A_unrelaxed_rank_011_alphafold2_model_1_seed_004.pdb
84,36,Chemokine,0.75232,anc0_36_A_unrelaxed_rank_012_alphafold2_model_1_seed_000.pdb
85,36,Chemokine,0.75277,anc0_36_A_unrelaxed_rank_013_alphafold2_model_1_seed_002.pdb
86,36,Chemokine,0.75603,anc0_36_A_unrelaxed_rank_014_alphafold2_model_1_seed_001.pdb
87,36,Chemokine,0.74848,anc0_36_A_unrelaxed_rank_015_alphafold2_model_4_seed_001.pdb
88,36,Chemokine,0.74874,anc0_36_A_unrelaxed_rank_016_alphafold2_model_4_seed_004.pdb
89,36,Chemokine,0.74801,anc0_36_A_unrelaxed_rank_017_alphafold2_model_4_seed_002.pdb
90,36,Chemokine,0.74842,anc0_36_A_unrelaxed_rank_018_alphafold2_model_4_seed_000.pdb
91,36,Chemokine,0.75071,anc0_36_A_unrelaxed_rank_019_alphafold2_model_4_seed_003.pdb
92,36,Chemokine,0.70498,anc0_36_A_unrelaxed_rank_020_alphafold2_model_5_seed_001.pdb
93,36,Chemokine,0.70623,anc0_36_A_unrelaxed_rank_021_alphafold2_model_5_seed_003.pdb
94,36,Chemokine,0.70788,anc0_36_A_unrelaxed_rank_022_alphafold2_model_5_seed_002.pdb
95,36,Chemokine,0.70511,anc0_36_A_unrelaxed_rank_023_alphafold2_model_5_seed_000.pdb
96,36,Chemokine,0.70672,anc0_36_A_unrelaxed_rank_024_alphafold2_model_5_seed_004.pdb
97,36,Chemokine,0.55774,anc0_36_A_unrelaxed_rank_025_alphafold2_model_1_seed_003.pdb
98,36,Chemokine,0.76071,anc0_36_G_unrelaxed_rank_001_alphafold2_model_3_seed_002.pdb
99,36,Chemokine,0.76144,anc0_36_G_unrelaxed_rank_002_alphafold2_model_3_seed_004.pdb
100,36,Chemokine,0.75945,anc0_36_G_unrelaxed_rank_003_alphafold2_model_3_seed_000.pdb
101,36,Chemokine,0.77329,anc0_36_G_unrelaxed_rank_004_alphafold2_model_2_seed_004.pdb
102,36,Chemokine,0.75478,anc0_36_G_unrelaxed_rank_005_alphafold2_model_3_seed_003.pdb
103,36,Chemokine,0.76529,anc0_36_G_unrelaxed_rank_006_alphafold2_model_2_seed_003.pdb
104,36,Chemokine,0.75565,anc0_36_G_unrelaxed_rank_007_alphafold2_model_3_seed_001.pdb
105,36,Chemokine,0.77421,anc0_36_G_unrelaxed_rank_008_alphafold2_model_2_seed_000.pdb
106,36,Chemokine,0.77814,anc0_36_G_unrelaxed_rank_009_alphafold2_model_2_seed_002.pdb
107,36,Chemokine,0.76681,anc0_36_G_unrelaxed_rank_010_alphafold2_model_2_seed_001.pdb
108,36,Chemokine,0.76539,anc0_36_G_unrelaxed_rank_011_alphafold2_model_1_seed_004.pdb
109,36,Chemokine,0.76537,anc0_36_G_unrelaxed_rank_012_alphafold2_model_1_seed_002.pdb
110,36,Chemokine,0.7607,anc0_36_G_unrelaxed_rank_013_alphafold2_model_1_seed_000.pdb
111,36,Chemokine,0.75418,anc0_36_G_unrelaxed_rank_014_alphafold2_model_1_seed_001.pdb
112,36,Chemokine,0.75739,anc0_36_G_unrelaxed_rank_015_alphafold2_model_4_seed_004.pdb
113,36,Chemokine,0.75409,anc0_36_G_unrelaxed_rank_016_alphafold2_model_4_seed_001.pdb
114,36,Chemokine,0.75629,anc0_36_G_unrelaxed_rank_017_alphafold2_model_4_seed_000.pdb
115,36,Chemokine,0.75669,anc0_36_G_unrelaxed_rank_018_alphafold2_model_4_seed_003.pdb
116,36,Chemokine,0.75712,anc0_36_G_unrelaxed_rank_019_alphafold2_model_4_seed_002.pdb
117,36,Chemokine,0.75801,anc0_36_G_unrelaxed_rank_020_alphafold2_model_5_seed_001.pdb
118,36,Chemokine,0.75739,anc0_36_G_unrelaxed_rank_021_alphafold2_model_5_seed_000.pdb
119,36,Chemokine,0.71796,anc0_36_G_unrelaxed_rank_022_alphafold2_model_1_seed_003.pdb
120,36,Chemokine,0.75825,anc0_36_G_unrelaxed_rank_023_alphafold2_model_5_seed_002.pdb
121,36,Chemokine,0.703,anc0_36_G_unrelaxed_rank_024_alphafold2_model_5_seed_003.pdb
122,36,Chemokine,0.70042,anc0_36_G_unrelaxed_rank_025_alphafold2_model_5_seed_004.pdb
123,36,Chemokine,0.75882,anc0_36_I_unrelaxed_rank_001_alphafold2_model_3_seed_003.pdb
124,36,Chemokine,0.7472,anc0_36_I_unrelaxed_rank_002_alphafold2_model_3_seed_004.pdb
125,36,Chemokine,0.75012,anc0_36_I_unrelaxed_rank_003_alphafold2_model_3_seed_001.pdb
126,36,Chemokine,0.74903,anc0_36_I_unrelaxed_rank_004_alphafold2_model_3_seed_002.pdb
127,36,Chemokine,0.74928,anc0_36_I_unrelaxed_rank_005_alphafold2_model_4_seed_003.pdb
128,36,Chemokine,0.74898,anc0_36_I_unrelaxed_rank_006_alphafold2_model_4_seed_004.pdb
129,36,Chemokine,0.74842,anc0_36_I_unrelaxed_rank_007_alphafold2_model_4_seed_001.pdb
130,36,Chemokine,0.74845,anc0_36_I_unrelaxed_rank_008_alphafold2_model_4_seed_000.pdb
131,36,Chemokine,0.74992,anc0_36_I_unrelaxed_rank_009_alphafold2_model_4_seed_002.pdb
132,36,Chemokine,0.75312,anc0_36_I_unrelaxed_rank_010_alphafold2_model_2_seed_002.pdb
133,36,Chemokine,0.74708,anc0_36_I_unrelaxed_rank_011_alphafold2_model_1_seed_002.pdb
134,36,Chemokine,0.75319,anc0_36_I_unrelaxed_rank_012_alphafold2_model_2_seed_004.pdb
135,36,Chemokine,0.75452,anc0_36_I_unrelaxed_rank_013_alphafold2_model_5_seed_001.pdb
136,36,Chemokine,0.75628,anc0_36_I_unrelaxed_rank_014_alphafold2_model_5_seed_000.pdb
137,36,Chemokine,0.74888,anc0_36_I_unrelaxed_rank_015_alphafold2_model_2_seed_001.pdb
138,36,Chemokine,0.75431,anc0_36_I_unrelaxed_rank_016_alphafold2_model_5_seed_003.pdb
139,36,Chemokine,0.75346,anc0_36_I_unrelaxed_rank_017_alphafold2_model_5_seed_002.pdb
140,36,Chemokine,0.73705,anc0_36_I_unrelaxed_rank_018_alphafold2_model_1_seed_001.pdb
141,36,Chemokine,0.72437,anc0_36_I_unrelaxed_rank_019_alphafold2_model_1_seed_004.pdb
142,36,Chemokine,0.7568,anc0_36_I_unrelaxed_rank_020_alphafold2_model_5_seed_004.pdb
143,36,Chemokine,0.56191,anc0_36_I_unrelaxed_rank_021_alphafold2_model_1_seed_003.pdb
144,36,Chemokine,0.6288,anc0_36_I_unrelaxed_rank_022_alphafold2_model_3_seed_000.pdb
145,40,Chemokine,0.75496,anc0_40_G_unrelaxed_rank_001_alphafold2_model_3_seed_002.pdb
146,40,Chemokine,0.75582,anc0_40_G_unrelaxed_rank_002_alphafold2_model_3_seed_003.pdb
147,40,Chemokine,0.77012,anc0_40_G_unrelaxed_rank_003_alphafold2_model_2_seed_002.pdb
148,40,Chemokine,0.7149,anc0_40_G_unrelaxed_rank_004_alphafold2_model_3_seed_000.pdb
149,40,Chemokine,0.75994,anc0_40_G_unrelaxed_rank_005_alphafold2_model_1_seed_004.pdb
150,40,Chemokine,0.65767,anc0_40_G_unrelaxed_rank_006_alphafold2_model_3_seed_004.pdb
151,40,Chemokine,0.75965,anc0_40_G_unrelaxed_rank_007_alphafold2_model_1_seed_001.pdb
152,40,Chemokine,0.75712,anc0_40_G_unrelaxed_rank_008_alphafold2_model_1_seed_002.pdb
153,40,Chemokine,0.7489,anc0_40_G_unrelaxed_rank_009_alphafold2_model_4_seed_002.pdb
154,40,Chemokine,0.74935,anc0_40_G_unrelaxed_rank_010_alphafold2_model_4_seed_001.pdb
155,40,Chemokine,0.75245,anc0_40_G_unrelaxed_rank_011_alphafold2_model_4_seed_004.pdb
156,40,Chemokine,0.65315,anc0_40_G_unrelaxed_rank_012_alphafold2_model_3_seed_001.pdb
157,40,Chemokine,0.75264,anc0_40_G_unrelaxed_rank_013_alphafold2_model_4_seed_000.pdb
158,40,Chemokine,0.76767,anc0_40_G_unrelaxed_rank_014_alphafold2_model_4_seed_003.pdb
159,40,Chemokine,0.64879,anc0_40_G_unrelaxed_rank_015_alphafold2_model_1_seed_003.pdb
160,40,Chemokine,0.67412,anc0_40_G_unrelaxed_rank_016_alphafold2_model_5_seed_003.pdb
161,40,Chemokine,0.66564,anc0_40_G_unrelaxed_rank_017_alphafold2_model_5_seed_004.pdb
162,40,Chemokine,0.66751,anc0_40_G_unrelaxed_rank_018_alphafold2_model_5_seed_001.pdb
163,40,Chemokine,0.66516,anc0_40_G_unrelaxed_rank_019_alphafold2_model_5_seed_002.pdb
164,40,Chemokine,0.67409,anc0_40_G_unrelaxed_rank_020_alphafold2_model_5_seed_000.pdb
165,40,Chemokine,0.74959,anc0_40_I_unrelaxed_rank_001_alphafold2_model_3_seed_004.pdb
166,40,Chemokine,0.75063,anc0_40_I_unrelaxed_rank_002_alphafold2_model_3_seed_002.pdb
167,40,Chemokine,0.74875,anc0_40_I_unrelaxed_rank_003_alphafold2_model_3_seed_003.pdb
168,40,Chemokine,0.75069,anc0_40_I_unrelaxed_rank_004_alphafold2_model_3_seed_001.pdb
169,40,Chemokine,0.76258,anc0_40_I_unrelaxed_rank_005_alphafold2_model_2_seed_004.pdb
170,40,Chemokine,0.76243,anc0_40_I_unrelaxed_rank_006_alphafold2_model_2_seed_001.pdb
171,40,Chemokine,0.76234,anc0_40_I_unrelaxed_rank_007_alphafold2_model_2_seed_003.pdb
172,40,Chemokine,0.76263,anc0_40_I_unrelaxed_rank_008_alphafold2_model_2_seed_000.pdb
173,40,Chemokine,0.76881,anc0_40_I_unrelaxed_rank_009_alphafold2_model_2_seed_002.pdb
174,40,Chemokine,0.75395,anc0_40_I_unrelaxed_rank_010_alphafold2_model_1_seed_004.pdb
175,40,Chemokine,0.75424,anc0_40_I_unrelaxed_rank_011_alphafold2_model_1_seed_001.pdb
176,40,Chemokine,0.75329,anc0_40_I_unrelaxed_rank_012_alphafold2_model_1_seed_000.pdb
177,40,Chemokine,0.7539,anc0_40_I_unrelaxed_rank_013_alphafold2_model_1_seed_003.pdb
178,40,Chemokine,0.75363,anc0_40_I_unrelaxed_rank_014_alphafold2_model_1_seed_002.pdb
179,40,Chemokine,0.749,anc0_40_I_unrelaxed_rank_015_alphafold2_model_4_seed_002.pdb
180,40,Chemokine,0.74741,anc0_40_I_unrelaxed_rank_016_alphafold2_model_4_seed_004.pdb
181,40,Chemokine,0.74874,anc0_40_I_unrelaxed_rank_017_alphafold2_model_4_seed_001.pdb
182,40,Chemokine,0.74807,anc0_40_I_unrelaxed_rank_018_alphafold2_model_4_seed_000.pdb
183,40,Chemokine,0.71375,anc0_40_I_unrelaxed_rank_019_alphafold2_model_3_seed_000.pdb
184,40,Chemokine,0.75269,anc0_40_I_unrelaxed_rank_020_alphafold2_model_4_seed_003.pdb
185,40,Chemokine,0.75378,anc0_40_I_unrelaxed_rank_021_alphafold2_model_5_seed_004.pdb
186,40,Chemokine,0.75571,anc0_40_I_unrelaxed_rank_022_alphafold2_model_5_seed_002.pdb
187,40,Chemokine,0.70843,anc0_40_I_unrelaxed_rank_023_alphafold2_model_5_seed_003.pdb
188,40,Chemokine,0.70877,anc0_40_I_unrelaxed_rank_024_alphafold2_model_5_seed_001.pdb
189,40,Chemokine,0.70691,anc0_40_I_unrelaxed_rank_025_alphafold2_model_5_seed_000.pdb
190,40,Chemokine,0.74861,anc0_40_V_unrelaxed_rank_001_alphafold2_model_3_seed_004.pdb
191,40,Chemokine,0.75021,anc0_40_V_unrelaxed_rank_002_alphafold2_model_3_seed_003.pdb
192,40,Chemokine,0.75098,anc0_40_V_unrelaxed_rank_003_alphafold2_model_3_seed_002.pdb
193,40,Chemokine,0.75123,anc0_40_V_unrelaxed_rank_004_alphafold2_model_3_seed_001.pdb
194,40,Chemokine,0.76527,anc0_40_V_unrelaxed_rank_005_alphafold2_model_2_seed_004.pdb
195,40,Chemokine,0.76528,anc0_40_V_unrelaxed_rank_006_alphafold2_model_2_seed_003.pdb
196,40,Chemokine,0.7652,anc0_40_V_unrelaxed_rank_007_alphafold2_model_2_seed_001.pdb
197,40,Chemokine,0.76514,anc0_40_V_unrelaxed_rank_008_alphafold2_model_2_seed_002.pdb
198,40,Chemokine,0.76421,anc0_40_V_unrelaxed_rank_009_alphafold2_model_2_seed_000.pdb
199,40,Chemokine,0.75195,anc0_40_V_unrelaxed_rank_010_alphafold2_model_3_seed_000.pdb
200,40,Chemokine,0.75666,anc0_40_V_unrelaxed_rank_011_alphafold2_model_1_seed_004.pdb
201,40,Chemokine,0.75681,anc0_40_V_unrelaxed_rank_012_alphafold2_model_1_seed_001.pdb
202,40,Chemokine,0.75567,anc0_40_V_unrelaxed_rank_013_alphafold2_model_1_seed_000.pdb
203,40,Chemokine,0.75656,anc0_40_V_unrelaxed_rank_014_alphafold2_model_1_seed_003.pdb
204,40,Chemokine,0.75637,anc0_40_V_unrelaxed_rank_015_alphafold2_model_1_seed_002.pdb
205,40,Chemokine,0.75032,anc0_40_V_unrelaxed_rank_016_alphafold2_model_4_seed_001.pdb
206,40,Chemokine,0.75069,anc0_40_V_unrelaxed_rank_017_alphafold2_model_4_seed_002.pdb
207,40,Chemokine,0.75045,anc0_40_V_unrelaxed_rank_018_alphafold2_model_4_seed_000.pdb
208,40,Chemokine,0.75056,anc0_40_V_unrelaxed_rank_019_alphafold2_model_4_seed_004.pdb
209,40,Chemokine,0.75313,anc0_40_V_unrelaxed_rank_020_alphafold2_model_4_seed_003.pdb
210,40,Chemokine,0.75814,anc0_40_V_unrelaxed_rank_021_alphafold2_model_5_seed_004.pdb
211,40,Chemokine,0.70989,anc0_40_V_unrelaxed_rank_022_alphafold2_model_5_seed_003.pdb
212,40,Chemokine,0.7181,anc0_40_V_unrelaxed_rank_023_alphafold2_model_5_seed_002.pdb
213,40,Chemokine,0.71058,anc0_40_V_unrelaxed_rank_024_alphafold2_model_5_seed_001.pdb
214,40,Chemokine,0.7109,anc0_40_V_unrelaxed_rank_025_alphafold2_model_5_seed_000.pdb
215,45,Chemokine,0.73291,anc0_45_I_unrelaxed_rank_001_alphafold2_model_1_seed_004.pdb
216,45,Chemokine,0.71999,anc0_45_I_unrelaxed_rank_002_alphafold2_model_1_seed_001.pdb
217,45,Chemokine,0.73035,anc0_45_I_unrelaxed_rank_003_alphafold2_model_1_seed_002.pdb
218,45,Chemokine,0.65597,anc0_45_I_unrelaxed_rank_004_alphafold2_model_4_seed_003.pdb
219,45,Chemokine,0.65647,anc0_45_I_unrelaxed_rank_005_alphafold2_model_4_seed_004.pdb
220,45,Chemokine,0.65373,anc0_45_I_unrelaxed_rank_006_alphafold2_model_4_seed_000.pdb
221,45,Chemokine,0.65131,anc0_45_I_unrelaxed_rank_007_alphafold2_model_4_seed_001.pdb
222,45,Chemokine,0.65423,anc0_45_I_unrelaxed_rank_008_alphafold2_model_4_seed_002.pdb
223,45,Chemokine,0.65591,anc0_45_I_unrelaxed_rank_009_alphafold2_model_5_seed_002.pdb
224,45,Chemokine,0.65929,anc0_45_I_unrelaxed_rank_010_alphafold2_model_5_seed_001.pdb
225,45,Chemokine,0.6611,anc0_45_I_unrelaxed_rank_011_alphafold2_model_5_seed_000.pdb
226,45,Chemokine,0.66245,anc0_45_I_unrelaxed_rank_012_alphafold2_model_5_seed_003.pdb
227,45,Chemokine,0.6662,anc0_45_I_unrelaxed_rank_013_alphafold2_model_5_seed_004.pdb
228,45,Dimer,0.56607,anc0_45_I_unrelaxed_rank_014_alphafold2_model_3_seed_004.pdb
229,45,Chemokine,0.74735,anc0_45_L_unrelaxed_rank_001_alphafold2_model_3_seed_002.pdb
230,45,Chemokine,0.70783,anc0_45_L_unrelaxed_rank_002_alphafold2_model_3_seed_004.pdb
231,45,Chemokine,0.74703,anc0_45_L_unrelaxed_rank_003_alphafold2_model_4_seed_000.pdb
232,45,Chemokine,0.74669,anc0_45_L_unrelaxed_rank_004_alphafold2_model_4_seed_004.pdb
233,45,Chemokine,0.74111,anc0_45_L_unrelaxed_rank_005_alphafold2_model_1_seed_002.pdb
234,45,Chemokine,0.74963,anc0_45_L_unrelaxed_rank_006_alphafold2_model_4_seed_002.pdb
235,45,Chemokine,0.72965,anc0_45_L_unrelaxed_rank_007_alphafold2_model_4_seed_003.pdb
236,45,Chemokine,0.72953,anc0_45_L_unrelaxed_rank_008_alphafold2_model_1_seed_001.pdb
237,45,Chemokine,0.70831,anc0_45_L_unrelaxed_rank_009_alphafold2_model_5_seed_002.pdb
238,45,Chemokine,0.70451,anc0_45_L_unrelaxed_rank_010_alphafold2_model_1_seed_004.pdb
239,45,Chemokine,0.65255,anc0_45_L_unrelaxed_rank_011_alphafold2_model_4_seed_001.pdb
240,45,Chemokine,0.65669,anc0_45_L_unrelaxed_rank_012_alphafold2_model_5_seed_000.pdb
241,45,Chemokine,0.65685,anc0_45_L_unrelaxed_rank_013_alphafold2_model_5_seed_004.pdb
242,45,Chemokine,0.6545,anc0_45_L_unrelaxed_rank_014_alphafold2_model_5_seed_001.pdb
243,45,Chemokine,0.66009,anc0_45_L_unrelaxed_rank_015_alphafold2_model_5_seed_003.pdb
244,45,Chemokine,0.57976,anc0_45_L_unrelaxed_rank_017_alphafold2_model_1_seed_000.pdb
245,45,Chemokine,0.56736,anc0_45_L_unrelaxed_rank_018_alphafold2_model_1_seed_003.pdb
246,45,Chemokine,0.73618,anc0_45_V_unrelaxed_rank_001_alphafold2_model_1_seed_002.pdb
247,45,Chemokine,0.72164,anc0_45_V_unrelaxed_rank_002_alphafold2_model_1_seed_004.pdb
248,45,Chemokine,0.65385,anc0_45_V_unrelaxed_rank_003_alphafold2_model_4_seed_003.pdb
249,45,Chemokine,0.65042,anc0_45_V_unrelaxed_rank_004_alphafold2_model_4_seed_002.pdb
250,45,Chemokine,0.65223,anc0_45_V_unrelaxed_rank_005_alphafold2_model_4_seed_004.pdb
251,45,Chemokine,0.65241,anc0_45_V_unrelaxed_rank_006_alphafold2_model_4_seed_000.pdb
252,45,Chemokine,0.64784,anc0_45_V_unrelaxed_rank_007_alphafold2_model_4_seed_001.pdb
253,45,Chemokine,0.65246,anc0_45_V_unrelaxed_rank_008_alphafold2_model_5_seed_002.pdb
254,45,Chemokine,0.65565,anc0_45_V_unrelaxed_rank_009_alphafold2_model_5_seed_004.pdb
255,45,Chemokine,0.66104,anc0_45_V_unrelaxed_rank_010_alphafold2_model_5_seed_003.pdb
256,45,Chemokine,0.65874,anc0_45_V_unrelaxed_rank_011_alphafold2_model_5_seed_000.pdb
257,45,Chemokine,0.65548,anc0_45_V_unrelaxed_rank_012_alphafold2_model_5_seed_001.pdb
258,45,Chemokine,0.67425,anc0_45_V_unrelaxed_rank_013_alphafold2_model_3_seed_001.pdb
259,45,Chemokine,0.57977,anc0_45_V_unrelaxed_rank_015_alphafold2_model_1_seed_000.pdb
260,45,Chemokine,0.55711,anc0_45_V_unrelaxed_rank_018_alphafold2_model_1_seed_003.pdb
261,47,Chemokine,0.75146,anc0_47_I_unrelaxed_rank_001_alphafold2_model_3_seed_002.pdb
262,47,Chemokine,0.74963,anc0_47_I_unrelaxed_rank_002_alphafold2_model_3_seed_004.pdb
263,47,Chemokine,0.75097,anc0_47_I_unrelaxed_rank_003_alphafold2_model_3_seed_000.pdb
264,47,Chemokine,0.75066,anc0_47_I_unrelaxed_rank_004_alphafold2_model_3_seed_003.pdb
265,47,Chemokine,0.75093,anc0_47_I_unrelaxed_rank_005_alphafold2_model_3_seed_001.pdb
266,47,Chemokine,0.76248,anc0_47_I_unrelaxed_rank_006_alphafold2_model_2_seed_004.pdb
267,47,Chemokine,0.76298,anc0_47_I_unrelaxed_rank_007_alphafold2_model_2_seed_003.pdb
268,47,Chemokine,0.76239,anc0_47_I_unrelaxed_rank_008_alphafold2_model_2_seed_001.pdb
269,47,Chemokine,0.76181,anc0_47_I_unrelaxed_rank_009_alphafold2_model_2_seed_000.pdb
270,47,Chemokine,0.76582,anc0_47_I_unrelaxed_rank_010_alphafold2_model_2_seed_002.pdb
271,47,Chemokine,0.75372,anc0_47_I_unrelaxed_rank_011_alphafold2_model_1_seed_004.pdb
272,47,Chemokine,0.75232,anc0_47_I_unrelaxed_rank_012_alphafold2_model_1_seed_000.pdb
273,47,Chemokine,0.75277,anc0_47_I_unrelaxed_rank_013_alphafold2_model_1_seed_002.pdb
274,47,Chemokine,0.75603,anc0_47_I_unrelaxed_rank_014_alphafold2_model_1_seed_001.pdb
275,47,Chemokine,0.74848,anc0_47_I_unrelaxed_rank_015_alphafold2_model_4_seed_001.pdb
276,47,Chemokine,0.74874,anc0_47_I_unrelaxed_rank_016_alphafold2_model_4_seed_004.pdb
277,47,Chemokine,0.74801,anc0_47_I_unrelaxed_rank_017_alphafold2_model_4_seed_002.pdb
278,47,Chemokine,0.74842,anc0_47_I_unrelaxed_rank_018_alphafold2_model_4_seed_000.pdb
279,47,Chemokine,0.75071,anc0_47_I_unrelaxed_rank_019_alphafold2_model_4_seed_003.pdb
280,47,Chemokine,0.70498,anc0_47_I_unrelaxed_rank_020_alphafold2_model_5_seed_001.pdb
281,47,Chemokine,0.70623,anc0_47_I_unrelaxed_rank_021_alphafold2_model_5_seed_003.pdb
282,47,Chemokine,0.70788,anc0_47_I_unrelaxed_rank_022_alphafold2_model_5_seed_002.pdb
283,47,Chemokine,0.70511,anc0_47_I_unrelaxed_rank_023_alphafold2_model_5_seed_000.pdb
284,47,Chemokine,0.70672,anc0_47_I_unrelaxed_rank_024_alphafold2_model_5_seed_004.pdb
285,47,Chemokine,0.55774,anc0_47_I_unrelaxed_rank_025_alphafold2_model_1_seed_003.pdb
286,47,Chemokine,0.75123,anc0_47_L_unrelaxed_rank_001_alphafold2_model_3_seed_004.pdb
287,47,Chemokine,0.75677,anc0_47_L_unrelaxed_rank_002_alphafold2_model_3_seed_002.pdb
288,47,Chemokine,0.76133,anc0_47_L_unrelaxed_rank_003_alphafold2_model_2_seed_002.pdb
289,47,Chemokine,0.76204,anc0_47_L_unrelaxed_rank_004_alphafold2_model_2_seed_000.pdb
290,47,Chemokine,0.76078,anc0_47_L_unrelaxed_rank_005_alphafold2_model_2_seed_004.pdb
291,47,Chemokine,0.76147,anc0_47_L_unrelaxed_rank_006_alphafold2_model_2_seed_001.pdb
292,47,Chemokine,0.71831,anc0_47_L_unrelaxed_rank_007_alphafold2_model_3_seed_001.pdb
293,47,Chemokine,0.72494,anc0_47_L_unrelaxed_rank_008_alphafold2_model_3_seed_000.pdb
294,47,Chemokine,0.76401,anc0_47_L_unrelaxed_rank_009_alphafold2_model_2_seed_003.pdb
295,47,Chemokine,0.721,anc0_47_L_unrelaxed_rank_010_alphafold2_model_3_seed_003.pdb
296,47,Chemokine,0.74667,anc0_47_L_unrelaxed_rank_011_alphafold2_model_1_seed_004.pdb
297,47,Chemokine,0.74645,anc0_47_L_unrelaxed_rank_012_alphafold2_model_4_seed_001.pdb
298,47,Chemokine,0.7472,anc0_47_L_unrelaxed_rank_013_alphafold2_model_1_seed_000.pdb
299,47,Chemokine,0.74581,anc0_47_L_unrelaxed_rank_014_alphafold2_model_4_seed_002.pdb
300,47,Chemokine,0.74923,anc0_47_L_unrelaxed_rank_015_alphafold2_model_1_seed_001.pdb
301,47,Chemokine,0.74665,anc0_47_L_unrelaxed_rank_016_alphafold2_model_4_seed_004.pdb
302,47,Chemokine,0.74749,anc0_47_L_unrelaxed_rank_017_alphafold2_model_1_seed_002.pdb
303,47,Chemokine,0.74625,anc0_47_L_unrelaxed_rank_018_alphafold2_model_4_seed_000.pdb
304,47,Chemokine,0.74728,anc0_47_L_unrelaxed_rank_019_alphafold2_model_4_seed_003.pdb
305,47,Chemokine,0.7112,anc0_47_L_unrelaxed_rank_020_alphafold2_model_5_seed_002.pdb
306,47,Chemokine,0.7291,anc0_47_L_unrelaxed_rank_021_alphafold2_model_1_seed_003.pdb
307,47,Chemokine,0.71289,anc0_47_L_unrelaxed_rank_022_alphafold2_model_5_seed_003.pdb
308,47,Chemokine,0.71041,anc0_47_L_unrelaxed_rank_023_alphafold2_model_5_seed_001.pdb
309,47,Chemokine,0.71166,anc0_47_L_unrelaxed_rank_024_alphafold2_model_5_seed_004.pdb
310,47,Chemokine,0.71038,anc0_47_L_unrelaxed_rank_025_alphafold2_model_5_seed_000.pdb
311,47,Chemokine,0.75364,anc0_47_M_unrelaxed_rank_001_alphafold2_model_3_seed_004.pdb
312,47,Chemokine,0.75537,anc0_47_M_unrelaxed_rank_002_alphafold2_model_3_seed_003.pdb
313,47,Chemokine,0.75668,anc0_47_M_unrelaxed_rank_003_alphafold2_model_3_seed_002.pdb
314,47,Chemokine,0.75985,anc0_47_M_unrelaxed_rank_004_alphafold2_model_3_seed_001.pdb
315,47,Chemokine,0.76894,anc0_47_M_unrelaxed_rank_005_alphafold2_model_2_seed_001.pdb
316,47,Chemokine,0.76983,anc0_47_M_unrelaxed_rank_006_alphafold2_model_2_seed_004.pdb
317,47,Chemokine,0.77456,anc0_47_M_unrelaxed_rank_007_alphafold2_model_2_seed_000.pdb
318,47,Chemokine,0.7736,anc0_47_M_unrelaxed_rank_008_alphafold2_model_2_seed_002.pdb
319,47,Chemokine,0.75496,anc0_47_M_unrelaxed_rank_009_alphafold2_model_3_seed_000.pdb
320,47,Chemokine,0.75678,anc0_47_M_unrelaxed_rank_010_alphafold2_model_1_seed_004.pdb
321,47,Chemokine,0.75677,anc0_47_M_unrelaxed_rank_011_alphafold2_model_1_seed_001.pdb
322,47,Chemokine,0.75666,anc0_47_M_unrelaxed_rank_012_alphafold2_model_1_seed_002.pdb
323,47,Chemokine,0.7553,anc0_47_M_unrelaxed_rank_013_alphafold2_model_1_seed_000.pdb
324,47,Chemokine,0.7517,anc0_47_M_unrelaxed_rank_014_alphafold2_model_4_seed_001.pdb
325,47,Chemokine,0.75293,anc0_47_M_unrelaxed_rank_015_alphafold2_model_4_seed_004.pdb
326,47,Chemokine,0.75113,anc0_47_M_unrelaxed_rank_016_alphafold2_model_4_seed_002.pdb
327,47,Chemokine,0.75165,anc0_47_M_unrelaxed_rank_017_alphafold2_model_4_seed_000.pdb
328,47,Chemokine,0.75369,anc0_47_M_unrelaxed_rank_018_alphafold2_model_4_seed_003.pdb
329,47,Chemokine,0.71873,anc0_47_M_unrelaxed_rank_019_alphafold2_model_5_seed_004.pdb
330,47,Chemokine,0.71667,anc0_47_M_unrelaxed_rank_020_alphafold2_model_5_seed_002.pdb
331,47,Chemokine,0.71685,anc0_47_M_unrelaxed_rank_021_alphafold2_model_5_seed_003.pdb
332,47,Chemokine,0.71622,anc0_47_M_unrelaxed_rank_022_alphafold2_model_5_seed_001.pdb
333,47,Chemokine,0.71733,anc0_47_M_unrelaxed_rank_023_alphafold2_model_5_seed_000.pdb
334,47,Chemokine,0.66825,anc0_47_M_unrelaxed_rank_024_alphafold2_model_1_seed_003.pdb
335,47,Chemokine,0.65582,anc0_47_M_unrelaxed_rank_025_alphafold2_model_2_seed_003.pdb
336,I,Chemokine,0.75071,anc0_I_unrelaxed_rank_001_alphafold2_model_3_seed_002.pdb
337,I,Chemokine,0.75063,anc0_I_unrelaxed_rank_002_alphafold2_model_3_seed_004.pdb
338,I,Chemokine,0.75077,anc0_I_unrelaxed_rank_003_alphafold2_model_3_seed_000.pdb
339,I,Chemokine,0.74968,anc0_I_unrelaxed_rank_004_alphafold2_model_3_seed_003.pdb
340,I,Chemokine,0.74846,anc0_I_unrelaxed_rank_005_alphafold2_model_3_seed_001.pdb
341,I,Chemokine,0.75787,anc0_I_unrelaxed_rank_006_alphafold2_model_2_seed_004.pdb
342,I,Chemokine,0.75758,anc0_I_unrelaxed_rank_007_alphafold2_model_2_seed_000.pdb
343,I,Chemokine,0.7581,anc0_I_unrelaxed_rank_008_alphafold2_model_2_seed_001.pdb
344,I,Chemokine,0.7604,anc0_I_unrelaxed_rank_009_alphafold2_model_2_seed_002.pdb
345,I,Chemokine,0.75882,anc0_I_unrelaxed_rank_010_alphafold2_model_2_seed_003.pdb
346,I,Chemokine,0.7517,anc0_I_unrelaxed_rank_011_alphafold2_model_1_seed_004.pdb
347,I,Chemokine,0.75233,anc0_I_unrelaxed_rank_012_alphafold2_model_1_seed_000.pdb
348,I,Chemokine,0.7505,anc0_I_unrelaxed_rank_013_alphafold2_model_1_seed_001.pdb
349,I,Chemokine,0.75172,anc0_I_unrelaxed_rank_014_alphafold2_model_1_seed_002.pdb
350,I,Chemokine,0.74549,anc0_I_unrelaxed_rank_015_alphafold2_model_4_seed_002.pdb
351,I,Chemokine,0.7461,anc0_I_unrelaxed_rank_016_alphafold2_model_4_seed_001.pdb
352,I,Chemokine,0.7491,anc0_I_unrelaxed_rank_017_alphafold2_model_4_seed_000.pdb
353,I,Chemokine,0.74732,anc0_I_unrelaxed_rank_018_alphafold2_model_4_seed_004.pdb
354,I,Chemokine,0.7483,anc0_I_unrelaxed_rank_019_alphafold2_model_4_seed_003.pdb
355,I,Chemokine,0.70376,anc0_I_unrelaxed_rank_020_alphafold2_model_5_seed_004.pdb
356,I,Chemokine,0.70672,anc0_I_unrelaxed_rank_021_alphafold2_model_5_seed_002.pdb
357,I,Chemokine,0.70487,anc0_I_unrelaxed_rank_022_alphafold2_model_5_seed_003.pdb
358,I,Chemokine,0.70644,anc0_I_unrelaxed_rank_023_alphafold2_model_5_seed_000.pdb
359,I,Chemokine,0.70245,anc0_I_unrelaxed_rank_024_alphafold2_model_5_seed_001.pdb
360,I,Chemokine,0.56767,anc0_I_unrelaxed_rank_025_alphafold2_model_1_seed_003.pdb
361,L,Chemokine,0.75168,anc0_L_unrelaxed_rank_001_alphafold2_model_3_seed_004.pdb
362,L,Chemokine,0.75102,anc0_L_unrelaxed_rank_002_alphafold2_model_3_seed_002.pdb
363,L,Chemokine,0.75094,anc0_L_unrelaxed_rank_003_alphafold2_model_3_seed_003.pdb
364,L,Chemokine,0.7506,anc0_L_unrelaxed_rank_004_alphafold2_model_3_seed_001.pdb
365,L,Chemokine,0.75241,anc0_L_unrelaxed_rank_005_alphafold2_model_3_seed_000.pdb
366,L,Chemokine,0.76373,anc0_L_unrelaxed_rank_006_alphafold2_model_2_seed_004.pdb
367,L,Chemokine,0.76429,anc0_L_unrelaxed_rank_007_alphafold2_model_2_seed_001.pdb
368,L,Chemokine,0.76572,anc0_L_unrelaxed_rank_008_alphafold2_model_2_seed_000.pdb
369,L,Chemokine,0.76659,anc0_L_unrelaxed_rank_009_alphafold2_model_2_seed_003.pdb
370,L,Chemokine,0.76916,anc0_L_unrelaxed_rank_010_alphafold2_model_2_seed_002.pdb
371,L,Chemokine,0.75742,anc0_L_unrelaxed_rank_011_alphafold2_model_1_seed_004.pdb
372,L,Chemokine,0.75758,anc0_L_unrelaxed_rank_012_alphafold2_model_1_seed_001.pdb
373,L,Chemokine,0.75831,anc0_L_unrelaxed_rank_013_alphafold2_model_1_seed_000.pdb
374,L,Chemokine,0.75802,anc0_L_unrelaxed_rank_014_alphafold2_model_1_seed_002.pdb
375,L,Chemokine,0.74821,anc0_L_unrelaxed_rank_015_alphafold2_model_4_seed_002.pdb
376,L,Chemokine,0.74893,anc0_L_unrelaxed_rank_016_alphafold2_model_4_seed_001.pdb
377,L,Chemokine,0.76812,anc0_L_unrelaxed_rank_017_alphafold2_model_4_seed_004.pdb
378,L,Chemokine,0.77089,anc0_L_unrelaxed_rank_018_alphafold2_model_4_seed_003.pdb
379,L,Chemokine,0.76718,anc0_L_unrelaxed_rank_019_alphafold2_model_4_seed_000.pdb
380,L,Chemokine,0.71634,anc0_L_unrelaxed_rank_020_alphafold2_model_5_seed_002.pdb
381,L,Chemokine,0.71024,anc0_L_unrelaxed_rank_021_alphafold2_model_5_seed_003.pdb
382,L,Chemokine,0.70992,anc0_L_unrelaxed_rank_022_alphafold2_model_5_seed_001.pdb
383,L,Chemokine,0.71076,anc0_L_unrelaxed_rank_023_alphafold2_model_5_seed_000.pdb
384,L,Chemokine,0.7177,anc0_L_unrelaxed_rank_024_alphafold2_model_5_seed_004.pdb
385,L,Chemokine,0.66621,anc0_L_unrelaxed_rank_025_alphafold2_model_1_seed_003.pdb
386,V,Chemokine,0.75146,anc0_V_unrelaxed_rank_001_alphafold2_model_3_seed_002.pdb
387,V,Chemokine,0.74963,anc0_V_unrelaxed_rank_002_alphafold2_model_3_seed_004.pdb
388,V,Chemokine,0.75097,anc0_V_unrelaxed_rank_003_alphafold2_model_3_seed_000.pdb
389,V,Chemokine,0.75066,anc0_V_unrelaxed_rank_004_alphafold2_model_3_seed_003.pdb
390,V,Chemokine,0.75093,anc0_V_unrelaxed_rank_005_alphafold2_model_3_seed_001.pdb
391,V,Chemokine,0.76248,anc0_V_unrelaxed_rank_006_alphafold2_model_2_seed_004.pdb
392,V,Chemokine,0.76298,anc0_V_unrelaxed_rank_007_alphafold2_model_2_seed_003.pdb
393,V,Chemokine,0.76239,anc0_V_unrelaxed_rank_008_alphafold2_model_2_seed_001.pdb
394,V,Chemokine,0.76181,anc0_V_unrelaxed_rank_009_alphafold2_model_2_seed_000.pdb
395,V,Chemokine,0.76582,anc0_V_unrelaxed_rank_010_alphafold2_model_2_seed_002.pdb
396,V,Chemokine,0.75372,anc0_V_unrelaxed_rank_011_alphafold2_model_1_seed_004.pdb
397,V,Chemokine,0.75232,anc0_V_unrelaxed_rank_012_alphafold2_model_1_seed_000.pdb
398,V,Chemokine,0.75277,anc0_V_unrelaxed_rank_013_alphafold2_model_1_seed_002.pdb
399,V,Chemokine,0.75603,anc0_V_unrelaxed_rank_014_alphafold2_model_1_seed_001.pdb
400,V,Chemokine,0.74848,anc0_V_unrelaxed_rank_015_alphafold2_model_4_seed_001.pdb
401,V,Chemokine,0.74874,anc0_V_unrelaxed_rank_016_alphafold2_model_4_seed_004.pdb
402,V,Chemokine,0.74801,anc0_V_unrelaxed_rank_017_alphafold2_model_4_seed_002.pdb
403,V,Chemokine,0.74842,anc0_V_unrelaxed_rank_018_alphafold2_model_4_seed_000.pdb
404,V,Chemokine,0.75071,anc0_V_unrelaxed_rank_019_alphafold2_model_4_seed_003.pdb
405,V,Chemokine,0.70498,anc0_V_unrelaxed_rank_020_alphafold2_model_5_seed_001.pdb
406,V,Chemokine,0.70623,anc0_V_unrelaxed_rank_021_alphafold2_model_5_seed_003.pdb
407,V,Chemokine,0.70788,anc0_V_unrelaxed_rank_022_alphafold2_model_5_seed_002.pdb
408,V,Chemokine,0.70511,anc0_V_unrelaxed_rank_023_alphafold2_model_5_seed_000.pdb
409,V,Chemokine,0.70672,anc0_V_unrelaxed_rank_024_alphafold2_model_5_seed_004.pdb
410,V,Chemokine,0.55774,anc0_V_unrelaxed_rank_025_alphafold2_model_1_seed_003.pdb
411,14,Chemokine,0.75396,anc2_14_I_unrelaxed_rank_001_alphafold2_model_3_seed_002.pdb
412,14,Chemokine,0.75402,anc2_14_I_unrelaxed_rank_002_alphafold2_model_3_seed_004.pdb
413,14,Chemokine,0.75083,anc2_14_I_unrelaxed_rank_003_alphafold2_model_3_seed_003.pdb
414,14,Chemokine,0.75129,anc2_14_I_unrelaxed_rank_004_alphafold2_model_3_seed_000.pdb
415,14,Chemokine,0.75182,anc2_14_I_unrelaxed_rank_005_alphafold2_model_3_seed_001.pdb
416,14,Chemokine,0.74808,anc2_14_I_unrelaxed_rank_006_alphafold2_model_1_seed_001.pdb
417,14,Chemokine,0.73925,anc2_14_I_unrelaxed_rank_007_alphafold2_model_1_seed_003.pdb
418,14,Chemokine,0.78533,anc2_14_I_unrelaxed_rank_008_alphafold2_model_4_seed_002.pdb
419,14,Chemokine,0.76927,anc2_14_I_unrelaxed_rank_009_alphafold2_model_4_seed_003.pdb
420,14,Chemokine,0.77864,anc2_14_I_unrelaxed_rank_010_alphafold2_model_4_seed_004.pdb
421,14,Chemokine,0.78806,anc2_14_I_unrelaxed_rank_011_alphafold2_model_4_seed_001.pdb
422,14,Chemokine,0.76784,anc2_14_I_unrelaxed_rank_012_alphafold2_model_4_seed_000.pdb
423,14,Chemokine,0.76259,anc2_14_I_unrelaxed_rank_013_alphafold2_model_5_seed_002.pdb
424,14,Chemokine,0.76082,anc2_14_I_unrelaxed_rank_014_alphafold2_model_5_seed_004.pdb
425,14,Chemokine,0.76127,anc2_14_I_unrelaxed_rank_015_alphafold2_model_5_seed_001.pdb
426,14,Chemokine,0.76381,anc2_14_I_unrelaxed_rank_016_alphafold2_model_5_seed_003.pdb
427,14,Chemokine,0.76134,anc2_14_I_unrelaxed_rank_017_alphafold2_model_5_seed_000.pdb
428,14,Chemokine,0.74847,anc2_14_I_unrelaxed_rank_018_alphafold2_model_1_seed_004.pdb
429,14,Chemokine,0.75645,anc2_14_I_unrelaxed_rank_019_alphafold2_model_2_seed_003.pdb
430,14,Chemokine,0.74496,anc2_14_I_unrelaxed_rank_020_alphafold2_model_1_seed_000.pdb
431,14,Chemokine,0.74503,anc2_14_I_unrelaxed_rank_021_alphafold2_model_1_seed_002.pdb
432,14,Chemokine,0.7638,anc2_14_I_unrelaxed_rank_022_alphafold2_model_2_seed_002.pdb
433,14,Chemokine,0.76323,anc2_14_I_unrelaxed_rank_023_alphafold2_model_2_seed_000.pdb
434,14,Chemokine,0.75127,anc2_14_I_unrelaxed_rank_024_alphafold2_model_2_seed_004.pdb
435,14,Chemokine,0.74927,anc2_14_I_unrelaxed_rank_025_alphafold2_model_2_seed_001.pdb
436,14,Chemokine,0.75968,anc2_14_L_unrelaxed_rank_001_alphafold2_model_3_seed_003.pdb
437,14,Chemokine,0.7587,anc2_14_L_unrelaxed_rank_002_alphafold2_model_3_seed_004.pdb
438,14,Chemokine,0.75771,anc2_14_L_unrelaxed_rank_003_alphafold2_model_3_seed_000.pdb
439,14,Chemokine,0.75768,anc2_14_L_unrelaxed_rank_004_alphafold2_model_3_seed_001.pdb
440,14,Chemokine,0.74909,anc2_14_L_unrelaxed_rank_005_alphafold2_model_3_seed_002.pdb
441,14,Chemokine,0.7546,anc2_14_L_unrelaxed_rank_006_alphafold2_model_1_seed_002.pdb
442,14,Chemokine,0.77749,anc2_14_L_unrelaxed_rank_007_alphafold2_model_2_seed_002.pdb
443,14,Chemokine,0.75865,anc2_14_L_unrelaxed_rank_008_alphafold2_model_2_seed_001.pdb
444,14,Chemokine,0.76186,anc2_14_L_unrelaxed_rank_009_alphafold2_model_2_seed_004.pdb
445,14,Chemokine,0.7487,anc2_14_L_unrelaxed_rank_010_alphafold2_model_1_seed_003.pdb
446,14,Chemokine,0.75899,anc2_14_L_unrelaxed_rank_011_alphafold2_model_2_seed_003.pdb
447,14,Chemokine,0.77027,anc2_14_L_unrelaxed_rank_012_alphafold2_model_4_seed_004.pdb
448,14,Chemokine,0.76641,anc2_14_L_unrelaxed_rank_013_alphafold2_model_4_seed_002.pdb
449,14,Chemokine,0.76123,anc2_14_L_unrelaxed_rank_014_alphafold2_model_2_seed_000.pdb
450,14,Chemokine,0.73958,anc2_14_L_unrelaxed_rank_015_alphafold2_model_1_seed_004.pdb
451,14,Chemokine,0.76875,anc2_14_L_unrelaxed_rank_016_alphafold2_model_4_seed_003.pdb
452,14,Chemokine,0.76572,anc2_14_L_unrelaxed_rank_017_alphafold2_model_4_seed_001.pdb
453,14,Chemokine,0.74722,anc2_14_L_unrelaxed_rank_018_alphafold2_model_1_seed_001.pdb
454,14,Chemokine,0.76655,anc2_14_L_unrelaxed_rank_019_alphafold2_model_4_seed_000.pdb
455,14,Chemokine,0.7627,anc2_14_L_unrelaxed_rank_020_alphafold2_model_5_seed_002.pdb
456,14,Chemokine,0.76519,anc2_14_L_unrelaxed_rank_021_alphafold2_model_5_seed_004.pdb
457,14,Chemokine,0.74605,anc2_14_L_unrelaxed_rank_022_alphafold2_model_1_seed_000.pdb
458,14,Chemokine,0.76673,anc2_14_L_unrelaxed_rank_023_alphafold2_model_5_seed_001.pdb
459,14,Chemokine,0.76548,anc2_14_L_unrelaxed_rank_024_alphafold2_model_5_seed_003.pdb
460,14,Chemokine,0.76245,anc2_14_L_unrelaxed_rank_025_alphafold2_model_5_seed_000.pdb
461,14,Chemokine,0.75166,anc2_14_V_unrelaxed_rank_001_alphafold2_model_3_seed_002.pdb
462,14,Chemokine,0.74892,anc2_14_V_unrelaxed_rank_002_alphafold2_model_3_seed_004.pdb
463,14,Chemokine,0.75376,anc2_14_V_unrelaxed_rank_003_alphafold2_model_3_seed_000.pdb
464,14,Chemokine,0.75172,anc2_14_V_unrelaxed_rank_004_alphafold2_model_3_seed_003.pdb
465,14,Chemokine,0.7493,anc2_14_V_unrelaxed_rank_005_alphafold2_model_3_seed_001.pdb
466,14,Chemokine,0.74854,anc2_14_V_unrelaxed_rank_006_alphafold2_model_1_seed_001.pdb
467,14,Chemokine,0.74901,anc2_14_V_unrelaxed_rank_007_alphafold2_model_1_seed_000.pdb
468,14,Chemokine,0.75588,anc2_14_V_unrelaxed_rank_008_alphafold2_model_2_seed_004.pdb
469,14,Chemokine,0.76877,anc2_14_V_unrelaxed_rank_009_alphafold2_model_4_seed_003.pdb
470,14,Chemokine,0.78498,anc2_14_V_unrelaxed_rank_010_alphafold2_model_4_seed_002.pdb
471,14,Chemokine,0.78603,anc2_14_V_unrelaxed_rank_011_alphafold2_model_4_seed_004.pdb
472,14,Chemokine,0.7579,anc2_14_V_unrelaxed_rank_012_alphafold2_model_2_seed_000.pdb
473,14,Chemokine,0.75879,anc2_14_V_unrelaxed_rank_013_alphafold2_model_2_seed_001.pdb
474,14,Chemokine,0.76115,anc2_14_V_unrelaxed_rank_014_alphafold2_model_2_seed_002.pdb
475,14,Chemokine,0.75037,anc2_14_V_unrelaxed_rank_015_alphafold2_model_1_seed_002.pdb
476,14,Chemokine,0.76747,anc2_14_V_unrelaxed_rank_016_alphafold2_model_4_seed_000.pdb
477,14,Chemokine,0.76544,anc2_14_V_unrelaxed_rank_017_alphafold2_model_4_seed_001.pdb
478,14,Chemokine,0.73773,anc2_14_V_unrelaxed_rank_018_alphafold2_model_1_seed_003.pdb
479,14,Chemokine,0.76049,anc2_14_V_unrelaxed_rank_019_alphafold2_model_5_seed_002.pdb
480,14,Chemokine,0.75921,anc2_14_V_unrelaxed_rank_020_alphafold2_model_5_seed_004.pdb
481,14,Chemokine,0.74245,anc2_14_V_unrelaxed_rank_021_alphafold2_model_1_seed_004.pdb
482,14,Chemokine,0.75122,anc2_14_V_unrelaxed_rank_022_alphafold2_model_2_seed_003.pdb
483,14,Chemokine,0.75963,anc2_14_V_unrelaxed_rank_023_alphafold2_model_5_seed_003.pdb
484,14,Chemokine,0.75922,anc2_14_V_unrelaxed_rank_024_alphafold2_model_5_seed_001.pdb
485,14,Chemokine,0.7576,anc2_14_V_unrelaxed_rank_025_alphafold2_model_5_seed_000.pdb
486,36,Chemokine,0.76691,anc2_36_A_unrelaxed_rank_001_alphafold2_model_3_seed_002.pdb
487,36,Chemokine,0.76024,anc2_36_A_unrelaxed_rank_002_alphafold2_model_3_seed_004.pdb
488,36,Chemokine,0.77065,anc2_36_A_unrelaxed_rank_003_alphafold2_model_3_seed_003.pdb
489,36,Chemokine,0.81091,anc2_36_A_unrelaxed_rank_004_alphafold2_model_2_seed_002.pdb
490,36,Chemokine,0.77086,anc2_36_A_unrelaxed_rank_005_alphafold2_model_3_seed_001.pdb
491,36,Chemokine,0.76086,anc2_36_A_unrelaxed_rank_006_alphafold2_model_3_seed_000.pdb
492,36,Chemokine,0.80691,anc2_36_A_unrelaxed_rank_007_alphafold2_model_2_seed_000.pdb
493,36,Chemokine,0.7738,anc2_36_A_unrelaxed_rank_008_alphafold2_model_1_seed_002.pdb
494,36,Chemokine,0.77256,anc2_36_A_unrelaxed_rank_009_alphafold2_model_1_seed_004.pdb
495,36,Chemokine,0.77353,anc2_36_A_unrelaxed_rank_010_alphafold2_model_1_seed_000.pdb
496,36,Chemokine,0.77206,anc2_36_A_unrelaxed_rank_011_alphafold2_model_1_seed_001.pdb
497,36,Chemokine,0.76932,anc2_36_A_unrelaxed_rank_012_alphafold2_model_1_seed_003.pdb
498,36,Chemokine,0.78951,anc2_36_A_unrelaxed_rank_013_alphafold2_model_2_seed_004.pdb
499,36,Chemokine,0.78733,anc2_36_A_unrelaxed_rank_014_alphafold2_model_2_seed_003.pdb
500,36,Chemokine,0.78343,anc2_36_A_unrelaxed_rank_015_alphafold2_model_2_seed_001.pdb
501,36,Chemokine,0.78245,anc2_36_A_unrelaxed_rank_016_alphafold2_model_4_seed_002.pdb
502,36,Chemokine,0.77896,anc2_36_A_unrelaxed_rank_017_alphafold2_model_4_seed_004.pdb
503,36,Chemokine,0.77366,anc2_36_A_unrelaxed_rank_018_alphafold2_model_4_seed_003.pdb
504,36,Chemokine,0.78182,anc2_36_A_unrelaxed_rank_019_alphafold2_model_4_seed_001.pdb
505,36,Chemokine,0.77572,anc2_36_A_unrelaxed_rank_020_alphafold2_model_4_seed_000.pdb
506,36,Chemokine,0.76825,anc2_36_A_unrelaxed_rank_021_alphafold2_model_5_seed_002.pdb
507,36,Chemokine,0.7676,anc2_36_A_unrelaxed_rank_022_alphafold2_model_5_seed_004.pdb
508,36,Chemokine,0.76806,anc2_36_A_unrelaxed_rank_023_alphafold2_model_5_seed_001.pdb
509,36,Chemokine,0.76855,anc2_36_A_unrelaxed_rank_024_alphafold2_model_5_seed_000.pdb
510,36,Chemokine,0.76866,anc2_36_A_unrelaxed_rank_025_alphafold2_model_5_seed_003.pdb
511,36,Chemokine,0.78937,anc2_36_G_unrelaxed_rank_001_alphafold2_model_3_seed_001.pdb
512,36,Chemokine,0.78933,anc2_36_G_unrelaxed_rank_002_alphafold2_model_3_seed_002.pdb
513,36,Chemokine,0.79092,anc2_36_G_unrelaxed_rank_003_alphafold2_model_3_seed_000.pdb
514,36,Chemokine,0.78924,anc2_36_G_unrelaxed_rank_004_alphafold2_model_3_seed_003.pdb
515,36,Chemokine,0.78404,anc2_36_G_unrelaxed_rank_005_alphafold2_model_3_seed_004.pdb
516,36,Chemokine,0.81572,anc2_36_G_unrelaxed_rank_006_alphafold2_model_2_seed_002.pdb
517,36,Chemokine,0.79904,anc2_36_G_unrelaxed_rank_007_alphafold2_model_2_seed_004.pdb
518,36,Chemokine,0.81493,anc2_36_G_unrelaxed_rank_008_alphafold2_model_2_seed_003.pdb
519,36,Chemokine,0.78754,anc2_36_G_unrelaxed_rank_009_alphafold2_model_1_seed_004.pdb
520,36,Chemokine,0.8153,anc2_36_G_unrelaxed_rank_010_alphafold2_model_2_seed_000.pdb
521,36,Chemokine,0.81367,anc2_36_G_unrelaxed_rank_011_alphafold2_model_2_seed_001.pdb
522,36,Chemokine,0.78567,anc2_36_G_unrelaxed_rank_012_alphafold2_model_1_seed_001.pdb
523,36,Chemokine,0.7881,anc2_36_G_unrelaxed_rank_013_alphafold2_model_1_seed_002.pdb
524,36,Chemokine,0.78534,anc2_36_G_unrelaxed_rank_014_alphafold2_model_1_seed_000.pdb
525,36,Chemokine,0.78792,anc2_36_G_unrelaxed_rank_015_alphafold2_model_1_seed_003.pdb
526,36,Chemokine,0.79432,anc2_36_G_unrelaxed_rank_016_alphafold2_model_4_seed_002.pdb
527,36,Chemokine,0.79115,anc2_36_G_unrelaxed_rank_017_alphafold2_model_4_seed_001.pdb
528,36,Chemokine,0.79782,anc2_36_G_unrelaxed_rank_018_alphafold2_model_4_seed_004.pdb
529,36,Chemokine,0.78866,anc2_36_G_unrelaxed_rank_019_alphafold2_model_4_seed_000.pdb
530,36,Chemokine,0.79843,anc2_36_G_unrelaxed_rank_020_alphafold2_model_4_seed_003.pdb
531,36,Chemokine,0.78399,anc2_36_G_unrelaxed_rank_021_alphafold2_model_5_seed_002.pdb
532,36,Chemokine,0.7836,anc2_36_G_unrelaxed_rank_022_alphafold2_model_5_seed_004.pdb
533,36,Chemokine,0.78392,anc2_36_G_unrelaxed_rank_023_alphafold2_model_5_seed_001.pdb
534,36,Chemokine,0.78372,anc2_36_G_unrelaxed_rank_024_alphafold2_model_5_seed_003.pdb
535,36,Chemokine,0.78266,anc2_36_G_unrelaxed_rank_025_alphafold2_model_5_seed_000.pdb
536,36,Chemokine,0.75155,anc2_36_I_unrelaxed_rank_001_alphafold2_model_3_seed_002.pdb
537,36,Chemokine,0.75346,anc2_36_I_unrelaxed_rank_002_alphafold2_model_3_seed_004.pdb
538,36,Chemokine,0.75175,anc2_36_I_unrelaxed_rank_003_alphafold2_model_3_seed_003.pdb
539,36,Chemokine,0.75368,anc2_36_I_unrelaxed_rank_004_alphafold2_model_3_seed_001.pdb
540,36,Chemokine,0.7508,anc2_36_I_unrelaxed_rank_005_alphafold2_model_3_seed_000.pdb
541,36,Chemokine,0.75611,anc2_36_I_unrelaxed_rank_006_alphafold2_model_2_seed_002.pdb
542,36,Chemokine,0.7567,anc2_36_I_unrelaxed_rank_007_alphafold2_model_2_seed_000.pdb
543,36,Chemokine,0.74273,anc2_36_I_unrelaxed_rank_008_alphafold2_model_1_seed_002.pdb
544,36,Chemokine,0.75835,anc2_36_I_unrelaxed_rank_009_alphafold2_model_2_seed_003.pdb
545,36,Chemokine,0.76267,anc2_36_I_unrelaxed_rank_010_alphafold2_model_5_seed_004.pdb
546,36,Chemokine,0.76384,anc2_36_I_unrelaxed_rank_011_alphafold2_model_5_seed_002.pdb
547,36,Chemokine,0.76435,anc2_36_I_unrelaxed_rank_012_alphafold2_model_5_seed_003.pdb
548,36,Chemokine,0.76469,anc2_36_I_unrelaxed_rank_013_alphafold2_model_4_seed_003.pdb
549,36,Chemokine,0.76346,anc2_36_I_unrelaxed_rank_014_alphafold2_model_5_seed_001.pdb
550,36,Chemokine,0.76298,anc2_36_I_unrelaxed_rank_015_alphafold2_model_5_seed_000.pdb
551,36,Chemokine,0.7678,anc2_36_I_unrelaxed_rank_016_alphafold2_model_4_seed_004.pdb
552,36,Chemokine,0.76725,anc2_36_I_unrelaxed_rank_017_alphafold2_model_4_seed_000.pdb
553,36,Chemokine,0.75848,anc2_36_I_unrelaxed_rank_018_alphafold2_model_4_seed_002.pdb
554,36,Chemokine,0.76268,anc2_36_I_unrelaxed_rank_019_alphafold2_model_4_seed_001.pdb
555,36,Chemokine,0.68159,anc2_36_I_unrelaxed_rank_020_alphafold2_model_1_seed_003.pdb
556,40,Dimer,0.53978,anc2_40_G_unrelaxed_rank_001_alphafold2_model_2_seed_004.pdb
557,40,Dimer,0.53152,anc2_40_G_unrelaxed_rank_002_alphafold2_model_2_seed_002.pdb
558,40,Dimer,0.53491,anc2_40_G_unrelaxed_rank_003_alphafold2_model_3_seed_001.pdb
559,40,Dimer,0.53876,anc2_40_G_unrelaxed_rank_004_alphafold2_model_2_seed_001.pdb
560,40,Dimer,0.53235,anc2_40_G_unrelaxed_rank_005_alphafold2_model_3_seed_004.pdb
561,40,Dimer,0.53445,anc2_40_G_unrelaxed_rank_006_alphafold2_model_3_seed_000.pdb
562,40,Dimer,0.53547,anc2_40_G_unrelaxed_rank_007_alphafold2_model_2_seed_000.pdb
563,40,Dimer,0.5355,anc2_40_G_unrelaxed_rank_008_alphafold2_model_2_seed_003.pdb
564,40,Chemokine,0.78668,anc2_40_G_unrelaxed_rank_009_alphafold2_model_5_seed_002.pdb
565,40,Chemokine,0.77645,anc2_40_G_unrelaxed_rank_010_alphafold2_model_5_seed_000.pdb
566,40,Chemokine,0.77301,anc2_40_G_unrelaxed_rank_011_alphafold2_model_5_seed_004.pdb
567,40,Chemokine,0.77732,anc2_40_G_unrelaxed_rank_012_alphafold2_model_5_seed_003.pdb
568,40,Dimer,0.54417,anc2_40_G_unrelaxed_rank_013_alphafold2_model_1_seed_004.pdb
569,40,Dimer,0.54354,anc2_40_G_unrelaxed_rank_014_alphafold2_model_1_seed_001.pdb
570,40,Chemokine,0.77705,anc2_40_G_unrelaxed_rank_015_alphafold2_model_5_seed_001.pdb
571,40,Dimer,0.54112,anc2_40_G_unrelaxed_rank_016_alphafold2_model_1_seed_003.pdb
572,40,Dimer,0.54097,anc2_40_G_unrelaxed_rank_017_alphafold2_model_1_seed_002.pdb
573,40,Dimer,0.54161,anc2_40_G_unrelaxed_rank_018_alphafold2_model_1_seed_000.pdb
574,40,Dimer,0.54305,anc2_40_G_unrelaxed_rank_019_alphafold2_model_4_seed_001.pdb
575,40,Dimer,0.54143,anc2_40_G_unrelaxed_rank_020_alphafold2_model_4_seed_003.pdb
576,40,Dimer,0.54154,anc2_40_G_unrelaxed_rank_021_alphafold2_model_4_seed_000.pdb
577,40,Dimer,0.54289,anc2_40_G_unrelaxed_rank_022_alphafold2_model_4_seed_004.pdb
578,40,Dimer,0.54268,anc2_40_G_unrelaxed_rank_023_alphafold2_model_4_seed_002.pdb
579,40,Dimer,0.5323,anc2_40_G_unrelaxed_rank_024_alphafold2_model_3_seed_003.pdb
580,40,Chemokine,0.80719,anc2_40_I_unrelaxed_rank_001_alphafold2_model_2_seed_001.pdb
581,40,Chemokine,0.80456,anc2_40_I_unrelaxed_rank_002_alphafold2_model_2_seed_000.pdb
582,40,Chemokine,0.78958,anc2_40_I_unrelaxed_rank_003_alphafold2_model_2_seed_002.pdb
583,40,Chemokine,0.78613,anc2_40_I_unrelaxed_rank_004_alphafold2_model_2_seed_004.pdb
584,40,Chemokine,0.76892,anc2_40_I_unrelaxed_rank_005_alphafold2_model_2_seed_003.pdb
585,40,Chemokine,0.76822,anc2_40_I_unrelaxed_rank_006_alphafold2_model_5_seed_004.pdb
586,40,Chemokine,0.77101,anc2_40_I_unrelaxed_rank_007_alphafold2_model_5_seed_002.pdb
587,40,Chemokine,0.76839,anc2_40_I_unrelaxed_rank_008_alphafold2_model_5_seed_003.pdb
588,40,Chemokine,0.76848,anc2_40_I_unrelaxed_rank_009_alphafold2_model_5_seed_001.pdb
589,40,Chemokine,0.7671,anc2_40_I_unrelaxed_rank_010_alphafold2_model_5_seed_000.pdb
590,40,Chemokine,0.68603,anc2_40_I_unrelaxed_rank_011_alphafold2_model_1_seed_002.pdb
591,40,Chemokine,0.68255,anc2_40_I_unrelaxed_rank_012_alphafold2_model_1_seed_004.pdb
592,40,Chemokine,0.68011,anc2_40_I_unrelaxed_rank_013_alphafold2_model_1_seed_000.pdb
593,40,Chemokine,0.67724,anc2_40_I_unrelaxed_rank_014_alphafold2_model_1_seed_003.pdb
594,40,Chemokine,0.66468,anc2_40_I_unrelaxed_rank_015_alphafold2_model_3_seed_001.pdb
595,40,Chemokine,0.66247,anc2_40_I_unrelaxed_rank_016_alphafold2_model_3_seed_004.pdb
596,40,Chemokine,0.68069,anc2_40_I_unrelaxed_rank_017_alphafold2_model_1_seed_001.pdb
597,40,Chemokine,0.66085,anc2_40_I_unrelaxed_rank_018_alphafold2_model_3_seed_002.pdb
598,40,Chemokine,0.64844,anc2_40_I_unrelaxed_rank_019_alphafold2_model_3_seed_003.pdb
599,40,Chemokine,0.64481,anc2_40_I_unrelaxed_rank_020_alphafold2_model_3_seed_000.pdb
600,40,Chemokine,0.67661,anc2_40_I_unrelaxed_rank_021_alphafold2_model_4_seed_003.pdb
601,40,Chemokine,0.68099,anc2_40_I_unrelaxed_rank_022_alphafold2_model_4_seed_001.pdb
602,40,Chemokine,0.67858,anc2_40_I_unrelaxed_rank_023_alphafold2_model_4_seed_000.pdb
603,40,Chemokine,0.68513,anc2_40_I_unrelaxed_rank_024_alphafold2_model_4_seed_004.pdb
604,40,Chemokine,0.68011,anc2_40_I_unrelaxed_rank_025_alphafold2_model_4_seed_002.pdb
605,40,Chemokine,0.80238,anc2_40_V_unrelaxed_rank_001_alphafold2_model_2_seed_002.pdb
606,40,Chemokine,0.7912,anc2_40_V_unrelaxed_rank_002_alphafold2_model_2_seed_001.pdb
607,40,Chemokine,0.78816,anc2_40_V_unrelaxed_rank_003_alphafold2_model_2_seed_000.pdb
608,40,Chemokine,0.79656,anc2_40_V_unrelaxed_rank_004_alphafold2_model_2_seed_003.pdb
609,40,Chemokine,0.78425,anc2_40_V_unrelaxed_rank_005_alphafold2_model_2_seed_004.pdb
610,40,Chemokine,0.77584,anc2_40_V_unrelaxed_rank_006_alphafold2_model_5_seed_002.pdb
611,40,Chemokine,0.77154,anc2_40_V_unrelaxed_rank_007_alphafold2_model_5_seed_004.pdb
612,40,Chemokine,0.77231,anc2_40_V_unrelaxed_rank_008_alphafold2_model_5_seed_001.pdb
613,40,Chemokine,0.7718,anc2_40_V_unrelaxed_rank_009_alphafold2_model_5_seed_003.pdb
614,40,Chemokine,0.77136,anc2_40_V_unrelaxed_rank_010_alphafold2_model_5_seed_000.pdb
615,40,Chemokine,0.68498,anc2_40_V_unrelaxed_rank_011_alphafold2_model_1_seed_002.pdb
616,40,Chemokine,0.67164,anc2_40_V_unrelaxed_rank_012_alphafold2_model_1_seed_003.pdb
617,40,Chemokine,0.64224,anc2_40_V_unrelaxed_rank_013_alphafold2_model_3_seed_000.pdb
618,40,Chemokine,0.65047,anc2_40_V_unrelaxed_rank_014_alphafold2_model_3_seed_002.pdb
619,40,Chemokine,0.65212,anc2_40_V_unrelaxed_rank_015_alphafold2_model_3_seed_003.pdb
620,40,Chemokine,0.64251,anc2_40_V_unrelaxed_rank_016_alphafold2_model_3_seed_004.pdb
621,40,Chemokine,0.65794,anc2_40_V_unrelaxed_rank_017_alphafold2_model_3_seed_001.pdb
622,40,Chemokine,0.6718,anc2_40_V_unrelaxed_rank_018_alphafold2_model_1_seed_000.pdb
623,40,Chemokine,0.67363,anc2_40_V_unrelaxed_rank_019_alphafold2_model_1_seed_001.pdb
624,40,Chemokine,0.67772,anc2_40_V_unrelaxed_rank_020_alphafold2_model_1_seed_004.pdb
625,40,Chemokine,0.67333,anc2_40_V_unrelaxed_rank_021_alphafold2_model_4_seed_003.pdb
626,40,Chemokine,0.67632,anc2_40_V_unrelaxed_rank_022_alphafold2_model_4_seed_004.pdb
627,40,Chemokine,0.67467,anc2_40_V_unrelaxed_rank_023_alphafold2_model_4_seed_001.pdb
628,40,Chemokine,0.67504,anc2_40_V_unrelaxed_rank_024_alphafold2_model_4_seed_000.pdb
629,40,Chemokine,0.67683,anc2_40_V_unrelaxed_rank_025_alphafold2_model_4_seed_002.pdb
630,45,Chemokine,0.76228,anc2_45_I_unrelaxed_rank_001_alphafold2_model_5_seed_002.pdb
631,45,Chemokine,0.76879,anc2_45_I_unrelaxed_rank_002_alphafold2_model_5_seed_000.pdb
632,45,Chemokine,0.77425,anc2_45_I_unrelaxed_rank_003_alphafold2_model_5_seed_001.pdb
633,45,Chemokine,0.7399,anc2_45_I_unrelaxed_rank_004_alphafold2_model_5_seed_003.pdb
634,45,Dimer,0.54577,anc2_45_I_unrelaxed_rank_005_alphafold2_model_2_seed_001.pdb
635,45,Dimer,0.54814,anc2_45_I_unrelaxed_rank_006_alphafold2_model_2_seed_003.pdb
636,45,Dimer,0.54559,anc2_45_I_unrelaxed_rank_007_alphafold2_model_2_seed_000.pdb
637,45,Dimer,0.56254,anc2_45_I_unrelaxed_rank_008_alphafold2_model_3_seed_004.pdb
638,45,Dimer,0.54238,anc2_45_I_unrelaxed_rank_009_alphafold2_model_2_seed_004.pdb
639,45,Dimer,0.5511,anc2_45_I_unrelaxed_rank_010_alphafold2_model_1_seed_004.pdb
640,45,Dimer,0.55292,anc2_45_I_unrelaxed_rank_011_alphafold2_model_1_seed_003.pdb
641,45,Dimer,0.55171,anc2_45_I_unrelaxed_rank_012_alphafold2_model_1_seed_001.pdb
642,45,Dimer,0.54858,anc2_45_I_unrelaxed_rank_013_alphafold2_model_1_seed_002.pdb
643,45,Dimer,0.55047,anc2_45_I_unrelaxed_rank_014_alphafold2_model_1_seed_000.pdb
644,45,Dimer,0.57881,anc2_45_I_unrelaxed_rank_015_alphafold2_model_3_seed_001.pdb
645,45,Dimer,0.56038,anc2_45_I_unrelaxed_rank_016_alphafold2_model_3_seed_000.pdb
646,45,Dimer,0.54228,anc2_45_I_unrelaxed_rank_017_alphafold2_model_3_seed_002.pdb
647,45,Dimer,0.56279,anc2_45_I_unrelaxed_rank_018_alphafold2_model_3_seed_003.pdb
648,45,Dimer,0.54806,anc2_45_I_unrelaxed_rank_019_alphafold2_model_4_seed_001.pdb
649,45,Chemokine,0.73573,anc2_45_I_unrelaxed_rank_020_alphafold2_model_5_seed_004.pdb
650,45,Dimer,0.54727,anc2_45_I_unrelaxed_rank_021_alphafold2_model_4_seed_004.pdb
651,45,Chemokine,0.77049,anc2_45_L_unrelaxed_rank_001_alphafold2_model_3_seed_002.pdb
652,45,Chemokine,0.73843,anc2_45_L_unrelaxed_rank_002_alphafold2_model_2_seed_002.pdb
653,45,Chemokine,0.73924,anc2_45_L_unrelaxed_rank_003_alphafold2_model_2_seed_003.pdb
654,45,Chemokine,0.7742,anc2_45_L_unrelaxed_rank_004_alphafold2_model_4_seed_000.pdb
655,45,Chemokine,0.76707,anc2_45_L_unrelaxed_rank_005_alphafold2_model_4_seed_002.pdb
656,45,Chemokine,0.76528,anc2_45_L_unrelaxed_rank_006_alphafold2_model_5_seed_002.pdb
657,45,Chemokine,0.73301,anc2_45_L_unrelaxed_rank_007_alphafold2_model_5_seed_000.pdb
658,45,Chemokine,0.73838,anc2_45_L_unrelaxed_rank_008_alphafold2_model_4_seed_003.pdb
659,45,Chemokine,0.78157,anc2_45_L_unrelaxed_rank_009_alphafold2_model_4_seed_004.pdb
660,45,Chemokine,0.76481,anc2_45_L_unrelaxed_rank_010_alphafold2_model_5_seed_001.pdb
661,45,Chemokine,0.75834,anc2_45_L_unrelaxed_rank_011_alphafold2_model_5_seed_004.pdb
662,45,Chemokine,0.75175,anc2_45_L_unrelaxed_rank_012_alphafold2_model_5_seed_003.pdb
663,45,Dimer,0.51752,anc2_45_L_unrelaxed_rank_013_alphafold2_model_2_seed_004.pdb
664,45,Dimer,0.5197,anc2_45_L_unrelaxed_rank_014_alphafold2_model_2_seed_001.pdb
665,45,Dimer,0.52312,anc2_45_L_unrelaxed_rank_015_alphafold2_model_2_seed_000.pdb
666,45,Dimer,0.52635,anc2_45_L_unrelaxed_rank_016_alphafold2_model_1_seed_001.pdb
667,45,Dimer,0.52251,anc2_45_L_unrelaxed_rank_017_alphafold2_model_1_seed_002.pdb
668,45,Dimer,0.52054,anc2_45_L_unrelaxed_rank_018_alphafold2_model_3_seed_003.pdb
669,45,Dimer,0.51892,anc2_45_L_unrelaxed_rank_019_alphafold2_model_1_seed_000.pdb
670,45,Dimer,0.51507,anc2_45_L_unrelaxed_rank_020_alphafold2_model_1_seed_003.pdb
671,45,Dimer,0.51521,anc2_45_L_unrelaxed_rank_021_alphafold2_model_1_seed_004.pdb
672,45,Dimer,0.50484,anc2_45_L_unrelaxed_rank_022_alphafold2_model_3_seed_000.pdb
673,45,Dimer,0.50694,anc2_45_L_unrelaxed_rank_023_alphafold2_model_3_seed_001.pdb
674,45,Chemokine,0.65497,anc2_45_L_unrelaxed_rank_024_alphafold2_model_3_seed_004.pdb
675,45,Chemokine,0.76665,anc2_45_V_unrelaxed_rank_001_alphafold2_model_2_seed_002.pdb
676,45,Chemokine,0.77014,anc2_45_V_unrelaxed_rank_002_alphafold2_model_4_seed_004.pdb
677,45,Chemokine,0.76821,anc2_45_V_unrelaxed_rank_003_alphafold2_model_4_seed_002.pdb
678,45,Chemokine,0.77452,anc2_45_V_unrelaxed_rank_004_alphafold2_model_4_seed_003.pdb
679,45,Dimer,0.53278,anc2_45_V_unrelaxed_rank_005_alphafold2_model_2_seed_000.pdb
680,45,Chemokine,0.76261,anc2_45_V_unrelaxed_rank_006_alphafold2_model_5_seed_000.pdb
681,45,Chemokine,0.73989,anc2_45_V_unrelaxed_rank_007_alphafold2_model_2_seed_003.pdb
682,45,Chemokine,0.73527,anc2_45_V_unrelaxed_rank_008_alphafold2_model_4_seed_000.pdb
683,45,Chemokine,0.76917,anc2_45_V_unrelaxed_rank_009_alphafold2_model_5_seed_001.pdb
684,45,Chemokine,0.76644,anc2_45_V_unrelaxed_rank_010_alphafold2_model_5_seed_002.pdb
685,45,Chemokine,0.77552,anc2_45_V_unrelaxed_rank_011_alphafold2_model_5_seed_004.pdb
686,45,Dimer,0.5319,anc2_45_V_unrelaxed_rank_012_alphafold2_model_2_seed_004.pdb
687,45,Dimer,0.5348,anc2_45_V_unrelaxed_rank_013_alphafold2_model_2_seed_001.pdb
688,45,Chemokine,0.73463,anc2_45_V_unrelaxed_rank_014_alphafold2_model_5_seed_003.pdb
689,45,Dimer,0.55013,anc2_45_V_unrelaxed_rank_015_alphafold2_model_3_seed_004.pdb
690,45,Dimer,0.55008,anc2_45_V_unrelaxed_rank_016_alphafold2_model_3_seed_003.pdb
691,45,Dimer,0.54827,anc2_45_V_unrelaxed_rank_017_alphafold2_model_1_seed_001.pdb
692,45,Dimer,0.55797,anc2_45_V_unrelaxed_rank_018_alphafold2_model_3_seed_001.pdb
693,47,Chemokine,0.76691,anc2_47_I_unrelaxed_rank_001_alphafold2_model_3_seed_002.pdb
694,47,Chemokine,0.76024,anc2_47_I_unrelaxed_rank_002_alphafold2_model_3_seed_004.pdb
695,47,Chemokine,0.77065,anc2_47_I_unrelaxed_rank_003_alphafold2_model_3_seed_003.pdb
696,47,Chemokine,0.81091,anc2_47_I_unrelaxed_rank_004_alphafold2_model_2_seed_002.pdb
697,47,Chemokine,0.77086,anc2_47_I_unrelaxed_rank_005_alphafold2_model_3_seed_001.pdb
698,47,Chemokine,0.76086,anc2_47_I_unrelaxed_rank_006_alphafold2_model_3_seed_000.pdb
699,47,Chemokine,0.80691,anc2_47_I_unrelaxed_rank_007_alphafold2_model_2_seed_000.pdb
700,47,Chemokine,0.7738,anc2_47_I_unrelaxed_rank_008_alphafold2_model_1_seed_002.pdb
701,47,Chemokine,0.77256,anc2_47_I_unrelaxed_rank_009_alphafold2_model_1_seed_004.pdb
702,47,Chemokine,0.77353,anc2_47_I_unrelaxed_rank_010_alphafold2_model_1_seed_000.pdb
703,47,Chemokine,0.77206,anc2_47_I_unrelaxed_rank_011_alphafold2_model_1_seed_001.pdb
704,47,Chemokine,0.76932,anc2_47_I_unrelaxed_rank_012_alphafold2_model_1_seed_003.pdb
705,47,Chemokine,0.78951,anc2_47_I_unrelaxed_rank_013_alphafold2_model_2_seed_004.pdb
706,47,Chemokine,0.78733,anc2_47_I_unrelaxed_rank_014_alphafold2_model_2_seed_003.pdb
707,47,Chemokine,0.78343,anc2_47_I_unrelaxed_rank_015_alphafold2_model_2_seed_001.pdb
708,47,Chemokine,0.78245,anc2_47_I_unrelaxed_rank_016_alphafold2_model_4_seed_002.pdb
709,47,Chemokine,0.77896,anc2_47_I_unrelaxed_rank_017_alphafold2_model_4_seed_004.pdb
710,47,Chemokine,0.77366,anc2_47_I_unrelaxed_rank_018_alphafold2_model_4_seed_003.pdb
711,47,Chemokine,0.78182,anc2_47_I_unrelaxed_rank_019_alphafold2_model_4_seed_001.pdb
712,47,Chemokine,0.77572,anc2_47_I_unrelaxed_rank_020_alphafold2_model_4_seed_000.pdb
713,47,Chemokine,0.76825,anc2_47_I_unrelaxed_rank_021_alphafold2_model_5_seed_002.pdb
714,47,Chemokine,0.7676,anc2_47_I_unrelaxed_rank_022_alphafold2_model_5_seed_004.pdb
715,47,Chemokine,0.76806,anc2_47_I_unrelaxed_rank_023_alphafold2_model_5_seed_001.pdb
716,47,Chemokine,0.76855,anc2_47_I_unrelaxed_rank_024_alphafold2_model_5_seed_000.pdb
717,47,Chemokine,0.76866,anc2_47_I_unrelaxed_rank_025_alphafold2_model_5_seed_003.pdb
718,47,Chemokine,0.77462,anc2_47_L_unrelaxed_rank_001_alphafold2_model_3_seed_003.pdb
719,47,Chemokine,0.77435,anc2_47_L_unrelaxed_rank_002_alphafold2_model_3_seed_001.pdb
720,47,Chemokine,0.77464,anc2_47_L_unrelaxed_rank_003_alphafold2_model_3_seed_000.pdb
721,47,Chemokine,0.77303,anc2_47_L_unrelaxed_rank_004_alphafold2_model_3_seed_004.pdb
722,47,Chemokine,0.76404,anc2_47_L_unrelaxed_rank_005_alphafold2_model_3_seed_002.pdb
723,47,Chemokine,0.77514,anc2_47_L_unrelaxed_rank_006_alphafold2_model_1_seed_002.pdb
724,47,Chemokine,0.77298,anc2_47_L_unrelaxed_rank_007_alphafold2_model_1_seed_000.pdb
725,47,Chemokine,0.78272,anc2_47_L_unrelaxed_rank_008_alphafold2_model_2_seed_002.pdb
726,47,Chemokine,0.78701,anc2_47_L_unrelaxed_rank_009_alphafold2_model_2_seed_004.pdb
727,47,Chemokine,0.78573,anc2_47_L_unrelaxed_rank_010_alphafold2_model_2_seed_000.pdb
728,47,Chemokine,0.78204,anc2_47_L_unrelaxed_rank_011_alphafold2_model_2_seed_003.pdb
729,47,Chemokine,0.73617,anc2_47_L_unrelaxed_rank_012_alphafold2_model_1_seed_003.pdb
730,47,Chemokine,0.77909,anc2_47_L_unrelaxed_rank_013_alphafold2_model_2_seed_001.pdb
731,47,Chemokine,0.78827,anc2_47_L_unrelaxed_rank_014_alphafold2_model_4_seed_002.pdb
732,47,Chemokine,0.77953,anc2_47_L_unrelaxed_rank_015_alphafold2_model_4_seed_004.pdb
733,47,Chemokine,0.77607,anc2_47_L_unrelaxed_rank_016_alphafold2_model_4_seed_003.pdb
734,47,Chemokine,0.7799,anc2_47_L_unrelaxed_rank_017_alphafold2_model_4_seed_001.pdb
735,47,Chemokine,0.7397,anc2_47_L_unrelaxed_rank_018_alphafold2_model_1_seed_004.pdb
736,47,Chemokine,0.73501,anc2_47_L_unrelaxed_rank_019_alphafold2_model_1_seed_001.pdb
737,47,Chemokine,0.76655,anc2_47_L_unrelaxed_rank_020_alphafold2_model_4_seed_000.pdb
738,47,Chemokine,0.77112,anc2_47_L_unrelaxed_rank_021_alphafold2_model_5_seed_002.pdb
739,47,Chemokine,0.77767,anc2_47_L_unrelaxed_rank_022_alphafold2_model_5_seed_004.pdb
740,47,Chemokine,0.7758,anc2_47_L_unrelaxed_rank_023_alphafold2_model_5_seed_001.pdb
741,47,Chemokine,0.779,anc2_47_L_unrelaxed_rank_024_alphafold2_model_5_seed_003.pdb
742,47,Chemokine,0.77718,anc2_47_L_unrelaxed_rank_025_alphafold2_model_5_seed_000.pdb
743,47,Chemokine,0.773,anc2_47_M_unrelaxed_rank_001_alphafold2_model_3_seed_004.pdb
744,47,Chemokine,0.77179,anc2_47_M_unrelaxed_rank_002_alphafold2_model_3_seed_003.pdb
745,47,Chemokine,0.7828,anc2_47_M_unrelaxed_rank_003_alphafold2_model_3_seed_002.pdb
746,47,Chemokine,0.77215,anc2_47_M_unrelaxed_rank_004_alphafold2_model_3_seed_001.pdb
747,47,Chemokine,0.77392,anc2_47_M_unrelaxed_rank_005_alphafold2_model_3_seed_000.pdb
748,47,Chemokine,0.79321,anc2_47_M_unrelaxed_rank_006_alphafold2_model_2_seed_002.pdb
749,47,Chemokine,0.7771,anc2_47_M_unrelaxed_rank_007_alphafold2_model_1_seed_004.pdb
750,47,Chemokine,0.77901,anc2_47_M_unrelaxed_rank_008_alphafold2_model_1_seed_002.pdb
751,47,Chemokine,0.77619,anc2_47_M_unrelaxed_rank_009_alphafold2_model_1_seed_003.pdb
752,47,Chemokine,0.79206,anc2_47_M_unrelaxed_rank_010_alphafold2_model_2_seed_000.pdb
753,47,Chemokine,0.7759,anc2_47_M_unrelaxed_rank_011_alphafold2_model_1_seed_001.pdb
754,47,Chemokine,0.79208,anc2_47_M_unrelaxed_rank_012_alphafold2_model_2_seed_001.pdb
755,47,Chemokine,0.77545,anc2_47_M_unrelaxed_rank_013_alphafold2_model_1_seed_000.pdb
756,47,Chemokine,0.79136,anc2_47_M_unrelaxed_rank_014_alphafold2_model_2_seed_004.pdb
757,47,Chemokine,0.79023,anc2_47_M_unrelaxed_rank_015_alphafold2_model_2_seed_003.pdb
758,47,Chemokine,0.78373,anc2_47_M_unrelaxed_rank_016_alphafold2_model_4_seed_003.pdb
759,47,Chemokine,0.78431,anc2_47_M_unrelaxed_rank_017_alphafold2_model_4_seed_004.pdb
760,47,Chemokine,0.78341,anc2_47_M_unrelaxed_rank_018_alphafold2_model_4_seed_001.pdb
761,47,Chemokine,0.77948,anc2_47_M_unrelaxed_rank_019_alphafold2_model_4_seed_002.pdb
762,47,Chemokine,0.78257,anc2_47_M_unrelaxed_rank_020_alphafold2_model_4_seed_000.pdb
763,47,Chemokine,0.77622,anc2_47_M_unrelaxed_rank_021_alphafold2_model_5_seed_002.pdb
764,47,Chemokine,0.77171,anc2_47_M_unrelaxed_rank_022_alphafold2_model_5_seed_004.pdb
765,47,Chemokine,0.77274,anc2_47_M_unrelaxed_rank_023_alphafold2_model_5_seed_003.pdb
766,47,Chemokine,0.7713,anc2_47_M_unrelaxed_rank_024_alphafold2_model_5_seed_000.pdb
767,47,Chemokine,0.77104,anc2_47_M_unrelaxed_rank_025_alphafold2_model_5_seed_001.pdb
768,14,Chemokine,0.75956,anc2a_14_I_unrelaxed_rank_001_alphafold2_model_3_seed_003.pdb
769,14,Chemokine,0.759,anc2a_14_I_unrelaxed_rank_002_alphafold2_model_2_seed_001.pdb
770,14,Chemokine,0.76003,anc2a_14_I_unrelaxed_rank_003_alphafold2_model_3_seed_004.pdb
771,14,Chemokine,0.75886,anc2a_14_I_unrelaxed_rank_004_alphafold2_model_3_seed_001.pdb
772,14,Chemokine,0.75767,anc2a_14_I_unrelaxed_rank_005_alphafold2_model_1_seed_002.pdb
773,14,Chemokine,0.75845,anc2a_14_I_unrelaxed_rank_006_alphafold2_model_2_seed_002.pdb
774,14,Chemokine,0.75983,anc2a_14_I_unrelaxed_rank_007_alphafold2_model_2_seed_000.pdb
775,14,Chemokine,0.7625,anc2a_14_I_unrelaxed_rank_008_alphafold2_model_2_seed_003.pdb
776,14,Chemokine,0.75724,anc2a_14_I_unrelaxed_rank_009_alphafold2_model_1_seed_000.pdb
777,14,Chemokine,0.75888,anc2a_14_I_unrelaxed_rank_010_alphafold2_model_1_seed_004.pdb
778,14,Chemokine,0.75668,anc2a_14_I_unrelaxed_rank_011_alphafold2_model_1_seed_001.pdb
779,14,Chemokine,0.75856,anc2a_14_I_unrelaxed_rank_012_alphafold2_model_3_seed_000.pdb
780,14,Chemokine,0.75777,anc2a_14_I_unrelaxed_rank_013_alphafold2_model_3_seed_002.pdb
781,14,Chemokine,0.75986,anc2a_14_I_unrelaxed_rank_014_alphafold2_model_2_seed_004.pdb
782,14,Chemokine,0.75333,anc2a_14_I_unrelaxed_rank_015_alphafold2_model_1_seed_003.pdb
783,14,Chemokine,0.77335,anc2a_14_I_unrelaxed_rank_016_alphafold2_model_4_seed_002.pdb
784,14,Chemokine,0.77049,anc2a_14_I_unrelaxed_rank_017_alphafold2_model_4_seed_004.pdb
785,14,Chemokine,0.77441,anc2a_14_I_unrelaxed_rank_018_alphafold2_model_4_seed_003.pdb
786,14,Chemokine,0.77437,anc2a_14_I_unrelaxed_rank_019_alphafold2_model_4_seed_001.pdb
787,14,Chemokine,0.7742,anc2a_14_I_unrelaxed_rank_020_alphafold2_model_4_seed_000.pdb
788,14,Chemokine,0.76309,anc2a_14_I_unrelaxed_rank_021_alphafold2_model_5_seed_002.pdb
789,14,Chemokine,0.76328,anc2a_14_I_unrelaxed_rank_022_alphafold2_model_5_seed_001.pdb
790,14,Chemokine,0.76475,anc2a_14_I_unrelaxed_rank_023_alphafold2_model_5_seed_003.pdb
791,14,Chemokine,0.75873,anc2a_14_I_unrelaxed_rank_024_alphafold2_model_5_seed_004.pdb
792,14,Chemokine,0.76248,anc2a_14_I_unrelaxed_rank_025_alphafold2_model_5_seed_000.pdb
793,14,Chemokine,0.76274,anc2a_14_L_unrelaxed_rank_001_alphafold2_model_2_seed_003.pdb
794,14,Chemokine,0.75442,anc2a_14_L_unrelaxed_rank_002_alphafold2_model_2_seed_002.pdb
795,14,Chemokine,0.75746,anc2a_14_L_unrelaxed_rank_003_alphafold2_model_2_seed_004.pdb
796,14,Chemokine,0.75495,anc2a_14_L_unrelaxed_rank_004_alphafold2_model_2_seed_000.pdb
797,14,Chemokine,0.75519,anc2a_14_L_unrelaxed_rank_005_alphafold2_model_2_seed_001.pdb
798,14,Chemokine,0.75167,anc2a_14_L_unrelaxed_rank_006_alphafold2_model_1_seed_002.pdb
799,14,Chemokine,0.73875,anc2a_14_L_unrelaxed_rank_007_alphafold2_model_3_seed_004.pdb
800,14,Chemokine,0.75811,anc2a_14_L_unrelaxed_rank_008_alphafold2_model_1_seed_004.pdb
801,14,Chemokine,0.7376,anc2a_14_L_unrelaxed_rank_009_alphafold2_model_3_seed_002.pdb
802,14,Chemokine,0.75183,anc2a_14_L_unrelaxed_rank_010_alphafold2_model_1_seed_000.pdb
803,14,Chemokine,0.73718,anc2a_14_L_unrelaxed_rank_011_alphafold2_model_3_seed_001.pdb
804,14,Chemokine,0.73779,anc2a_14_L_unrelaxed_rank_012_alphafold2_model_3_seed_000.pdb
805,14,Chemokine,0.75198,anc2a_14_L_unrelaxed_rank_013_alphafold2_model_1_seed_003.pdb
806,14,Chemokine,0.74284,anc2a_14_L_unrelaxed_rank_014_alphafold2_model_3_seed_003.pdb
807,14,Chemokine,0.75783,anc2a_14_L_unrelaxed_rank_015_alphafold2_model_4_seed_002.pdb
808,14,Chemokine,0.75654,anc2a_14_L_unrelaxed_rank_016_alphafold2_model_4_seed_004.pdb
809,14,Chemokine,0.75952,anc2a_14_L_unrelaxed_rank_017_alphafold2_model_4_seed_001.pdb
810,14,Chemokine,0.75963,anc2a_14_L_unrelaxed_rank_018_alphafold2_model_4_seed_003.pdb
811,14,Chemokine,0.75366,anc2a_14_L_unrelaxed_rank_019_alphafold2_model_4_seed_000.pdb
812,14,Chemokine,0.76293,anc2a_14_L_unrelaxed_rank_020_alphafold2_model_5_seed_002.pdb
813,14,Chemokine,0.76115,anc2a_14_L_unrelaxed_rank_021_alphafold2_model_5_seed_004.pdb
814,14,Chemokine,0.76362,anc2a_14_L_unrelaxed_rank_022_alphafold2_model_5_seed_003.pdb
815,14,Chemokine,0.75928,anc2a_14_L_unrelaxed_rank_023_alphafold2_model_5_seed_001.pdb
816,14,Chemokine,0.75855,anc2a_14_L_unrelaxed_rank_024_alphafold2_model_5_seed_000.pdb
817,14,Chemokine,0.75693,anc2a_14_V_unrelaxed_rank_001_alphafold2_model_2_seed_002.pdb
818,14,Chemokine,0.75857,anc2a_14_V_unrelaxed_rank_002_alphafold2_model_2_seed_001.pdb
819,14,Chemokine,0.75696,anc2a_14_V_unrelaxed_rank_003_alphafold2_model_3_seed_004.pdb
820,14,Chemokine,0.7557,anc2a_14_V_unrelaxed_rank_004_alphafold2_model_3_seed_002.pdb
821,14,Chemokine,0.7563,anc2a_14_V_unrelaxed_rank_005_alphafold2_model_2_seed_004.pdb
822,14,Chemokine,0.75651,anc2a_14_V_unrelaxed_rank_006_alphafold2_model_2_seed_003.pdb
823,14,Chemokine,0.75671,anc2a_14_V_unrelaxed_rank_007_alphafold2_model_3_seed_000.pdb
824,14,Chemokine,0.75932,anc2a_14_V_unrelaxed_rank_008_alphafold2_model_3_seed_003.pdb
825,14,Chemokine,0.75585,anc2a_14_V_unrelaxed_rank_009_alphafold2_model_3_seed_001.pdb
826,14,Chemokine,0.75579,anc2a_14_V_unrelaxed_rank_010_alphafold2_model_2_seed_000.pdb
827,14,Chemokine,0.75302,anc2a_14_V_unrelaxed_rank_011_alphafold2_model_1_seed_003.pdb
828,14,Chemokine,0.75448,anc2a_14_V_unrelaxed_rank_012_alphafold2_model_1_seed_002.pdb
829,14,Chemokine,0.75547,anc2a_14_V_unrelaxed_rank_013_alphafold2_model_1_seed_004.pdb
830,14,Chemokine,0.75387,anc2a_14_V_unrelaxed_rank_014_alphafold2_model_1_seed_001.pdb
831,14,Chemokine,0.75271,anc2a_14_V_unrelaxed_rank_015_alphafold2_model_1_seed_000.pdb
832,14,Chemokine,0.76353,anc2a_14_V_unrelaxed_rank_016_alphafold2_model_4_seed_002.pdb
833,14,Chemokine,0.76298,anc2a_14_V_unrelaxed_rank_017_alphafold2_model_4_seed_003.pdb
834,14,Chemokine,0.76502,anc2a_14_V_unrelaxed_rank_018_alphafold2_model_4_seed_004.pdb
835,14,Chemokine,0.7611,anc2a_14_V_unrelaxed_rank_019_alphafold2_model_4_seed_001.pdb
836,14,Chemokine,0.76049,anc2a_14_V_unrelaxed_rank_020_alphafold2_model_4_seed_000.pdb
837,14,Chemokine,0.74916,anc2a_14_V_unrelaxed_rank_021_alphafold2_model_5_seed_002.pdb
838,14,Chemokine,0.75187,anc2a_14_V_unrelaxed_rank_022_alphafold2_model_5_seed_003.pdb
839,14,Chemokine,0.7517,anc2a_14_V_unrelaxed_rank_023_alphafold2_model_5_seed_004.pdb
840,14,Chemokine,0.75112,anc2a_14_V_unrelaxed_rank_024_alphafold2_model_5_seed_000.pdb
841,14,Chemokine,0.7596,anc2a_14_V_unrelaxed_rank_025_alphafold2_model_5_seed_001.pdb
842,36,Chemokine,0.77185,anc2a_36_A_unrelaxed_rank_001_alphafold2_model_3_seed_002.pdb
843,36,Chemokine,0.77303,anc2a_36_A_unrelaxed_rank_002_alphafold2_model_3_seed_004.pdb
844,36,Chemokine,0.7745,anc2a_36_A_unrelaxed_rank_003_alphafold2_model_3_seed_003.pdb
845,36,Chemokine,0.77131,anc2a_36_A_unrelaxed_rank_004_alphafold2_model_3_seed_001.pdb
846,36,Chemokine,0.76746,anc2a_36_A_unrelaxed_rank_005_alphafold2_model_2_seed_003.pdb
847,36,Chemokine,0.76804,anc2a_36_A_unrelaxed_rank_006_alphafold2_model_2_seed_004.pdb
848,36,Chemokine,0.77277,anc2a_36_A_unrelaxed_rank_007_alphafold2_model_3_seed_000.pdb
849,36,Chemokine,0.76791,anc2a_36_A_unrelaxed_rank_008_alphafold2_model_2_seed_002.pdb
850,36,Chemokine,0.76784,anc2a_36_A_unrelaxed_rank_009_alphafold2_model_2_seed_001.pdb
851,36,Chemokine,0.76169,anc2a_36_A_unrelaxed_rank_010_alphafold2_model_1_seed_004.pdb
852,36,Chemokine,0.76867,anc2a_36_A_unrelaxed_rank_011_alphafold2_model_2_seed_000.pdb
853,36,Chemokine,0.75839,anc2a_36_A_unrelaxed_rank_012_alphafold2_model_1_seed_003.pdb
854,36,Chemokine,0.76026,anc2a_36_A_unrelaxed_rank_013_alphafold2_model_1_seed_001.pdb
855,36,Chemokine,0.76085,anc2a_36_A_unrelaxed_rank_014_alphafold2_model_1_seed_000.pdb
856,36,Chemokine,0.76511,anc2a_36_A_unrelaxed_rank_015_alphafold2_model_1_seed_002.pdb
857,36,Chemokine,0.78217,anc2a_36_A_unrelaxed_rank_016_alphafold2_model_4_seed_003.pdb
858,36,Chemokine,0.78812,anc2a_36_A_unrelaxed_rank_017_alphafold2_model_4_seed_002.pdb
859,36,Chemokine,0.78238,anc2a_36_A_unrelaxed_rank_018_alphafold2_model_4_seed_000.pdb
860,36,Chemokine,0.78382,anc2a_36_A_unrelaxed_rank_019_alphafold2_model_4_seed_001.pdb
861,36,Chemokine,0.78503,anc2a_36_A_unrelaxed_rank_020_alphafold2_model_4_seed_004.pdb
862,36,Chemokine,0.767,anc2a_36_A_unrelaxed_rank_021_alphafold2_model_5_seed_002.pdb
863,36,Chemokine,0.77373,anc2a_36_A_unrelaxed_rank_022_alphafold2_model_5_seed_004.pdb
864,36,Chemokine,0.77424,anc2a_36_A_unrelaxed_rank_023_alphafold2_model_5_seed_001.pdb
865,36,Chemokine,0.77575,anc2a_36_A_unrelaxed_rank_024_alphafold2_model_5_seed_003.pdb
866,36,Chemokine,0.77342,anc2a_36_A_unrelaxed_rank_025_alphafold2_model_5_seed_000.pdb
867,36,Chemokine,0.76998,anc2a_36_G_unrelaxed_rank_001_alphafold2_model_3_seed_004.pdb
868,36,Chemokine,0.76912,anc2a_36_G_unrelaxed_rank_002_alphafold2_model_3_seed_002.pdb
869,36,Chemokine,0.76843,anc2a_36_G_unrelaxed_rank_003_alphafold2_model_3_seed_003.pdb
870,36,Chemokine,0.7687,anc2a_36_G_unrelaxed_rank_004_alphafold2_model_3_seed_001.pdb
871,36,Chemokine,0.77006,anc2a_36_G_unrelaxed_rank_005_alphafold2_model_3_seed_000.pdb
872,36,Chemokine,0.79266,anc2a_36_G_unrelaxed_rank_006_alphafold2_model_2_seed_004.pdb
873,36,Chemokine,0.79132,anc2a_36_G_unrelaxed_rank_007_alphafold2_model_2_seed_002.pdb
874,36,Chemokine,0.78349,anc2a_36_G_unrelaxed_rank_008_alphafold2_model_1_seed_004.pdb
875,36,Chemokine,0.78896,anc2a_36_G_unrelaxed_rank_009_alphafold2_model_2_seed_000.pdb
876,36,Chemokine,0.78981,anc2a_36_G_unrelaxed_rank_010_alphafold2_model_2_seed_003.pdb
877,36,Chemokine,0.78178,anc2a_36_G_unrelaxed_rank_011_alphafold2_model_1_seed_003.pdb
878,36,Chemokine,0.78764,anc2a_36_G_unrelaxed_rank_012_alphafold2_model_2_seed_001.pdb
879,36,Chemokine,0.78069,anc2a_36_G_unrelaxed_rank_013_alphafold2_model_1_seed_000.pdb
880,36,Chemokine,0.77973,anc2a_36_G_unrelaxed_rank_014_alphafold2_model_1_seed_001.pdb
881,36,Chemokine,0.77451,anc2a_36_G_unrelaxed_rank_015_alphafold2_model_1_seed_002.pdb
882,36,Chemokine,0.78857,anc2a_36_G_unrelaxed_rank_016_alphafold2_model_4_seed_003.pdb
883,36,Chemokine,0.79811,anc2a_36_G_unrelaxed_rank_017_alphafold2_model_4_seed_004.pdb
884,36,Chemokine,0.78805,anc2a_36_G_unrelaxed_rank_018_alphafold2_model_4_seed_000.pdb
885,36,Chemokine,0.79009,anc2a_36_G_unrelaxed_rank_019_alphafold2_model_4_seed_002.pdb
886,36,Chemokine,0.78656,anc2a_36_G_unrelaxed_rank_020_alphafold2_model_4_seed_001.pdb
887,36,Chemokine,0.77762,anc2a_36_G_unrelaxed_rank_021_alphafold2_model_5_seed_002.pdb
888,36,Chemokine,0.78257,anc2a_36_G_unrelaxed_rank_022_alphafold2_model_5_seed_003.pdb
889,36,Chemokine,0.77842,anc2a_36_G_unrelaxed_rank_023_alphafold2_model_5_seed_000.pdb
890,36,Chemokine,0.77835,anc2a_36_G_unrelaxed_rank_024_alphafold2_model_5_seed_004.pdb
891,36,Chemokine,0.7771,anc2a_36_G_unrelaxed_rank_025_alphafold2_model_5_seed_001.pdb
892,36,Chemokine,0.74927,anc2a_36_I_unrelaxed_rank_001_alphafold2_model_3_seed_002.pdb
893,36,Chemokine,0.74889,anc2a_36_I_unrelaxed_rank_002_alphafold2_model_3_seed_004.pdb
894,36,Chemokine,0.75135,anc2a_36_I_unrelaxed_rank_003_alphafold2_model_3_seed_001.pdb
895,36,Chemokine,0.74903,anc2a_36_I_unrelaxed_rank_004_alphafold2_model_3_seed_003.pdb
896,36,Chemokine,0.75598,anc2a_36_I_unrelaxed_rank_005_alphafold2_model_3_seed_000.pdb
897,36,Chemokine,0.74787,anc2a_36_I_unrelaxed_rank_006_alphafold2_model_1_seed_002.pdb
898,36,Chemokine,0.76274,anc2a_36_I_unrelaxed_rank_007_alphafold2_model_2_seed_002.pdb
899,36,Chemokine,0.75764,anc2a_36_I_unrelaxed_rank_008_alphafold2_model_2_seed_003.pdb
900,36,Chemokine,0.75626,anc2a_36_I_unrelaxed_rank_009_alphafold2_model_1_seed_003.pdb
901,36,Chemokine,0.75072,anc2a_36_I_unrelaxed_rank_010_alphafold2_model_5_seed_002.pdb
902,36,Chemokine,0.74996,anc2a_36_I_unrelaxed_rank_011_alphafold2_model_5_seed_004.pdb
903,36,Chemokine,0.75156,anc2a_36_I_unrelaxed_rank_012_alphafold2_model_5_seed_003.pdb
904,36,Chemokine,0.75039,anc2a_36_I_unrelaxed_rank_013_alphafold2_model_5_seed_001.pdb
905,36,Chemokine,0.74968,anc2a_36_I_unrelaxed_rank_014_alphafold2_model_5_seed_000.pdb
906,36,Chemokine,0.75803,anc2a_36_I_unrelaxed_rank_015_alphafold2_model_4_seed_002.pdb
907,36,Chemokine,0.75952,anc2a_36_I_unrelaxed_rank_016_alphafold2_model_4_seed_004.pdb
908,36,Chemokine,0.76085,anc2a_36_I_unrelaxed_rank_017_alphafold2_model_4_seed_003.pdb
909,36,Chemokine,0.75824,anc2a_36_I_unrelaxed_rank_018_alphafold2_model_4_seed_000.pdb
910,36,Chemokine,0.75725,anc2a_36_I_unrelaxed_rank_019_alphafold2_model_4_seed_001.pdb
911,40,Dimer,0.51795,anc2a_40_G_unrelaxed_rank_001_alphafold2_model_2_seed_004.pdb
912,40,Dimer,0.52562,anc2a_40_G_unrelaxed_rank_002_alphafold2_model_3_seed_001.pdb
913,40,Dimer,0.52608,anc2a_40_G_unrelaxed_rank_003_alphafold2_model_2_seed_001.pdb
914,40,Dimer,0.52194,anc2a_40_G_unrelaxed_rank_004_alphafold2_model_2_seed_003.pdb
915,40,Dimer,0.52276,anc2a_40_G_unrelaxed_rank_005_alphafold2_model_2_seed_002.pdb
916,40,Dimer,0.51912,anc2a_40_G_unrelaxed_rank_006_alphafold2_model_2_seed_000.pdb
917,40,Dimer,0.52522,anc2a_40_G_unrelaxed_rank_007_alphafold2_model_3_seed_000.pdb
918,40,Dimer,0.52575,anc2a_40_G_unrelaxed_rank_008_alphafold2_model_3_seed_003.pdb
919,40,Dimer,0.53534,anc2a_40_G_unrelaxed_rank_009_alphafold2_model_1_seed_004.pdb
920,40,Dimer,0.52459,anc2a_40_G_unrelaxed_rank_010_alphafold2_model_3_seed_004.pdb
921,40,Dimer,0.53417,anc2a_40_G_unrelaxed_rank_011_alphafold2_model_1_seed_001.pdb
922,40,Dimer,0.53652,anc2a_40_G_unrelaxed_rank_012_alphafold2_model_1_seed_003.pdb
923,40,Dimer,0.53247,anc2a_40_G_unrelaxed_rank_013_alphafold2_model_1_seed_000.pdb
924,40,Dimer,0.53616,anc2a_40_G_unrelaxed_rank_014_alphafold2_model_1_seed_002.pdb
925,40,Dimer,0.53112,anc2a_40_G_unrelaxed_rank_015_alphafold2_model_4_seed_001.pdb
926,40,Dimer,0.52879,anc2a_40_G_unrelaxed_rank_016_alphafold2_model_4_seed_003.pdb
927,40,Dimer,0.53,anc2a_40_G_unrelaxed_rank_017_alphafold2_model_4_seed_000.pdb
928,40,Dimer,0.53083,anc2a_40_G_unrelaxed_rank_018_alphafold2_model_4_seed_002.pdb
929,40,Dimer,0.53185,anc2a_40_G_unrelaxed_rank_019_alphafold2_model_4_seed_004.pdb
930,40,Chemokine,0.77017,anc2a_40_G_unrelaxed_rank_020_alphafold2_model_5_seed_002.pdb
931,40,Chemokine,0.77453,anc2a_40_G_unrelaxed_rank_021_alphafold2_model_5_seed_004.pdb
932,40,Chemokine,0.77541,anc2a_40_G_unrelaxed_rank_022_alphafold2_model_5_seed_003.pdb
933,40,Chemokine,0.75733,anc2a_40_G_unrelaxed_rank_023_alphafold2_model_5_seed_001.pdb
934,40,Chemokine,0.77422,anc2a_40_G_unrelaxed_rank_024_alphafold2_model_5_seed_000.pdb
935,40,Chemokine,0.7664,anc2a_40_I_unrelaxed_rank_001_alphafold2_model_2_seed_004.pdb
936,40,Chemokine,0.76607,anc2a_40_I_unrelaxed_rank_002_alphafold2_model_2_seed_003.pdb
937,40,Chemokine,0.76888,anc2a_40_I_unrelaxed_rank_003_alphafold2_model_2_seed_000.pdb
938,40,Chemokine,0.76552,anc2a_40_I_unrelaxed_rank_004_alphafold2_model_2_seed_002.pdb
939,40,Chemokine,0.75695,anc2a_40_I_unrelaxed_rank_005_alphafold2_model_1_seed_000.pdb
940,40,Chemokine,0.76599,anc2a_40_I_unrelaxed_rank_006_alphafold2_model_2_seed_001.pdb
941,40,Chemokine,0.76166,anc2a_40_I_unrelaxed_rank_007_alphafold2_model_1_seed_004.pdb
942,40,Chemokine,0.75785,anc2a_40_I_unrelaxed_rank_008_alphafold2_model_1_seed_002.pdb
943,40,Chemokine,0.77044,anc2a_40_I_unrelaxed_rank_009_alphafold2_model_5_seed_004.pdb
944,40,Chemokine,0.76958,anc2a_40_I_unrelaxed_rank_010_alphafold2_model_5_seed_001.pdb
945,40,Chemokine,0.77136,anc2a_40_I_unrelaxed_rank_011_alphafold2_model_5_seed_003.pdb
946,40,Chemokine,0.76832,anc2a_40_I_unrelaxed_rank_012_alphafold2_model_5_seed_000.pdb
947,40,Chemokine,0.7634,anc2a_40_I_unrelaxed_rank_013_alphafold2_model_5_seed_002.pdb
948,40,Chemokine,0.7096,anc2a_40_I_unrelaxed_rank_014_alphafold2_model_1_seed_003.pdb
949,40,Chemokine,0.71336,anc2a_40_I_unrelaxed_rank_015_alphafold2_model_1_seed_001.pdb
950,40,Chemokine,0.67704,anc2a_40_I_unrelaxed_rank_016_alphafold2_model_3_seed_003.pdb
951,40,Chemokine,0.67772,anc2a_40_I_unrelaxed_rank_017_alphafold2_model_3_seed_004.pdb
952,40,Chemokine,0.67459,anc2a_40_I_unrelaxed_rank_018_alphafold2_model_3_seed_002.pdb
953,40,Chemokine,0.67909,anc2a_40_I_unrelaxed_rank_019_alphafold2_model_3_seed_000.pdb
954,40,Chemokine,0.67824,anc2a_40_I_unrelaxed_rank_020_alphafold2_model_3_seed_001.pdb
955,40,Chemokine,0.70373,anc2a_40_I_unrelaxed_rank_021_alphafold2_model_4_seed_004.pdb
956,40,Chemokine,0.70142,anc2a_40_I_unrelaxed_rank_022_alphafold2_model_4_seed_000.pdb
957,40,Chemokine,0.70324,anc2a_40_I_unrelaxed_rank_023_alphafold2_model_4_seed_003.pdb
958,40,Chemokine,0.69852,anc2a_40_I_unrelaxed_rank_024_alphafold2_model_4_seed_002.pdb
959,40,Chemokine,0.70435,anc2a_40_I_unrelaxed_rank_025_alphafold2_model_4_seed_001.pdb
960,40,Chemokine,0.76983,anc2a_40_V_unrelaxed_rank_001_alphafold2_model_2_seed_004.pdb
961,40,Chemokine,0.76912,anc2a_40_V_unrelaxed_rank_002_alphafold2_model_2_seed_002.pdb
962,40,Chemokine,0.77315,anc2a_40_V_unrelaxed_rank_003_alphafold2_model_2_seed_003.pdb
963,40,Chemokine,0.77365,anc2a_40_V_unrelaxed_rank_004_alphafold2_model_2_seed_000.pdb
964,40,Chemokine,0.75854,anc2a_40_V_unrelaxed_rank_005_alphafold2_model_1_seed_004.pdb
965,40,Chemokine,0.77094,anc2a_40_V_unrelaxed_rank_006_alphafold2_model_2_seed_001.pdb
966,40,Chemokine,0.75941,anc2a_40_V_unrelaxed_rank_007_alphafold2_model_1_seed_002.pdb
967,40,Chemokine,0.75852,anc2a_40_V_unrelaxed_rank_008_alphafold2_model_1_seed_000.pdb
968,40,Chemokine,0.77041,anc2a_40_V_unrelaxed_rank_009_alphafold2_model_5_seed_002.pdb
969,40,Chemokine,0.77417,anc2a_40_V_unrelaxed_rank_010_alphafold2_model_5_seed_004.pdb
970,40,Chemokine,0.77456,anc2a_40_V_unrelaxed_rank_011_alphafold2_model_5_seed_003.pdb
971,40,Chemokine,0.77642,anc2a_40_V_unrelaxed_rank_012_alphafold2_model_5_seed_001.pdb
972,40,Chemokine,0.77318,anc2a_40_V_unrelaxed_rank_013_alphafold2_model_5_seed_000.pdb
973,40,Chemokine,0.70976,anc2a_40_V_unrelaxed_rank_014_alphafold2_model_1_seed_001.pdb
974,40,Chemokine,0.70884,anc2a_40_V_unrelaxed_rank_015_alphafold2_model_1_seed_003.pdb
975,40,Chemokine,0.66762,anc2a_40_V_unrelaxed_rank_016_alphafold2_model_3_seed_002.pdb
976,40,Chemokine,0.66959,anc2a_40_V_unrelaxed_rank_017_alphafold2_model_3_seed_004.pdb
977,40,Chemokine,0.70023,anc2a_40_V_unrelaxed_rank_018_alphafold2_model_4_seed_003.pdb
978,40,Chemokine,0.66965,anc2a_40_V_unrelaxed_rank_019_alphafold2_model_3_seed_003.pdb
979,40,Chemokine,0.67115,anc2a_40_V_unrelaxed_rank_020_alphafold2_model_3_seed_000.pdb
980,40,Chemokine,0.67018,anc2a_40_V_unrelaxed_rank_021_alphafold2_model_3_seed_001.pdb
981,40,Chemokine,0.70126,anc2a_40_V_unrelaxed_rank_022_alphafold2_model_4_seed_004.pdb
982,40,Chemokine,0.70041,anc2a_40_V_unrelaxed_rank_023_alphafold2_model_4_seed_002.pdb
983,40,Chemokine,0.7022,anc2a_40_V_unrelaxed_rank_024_alphafold2_model_4_seed_001.pdb
984,40,Chemokine,0.70024,anc2a_40_V_unrelaxed_rank_025_alphafold2_model_4_seed_000.pdb
985,45,Dimer,0.54785,anc2a_45_I_unrelaxed_rank_001_alphafold2_model_3_seed_001.pdb
986,45,Dimer,0.53509,anc2a_45_I_unrelaxed_rank_002_alphafold2_model_2_seed_003.pdb
987,45,Dimer,0.54576,anc2a_45_I_unrelaxed_rank_003_alphafold2_model_3_seed_003.pdb
988,45,Dimer,0.53172,anc2a_45_I_unrelaxed_rank_004_alphafold2_model_2_seed_002.pdb
989,45,Dimer,0.54653,anc2a_45_I_unrelaxed_rank_005_alphafold2_model_3_seed_004.pdb
990,45,Dimer,0.5322,anc2a_45_I_unrelaxed_rank_006_alphafold2_model_2_seed_004.pdb
991,45,Dimer,0.53167,anc2a_45_I_unrelaxed_rank_007_alphafold2_model_2_seed_001.pdb
992,45,Dimer,0.54889,anc2a_45_I_unrelaxed_rank_008_alphafold2_model_1_seed_001.pdb
993,45,Dimer,0.53098,anc2a_45_I_unrelaxed_rank_009_alphafold2_model_2_seed_000.pdb
994,45,Dimer,0.54799,anc2a_45_I_unrelaxed_rank_010_alphafold2_model_1_seed_004.pdb
995,45,Dimer,0.54889,anc2a_45_I_unrelaxed_rank_011_alphafold2_model_1_seed_000.pdb
996,45,Dimer,0.54591,anc2a_45_I_unrelaxed_rank_012_alphafold2_model_3_seed_000.pdb
997,45,Dimer,0.53795,anc2a_45_I_unrelaxed_rank_013_alphafold2_model_1_seed_002.pdb
998,45,Dimer,0.53136,anc2a_45_I_unrelaxed_rank_014_alphafold2_model_1_seed_003.pdb
999,45,Dimer,0.53279,anc2a_45_I_unrelaxed_rank_015_alphafold2_model_3_seed_002.pdb
1000,45,Chemokine,0.73583,anc2a_45_I_unrelaxed_rank_016_alphafold2_model_5_seed_002.pdb
1001,45,Chemokine,0.76331,anc2a_45_I_unrelaxed_rank_017_alphafold2_model_5_seed_000.pdb
1002,45,Chemokine,0.72902,anc2a_45_I_unrelaxed_rank_018_alphafold2_model_5_seed_001.pdb
1003,45,Chemokine,0.74714,anc2a_45_I_unrelaxed_rank_019_alphafold2_model_4_seed_000.pdb
1004,45,Chemokine,0.73352,anc2a_45_I_unrelaxed_rank_020_alphafold2_model_5_seed_003.pdb
1005,45,Chemokine,0.75556,anc2a_45_I_unrelaxed_rank_021_alphafold2_model_5_seed_004.pdb
1006,45,Dimer,0.5428,anc2a_45_I_unrelaxed_rank_022_alphafold2_model_4_seed_001.pdb
1007,45,Dimer,0.54205,anc2a_45_I_unrelaxed_rank_023_alphafold2_model_4_seed_004.pdb
1008,45,Dimer,0.51925,anc2a_45_L_unrelaxed_rank_001_alphafold2_model_3_seed_003.pdb
1009,45,Dimer,0.52231,anc2a_45_L_unrelaxed_rank_002_alphafold2_model_3_seed_001.pdb
1010,45,Dimer,0.5176,anc2a_45_L_unrelaxed_rank_003_alphafold2_model_2_seed_004.pdb
1011,45,Dimer,0.51376,anc2a_45_L_unrelaxed_rank_004_alphafold2_model_2_seed_001.pdb
1012,45,Dimer,0.5208,anc2a_45_L_unrelaxed_rank_005_alphafold2_model_1_seed_001.pdb
1013,45,Dimer,0.51903,anc2a_45_L_unrelaxed_rank_006_alphafold2_model_2_seed_000.pdb
1014,45,Chemokine,0.78596,anc2a_45_L_unrelaxed_rank_007_alphafold2_model_4_seed_000.pdb
1015,45,Chemokine,0.77607,anc2a_45_L_unrelaxed_rank_008_alphafold2_model_4_seed_003.pdb
1016,45,Dimer,0.51523,anc2a_45_L_unrelaxed_rank_009_alphafold2_model_1_seed_004.pdb
1017,45,Chemokine,0.77935,anc2a_45_L_unrelaxed_rank_010_alphafold2_model_4_seed_002.pdb
1018,45,Chemokine,0.76507,anc2a_45_L_unrelaxed_rank_011_alphafold2_model_5_seed_002.pdb
1019,45,Dimer,0.51423,anc2a_45_L_unrelaxed_rank_012_alphafold2_model_1_seed_000.pdb
1020,45,Dimer,0.51031,anc2a_45_L_unrelaxed_rank_013_alphafold2_model_3_seed_004.pdb
1021,45,Chemokine,0.76705,anc2a_45_L_unrelaxed_rank_014_alphafold2_model_2_seed_003.pdb
1022,45,Chemokine,0.75576,anc2a_45_L_unrelaxed_rank_015_alphafold2_model_5_seed_000.pdb
1023,45,Chemokine,0.75927,anc2a_45_L_unrelaxed_rank_016_alphafold2_model_4_seed_004.pdb
1024,45,Chemokine,0.75718,anc2a_45_L_unrelaxed_rank_017_alphafold2_model_5_seed_003.pdb
1025,45,Chemokine,0.76238,anc2a_45_L_unrelaxed_rank_018_alphafold2_model_5_seed_004.pdb
1026,45,Chemokine,0.74077,anc2a_45_L_unrelaxed_rank_019_alphafold2_model_2_seed_002.pdb
1027,45,Dimer,0.51125,anc2a_45_L_unrelaxed_rank_020_alphafold2_model_1_seed_002.pdb
1028,45,Dimer,0.51133,anc2a_45_L_unrelaxed_rank_021_alphafold2_model_3_seed_000.pdb
1029,45,Chemokine,0.75282,anc2a_45_L_unrelaxed_rank_022_alphafold2_model_5_seed_001.pdb
1030,45,Dimer,0.50984,anc2a_45_L_unrelaxed_rank_023_alphafold2_model_1_seed_003.pdb
1031,45,Chemokine,0.73684,anc2a_45_L_unrelaxed_rank_024_alphafold2_model_4_seed_001.pdb
1032,45,Dimer,0.5479,anc2a_45_V_unrelaxed_rank_001_alphafold2_model_1_seed_001.pdb
1033,45,Dimer,0.52901,anc2a_45_V_unrelaxed_rank_002_alphafold2_model_2_seed_001.pdb
1034,45,Dimer,0.52601,anc2a_45_V_unrelaxed_rank_003_alphafold2_model_2_seed_000.pdb
1035,45,Dimer,0.52285,anc2a_45_V_unrelaxed_rank_004_alphafold2_model_2_seed_004.pdb
1036,45,Chemokine,0.76305,anc2a_45_V_unrelaxed_rank_005_alphafold2_model_2_seed_002.pdb
1037,45,Dimer,0.55024,anc2a_45_V_unrelaxed_rank_006_alphafold2_model_3_seed_004.pdb
1038,45,Chemokine,0.76928,anc2a_45_V_unrelaxed_rank_007_alphafold2_model_2_seed_003.pdb
1039,45,Chemokine,0.77694,anc2a_45_V_unrelaxed_rank_008_alphafold2_model_4_seed_004.pdb
1040,45,Dimer,0.53432,anc2a_45_V_unrelaxed_rank_009_alphafold2_model_1_seed_004.pdb
1041,45,Chemokine,0.76873,anc2a_45_V_unrelaxed_rank_010_alphafold2_model_4_seed_002.pdb
1042,45,Dimer,0.54722,anc2a_45_V_unrelaxed_rank_011_alphafold2_model_3_seed_001.pdb
1043,45,Chemokine,0.77669,anc2a_45_V_unrelaxed_rank_012_alphafold2_model_4_seed_000.pdb
1044,45,Chemokine,0.77219,anc2a_45_V_unrelaxed_rank_013_alphafold2_model_4_seed_003.pdb
1045,45,Dimer,0.54193,anc2a_45_V_unrelaxed_rank_014_alphafold2_model_1_seed_000.pdb
1046,45,Dimer,0.53742,anc2a_45_V_unrelaxed_rank_015_alphafold2_model_3_seed_003.pdb
1047,45,Chemokine,0.76494,anc2a_45_V_unrelaxed_rank_016_alphafold2_model_5_seed_003.pdb
1048,45,Chemokine,0.73263,anc2a_45_V_unrelaxed_rank_017_alphafold2_model_5_seed_004.pdb
1049,45,Chemokine,0.75914,anc2a_45_V_unrelaxed_rank_018_alphafold2_model_5_seed_001.pdb
1050,45,Chemokine,0.73757,anc2a_45_V_unrelaxed_rank_019_alphafold2_model_5_seed_002.pdb
1051,45,Dimer,0.52705,anc2a_45_V_unrelaxed_rank_020_alphafold2_model_3_seed_002.pdb
1052,45,Chemokine,0.73066,anc2a_45_V_unrelaxed_rank_021_alphafold2_model_5_seed_000.pdb
1053,45,Dimer,0.5292,anc2a_45_V_unrelaxed_rank_022_alphafold2_model_1_seed_002.pdb
1054,47,Chemokine,0.77185,anc2a_47_I_unrelaxed_rank_001_alphafold2_model_3_seed_002.pdb
1055,47,Chemokine,0.77303,anc2a_47_I_unrelaxed_rank_002_alphafold2_model_3_seed_004.pdb
1056,47,Chemokine,0.7745,anc2a_47_I_unrelaxed_rank_003_alphafold2_model_3_seed_003.pdb
1057,47,Chemokine,0.77131,anc2a_47_I_unrelaxed_rank_004_alphafold2_model_3_seed_001.pdb
1058,47,Chemokine,0.76746,anc2a_47_I_unrelaxed_rank_005_alphafold2_model_2_seed_003.pdb
1059,47,Chemokine,0.76804,anc2a_47_I_unrelaxed_rank_006_alphafold2_model_2_seed_004.pdb
1060,47,Chemokine,0.77277,anc2a_47_I_unrelaxed_rank_007_alphafold2_model_3_seed_000.pdb
1061,47,Chemokine,0.76791,anc2a_47_I_unrelaxed_rank_008_alphafold2_model_2_seed_002.pdb
1062,47,Chemokine,0.76784,anc2a_47_I_unrelaxed_rank_009_alphafold2_model_2_seed_001.pdb
1063,47,Chemokine,0.76169,anc2a_47_I_unrelaxed_rank_010_alphafold2_model_1_seed_004.pdb
1064,47,Chemokine,0.76867,anc2a_47_I_unrelaxed_rank_011_alphafold2_model_2_seed_000.pdb
1065,47,Chemokine,0.75839,anc2a_47_I_unrelaxed_rank_012_alphafold2_model_1_seed_003.pdb
1066,47,Chemokine,0.76026,anc2a_47_I_unrelaxed_rank_013_alphafold2_model_1_seed_001.pdb
1067,47,Chemokine,0.76085,anc2a_47_I_unrelaxed_rank_014_alphafold2_model_1_seed_000.pdb
1068,47,Chemokine,0.76511,anc2a_47_I_unrelaxed_rank_015_alphafold2_model_1_seed_002.pdb
1069,47,Chemokine,0.78217,anc2a_47_I_unrelaxed_rank_016_alphafold2_model_4_seed_003.pdb
1070,47,Chemokine,0.78812,anc2a_47_I_unrelaxed_rank_017_alphafold2_model_4_seed_002.pdb
1071,47,Chemokine,0.78238,anc2a_47_I_unrelaxed_rank_018_alphafold2_model_4_seed_000.pdb
1072,47,Chemokine,0.78382,anc2a_47_I_unrelaxed_rank_019_alphafold2_model_4_seed_001.pdb
1073,47,Chemokine,0.78503,anc2a_47_I_unrelaxed_rank_020_alphafold2_model_4_seed_004.pdb
1074,47,Chemokine,0.767,anc2a_47_I_unrelaxed_rank_021_alphafold2_model_5_seed_002.pdb
1075,47,Chemokine,0.77373,anc2a_47_I_unrelaxed_rank_022_alphafold2_model_5_seed_004.pdb
1076,47,Chemokine,0.77424,anc2a_47_I_unrelaxed_rank_023_alphafold2_model_5_seed_001.pdb
1077,47,Chemokine,0.77575,anc2a_47_I_unrelaxed_rank_024_alphafold2_model_5_seed_003.pdb
1078,47,Chemokine,0.77342,anc2a_47_I_unrelaxed_rank_025_alphafold2_model_5_seed_000.pdb
1079,47,Chemokine,0.78464,anc2a_47_L_unrelaxed_rank_001_alphafold2_model_3_seed_002.pdb
1080,47,Chemokine,0.78581,anc2a_47_L_unrelaxed_rank_002_alphafold2_model_3_seed_004.pdb
1081,47,Chemokine,0.78746,anc2a_47_L_unrelaxed_rank_003_alphafold2_model_3_seed_003.pdb
1082,47,Chemokine,0.77403,anc2a_47_L_unrelaxed_rank_004_alphafold2_model_2_seed_003.pdb
1083,47,Chemokine,0.78565,anc2a_47_L_unrelaxed_rank_005_alphafold2_model_3_seed_001.pdb
1084,47,Chemokine,0.77073,anc2a_47_L_unrelaxed_rank_006_alphafold2_model_2_seed_004.pdb
1085,47,Chemokine,0.78558,anc2a_47_L_unrelaxed_rank_007_alphafold2_model_3_seed_000.pdb
1086,47,Chemokine,0.77176,anc2a_47_L_unrelaxed_rank_008_alphafold2_model_2_seed_002.pdb
1087,47,Chemokine,0.77087,anc2a_47_L_unrelaxed_rank_009_alphafold2_model_2_seed_000.pdb
1088,47,Chemokine,0.75927,anc2a_47_L_unrelaxed_rank_010_alphafold2_model_1_seed_002.pdb
1089,47,Chemokine,0.76114,anc2a_47_L_unrelaxed_rank_011_alphafold2_model_1_seed_001.pdb
1090,47,Chemokine,0.76346,anc2a_47_L_unrelaxed_rank_012_alphafold2_model_1_seed_004.pdb
1091,47,Chemokine,0.76071,anc2a_47_L_unrelaxed_rank_013_alphafold2_model_1_seed_000.pdb
1092,47,Chemokine,0.77229,anc2a_47_L_unrelaxed_rank_014_alphafold2_model_2_seed_001.pdb
1093,47,Chemokine,0.76256,anc2a_47_L_unrelaxed_rank_015_alphafold2_model_1_seed_003.pdb
1094,47,Chemokine,0.78292,anc2a_47_L_unrelaxed_rank_016_alphafold2_model_4_seed_003.pdb
1095,47,Chemokine,0.78909,anc2a_47_L_unrelaxed_rank_017_alphafold2_model_4_seed_004.pdb
1096,47,Chemokine,0.78129,anc2a_47_L_unrelaxed_rank_018_alphafold2_model_4_seed_001.pdb
1097,47,Chemokine,0.78877,anc2a_47_L_unrelaxed_rank_019_alphafold2_model_4_seed_002.pdb
1098,47,Chemokine,0.78413,anc2a_47_L_unrelaxed_rank_020_alphafold2_model_4_seed_000.pdb
1099,47,Chemokine,0.76871,anc2a_47_L_unrelaxed_rank_021_alphafold2_model_5_seed_002.pdb
1100,47,Chemokine,0.76708,anc2a_47_L_unrelaxed_rank_022_alphafold2_model_5_seed_004.pdb
1101,47,Chemokine,0.71388,anc2a_47_L_unrelaxed_rank_023_alphafold2_model_5_seed_000.pdb
1102,47,Chemokine,0.77446,anc2a_47_L_unrelaxed_rank_024_alphafold2_model_5_seed_003.pdb
1103,47,Chemokine,0.74642,anc2a_47_L_unrelaxed_rank_025_alphafold2_model_5_seed_001.pdb
1104,47,Chemokine,0.77852,anc2a_47_M_unrelaxed_rank_001_alphafold2_model_3_seed_003.pdb
1105,47,Chemokine,0.77678,anc2a_47_M_unrelaxed_rank_002_alphafold2_model_3_seed_001.pdb
1106,47,Chemokine,0.77991,anc2a_47_M_unrelaxed_rank_003_alphafold2_model_3_seed_004.pdb
1107,47,Chemokine,0.77159,anc2a_47_M_unrelaxed_rank_004_alphafold2_model_3_seed_002.pdb
1108,47,Chemokine,0.77957,anc2a_47_M_unrelaxed_rank_005_alphafold2_model_3_seed_000.pdb
1109,47,Chemokine,0.7724,anc2a_47_M_unrelaxed_rank_006_alphafold2_model_2_seed_002.pdb
1110,47,Chemokine,0.77498,anc2a_47_M_unrelaxed_rank_007_alphafold2_model_2_seed_004.pdb
1111,47,Chemokine,0.77256,anc2a_47_M_unrelaxed_rank_008_alphafold2_model_2_seed_001.pdb
1112,47,Chemokine,0.77379,anc2a_47_M_unrelaxed_rank_009_alphafold2_model_2_seed_003.pdb
1113,47,Chemokine,0.77303,anc2a_47_M_unrelaxed_rank_010_alphafold2_model_2_seed_000.pdb
1114,47,Chemokine,0.76313,anc2a_47_M_unrelaxed_rank_011_alphafold2_model_1_seed_001.pdb
1115,47,Chemokine,0.7651,anc2a_47_M_unrelaxed_rank_012_alphafold2_model_1_seed_002.pdb
1116,47,Chemokine,0.7618,anc2a_47_M_unrelaxed_rank_013_alphafold2_model_1_seed_000.pdb
1117,47,Chemokine,0.76611,anc2a_47_M_unrelaxed_rank_014_alphafold2_model_1_seed_003.pdb
1118,47,Chemokine,0.7666,anc2a_47_M_unrelaxed_rank_015_alphafold2_model_1_seed_004.pdb
1119,47,Chemokine,0.78852,anc2a_47_M_unrelaxed_rank_016_alphafold2_model_4_seed_004.pdb
1120,47,Chemokine,0.78909,anc2a_47_M_unrelaxed_rank_017_alphafold2_model_4_seed_003.pdb
1121,47,Chemokine,0.78756,anc2a_47_M_unrelaxed_rank_018_alphafold2_model_4_seed_002.pdb
1122,47,Chemokine,0.78875,anc2a_47_M_unrelaxed_rank_019_alphafold2_model_4_seed_001.pdb
1123,47,Chemokine,0.78799,anc2a_47_M_unrelaxed_rank_020_alphafold2_model_4_seed_000.pdb
1124,47,Chemokine,0.76881,anc2a_47_M_unrelaxed_rank_021_alphafold2_model_5_seed_004.pdb
1125,47,Chemokine,0.7678,anc2a_47_M_unrelaxed_rank_022_alphafold2_model_5_seed_002.pdb
1126,47,Chemokine,0.76935,anc2a_47_M_unrelaxed_rank_023_alphafold2_model_5_seed_003.pdb
1127,47,Chemokine,0.76887,anc2a_47_M_unrelaxed_rank_024_alphafold2_model_5_seed_001.pdb
1128,47,Chemokine,0.76988,anc2a_47_M_unrelaxed_rank_025_alphafold2_model_5_seed_000.pdb
1129,I,Chemokine,0.76554,anc2a_I_unrelaxed_rank_001_alphafold2_model_3_seed_002.pdb
1130,I,Chemokine,0.76496,anc2a_I_unrelaxed_rank_002_alphafold2_model_3_seed_004.pdb
1131,I,Chemokine,0.76227,anc2a_I_unrelaxed_rank_003_alphafold2_model_3_seed_001.pdb
1132,I,Chemokine,0.76778,anc2a_I_unrelaxed_rank_004_alphafold2_model_2_seed_004.pdb
1133,I,Chemokine,0.77517,anc2a_I_unrelaxed_rank_005_alphafold2_model_3_seed_003.pdb
1134,I,Chemokine,0.76421,anc2a_I_unrelaxed_rank_006_alphafold2_model_3_seed_000.pdb
1135,I,Chemokine,0.76921,anc2a_I_unrelaxed_rank_007_alphafold2_model_2_seed_002.pdb
1136,I,Chemokine,0.7672,anc2a_I_unrelaxed_rank_008_alphafold2_model_2_seed_003.pdb
1137,I,Chemokine,0.76862,anc2a_I_unrelaxed_rank_009_alphafold2_model_2_seed_000.pdb
1138,I,Chemokine,0.76734,anc2a_I_unrelaxed_rank_010_alphafold2_model_2_seed_001.pdb
1139,I,Chemokine,0.76387,anc2a_I_unrelaxed_rank_011_alphafold2_model_1_seed_001.pdb
1140,I,Chemokine,0.76899,anc2a_I_unrelaxed_rank_012_alphafold2_model_1_seed_002.pdb
1141,I,Chemokine,0.76283,anc2a_I_unrelaxed_rank_013_alphafold2_model_1_seed_000.pdb
1142,I,Chemokine,0.76819,anc2a_I_unrelaxed_rank_014_alphafold2_model_1_seed_004.pdb
1143,I,Chemokine,0.76452,anc2a_I_unrelaxed_rank_015_alphafold2_model_1_seed_003.pdb
1144,I,Chemokine,0.78415,anc2a_I_unrelaxed_rank_016_alphafold2_model_4_seed_003.pdb
1145,I,Chemokine,0.7945,anc2a_I_unrelaxed_rank_017_alphafold2_model_4_seed_002.pdb
1146,I,Chemokine,0.78527,anc2a_I_unrelaxed_rank_018_alphafold2_model_4_seed_001.pdb
1147,I,Chemokine,0.78322,anc2a_I_unrelaxed_rank_019_alphafold2_model_4_seed_000.pdb
1148,I,Chemokine,0.7919,anc2a_I_unrelaxed_rank_020_alphafold2_model_4_seed_004.pdb
1149,I,Chemokine,0.77156,anc2a_I_unrelaxed_rank_021_alphafold2_model_5_seed_002.pdb
1150,I,Chemokine,0.77247,anc2a_I_unrelaxed_rank_022_alphafold2_model_5_seed_003.pdb
1151,I,Chemokine,0.76826,anc2a_I_unrelaxed_rank_023_alphafold2_model_5_seed_004.pdb
1152,I,Chemokine,0.77107,anc2a_I_unrelaxed_rank_024_alphafold2_model_5_seed_001.pdb
1153,I,Chemokine,0.77017,anc2a_I_unrelaxed_rank_025_alphafold2_model_5_seed_000.pdb
1154,L,Chemokine,0.77407,anc2a_L_unrelaxed_rank_001_alphafold2_model_3_seed_001.pdb
1155,L,Chemokine,0.77806,anc2a_L_unrelaxed_rank_002_alphafold2_model_2_seed_003.pdb
1156,L,Chemokine,0.77395,anc2a_L_unrelaxed_rank_003_alphafold2_model_3_seed_004.pdb
1157,L,Chemokine,0.78303,anc2a_L_unrelaxed_rank_004_alphafold2_model_2_seed_004.pdb
1158,L,Chemokine,0.7761,anc2a_L_unrelaxed_rank_005_alphafold2_model_2_seed_001.pdb
1159,L,Chemokine,0.78284,anc2a_L_unrelaxed_rank_006_alphafold2_model_2_seed_002.pdb
1160,L,Chemokine,0.76992,anc2a_L_unrelaxed_rank_007_alphafold2_model_3_seed_002.pdb
1161,L,Chemokine,0.78272,anc2a_L_unrelaxed_rank_008_alphafold2_model_2_seed_000.pdb
1162,L,Chemokine,0.77099,anc2a_L_unrelaxed_rank_009_alphafold2_model_3_seed_000.pdb
1163,L,Chemokine,0.774,anc2a_L_unrelaxed_rank_010_alphafold2_model_1_seed_001.pdb
1164,L,Chemokine,0.77506,anc2a_L_unrelaxed_rank_011_alphafold2_model_1_seed_002.pdb
1165,L,Chemokine,0.77293,anc2a_L_unrelaxed_rank_012_alphafold2_model_1_seed_000.pdb
1166,L,Chemokine,0.77246,anc2a_L_unrelaxed_rank_013_alphafold2_model_1_seed_003.pdb
1167,L,Chemokine,0.77531,anc2a_L_unrelaxed_rank_014_alphafold2_model_1_seed_004.pdb
1168,L,Chemokine,0.76378,anc2a_L_unrelaxed_rank_015_alphafold2_model_3_seed_003.pdb
1169,L,Chemokine,0.78717,anc2a_L_unrelaxed_rank_016_alphafold2_model_4_seed_002.pdb
1170,L,Chemokine,0.78922,anc2a_L_unrelaxed_rank_017_alphafold2_model_4_seed_000.pdb
1171,L,Chemokine,0.7866,anc2a_L_unrelaxed_rank_018_alphafold2_model_4_seed_001.pdb
1172,L,Chemokine,0.7932,anc2a_L_unrelaxed_rank_019_alphafold2_model_4_seed_003.pdb
1173,L,Chemokine,0.79026,anc2a_L_unrelaxed_rank_020_alphafold2_model_4_seed_004.pdb
1174,L,Chemokine,0.78015,anc2a_L_unrelaxed_rank_021_alphafold2_model_5_seed_002.pdb
1175,L,Chemokine,0.78097,anc2a_L_unrelaxed_rank_022_alphafold2_model_5_seed_003.pdb
1176,L,Chemokine,0.77653,anc2a_L_unrelaxed_rank_023_alphafold2_model_5_seed_001.pdb
1177,L,Chemokine,0.77594,anc2a_L_unrelaxed_rank_024_alphafold2_model_5_seed_004.pdb
1178,L,Chemokine,0.77657,anc2a_L_unrelaxed_rank_025_alphafold2_model_5_seed_000.pdb
1179,V,Chemokine,0.77185,anc2a_V_unrelaxed_rank_001_alphafold2_model_3_seed_002.pdb
1180,V,Chemokine,0.77303,anc2a_V_unrelaxed_rank_002_alphafold2_model_3_seed_004.pdb
1181,V,Chemokine,0.7745,anc2a_V_unrelaxed_rank_003_alphafold2_model_3_seed_003.pdb
1182,V,Chemokine,0.77131,anc2a_V_unrelaxed_rank_004_alphafold2_model_3_seed_001.pdb
1183,V,Chemokine,0.76746,anc2a_V_unrelaxed_rank_005_alphafold2_model_2_seed_003.pdb
1184,V,Chemokine,0.76804,anc2a_V_unrelaxed_rank_006_alphafold2_model_2_seed_004.pdb
1185,V,Chemokine,0.77277,anc2a_V_unrelaxed_rank_007_alphafold2_model_3_seed_000.pdb
1186,V,Chemokine,0.76791,anc2a_V_unrelaxed_rank_008_alphafold2_model_2_seed_002.pdb
1187,V,Chemokine,0.76784,anc2a_V_unrelaxed_rank_009_alphafold2_model_2_seed_001.pdb
1188,V,Chemokine,0.76169,anc2a_V_unrelaxed_rank_010_alphafold2_model_1_seed_004.pdb
1189,V,Chemokine,0.76867,anc2a_V_unrelaxed_rank_011_alphafold2_model_2_seed_000.pdb
1190,V,Chemokine,0.75839,anc2a_V_unrelaxed_rank_012_alphafold2_model_1_seed_003.pdb
1191,V,Chemokine,0.76026,anc2a_V_unrelaxed_rank_013_alphafold2_model_1_seed_001.pdb
1192,V,Chemokine,0.76085,anc2a_V_unrelaxed_rank_014_alphafold2_model_1_seed_000.pdb
1193,V,Chemokine,0.76511,anc2a_V_unrelaxed_rank_015_alphafold2_model_1_seed_002.pdb
1194,V,Chemokine,0.78217,anc2a_V_unrelaxed_rank_016_alphafold2_model_4_seed_003.pdb
1195,V,Chemokine,0.78812,anc2a_V_unrelaxed_rank_017_alphafold2_model_4_seed_002.pdb
1196,V,Chemokine,0.78238,anc2a_V_unrelaxed_rank_018_alphafold2_model_4_seed_000.pdb
1197,V,Chemokine,0.78382,anc2a_V_unrelaxed_rank_019_alphafold2_model_4_seed_001.pdb
1198,V,Chemokine,0.78503,anc2a_V_unrelaxed_rank_020_alphafold2_model_4_seed_004.pdb
1199,V,Chemokine,0.767,anc2a_V_unrelaxed_rank_021_alphafold2_model_5_seed_002.pdb
1200,V,Chemokine,0.77373,anc2a_V_unrelaxed_rank_022_alphafold2_model_5_seed_004.pdb
1201,V,Chemokine,0.77424,anc2a_V_unrelaxed_rank_023_alphafold2_model_5_seed_001.pdb
1202,V,Chemokine,0.77575,anc2a_V_unrelaxed_rank_024_alphafold2_model_5_seed_003.pdb
1203,V,Chemokine,0.77342,anc2a_V_unrelaxed_rank_025_alphafold2_model_5_seed_000.pdb
1204,14,Chemokine,0.75515,anc2b_14_I_unrelaxed_rank_001_alphafold2_model_3_seed_004.pdb
1205,14,Chemokine,0.7524,anc2b_14_I_unrelaxed_rank_002_alphafold2_model_3_seed_001.pdb
1206,14,Chemokine,0.75317,anc2b_14_I_unrelaxed_rank_003_alphafold2_model_3_seed_002.pdb
1207,14,Chemokine,0.75566,anc2b_14_I_unrelaxed_rank_004_alphafold2_model_3_seed_000.pdb
1208,14,Chemokine,0.75575,anc2b_14_I_unrelaxed_rank_005_alphafold2_model_3_seed_003.pdb
1209,14,Chemokine,0.7675,anc2b_14_I_unrelaxed_rank_006_alphafold2_model_1_seed_004.pdb
1210,14,Chemokine,0.76917,anc2b_14_I_unrelaxed_rank_007_alphafold2_model_1_seed_002.pdb
1211,14,Chemokine,0.76672,anc2b_14_I_unrelaxed_rank_008_alphafold2_model_1_seed_001.pdb
1212,14,Chemokine,0.76297,anc2b_14_I_unrelaxed_rank_009_alphafold2_model_1_seed_000.pdb
1213,14,Chemokine,0.77786,anc2b_14_I_unrelaxed_rank_010_alphafold2_model_2_seed_003.pdb
1214,14,Chemokine,0.73843,anc2b_14_I_unrelaxed_rank_011_alphafold2_model_1_seed_003.pdb
1215,14,Chemokine,0.76961,anc2b_14_I_unrelaxed_rank_012_alphafold2_model_4_seed_003.pdb
1216,14,Chemokine,0.77022,anc2b_14_I_unrelaxed_rank_013_alphafold2_model_4_seed_001.pdb
1217,14,Chemokine,0.77021,anc2b_14_I_unrelaxed_rank_014_alphafold2_model_4_seed_000.pdb
1218,14,Chemokine,0.77634,anc2b_14_I_unrelaxed_rank_015_alphafold2_model_4_seed_004.pdb
1219,14,Chemokine,0.78555,anc2b_14_I_unrelaxed_rank_016_alphafold2_model_4_seed_002.pdb
1220,14,Chemokine,0.76264,anc2b_14_I_unrelaxed_rank_017_alphafold2_model_5_seed_002.pdb
1221,14,Chemokine,0.75988,anc2b_14_I_unrelaxed_rank_018_alphafold2_model_5_seed_004.pdb
1222,14,Chemokine,0.76059,anc2b_14_I_unrelaxed_rank_019_alphafold2_model_5_seed_001.pdb
1223,14,Chemokine,0.76157,anc2b_14_I_unrelaxed_rank_020_alphafold2_model_5_seed_003.pdb
1224,14,Chemokine,0.75934,anc2b_14_I_unrelaxed_rank_021_alphafold2_model_5_seed_000.pdb
1225,14,Chemokine,0.76804,anc2b_14_I_unrelaxed_rank_022_alphafold2_model_2_seed_000.pdb
1226,14,Chemokine,0.75405,anc2b_14_I_unrelaxed_rank_023_alphafold2_model_2_seed_002.pdb
1227,14,Chemokine,0.75527,anc2b_14_I_unrelaxed_rank_024_alphafold2_model_2_seed_001.pdb
1228,14,Chemokine,0.75362,anc2b_14_I_unrelaxed_rank_025_alphafold2_model_2_seed_004.pdb
1229,14,Chemokine,0.74437,anc2b_14_L_unrelaxed_rank_001_alphafold2_model_3_seed_002.pdb
1230,14,Chemokine,0.76139,anc2b_14_L_unrelaxed_rank_002_alphafold2_model_1_seed_004.pdb
1231,14,Chemokine,0.74483,anc2b_14_L_unrelaxed_rank_003_alphafold2_model_3_seed_004.pdb
1232,14,Chemokine,0.76354,anc2b_14_L_unrelaxed_rank_004_alphafold2_model_1_seed_001.pdb
1233,14,Chemokine,0.7454,anc2b_14_L_unrelaxed_rank_005_alphafold2_model_3_seed_001.pdb
1234,14,Chemokine,0.74476,anc2b_14_L_unrelaxed_rank_006_alphafold2_model_3_seed_003.pdb
1235,14,Chemokine,0.74614,anc2b_14_L_unrelaxed_rank_007_alphafold2_model_3_seed_000.pdb
1236,14,Chemokine,0.76167,anc2b_14_L_unrelaxed_rank_008_alphafold2_model_1_seed_000.pdb
1237,14,Chemokine,0.76609,anc2b_14_L_unrelaxed_rank_009_alphafold2_model_1_seed_002.pdb
1238,14,Chemokine,0.77741,anc2b_14_L_unrelaxed_rank_010_alphafold2_model_2_seed_002.pdb
1239,14,Chemokine,0.77731,anc2b_14_L_unrelaxed_rank_011_alphafold2_model_2_seed_001.pdb
1240,14,Chemokine,0.77626,anc2b_14_L_unrelaxed_rank_012_alphafold2_model_2_seed_003.pdb
1241,14,Chemokine,0.77773,anc2b_14_L_unrelaxed_rank_013_alphafold2_model_2_seed_004.pdb
1242,14,Chemokine,0.775,anc2b_14_L_unrelaxed_rank_014_alphafold2_model_2_seed_000.pdb
1243,14,Chemokine,0.76689,anc2b_14_L_unrelaxed_rank_015_alphafold2_model_4_seed_001.pdb
1244,14,Chemokine,0.7715,anc2b_14_L_unrelaxed_rank_016_alphafold2_model_4_seed_003.pdb
1245,14,Chemokine,0.76809,anc2b_14_L_unrelaxed_rank_017_alphafold2_model_4_seed_004.pdb
1246,14,Chemokine,0.7636,anc2b_14_L_unrelaxed_rank_018_alphafold2_model_4_seed_000.pdb
1247,14,Chemokine,0.76655,anc2b_14_L_unrelaxed_rank_019_alphafold2_model_4_seed_002.pdb
1248,14,Chemokine,0.75781,anc2b_14_L_unrelaxed_rank_020_alphafold2_model_5_seed_002.pdb
1249,14,Chemokine,0.75712,anc2b_14_L_unrelaxed_rank_021_alphafold2_model_5_seed_004.pdb
1250,14,Chemokine,0.74147,anc2b_14_L_unrelaxed_rank_022_alphafold2_model_1_seed_003.pdb
1251,14,Chemokine,0.75906,anc2b_14_L_unrelaxed_rank_023_alphafold2_model_5_seed_001.pdb
1252,14,Chemokine,0.76047,anc2b_14_L_unrelaxed_rank_024_alphafold2_model_5_seed_003.pdb
1253,14,Chemokine,0.75799,anc2b_14_L_unrelaxed_rank_025_alphafold2_model_5_seed_000.pdb
1254,14,Chemokine,0.75193,anc2b_14_V_unrelaxed_rank_001_alphafold2_model_3_seed_002.pdb
1255,14,Chemokine,0.75168,anc2b_14_V_unrelaxed_rank_002_alphafold2_model_3_seed_004.pdb
1256,14,Chemokine,0.75148,anc2b_14_V_unrelaxed_rank_003_alphafold2_model_3_seed_001.pdb
1257,14,Chemokine,0.7537,anc2b_14_V_unrelaxed_rank_004_alphafold2_model_3_seed_003.pdb
1258,14,Chemokine,0.75339,anc2b_14_V_unrelaxed_rank_005_alphafold2_model_3_seed_000.pdb
1259,14,Chemokine,0.76113,anc2b_14_V_unrelaxed_rank_006_alphafold2_model_1_seed_004.pdb
1260,14,Chemokine,0.76086,anc2b_14_V_unrelaxed_rank_007_alphafold2_model_1_seed_001.pdb
1261,14,Chemokine,0.76443,anc2b_14_V_unrelaxed_rank_008_alphafold2_model_1_seed_002.pdb
1262,14,Chemokine,0.76091,anc2b_14_V_unrelaxed_rank_009_alphafold2_model_1_seed_000.pdb
1263,14,Chemokine,0.76533,anc2b_14_V_unrelaxed_rank_010_alphafold2_model_4_seed_003.pdb
1264,14,Chemokine,0.77196,anc2b_14_V_unrelaxed_rank_011_alphafold2_model_2_seed_000.pdb
1265,14,Chemokine,0.77038,anc2b_14_V_unrelaxed_rank_012_alphafold2_model_2_seed_001.pdb
1266,14,Chemokine,0.77433,anc2b_14_V_unrelaxed_rank_013_alphafold2_model_4_seed_002.pdb
1267,14,Chemokine,0.79222,anc2b_14_V_unrelaxed_rank_014_alphafold2_model_4_seed_004.pdb
1268,14,Chemokine,0.76899,anc2b_14_V_unrelaxed_rank_015_alphafold2_model_2_seed_002.pdb
1269,14,Chemokine,0.76522,anc2b_14_V_unrelaxed_rank_016_alphafold2_model_4_seed_001.pdb
1270,14,Chemokine,0.76619,anc2b_14_V_unrelaxed_rank_017_alphafold2_model_4_seed_000.pdb
1271,14,Chemokine,0.73702,anc2b_14_V_unrelaxed_rank_018_alphafold2_model_1_seed_003.pdb
1272,14,Chemokine,0.7645,anc2b_14_V_unrelaxed_rank_019_alphafold2_model_2_seed_003.pdb
1273,14,Chemokine,0.75902,anc2b_14_V_unrelaxed_rank_020_alphafold2_model_5_seed_002.pdb
1274,14,Chemokine,0.75788,anc2b_14_V_unrelaxed_rank_021_alphafold2_model_5_seed_003.pdb
1275,14,Chemokine,0.7599,anc2b_14_V_unrelaxed_rank_022_alphafold2_model_5_seed_004.pdb
1276,14,Chemokine,0.75727,anc2b_14_V_unrelaxed_rank_023_alphafold2_model_5_seed_001.pdb
1277,14,Chemokine,0.75664,anc2b_14_V_unrelaxed_rank_024_alphafold2_model_5_seed_000.pdb
1278,14,Chemokine,0.75335,anc2b_14_V_unrelaxed_rank_025_alphafold2_model_2_seed_004.pdb
1279,36,Chemokine,0.75695,anc2b_36_A_unrelaxed_rank_001_alphafold2_model_3_seed_004.pdb
1280,36,Chemokine,0.75989,anc2b_36_A_unrelaxed_rank_002_alphafold2_model_3_seed_001.pdb
1281,36,Chemokine,0.75704,anc2b_36_A_unrelaxed_rank_003_alphafold2_model_3_seed_003.pdb
1282,36,Chemokine,0.75705,anc2b_36_A_unrelaxed_rank_004_alphafold2_model_3_seed_002.pdb
1283,36,Chemokine,0.76055,anc2b_36_A_unrelaxed_rank_005_alphafold2_model_3_seed_000.pdb
1284,36,Chemokine,0.77525,anc2b_36_A_unrelaxed_rank_006_alphafold2_model_1_seed_003.pdb
1285,36,Chemokine,0.77621,anc2b_36_A_unrelaxed_rank_007_alphafold2_model_1_seed_004.pdb
1286,36,Chemokine,0.77638,anc2b_36_A_unrelaxed_rank_008_alphafold2_model_1_seed_001.pdb
1287,36,Chemokine,0.77511,anc2b_36_A_unrelaxed_rank_009_alphafold2_model_1_seed_002.pdb
1288,36,Chemokine,0.77476,anc2b_36_A_unrelaxed_rank_010_alphafold2_model_1_seed_000.pdb
1289,36,Chemokine,0.78687,anc2b_36_A_unrelaxed_rank_011_alphafold2_model_2_seed_002.pdb
1290,36,Chemokine,0.78613,anc2b_36_A_unrelaxed_rank_012_alphafold2_model_2_seed_003.pdb
1291,36,Chemokine,0.78883,anc2b_36_A_unrelaxed_rank_013_alphafold2_model_2_seed_004.pdb
1292,36,Chemokine,0.78713,anc2b_36_A_unrelaxed_rank_014_alphafold2_model_2_seed_001.pdb
1293,36,Chemokine,0.77389,anc2b_36_A_unrelaxed_rank_015_alphafold2_model_4_seed_002.pdb
1294,36,Chemokine,0.78624,anc2b_36_A_unrelaxed_rank_016_alphafold2_model_2_seed_000.pdb
1295,36,Chemokine,0.77607,anc2b_36_A_unrelaxed_rank_017_alphafold2_model_4_seed_003.pdb
1296,36,Chemokine,0.77836,anc2b_36_A_unrelaxed_rank_018_alphafold2_model_4_seed_004.pdb
1297,36,Chemokine,0.77906,anc2b_36_A_unrelaxed_rank_019_alphafold2_model_4_seed_001.pdb
1298,36,Chemokine,0.77567,anc2b_36_A_unrelaxed_rank_020_alphafold2_model_4_seed_000.pdb
1299,36,Chemokine,0.76763,anc2b_36_A_unrelaxed_rank_021_alphafold2_model_5_seed_002.pdb
1300,36,Chemokine,0.76691,anc2b_36_A_unrelaxed_rank_022_alphafold2_model_5_seed_004.pdb
1301,36,Chemokine,0.7672,anc2b_36_A_unrelaxed_rank_023_alphafold2_model_5_seed_001.pdb
1302,36,Chemokine,0.76732,anc2b_36_A_unrelaxed_rank_024_alphafold2_model_5_seed_003.pdb
1303,36,Chemokine,0.76622,anc2b_36_A_unrelaxed_rank_025_alphafold2_model_5_seed_000.pdb
1304,36,Chemokine,0.772,anc2b_36_G_unrelaxed_rank_001_alphafold2_model_3_seed_004.pdb
1305,36,Chemokine,0.77091,anc2b_36_G_unrelaxed_rank_002_alphafold2_model_3_seed_003.pdb
1306,36,Chemokine,0.77017,anc2b_36_G_unrelaxed_rank_003_alphafold2_model_3_seed_001.pdb
1307,36,Chemokine,0.76967,anc2b_36_G_unrelaxed_rank_004_alphafold2_model_3_seed_002.pdb
1308,36,Chemokine,0.78745,anc2b_36_G_unrelaxed_rank_005_alphafold2_model_1_seed_003.pdb
1309,36,Chemokine,0.78748,anc2b_36_G_unrelaxed_rank_006_alphafold2_model_1_seed_004.pdb
1310,36,Chemokine,0.7891,anc2b_36_G_unrelaxed_rank_007_alphafold2_model_1_seed_002.pdb
1311,36,Chemokine,0.78649,anc2b_36_G_unrelaxed_rank_008_alphafold2_model_1_seed_001.pdb
1312,36,Chemokine,0.78662,anc2b_36_G_unrelaxed_rank_009_alphafold2_model_1_seed_000.pdb
1313,36,Chemokine,0.77449,anc2b_36_G_unrelaxed_rank_010_alphafold2_model_3_seed_000.pdb
1314,36,Chemokine,0.78867,anc2b_36_G_unrelaxed_rank_011_alphafold2_model_4_seed_003.pdb
1315,36,Chemokine,0.78871,anc2b_36_G_unrelaxed_rank_012_alphafold2_model_4_seed_002.pdb
1316,36,Chemokine,0.78982,anc2b_36_G_unrelaxed_rank_013_alphafold2_model_4_seed_004.pdb
1317,36,Chemokine,0.81527,anc2b_36_G_unrelaxed_rank_014_alphafold2_model_2_seed_003.pdb
1318,36,Chemokine,0.79567,anc2b_36_G_unrelaxed_rank_015_alphafold2_model_2_seed_002.pdb
1319,36,Chemokine,0.79358,anc2b_36_G_unrelaxed_rank_016_alphafold2_model_2_seed_000.pdb
1320,36,Chemokine,0.78699,anc2b_36_G_unrelaxed_rank_017_alphafold2_model_4_seed_001.pdb
1321,36,Chemokine,0.79599,anc2b_36_G_unrelaxed_rank_018_alphafold2_model_2_seed_001.pdb
1322,36,Chemokine,0.79912,anc2b_36_G_unrelaxed_rank_019_alphafold2_model_2_seed_004.pdb
1323,36,Chemokine,0.78881,anc2b_36_G_unrelaxed_rank_020_alphafold2_model_4_seed_000.pdb
1324,36,Chemokine,0.77824,anc2b_36_G_unrelaxed_rank_021_alphafold2_model_5_seed_002.pdb
1325,36,Chemokine,0.77796,anc2b_36_G_unrelaxed_rank_022_alphafold2_model_5_seed_004.pdb
1326,36,Chemokine,0.77775,anc2b_36_G_unrelaxed_rank_023_alphafold2_model_5_seed_003.pdb
1327,36,Chemokine,0.77595,anc2b_36_G_unrelaxed_rank_024_alphafold2_model_5_seed_000.pdb
1328,36,Chemokine,0.7779,anc2b_36_G_unrelaxed_rank_025_alphafold2_model_5_seed_001.pdb
1329,36,Chemokine,0.75098,anc2b_36_I_unrelaxed_rank_001_alphafold2_model_3_seed_002.pdb
1330,36,Chemokine,0.75244,anc2b_36_I_unrelaxed_rank_002_alphafold2_model_3_seed_004.pdb
1331,36,Chemokine,0.75295,anc2b_36_I_unrelaxed_rank_003_alphafold2_model_3_seed_003.pdb
1332,36,Chemokine,0.75531,anc2b_36_I_unrelaxed_rank_004_alphafold2_model_3_seed_000.pdb
1333,36,Chemokine,0.75489,anc2b_36_I_unrelaxed_rank_005_alphafold2_model_3_seed_001.pdb
1334,36,Chemokine,0.76199,anc2b_36_I_unrelaxed_rank_006_alphafold2_model_2_seed_004.pdb
1335,36,Chemokine,0.75618,anc2b_36_I_unrelaxed_rank_007_alphafold2_model_1_seed_002.pdb
1336,36,Chemokine,0.76276,anc2b_36_I_unrelaxed_rank_008_alphafold2_model_2_seed_002.pdb
1337,36,Chemokine,0.76417,anc2b_36_I_unrelaxed_rank_009_alphafold2_model_2_seed_000.pdb
1338,36,Chemokine,0.7351,anc2b_36_I_unrelaxed_rank_010_alphafold2_model_1_seed_001.pdb
1339,36,Chemokine,0.76016,anc2b_36_I_unrelaxed_rank_011_alphafold2_model_2_seed_001.pdb
1340,36,Chemokine,0.74019,anc2b_36_I_unrelaxed_rank_012_alphafold2_model_1_seed_003.pdb
1341,36,Chemokine,0.74375,anc2b_36_I_unrelaxed_rank_013_alphafold2_model_1_seed_004.pdb
1342,36,Chemokine,0.74447,anc2b_36_I_unrelaxed_rank_014_alphafold2_model_1_seed_000.pdb
1343,36,Chemokine,0.75213,anc2b_36_I_unrelaxed_rank_015_alphafold2_model_4_seed_003.pdb
1344,36,Chemokine,0.75552,anc2b_36_I_unrelaxed_rank_016_alphafold2_model_4_seed_004.pdb
1345,36,Chemokine,0.75896,anc2b_36_I_unrelaxed_rank_017_alphafold2_model_4_seed_002.pdb
1346,36,Chemokine,0.7551,anc2b_36_I_unrelaxed_rank_018_alphafold2_model_2_seed_003.pdb
1347,36,Chemokine,0.7518,anc2b_36_I_unrelaxed_rank_019_alphafold2_model_4_seed_000.pdb
1348,36,Chemokine,0.75847,anc2b_36_I_unrelaxed_rank_020_alphafold2_model_4_seed_001.pdb
1349,36,Chemokine,0.76433,anc2b_36_I_unrelaxed_rank_021_alphafold2_model_5_seed_002.pdb
1350,36,Chemokine,0.76402,anc2b_36_I_unrelaxed_rank_022_alphafold2_model_5_seed_004.pdb
1351,36,Chemokine,0.76484,anc2b_36_I_unrelaxed_rank_023_alphafold2_model_5_seed_003.pdb
1352,36,Chemokine,0.76443,anc2b_36_I_unrelaxed_rank_024_alphafold2_model_5_seed_001.pdb
1353,36,Chemokine,0.76497,anc2b_36_I_unrelaxed_rank_025_alphafold2_model_5_seed_000.pdb
1354,40,Chemokine,0.80302,anc2b_40_G_unrelaxed_rank_001_alphafold2_model_2_seed_002.pdb
1355,40,Dimer,0.54197,anc2b_40_G_unrelaxed_rank_002_alphafold2_model_2_seed_004.pdb
1356,40,Chemokine,0.77782,anc2b_40_G_unrelaxed_rank_003_alphafold2_model_5_seed_004.pdb
1357,40,Dimer,0.53274,anc2b_40_G_unrelaxed_rank_004_alphafold2_model_3_seed_001.pdb
1358,40,Dimer,0.54203,anc2b_40_G_unrelaxed_rank_005_alphafold2_model_2_seed_000.pdb
1359,40,Chemokine,0.77811,anc2b_40_G_unrelaxed_rank_006_alphafold2_model_5_seed_003.pdb
1360,40,Chemokine,0.78158,anc2b_40_G_unrelaxed_rank_007_alphafold2_model_5_seed_000.pdb
1361,40,Chemokine,0.77978,anc2b_40_G_unrelaxed_rank_008_alphafold2_model_5_seed_001.pdb
1362,40,Dimer,0.53473,anc2b_40_G_unrelaxed_rank_009_alphafold2_model_3_seed_004.pdb
1363,40,Dimer,0.5396,anc2b_40_G_unrelaxed_rank_010_alphafold2_model_3_seed_003.pdb
1364,40,Dimer,0.54459,anc2b_40_G_unrelaxed_rank_011_alphafold2_model_1_seed_003.pdb
1365,40,Dimer,0.54283,anc2b_40_G_unrelaxed_rank_012_alphafold2_model_1_seed_001.pdb
1366,40,Dimer,0.52985,anc2b_40_G_unrelaxed_rank_013_alphafold2_model_3_seed_000.pdb
1367,40,Dimer,0.54293,anc2b_40_G_unrelaxed_rank_014_alphafold2_model_1_seed_004.pdb
1368,40,Dimer,0.5413,anc2b_40_G_unrelaxed_rank_015_alphafold2_model_1_seed_000.pdb
1369,40,Dimer,0.54073,anc2b_40_G_unrelaxed_rank_016_alphafold2_model_4_seed_001.pdb
1370,40,Dimer,0.52199,anc2b_40_G_unrelaxed_rank_017_alphafold2_model_2_seed_003.pdb
1371,40,Dimer,0.54219,anc2b_40_G_unrelaxed_rank_018_alphafold2_model_4_seed_000.pdb
1372,40,Chemokine,0.67165,anc2b_40_G_unrelaxed_rank_019_alphafold2_model_4_seed_002.pdb
1373,40,Chemokine,0.66543,anc2b_40_G_unrelaxed_rank_020_alphafold2_model_4_seed_003.pdb
1374,40,Chemokine,0.66167,anc2b_40_G_unrelaxed_rank_021_alphafold2_model_4_seed_004.pdb
1375,40,Dimer,0.5479,anc2b_40_G_unrelaxed_rank_022_alphafold2_model_2_seed_001.pdb
1376,40,Chemokine,0.66749,anc2b_40_G_unrelaxed_rank_023_alphafold2_model_5_seed_002.pdb
1377,40,Chemokine,0.77509,anc2b_40_I_unrelaxed_rank_001_alphafold2_model_1_seed_004.pdb
1378,40,Chemokine,0.77384,anc2b_40_I_unrelaxed_rank_002_alphafold2_model_1_seed_002.pdb
1379,40,Chemokine,0.77453,anc2b_40_I_unrelaxed_rank_003_alphafold2_model_1_seed_003.pdb
1380,40,Chemokine,0.77416,anc2b_40_I_unrelaxed_rank_004_alphafold2_model_1_seed_000.pdb
1381,40,Chemokine,0.77038,anc2b_40_I_unrelaxed_rank_005_alphafold2_model_1_seed_001.pdb
1382,40,Chemokine,0.78699,anc2b_40_I_unrelaxed_rank_006_alphafold2_model_2_seed_002.pdb
1383,40,Chemokine,0.78599,anc2b_40_I_unrelaxed_rank_007_alphafold2_model_2_seed_004.pdb
1384,40,Chemokine,0.7856,anc2b_40_I_unrelaxed_rank_008_alphafold2_model_2_seed_001.pdb
1385,40,Chemokine,0.78317,anc2b_40_I_unrelaxed_rank_009_alphafold2_model_2_seed_003.pdb
1386,40,Chemokine,0.78511,anc2b_40_I_unrelaxed_rank_010_alphafold2_model_2_seed_000.pdb
1387,40,Chemokine,0.76953,anc2b_40_I_unrelaxed_rank_011_alphafold2_model_5_seed_004.pdb
1388,40,Chemokine,0.76942,anc2b_40_I_unrelaxed_rank_012_alphafold2_model_5_seed_001.pdb
1389,40,Chemokine,0.76887,anc2b_40_I_unrelaxed_rank_013_alphafold2_model_5_seed_003.pdb
1390,40,Chemokine,0.76788,anc2b_40_I_unrelaxed_rank_014_alphafold2_model_5_seed_000.pdb
1391,40,Chemokine,0.76881,anc2b_40_I_unrelaxed_rank_015_alphafold2_model_5_seed_002.pdb
1392,40,Chemokine,0.65315,anc2b_40_I_unrelaxed_rank_016_alphafold2_model_3_seed_002.pdb
1393,40,Chemokine,0.66538,anc2b_40_I_unrelaxed_rank_017_alphafold2_model_3_seed_004.pdb
1394,40,Chemokine,0.66788,anc2b_40_I_unrelaxed_rank_018_alphafold2_model_3_seed_001.pdb
1395,40,Chemokine,0.65127,anc2b_40_I_unrelaxed_rank_019_alphafold2_model_3_seed_003.pdb
1396,40,Chemokine,0.65277,anc2b_40_I_unrelaxed_rank_020_alphafold2_model_3_seed_000.pdb
1397,40,Chemokine,0.68014,anc2b_40_I_unrelaxed_rank_021_alphafold2_model_4_seed_003.pdb
1398,40,Chemokine,0.68333,anc2b_40_I_unrelaxed_rank_022_alphafold2_model_4_seed_004.pdb
1399,40,Chemokine,0.68302,anc2b_40_I_unrelaxed_rank_023_alphafold2_model_4_seed_001.pdb
1400,40,Chemokine,0.67894,anc2b_40_I_unrelaxed_rank_024_alphafold2_model_4_seed_002.pdb
1401,40,Chemokine,0.68165,anc2b_40_I_unrelaxed_rank_025_alphafold2_model_4_seed_000.pdb
1402,40,Chemokine,0.77526,anc2b_40_V_unrelaxed_rank_001_alphafold2_model_1_seed_004.pdb
1403,40,Chemokine,0.77415,anc2b_40_V_unrelaxed_rank_002_alphafold2_model_1_seed_002.pdb
1404,40,Chemokine,0.77468,anc2b_40_V_unrelaxed_rank_003_alphafold2_model_1_seed_003.pdb
1405,40,Chemokine,0.78937,anc2b_40_V_unrelaxed_rank_004_alphafold2_model_2_seed_002.pdb
1406,40,Chemokine,0.77124,anc2b_40_V_unrelaxed_rank_005_alphafold2_model_1_seed_001.pdb
1407,40,Chemokine,0.77313,anc2b_40_V_unrelaxed_rank_006_alphafold2_model_1_seed_000.pdb
1408,40,Chemokine,0.78892,anc2b_40_V_unrelaxed_rank_007_alphafold2_model_2_seed_004.pdb
1409,40,Chemokine,0.78705,anc2b_40_V_unrelaxed_rank_008_alphafold2_model_2_seed_003.pdb
1410,40,Chemokine,0.78877,anc2b_40_V_unrelaxed_rank_009_alphafold2_model_2_seed_001.pdb
1411,40,Chemokine,0.78845,anc2b_40_V_unrelaxed_rank_010_alphafold2_model_2_seed_000.pdb
1412,40,Chemokine,0.77503,anc2b_40_V_unrelaxed_rank_011_alphafold2_model_5_seed_002.pdb
1413,40,Chemokine,0.77371,anc2b_40_V_unrelaxed_rank_012_alphafold2_model_5_seed_004.pdb
1414,40,Chemokine,0.77358,anc2b_40_V_unrelaxed_rank_013_alphafold2_model_5_seed_001.pdb
1415,40,Chemokine,0.77278,anc2b_40_V_unrelaxed_rank_014_alphafold2_model_5_seed_003.pdb
1416,40,Chemokine,0.77287,anc2b_40_V_unrelaxed_rank_015_alphafold2_model_5_seed_000.pdb
1417,40,Chemokine,0.65874,anc2b_40_V_unrelaxed_rank_016_alphafold2_model_3_seed_002.pdb
1418,40,Chemokine,0.64416,anc2b_40_V_unrelaxed_rank_017_alphafold2_model_3_seed_000.pdb
1419,40,Chemokine,0.649,anc2b_40_V_unrelaxed_rank_018_alphafold2_model_3_seed_004.pdb
1420,40,Chemokine,0.64611,anc2b_40_V_unrelaxed_rank_019_alphafold2_model_3_seed_003.pdb
1421,40,Chemokine,0.65094,anc2b_40_V_unrelaxed_rank_020_alphafold2_model_3_seed_001.pdb
1422,40,Chemokine,0.67796,anc2b_40_V_unrelaxed_rank_021_alphafold2_model_4_seed_003.pdb
1423,40,Chemokine,0.68094,anc2b_40_V_unrelaxed_rank_022_alphafold2_model_4_seed_004.pdb
1424,40,Chemokine,0.6777,anc2b_40_V_unrelaxed_rank_023_alphafold2_model_4_seed_002.pdb
1425,40,Chemokine,0.67791,anc2b_40_V_unrelaxed_rank_024_alphafold2_model_4_seed_001.pdb
1426,40,Chemokine,0.67687,anc2b_40_V_unrelaxed_rank_025_alphafold2_model_4_seed_000.pdb
1427,45,Chemokine,0.75742,anc2b_45_I_unrelaxed_rank_001_alphafold2_model_3_seed_002.pdb
1428,45,Chemokine,0.76331,anc2b_45_I_unrelaxed_rank_002_alphafold2_model_3_seed_004.pdb
1429,45,Chemokine,0.72618,anc2b_45_I_unrelaxed_rank_003_alphafold2_model_1_seed_004.pdb
1430,45,Chemokine,0.73305,anc2b_45_I_unrelaxed_rank_004_alphafold2_model_1_seed_003.pdb
1431,45,Chemokine,0.73629,anc2b_45_I_unrelaxed_rank_005_alphafold2_model_1_seed_002.pdb
1432,45,Chemokine,0.73946,anc2b_45_I_unrelaxed_rank_006_alphafold2_model_1_seed_000.pdb
1433,45,Chemokine,0.77515,anc2b_45_I_unrelaxed_rank_007_alphafold2_model_4_seed_000.pdb
1434,45,Chemokine,0.74142,anc2b_45_I_unrelaxed_rank_008_alphafold2_model_1_seed_001.pdb
1435,45,Dimer,0.55288,anc2b_45_I_unrelaxed_rank_009_alphafold2_model_2_seed_001.pdb
1436,45,Dimer,0.5515,anc2b_45_I_unrelaxed_rank_010_alphafold2_model_2_seed_000.pdb
1437,45,Dimer,0.5381,anc2b_45_I_unrelaxed_rank_011_alphafold2_model_2_seed_004.pdb
1438,45,Chemokine,0.7696,anc2b_45_I_unrelaxed_rank_012_alphafold2_model_4_seed_002.pdb
1439,45,Chemokine,0.75704,anc2b_45_I_unrelaxed_rank_013_alphafold2_model_5_seed_001.pdb
1440,45,Chemokine,0.74902,anc2b_45_I_unrelaxed_rank_014_alphafold2_model_4_seed_001.pdb
1441,45,Chemokine,0.73169,anc2b_45_I_unrelaxed_rank_015_alphafold2_model_5_seed_003.pdb
1442,45,Dimer,0.55016,anc2b_45_I_unrelaxed_rank_016_alphafold2_model_3_seed_000.pdb
1443,45,Dimer,0.55151,anc2b_45_I_unrelaxed_rank_017_alphafold2_model_3_seed_001.pdb
1444,45,Dimer,0.55104,anc2b_45_I_unrelaxed_rank_018_alphafold2_model_3_seed_003.pdb
1445,45,Dimer,0.5464,anc2b_45_I_unrelaxed_rank_019_alphafold2_model_2_seed_003.pdb
1446,45,Chemokine,0.71795,anc2b_45_I_unrelaxed_rank_020_alphafold2_model_5_seed_004.pdb
1447,45,Chemokine,0.74072,anc2b_45_I_unrelaxed_rank_021_alphafold2_model_4_seed_003.pdb
1448,45,Chemokine,0.66013,anc2b_45_I_unrelaxed_rank_022_alphafold2_model_5_seed_000.pdb
1449,45,Dimer,0.52997,anc2b_45_I_unrelaxed_rank_023_alphafold2_model_2_seed_002.pdb
1450,45,Chemokine,0.77498,anc2b_45_L_unrelaxed_rank_001_alphafold2_model_3_seed_002.pdb
1451,45,Chemokine,0.76397,anc2b_45_L_unrelaxed_rank_002_alphafold2_model_3_seed_000.pdb
1452,45,Chemokine,0.76168,anc2b_45_L_unrelaxed_rank_003_alphafold2_model_3_seed_004.pdb
1453,45,Chemokine,0.7608,anc2b_45_L_unrelaxed_rank_004_alphafold2_model_3_seed_003.pdb
1454,45,Chemokine,0.73151,anc2b_45_L_unrelaxed_rank_005_alphafold2_model_1_seed_004.pdb
1455,45,Chemokine,0.77874,anc2b_45_L_unrelaxed_rank_006_alphafold2_model_4_seed_002.pdb
1456,45,Chemokine,0.73372,anc2b_45_L_unrelaxed_rank_007_alphafold2_model_1_seed_001.pdb
1457,45,Chemokine,0.73237,anc2b_45_L_unrelaxed_rank_008_alphafold2_model_1_seed_003.pdb
1458,45,Chemokine,0.76991,anc2b_45_L_unrelaxed_rank_009_alphafold2_model_4_seed_000.pdb
1459,45,Chemokine,0.73297,anc2b_45_L_unrelaxed_rank_010_alphafold2_model_1_seed_000.pdb
1460,45,Chemokine,0.73473,anc2b_45_L_unrelaxed_rank_011_alphafold2_model_4_seed_003.pdb
1461,45,Chemokine,0.73649,anc2b_45_L_unrelaxed_rank_012_alphafold2_model_4_seed_004.pdb
1462,45,Chemokine,0.74996,anc2b_45_L_unrelaxed_rank_013_alphafold2_model_1_seed_002.pdb
1463,45,Chemokine,0.76207,anc2b_45_L_unrelaxed_rank_014_alphafold2_model_5_seed_000.pdb
1464,45,Chemokine,0.76175,anc2b_45_L_unrelaxed_rank_015_alphafold2_model_5_seed_002.pdb
1465,45,Chemokine,0.73527,anc2b_45_L_unrelaxed_rank_016_alphafold2_model_2_seed_002.pdb
1466,45,Chemokine,0.74154,anc2b_45_L_unrelaxed_rank_017_alphafold2_model_4_seed_001.pdb
1467,45,Chemokine,0.7361,anc2b_45_L_unrelaxed_rank_018_alphafold2_model_5_seed_003.pdb
1468,45,Chemokine,0.74136,anc2b_45_L_unrelaxed_rank_019_alphafold2_model_5_seed_004.pdb
1469,45,Dimer,0.52349,anc2b_45_L_unrelaxed_rank_020_alphafold2_model_2_seed_001.pdb
1470,45,Chemokine,0.74052,anc2b_45_L_unrelaxed_rank_021_alphafold2_model_2_seed_003.pdb
1471,45,Chemokine,0.761,anc2b_45_L_unrelaxed_rank_022_alphafold2_model_5_seed_001.pdb
1472,45,Dimer,0.50996,anc2b_45_L_unrelaxed_rank_023_alphafold2_model_2_seed_004.pdb
1473,45,Dimer,0.52368,anc2b_45_L_unrelaxed_rank_024_alphafold2_model_3_seed_001.pdb
1474,45,Chemokine,0.76065,anc2b_45_V_unrelaxed_rank_001_alphafold2_model_3_seed_002.pdb
1475,45,Chemokine,0.76474,anc2b_45_V_unrelaxed_rank_002_alphafold2_model_3_seed_004.pdb
1476,45,Chemokine,0.76773,anc2b_45_V_unrelaxed_rank_003_alphafold2_model_3_seed_003.pdb
1477,45,Chemokine,0.78511,anc2b_45_V_unrelaxed_rank_004_alphafold2_model_2_seed_002.pdb
1478,45,Chemokine,0.76245,anc2b_45_V_unrelaxed_rank_005_alphafold2_model_1_seed_000.pdb
1479,45,Chemokine,0.77246,anc2b_45_V_unrelaxed_rank_006_alphafold2_model_4_seed_002.pdb
1480,45,Chemokine,0.7868,anc2b_45_V_unrelaxed_rank_007_alphafold2_model_2_seed_001.pdb
1481,45,Chemokine,0.78129,anc2b_45_V_unrelaxed_rank_008_alphafold2_model_4_seed_003.pdb
1482,45,Chemokine,0.78848,anc2b_45_V_unrelaxed_rank_009_alphafold2_model_2_seed_003.pdb
1483,45,Chemokine,0.73164,anc2b_45_V_unrelaxed_rank_010_alphafold2_model_1_seed_002.pdb
1484,45,Chemokine,0.73304,anc2b_45_V_unrelaxed_rank_011_alphafold2_model_1_seed_003.pdb
1485,45,Chemokine,0.77693,anc2b_45_V_unrelaxed_rank_012_alphafold2_model_4_seed_001.pdb
1486,45,Chemokine,0.78564,anc2b_45_V_unrelaxed_rank_013_alphafold2_model_2_seed_000.pdb
1487,45,Chemokine,0.74472,anc2b_45_V_unrelaxed_rank_014_alphafold2_model_1_seed_004.pdb
1488,45,Dimer,0.52635,anc2b_45_V_unrelaxed_rank_015_alphafold2_model_2_seed_004.pdb
1489,45,Chemokine,0.73714,anc2b_45_V_unrelaxed_rank_016_alphafold2_model_4_seed_004.pdb
1490,45,Chemokine,0.73521,anc2b_45_V_unrelaxed_rank_017_alphafold2_model_4_seed_000.pdb
1491,45,Dimer,0.55164,anc2b_45_V_unrelaxed_rank_018_alphafold2_model_3_seed_000.pdb
1492,45,Dimer,0.55226,anc2b_45_V_unrelaxed_rank_019_alphafold2_model_3_seed_001.pdb
1493,45,Chemokine,0.72643,anc2b_45_V_unrelaxed_rank_020_alphafold2_model_5_seed_003.pdb
1494,47,Chemokine,0.75695,anc2b_47_I_unrelaxed_rank_001_alphafold2_model_3_seed_004.pdb
1495,47,Chemokine,0.75989,anc2b_47_I_unrelaxed_rank_002_alphafold2_model_3_seed_001.pdb
1496,47,Chemokine,0.75704,anc2b_47_I_unrelaxed_rank_003_alphafold2_model_3_seed_003.pdb
1497,47,Chemokine,0.75705,anc2b_47_I_unrelaxed_rank_004_alphafold2_model_3_seed_002.pdb
1498,47,Chemokine,0.76055,anc2b_47_I_unrelaxed_rank_005_alphafold2_model_3_seed_000.pdb
1499,47,Chemokine,0.77525,anc2b_47_I_unrelaxed_rank_006_alphafold2_model_1_seed_003.pdb
1500,47,Chemokine,0.77621,anc2b_47_I_unrelaxed_rank_007_alphafold2_model_1_seed_004.pdb
1501,47,Chemokine,0.77638,anc2b_47_I_unrelaxed_rank_008_alphafold2_model_1_seed_001.pdb
1502,47,Chemokine,0.77511,anc2b_47_I_unrelaxed_rank_009_alphafold2_model_1_seed_002.pdb
1503,47,Chemokine,0.77476,anc2b_47_I_unrelaxed_rank_010_alphafold2_model_1_seed_000.pdb
1504,47,Chemokine,0.78687,anc2b_47_I_unrelaxed_rank_011_alphafold2_model_2_seed_002.pdb
1505,47,Chemokine,0.78613,anc2b_47_I_unrelaxed_rank_012_alphafold2_model_2_seed_003.pdb
1506,47,Chemokine,0.78883,anc2b_47_I_unrelaxed_rank_013_alphafold2_model_2_seed_004.pdb
1507,47,Chemokine,0.78713,anc2b_47_I_unrelaxed_rank_014_alphafold2_model_2_seed_001.pdb
1508,47,Chemokine,0.77389,anc2b_47_I_unrelaxed_rank_015_alphafold2_model_4_seed_002.pdb
1509,47,Chemokine,0.78624,anc2b_47_I_unrelaxed_rank_016_alphafold2_model_2_seed_000.pdb
1510,47,Chemokine,0.77607,anc2b_47_I_unrelaxed_rank_017_alphafold2_model_4_seed_003.pdb
1511,47,Chemokine,0.77836,anc2b_47_I_unrelaxed_rank_018_alphafold2_model_4_seed_004.pdb
1512,47,Chemokine,0.77906,anc2b_47_I_unrelaxed_rank_019_alphafold2_model_4_seed_001.pdb
1513,47,Chemokine,0.77567,anc2b_47_I_unrelaxed_rank_020_alphafold2_model_4_seed_000.pdb
1514,47,Chemokine,0.76763,anc2b_47_I_unrelaxed_rank_021_alphafold2_model_5_seed_002.pdb
1515,47,Chemokine,0.76691,anc2b_47_I_unrelaxed_rank_022_alphafold2_model_5_seed_004.pdb
1516,47,Chemokine,0.7672,anc2b_47_I_unrelaxed_rank_023_alphafold2_model_5_seed_001.pdb
1517,47,Chemokine,0.76732,anc2b_47_I_unrelaxed_rank_024_alphafold2_model_5_seed_003.pdb
1518,47,Chemokine,0.76622,anc2b_47_I_unrelaxed_rank_025_alphafold2_model_5_seed_000.pdb
1519,47,Chemokine,0.75943,anc2b_47_L_unrelaxed_rank_001_alphafold2_model_3_seed_004.pdb
1520,47,Chemokine,0.76894,anc2b_47_L_unrelaxed_rank_002_alphafold2_model_1_seed_004.pdb
1521,47,Chemokine,0.76296,anc2b_47_L_unrelaxed_rank_003_alphafold2_model_3_seed_002.pdb
1522,47,Chemokine,0.76145,anc2b_47_L_unrelaxed_rank_004_alphafold2_model_3_seed_003.pdb
1523,47,Chemokine,0.76504,anc2b_47_L_unrelaxed_rank_005_alphafold2_model_3_seed_001.pdb
1524,47,Chemokine,0.76554,anc2b_47_L_unrelaxed_rank_006_alphafold2_model_3_seed_000.pdb
1525,47,Chemokine,0.77182,anc2b_47_L_unrelaxed_rank_007_alphafold2_model_1_seed_001.pdb
1526,47,Chemokine,0.76358,anc2b_47_L_unrelaxed_rank_008_alphafold2_model_1_seed_000.pdb
1527,47,Chemokine,0.76991,anc2b_47_L_unrelaxed_rank_009_alphafold2_model_1_seed_002.pdb
1528,47,Chemokine,0.77877,anc2b_47_L_unrelaxed_rank_010_alphafold2_model_2_seed_001.pdb
1529,47,Chemokine,0.78574,anc2b_47_L_unrelaxed_rank_011_alphafold2_model_2_seed_002.pdb
1530,47,Chemokine,0.78448,anc2b_47_L_unrelaxed_rank_012_alphafold2_model_2_seed_000.pdb
1531,47,Chemokine,0.77578,anc2b_47_L_unrelaxed_rank_013_alphafold2_model_2_seed_004.pdb
1532,47,Chemokine,0.73308,anc2b_47_L_unrelaxed_rank_014_alphafold2_model_1_seed_003.pdb
1533,47,Chemokine,0.76967,anc2b_47_L_unrelaxed_rank_015_alphafold2_model_4_seed_004.pdb
1534,47,Chemokine,0.76967,anc2b_47_L_unrelaxed_rank_016_alphafold2_model_4_seed_002.pdb
1535,47,Chemokine,0.76596,anc2b_47_L_unrelaxed_rank_017_alphafold2_model_4_seed_003.pdb
1536,47,Chemokine,0.76829,anc2b_47_L_unrelaxed_rank_018_alphafold2_model_4_seed_001.pdb
1537,47,Chemokine,0.76757,anc2b_47_L_unrelaxed_rank_019_alphafold2_model_4_seed_000.pdb
1538,47,Chemokine,0.76523,anc2b_47_L_unrelaxed_rank_020_alphafold2_model_5_seed_004.pdb
1539,47,Chemokine,0.76717,anc2b_47_L_unrelaxed_rank_021_alphafold2_model_5_seed_003.pdb
1540,47,Chemokine,0.75643,anc2b_47_L_unrelaxed_rank_022_alphafold2_model_2_seed_003.pdb
1541,47,Chemokine,0.76556,anc2b_47_L_unrelaxed_rank_023_alphafold2_model_5_seed_001.pdb
1542,47,Chemokine,0.76745,anc2b_47_L_unrelaxed_rank_024_alphafold2_model_5_seed_002.pdb
1543,47,Chemokine,0.76677,anc2b_47_L_unrelaxed_rank_025_alphafold2_model_5_seed_000.pdb
1544,47,Chemokine,0.77283,anc2b_47_M_unrelaxed_rank_001_alphafold2_model_3_seed_004.pdb
1545,47,Chemokine,0.77121,anc2b_47_M_unrelaxed_rank_002_alphafold2_model_3_seed_002.pdb
1546,47,Chemokine,0.77255,anc2b_47_M_unrelaxed_rank_003_alphafold2_model_3_seed_003.pdb
1547,47,Chemokine,0.77416,anc2b_47_M_unrelaxed_rank_004_alphafold2_model_3_seed_000.pdb
1548,47,Chemokine,0.77106,anc2b_47_M_unrelaxed_rank_005_alphafold2_model_3_seed_001.pdb
1549,47,Chemokine,0.77967,anc2b_47_M_unrelaxed_rank_006_alphafold2_model_1_seed_004.pdb
1550,47,Chemokine,0.77792,anc2b_47_M_unrelaxed_rank_007_alphafold2_model_1_seed_003.pdb
1551,47,Chemokine,0.78023,anc2b_47_M_unrelaxed_rank_008_alphafold2_model_1_seed_001.pdb
1552,47,Chemokine,0.77932,anc2b_47_M_unrelaxed_rank_009_alphafold2_model_1_seed_002.pdb
1553,47,Chemokine,0.78972,anc2b_47_M_unrelaxed_rank_010_alphafold2_model_2_seed_002.pdb
1554,47,Chemokine,0.7785,anc2b_47_M_unrelaxed_rank_011_alphafold2_model_1_seed_000.pdb
1555,47,Chemokine,0.78303,anc2b_47_M_unrelaxed_rank_012_alphafold2_model_4_seed_001.pdb
1556,47,Chemokine,0.78277,anc2b_47_M_unrelaxed_rank_013_alphafold2_model_4_seed_003.pdb
1557,47,Chemokine,0.79315,anc2b_47_M_unrelaxed_rank_014_alphafold2_model_2_seed_004.pdb
1558,47,Chemokine,0.78259,anc2b_47_M_unrelaxed_rank_015_alphafold2_model_4_seed_004.pdb
1559,47,Chemokine,0.78271,anc2b_47_M_unrelaxed_rank_016_alphafold2_model_4_seed_000.pdb
1560,47,Chemokine,0.78074,anc2b_47_M_unrelaxed_rank_017_alphafold2_model_4_seed_002.pdb
1561,47,Chemokine,0.79107,anc2b_47_M_unrelaxed_rank_018_alphafold2_model_2_seed_001.pdb
1562,47,Chemokine,0.79048,anc2b_47_M_unrelaxed_rank_019_alphafold2_model_2_seed_000.pdb
1563,47,Chemokine,0.79028,anc2b_47_M_unrelaxed_rank_020_alphafold2_model_2_seed_003.pdb
1564,47,Chemokine,0.77566,anc2b_47_M_unrelaxed_rank_021_alphafold2_model_5_seed_004.pdb
1565,47,Chemokine,0.77706,anc2b_47_M_unrelaxed_rank_022_alphafold2_model_5_seed_002.pdb
1566,47,Chemokine,0.77546,anc2b_47_M_unrelaxed_rank_023_alphafold2_model_5_seed_003.pdb
1567,47,Chemokine,0.77506,anc2b_47_M_unrelaxed_rank_024_alphafold2_model_5_seed_001.pdb
1568,47,Chemokine,0.77155,anc2b_47_M_unrelaxed_rank_025_alphafold2_model_5_seed_000.pdb
1569,I,Chemokine,0.77392,anc2b_I_unrelaxed_rank_001_alphafold2_model_2_seed_002.pdb
1570,I,Chemokine,0.77426,anc2b_I_unrelaxed_rank_002_alphafold2_model_2_seed_000.pdb
1571,I,Chemokine,0.77636,anc2b_I_unrelaxed_rank_003_alphafold2_model_2_seed_004.pdb
1572,I,Chemokine,0.77698,anc2b_I_unrelaxed_rank_004_alphafold2_model_2_seed_003.pdb
1573,I,Chemokine,0.77752,anc2b_I_unrelaxed_rank_005_alphafold2_model_2_seed_001.pdb
1574,I,Chemokine,0.75479,anc2b_I_unrelaxed_rank_006_alphafold2_model_3_seed_004.pdb
1575,I,Chemokine,0.76783,anc2b_I_unrelaxed_rank_007_alphafold2_model_1_seed_003.pdb
1576,I,Chemokine,0.7686,anc2b_I_unrelaxed_rank_008_alphafold2_model_1_seed_004.pdb
1577,I,Chemokine,0.76682,anc2b_I_unrelaxed_rank_009_alphafold2_model_1_seed_001.pdb
1578,I,Chemokine,0.76698,anc2b_I_unrelaxed_rank_010_alphafold2_model_1_seed_002.pdb
1579,I,Chemokine,0.76634,anc2b_I_unrelaxed_rank_011_alphafold2_model_1_seed_000.pdb
1580,I,Chemokine,0.75639,anc2b_I_unrelaxed_rank_012_alphafold2_model_3_seed_003.pdb
1581,I,Chemokine,0.75646,anc2b_I_unrelaxed_rank_013_alphafold2_model_3_seed_000.pdb
1582,I,Chemokine,0.75563,anc2b_I_unrelaxed_rank_014_alphafold2_model_3_seed_002.pdb
1583,I,Chemokine,0.75336,anc2b_I_unrelaxed_rank_015_alphafold2_model_3_seed_001.pdb
1584,I,Chemokine,0.78123,anc2b_I_unrelaxed_rank_016_alphafold2_model_4_seed_004.pdb
1585,I,Chemokine,0.79103,anc2b_I_unrelaxed_rank_017_alphafold2_model_4_seed_002.pdb
1586,I,Chemokine,0.78048,anc2b_I_unrelaxed_rank_018_alphafold2_model_4_seed_003.pdb
1587,I,Chemokine,0.78126,anc2b_I_unrelaxed_rank_019_alphafold2_model_4_seed_001.pdb
1588,I,Chemokine,0.77979,anc2b_I_unrelaxed_rank_020_alphafold2_model_4_seed_000.pdb
1589,I,Chemokine,0.7646,anc2b_I_unrelaxed_rank_021_alphafold2_model_5_seed_004.pdb
1590,I,Chemokine,0.76663,anc2b_I_unrelaxed_rank_022_alphafold2_model_5_seed_002.pdb
1591,I,Chemokine,0.76396,anc2b_I_unrelaxed_rank_023_alphafold2_model_5_seed_003.pdb
1592,I,Chemokine,0.76396,anc2b_I_unrelaxed_rank_024_alphafold2_model_5_seed_001.pdb
1593,I,Chemokine,0.76346,anc2b_I_unrelaxed_rank_025_alphafold2_model_5_seed_000.pdb
1594,L,Chemokine,0.78496,anc2b_L_unrelaxed_rank_001_alphafold2_model_1_seed_004.pdb
1595,L,Chemokine,0.78157,anc2b_L_unrelaxed_rank_002_alphafold2_model_1_seed_003.pdb
1596,L,Chemokine,0.76848,anc2b_L_unrelaxed_rank_003_alphafold2_model_3_seed_004.pdb
1597,L,Chemokine,0.79461,anc2b_L_unrelaxed_rank_004_alphafold2_model_2_seed_002.pdb
1598,L,Chemokine,0.76832,anc2b_L_unrelaxed_rank_005_alphafold2_model_3_seed_002.pdb
1599,L,Chemokine,0.78251,anc2b_L_unrelaxed_rank_006_alphafold2_model_1_seed_001.pdb
1600,L,Chemokine,0.7816,anc2b_L_unrelaxed_rank_007_alphafold2_model_1_seed_000.pdb
1601,L,Chemokine,0.7954,anc2b_L_unrelaxed_rank_008_alphafold2_model_2_seed_004.pdb
1602,L,Chemokine,0.78354,anc2b_L_unrelaxed_rank_009_alphafold2_model_1_seed_002.pdb
1603,L,Chemokine,0.79319,anc2b_L_unrelaxed_rank_010_alphafold2_model_2_seed_003.pdb
1604,L,Chemokine,0.76702,anc2b_L_unrelaxed_rank_011_alphafold2_model_3_seed_003.pdb
1605,L,Chemokine,0.79476,anc2b_L_unrelaxed_rank_012_alphafold2_model_2_seed_001.pdb
1606,L,Chemokine,0.79373,anc2b_L_unrelaxed_rank_013_alphafold2_model_2_seed_000.pdb
1607,L,Chemokine,0.76531,anc2b_L_unrelaxed_rank_014_alphafold2_model_3_seed_000.pdb
1608,L,Chemokine,0.76289,anc2b_L_unrelaxed_rank_015_alphafold2_model_3_seed_001.pdb
1609,L,Chemokine,0.78084,anc2b_L_unrelaxed_rank_016_alphafold2_model_4_seed_003.pdb
1610,L,Chemokine,0.7814,anc2b_L_unrelaxed_rank_017_alphafold2_model_4_seed_000.pdb
1611,L,Chemokine,0.78149,anc2b_L_unrelaxed_rank_018_alphafold2_model_4_seed_001.pdb
1612,L,Chemokine,0.77761,anc2b_L_unrelaxed_rank_019_alphafold2_model_4_seed_004.pdb
1613,L,Chemokine,0.77983,anc2b_L_unrelaxed_rank_020_alphafold2_model_4_seed_002.pdb
1614,L,Chemokine,0.77314,anc2b_L_unrelaxed_rank_021_alphafold2_model_5_seed_002.pdb
1615,L,Chemokine,0.77142,anc2b_L_unrelaxed_rank_022_alphafold2_model_5_seed_004.pdb
1616,L,Chemokine,0.77242,anc2b_L_unrelaxed_rank_023_alphafold2_model_5_seed_001.pdb
1617,L,Chemokine,0.77118,anc2b_L_unrelaxed_rank_024_alphafold2_model_5_seed_000.pdb
1618,L,Chemokine,0.77,anc2b_L_unrelaxed_rank_025_alphafold2_model_5_seed_003.pdb
1619,V,Chemokine,0.75695,anc2b_V_unrelaxed_rank_001_alphafold2_model_3_seed_004.pdb
1620,V,Chemokine,0.75989,anc2b_V_unrelaxed_rank_002_alphafold2_model_3_seed_001.pdb
1621,V,Chemokine,0.75704,anc2b_V_unrelaxed_rank_003_alphafold2_model_3_seed_003.pdb
1622,V,Chemokine,0.75705,anc2b_V_unrelaxed_rank_004_alphafold2_model_3_seed_002.pdb
1623,V,Chemokine,0.76055,anc2b_V_unrelaxed_rank_005_alphafold2_model_3_seed_000.pdb
1624,V,Chemokine,0.77525,anc2b_V_unrelaxed_rank_006_alphafold2_model_1_seed_003.pdb
1625,V,Chemokine,0.77621,anc2b_V_unrelaxed_rank_007_alphafold2_model_1_seed_004.pdb
1626,V,Chemokine,0.77638,anc2b_V_unrelaxed_rank_008_alphafold2_model_1_seed_001.pdb
1627,V,Chemokine,0.77511,anc2b_V_unrelaxed_rank_009_alphafold2_model_1_seed_002.pdb
1628,V,Chemokine,0.77476,anc2b_V_unrelaxed_rank_010_alphafold2_model_1_seed_000.pdb
1629,V,Chemokine,0.78687,anc2b_V_unrelaxed_rank_011_alphafold2_model_2_seed_002.pdb
1630,V,Chemokine,0.78613,anc2b_V_unrelaxed_rank_012_alphafold2_model_2_seed_003.pdb
1631,V,Chemokine,0.78883,anc2b_V_unrelaxed_rank_013_alphafold2_model_2_seed_004.pdb
1632,V,Chemokine,0.78713,anc2b_V_unrelaxed_rank_014_alphafold2_model_2_seed_001.pdb
1633,V,Chemokine,0.77389,anc2b_V_unrelaxed_rank_015_alphafold2_model_4_seed_002.pdb
1634,V,Chemokine,0.78624,anc2b_V_unrelaxed_rank_016_alphafold2_model_2_seed_000.pdb
1635,V,Chemokine,0.77607,anc2b_V_unrelaxed_rank_017_alphafold2_model_4_seed_003.pdb
1636,V,Chemokine,0.77836,anc2b_V_unrelaxed_rank_018_alphafold2_model_4_seed_004.pdb
1637,V,Chemokine,0.77906,anc2b_V_unrelaxed_rank_019_alphafold2_model_4_seed_001.pdb
1638,V,Chemokine,0.77567,anc2b_V_unrelaxed_rank_020_alphafold2_model_4_seed_000.pdb
1639,V,Chemokine,0.76763,anc2b_V_unrelaxed_rank_021_alphafold2_model_5_seed_002.pdb
1640,V,Chemokine,0.76691,anc2b_V_unrelaxed_rank_022_alphafold2_model_5_seed_004.pdb
1641,V,Chemokine,0.7672,anc2b_V_unrelaxed_rank_023_alphafold2_model_5_seed_001.pdb
1642,V,Chemokine,0.76732,anc2b_V_unrelaxed_rank_024_alphafold2_model_5_seed_003.pdb
1643,V,Chemokine,0.76622,anc2b_V_unrelaxed_rank_025_alphafold2_model_5_seed_000.pdb
1644,14,Chemokine,0.78911,anc2c_14_I_unrelaxed_rank_001_alphafold2_model_3_seed_000.pdb
1645,14,Chemokine,0.50183,anc2c_14_I_unrelaxed_rank_002_alphafold2_model_2_seed_001.pdb
1646,14,Chemokine,0.50582,anc2c_14_I_unrelaxed_rank_003_alphafold2_model_2_seed_004.pdb
1647,14,Chemokine,0.78723,anc2c_14_I_unrelaxed_rank_004_alphafold2_model_3_seed_002.pdb
1648,14,Chemokine,0.78234,anc2c_14_I_unrelaxed_rank_005_alphafold2_model_3_seed_004.pdb
1649,14,Chemokine,0.50162,anc2c_14_I_unrelaxed_rank_006_alphafold2_model_2_seed_000.pdb
1650,14,Chemokine,0.50489,anc2c_14_I_unrelaxed_rank_007_alphafold2_model_2_seed_003.pdb
1651,14,Chemokine,0.50328,anc2c_14_I_unrelaxed_rank_008_alphafold2_model_2_seed_002.pdb
1652,14,Chemokine,0.78683,anc2c_14_I_unrelaxed_rank_009_alphafold2_model_3_seed_001.pdb
1653,14,Dimer,0.57299,anc2c_14_I_unrelaxed_rank_010_alphafold2_model_1_seed_001.pdb
1654,14,Chemokine,0.53406,anc2c_14_I_unrelaxed_rank_011_alphafold2_model_1_seed_004.pdb
1655,14,Chemokine,0.51023,anc2c_14_I_unrelaxed_rank_012_alphafold2_model_4_seed_000.pdb
1656,14,Chemokine,0.52388,anc2c_14_I_unrelaxed_rank_013_alphafold2_model_4_seed_003.pdb
1657,14,Chemokine,0.53235,anc2c_14_I_unrelaxed_rank_014_alphafold2_model_4_seed_004.pdb
1658,14,Chemokine,0.53222,anc2c_14_I_unrelaxed_rank_015_alphafold2_model_4_seed_002.pdb
1659,14,Chemokine,0.54564,anc2c_14_I_unrelaxed_rank_016_alphafold2_model_4_seed_001.pdb
1660,14,Chemokine,0.54176,anc2c_14_I_unrelaxed_rank_017_alphafold2_model_5_seed_004.pdb
1661,14,Chemokine,0.54223,anc2c_14_I_unrelaxed_rank_018_alphafold2_model_5_seed_000.pdb
1662,14,Chemokine,0.55352,anc2c_14_I_unrelaxed_rank_019_alphafold2_model_5_seed_003.pdb
1663,14,Chemokine,0.68233,anc2c_14_I_unrelaxed_rank_020_alphafold2_model_1_seed_000.pdb
1664,14,Chemokine,0.63148,anc2c_14_I_unrelaxed_rank_021_alphafold2_model_1_seed_003.pdb
1665,14,Chemokine,0.6465,anc2c_14_I_unrelaxed_rank_022_alphafold2_model_1_seed_002.pdb
1666,14,Chemokine,0.55866,anc2c_14_I_unrelaxed_rank_023_alphafold2_model_5_seed_001.pdb
1667,14,Chemokine,0.52499,anc2c_14_I_unrelaxed_rank_024_alphafold2_model_5_seed_002.pdb
1668,14,Chemokine,0.78385,anc2c_14_L_unrelaxed_rank_001_alphafold2_model_3_seed_004.pdb
1669,14,Chemokine,0.78424,anc2c_14_L_unrelaxed_rank_002_alphafold2_model_3_seed_001.pdb
1670,14,Chemokine,0.78831,anc2c_14_L_unrelaxed_rank_003_alphafold2_model_3_seed_002.pdb
1671,14,Chemokine,0.56201,anc2c_14_L_unrelaxed_rank_004_alphafold2_model_2_seed_004.pdb
1672,14,Chemokine,0.56119,anc2c_14_L_unrelaxed_rank_005_alphafold2_model_2_seed_003.pdb
1673,14,Chemokine,0.59374,anc2c_14_L_unrelaxed_rank_006_alphafold2_model_2_seed_000.pdb
1674,14,Chemokine,0.58461,anc2c_14_L_unrelaxed_rank_007_alphafold2_model_2_seed_001.pdb
1675,14,Chemokine,0.57569,anc2c_14_L_unrelaxed_rank_008_alphafold2_model_1_seed_003.pdb
1676,14,Chemokine,0.53532,anc2c_14_L_unrelaxed_rank_009_alphafold2_model_2_seed_002.pdb
1677,14,Chemokine,0.58734,anc2c_14_L_unrelaxed_rank_010_alphafold2_model_1_seed_002.pdb
1678,14,Chemokine,0.59515,anc2c_14_L_unrelaxed_rank_011_alphafold2_model_1_seed_000.pdb
1679,14,Chemokine,0.54042,anc2c_14_L_unrelaxed_rank_012_alphafold2_model_5_seed_002.pdb
1680,14,Chemokine,0.58928,anc2c_14_L_unrelaxed_rank_013_alphafold2_model_1_seed_001.pdb
1681,14,Chemokine,0.58809,anc2c_14_L_unrelaxed_rank_014_alphafold2_model_1_seed_004.pdb
1682,14,Chemokine,0.54661,anc2c_14_L_unrelaxed_rank_015_alphafold2_model_5_seed_004.pdb
1683,14,Chemokine,0.55119,anc2c_14_L_unrelaxed_rank_016_alphafold2_model_4_seed_003.pdb
1684,14,Chemokine,0.54474,anc2c_14_L_unrelaxed_rank_017_alphafold2_model_5_seed_003.pdb
1685,14,Chemokine,0.55103,anc2c_14_L_unrelaxed_rank_018_alphafold2_model_4_seed_000.pdb
1686,14,Chemokine,0.54953,anc2c_14_L_unrelaxed_rank_019_alphafold2_model_5_seed_000.pdb
1687,14,Chemokine,0.5618,anc2c_14_L_unrelaxed_rank_020_alphafold2_model_4_seed_002.pdb
1688,14,Chemokine,0.58403,anc2c_14_L_unrelaxed_rank_021_alphafold2_model_4_seed_001.pdb
1689,14,Chemokine,0.54872,anc2c_14_L_unrelaxed_rank_022_alphafold2_model_5_seed_001.pdb
1690,14,Chemokine,0.57114,anc2c_14_L_unrelaxed_rank_023_alphafold2_model_4_seed_004.pdb
1691,14,Chemokine,0.63974,anc2c_14_L_unrelaxed_rank_024_alphafold2_model_3_seed_003.pdb
1692,14,Chemokine,0.5046,anc2c_14_V_unrelaxed_rank_001_alphafold2_model_2_seed_004.pdb
1693,14,Chemokine,0.50175,anc2c_14_V_unrelaxed_rank_002_alphafold2_model_2_seed_000.pdb
1694,14,Chemokine,0.787,anc2c_14_V_unrelaxed_rank_004_alphafold2_model_3_seed_004.pdb
1695,14,Chemokine,0.50318,anc2c_14_V_unrelaxed_rank_005_alphafold2_model_2_seed_003.pdb
1696,14,Chemokine,0.50396,anc2c_14_V_unrelaxed_rank_006_alphafold2_model_2_seed_002.pdb
1697,14,Chemokine,0.78599,anc2c_14_V_unrelaxed_rank_007_alphafold2_model_3_seed_002.pdb
1698,14,Chemokine,0.51587,anc2c_14_V_unrelaxed_rank_008_alphafold2_model_4_seed_000.pdb
1699,14,Chemokine,0.7866,anc2c_14_V_unrelaxed_rank_009_alphafold2_model_3_seed_001.pdb
1700,14,Chemokine,0.51785,anc2c_14_V_unrelaxed_rank_010_alphafold2_model_5_seed_002.pdb
1701,14,Chemokine,0.52727,anc2c_14_V_unrelaxed_rank_011_alphafold2_model_5_seed_000.pdb
1702,14,Chemokine,0.528,anc2c_14_V_unrelaxed_rank_012_alphafold2_model_5_seed_003.pdb
1703,14,Chemokine,0.52451,anc2c_14_V_unrelaxed_rank_013_alphafold2_model_4_seed_004.pdb
1704,14,Chemokine,0.52166,anc2c_14_V_unrelaxed_rank_014_alphafold2_model_4_seed_003.pdb
1705,14,Chemokine,0.51276,anc2c_14_V_unrelaxed_rank_015_alphafold2_model_1_seed_004.pdb
1706,14,Chemokine,0.53374,anc2c_14_V_unrelaxed_rank_016_alphafold2_model_5_seed_004.pdb
1707,14,Chemokine,0.53359,anc2c_14_V_unrelaxed_rank_017_alphafold2_model_4_seed_002.pdb
1708,14,Chemokine,0.5371,anc2c_14_V_unrelaxed_rank_018_alphafold2_model_4_seed_001.pdb
1709,14,Chemokine,0.54472,anc2c_14_V_unrelaxed_rank_019_alphafold2_model_5_seed_001.pdb
1710,14,Chemokine,0.57872,anc2c_14_V_unrelaxed_rank_020_alphafold2_model_1_seed_003.pdb
1711,14,Chemokine,0.68333,anc2c_14_V_unrelaxed_rank_021_alphafold2_model_1_seed_000.pdb
1712,36,Chemokine,0.56656,anc2c_36_A_unrelaxed_rank_001_alphafold2_model_2_seed_001.pdb
1713,36,Chemokine,0.5645,anc2c_36_A_unrelaxed_rank_002_alphafold2_model_2_seed_000.pdb
1714,36,Chemokine,0.55596,anc2c_36_A_unrelaxed_rank_003_alphafold2_model_2_seed_004.pdb
1715,36,Chemokine,0.55178,anc2c_36_A_unrelaxed_rank_004_alphafold2_model_2_seed_002.pdb
1716,36,Chemokine,0.55193,anc2c_36_A_unrelaxed_rank_005_alphafold2_model_2_seed_003.pdb
1717,36,Chemokine,0.5614,anc2c_36_A_unrelaxed_rank_006_alphafold2_model_1_seed_004.pdb
1718,36,Chemokine,0.5644,anc2c_36_A_unrelaxed_rank_007_alphafold2_model_1_seed_003.pdb
1719,36,Chemokine,0.57452,anc2c_36_A_unrelaxed_rank_008_alphafold2_model_1_seed_000.pdb
1720,36,Chemokine,0.56763,anc2c_36_A_unrelaxed_rank_009_alphafold2_model_1_seed_002.pdb
1721,36,Chemokine,0.5711,anc2c_36_A_unrelaxed_rank_010_alphafold2_model_1_seed_001.pdb
1722,36,Chemokine,0.57393,anc2c_36_A_unrelaxed_rank_011_alphafold2_model_4_seed_003.pdb
1723,36,Chemokine,0.57076,anc2c_36_A_unrelaxed_rank_012_alphafold2_model_4_seed_000.pdb
1724,36,Chemokine,0.57198,anc2c_36_A_unrelaxed_rank_013_alphafold2_model_4_seed_004.pdb
1725,36,Chemokine,0.57629,anc2c_36_A_unrelaxed_rank_014_alphafold2_model_4_seed_001.pdb
1726,36,Chemokine,0.57344,anc2c_36_A_unrelaxed_rank_015_alphafold2_model_4_seed_002.pdb
1727,36,Chemokine,0.56285,anc2c_36_A_unrelaxed_rank_016_alphafold2_model_5_seed_000.pdb
1728,36,Chemokine,0.55933,anc2c_36_A_unrelaxed_rank_017_alphafold2_model_5_seed_002.pdb
1729,36,Chemokine,0.5681,anc2c_36_A_unrelaxed_rank_018_alphafold2_model_5_seed_004.pdb
1730,36,Chemokine,0.56854,anc2c_36_A_unrelaxed_rank_019_alphafold2_model_5_seed_003.pdb
1731,36,Chemokine,0.57016,anc2c_36_A_unrelaxed_rank_020_alphafold2_model_5_seed_001.pdb
1732,36,Chemokine,0.63081,anc2c_36_A_unrelaxed_rank_021_alphafold2_model_3_seed_004.pdb
1733,36,Chemokine,0.60873,anc2c_36_A_unrelaxed_rank_022_alphafold2_model_3_seed_003.pdb
1734,36,Chemokine,0.59922,anc2c_36_A_unrelaxed_rank_023_alphafold2_model_3_seed_000.pdb
1735,36,Chemokine,0.63151,anc2c_36_A_unrelaxed_rank_024_alphafold2_model_3_seed_001.pdb
1736,36,Chemokine,0.62351,anc2c_36_A_unrelaxed_rank_025_alphafold2_model_3_seed_002.pdb
1737,36,Chemokine,0.53376,anc2c_36_G_unrelaxed_rank_001_alphafold2_model_2_seed_004.pdb
1738,36,Chemokine,0.53192,anc2c_36_G_unrelaxed_rank_002_alphafold2_model_2_seed_003.pdb
1739,36,Chemokine,0.52976,anc2c_36_G_unrelaxed_rank_003_alphafold2_model_2_seed_000.pdb
1740,36,Chemokine,0.53435,anc2c_36_G_unrelaxed_rank_004_alphafold2_model_2_seed_002.pdb
1741,36,Chemokine,0.53419,anc2c_36_G_unrelaxed_rank_005_alphafold2_model_2_seed_001.pdb
1742,36,Chemokine,0.52082,anc2c_36_G_unrelaxed_rank_006_alphafold2_model_4_seed_002.pdb
1743,36,Chemokine,0.52359,anc2c_36_G_unrelaxed_rank_007_alphafold2_model_4_seed_004.pdb
1744,36,Chemokine,0.52093,anc2c_36_G_unrelaxed_rank_008_alphafold2_model_4_seed_003.pdb
1745,36,Chemokine,0.54739,anc2c_36_G_unrelaxed_rank_009_alphafold2_model_4_seed_000.pdb
1746,36,Chemokine,0.55759,anc2c_36_G_unrelaxed_rank_010_alphafold2_model_1_seed_004.pdb
1747,36,Chemokine,0.56507,anc2c_36_G_unrelaxed_rank_011_alphafold2_model_1_seed_003.pdb
1748,36,Chemokine,0.54982,anc2c_36_G_unrelaxed_rank_012_alphafold2_model_4_seed_001.pdb
1749,36,Chemokine,0.56257,anc2c_36_G_unrelaxed_rank_013_alphafold2_model_1_seed_002.pdb
1750,36,Chemokine,0.56443,anc2c_36_G_unrelaxed_rank_014_alphafold2_model_1_seed_000.pdb
1751,36,Chemokine,0.5626,anc2c_36_G_unrelaxed_rank_015_alphafold2_model_1_seed_001.pdb
1752,36,Chemokine,0.54842,anc2c_36_G_unrelaxed_rank_016_alphafold2_model_5_seed_002.pdb
1753,36,Chemokine,0.5491,anc2c_36_G_unrelaxed_rank_017_alphafold2_model_5_seed_000.pdb
1754,36,Chemokine,0.54466,anc2c_36_G_unrelaxed_rank_018_alphafold2_model_5_seed_004.pdb
1755,36,Chemokine,0.54681,anc2c_36_G_unrelaxed_rank_019_alphafold2_model_5_seed_003.pdb
1756,36,Chemokine,0.54557,anc2c_36_G_unrelaxed_rank_020_alphafold2_model_5_seed_001.pdb
1757,36,Chemokine,0.61178,anc2c_36_G_unrelaxed_rank_021_alphafold2_model_3_seed_003.pdb
1758,36,Chemokine,0.75368,anc2c_36_I_unrelaxed_rank_001_alphafold2_model_1_seed_004.pdb
1759,36,Chemokine,0.75433,anc2c_36_I_unrelaxed_rank_002_alphafold2_model_1_seed_001.pdb
1760,36,Chemokine,0.75875,anc2c_36_I_unrelaxed_rank_003_alphafold2_model_1_seed_002.pdb
1761,36,Chemokine,0.755,anc2c_36_I_unrelaxed_rank_004_alphafold2_model_2_seed_001.pdb
1762,36,Chemokine,0.77133,anc2c_36_I_unrelaxed_rank_005_alphafold2_model_5_seed_003.pdb
1763,36,Chemokine,0.77027,anc2c_36_I_unrelaxed_rank_006_alphafold2_model_5_seed_004.pdb
1764,36,Chemokine,0.76685,anc2c_36_I_unrelaxed_rank_007_alphafold2_model_4_seed_001.pdb
1765,36,Chemokine,0.74722,anc2c_36_I_unrelaxed_rank_008_alphafold2_model_2_seed_003.pdb
1766,36,Chemokine,0.74137,anc2c_36_I_unrelaxed_rank_009_alphafold2_model_2_seed_000.pdb
1767,36,Chemokine,0.73426,anc2c_36_I_unrelaxed_rank_010_alphafold2_model_1_seed_000.pdb
1768,36,Chemokine,0.7345,anc2c_36_I_unrelaxed_rank_011_alphafold2_model_1_seed_003.pdb
1769,36,Chemokine,0.52121,anc2c_36_I_unrelaxed_rank_012_alphafold2_model_4_seed_004.pdb
1770,36,Chemokine,0.53991,anc2c_36_I_unrelaxed_rank_013_alphafold2_model_4_seed_000.pdb
1771,36,Chemokine,0.72187,anc2c_36_I_unrelaxed_rank_014_alphafold2_model_2_seed_004.pdb
1772,36,Chemokine,0.53977,anc2c_36_I_unrelaxed_rank_015_alphafold2_model_4_seed_002.pdb
1773,36,Chemokine,0.5538,anc2c_36_I_unrelaxed_rank_016_alphafold2_model_4_seed_003.pdb
1774,36,Chemokine,0.67029,anc2c_36_I_unrelaxed_rank_017_alphafold2_model_5_seed_001.pdb
1775,36,Chemokine,0.66373,anc2c_36_I_unrelaxed_rank_018_alphafold2_model_3_seed_004.pdb
1776,36,Chemokine,0.66351,anc2c_36_I_unrelaxed_rank_019_alphafold2_model_3_seed_003.pdb
1777,36,Chemokine,0.67018,anc2c_36_I_unrelaxed_rank_020_alphafold2_model_3_seed_002.pdb
1778,36,Chemokine,0.66385,anc2c_36_I_unrelaxed_rank_021_alphafold2_model_3_seed_000.pdb
1779,36,Chemokine,0.67324,anc2c_36_I_unrelaxed_rank_022_alphafold2_model_3_seed_001.pdb
1780,40,Chemokine,0.52053,anc2c_40_G_unrelaxed_rank_001_alphafold2_model_2_seed_004.pdb
1781,40,Chemokine,0.52529,anc2c_40_G_unrelaxed_rank_002_alphafold2_model_2_seed_000.pdb
1782,40,Chemokine,0.51971,anc2c_40_G_unrelaxed_rank_003_alphafold2_model_2_seed_002.pdb
1783,40,Chemokine,0.54894,anc2c_40_G_unrelaxed_rank_004_alphafold2_model_2_seed_003.pdb
1784,40,Chemokine,0.52845,anc2c_40_G_unrelaxed_rank_005_alphafold2_model_4_seed_003.pdb
1785,40,Chemokine,0.54444,anc2c_40_G_unrelaxed_rank_006_alphafold2_model_2_seed_001.pdb
1786,40,Chemokine,0.53186,anc2c_40_G_unrelaxed_rank_007_alphafold2_model_4_seed_002.pdb
1787,40,Chemokine,0.5356,anc2c_40_G_unrelaxed_rank_008_alphafold2_model_4_seed_000.pdb
1788,40,Chemokine,0.53443,anc2c_40_G_unrelaxed_rank_009_alphafold2_model_4_seed_004.pdb
1789,40,Chemokine,0.53501,anc2c_40_G_unrelaxed_rank_010_alphafold2_model_4_seed_001.pdb
1790,40,Chemokine,0.51925,anc2c_40_G_unrelaxed_rank_011_alphafold2_model_5_seed_000.pdb
1791,40,Chemokine,0.51103,anc2c_40_G_unrelaxed_rank_012_alphafold2_model_5_seed_004.pdb
1792,40,Chemokine,0.56547,anc2c_40_G_unrelaxed_rank_013_alphafold2_model_5_seed_003.pdb
1793,40,Chemokine,0.53775,anc2c_40_G_unrelaxed_rank_016_alphafold2_model_3_seed_003.pdb
1794,40,Chemokine,0.54676,anc2c_40_G_unrelaxed_rank_017_alphafold2_model_3_seed_004.pdb
1795,40,Chemokine,0.57822,anc2c_40_G_unrelaxed_rank_019_alphafold2_model_3_seed_000.pdb
1796,40,Chemokine,0.5384,anc2c_40_G_unrelaxed_rank_021_alphafold2_model_5_seed_002.pdb
1797,40,Chemokine,0.7987,anc2c_40_I_unrelaxed_rank_001_alphafold2_model_1_seed_003.pdb
1798,40,Chemokine,0.79267,anc2c_40_I_unrelaxed_rank_002_alphafold2_model_1_seed_002.pdb
1799,40,Chemokine,0.78919,anc2c_40_I_unrelaxed_rank_003_alphafold2_model_1_seed_004.pdb
1800,40,Chemokine,0.78461,anc2c_40_I_unrelaxed_rank_004_alphafold2_model_1_seed_000.pdb
1801,40,Chemokine,0.5572,anc2c_40_I_unrelaxed_rank_005_alphafold2_model_2_seed_003.pdb
1802,40,Chemokine,0.56475,anc2c_40_I_unrelaxed_rank_006_alphafold2_model_2_seed_002.pdb
1803,40,Chemokine,0.56432,anc2c_40_I_unrelaxed_rank_007_alphafold2_model_2_seed_000.pdb
1804,40,Chemokine,0.56005,anc2c_40_I_unrelaxed_rank_008_alphafold2_model_2_seed_004.pdb
1805,40,Chemokine,0.55947,anc2c_40_I_unrelaxed_rank_009_alphafold2_model_2_seed_001.pdb
1806,40,Chemokine,0.58024,anc2c_40_I_unrelaxed_rank_010_alphafold2_model_4_seed_004.pdb
1807,40,Chemokine,0.57856,anc2c_40_I_unrelaxed_rank_011_alphafold2_model_4_seed_003.pdb
1808,40,Chemokine,0.58434,anc2c_40_I_unrelaxed_rank_012_alphafold2_model_4_seed_000.pdb
1809,40,Chemokine,0.58314,anc2c_40_I_unrelaxed_rank_013_alphafold2_model_4_seed_002.pdb
1810,40,Chemokine,0.58614,anc2c_40_I_unrelaxed_rank_014_alphafold2_model_4_seed_001.pdb
1811,40,Chemokine,0.71546,anc2c_40_I_unrelaxed_rank_015_alphafold2_model_1_seed_001.pdb
1812,40,Chemokine,0.59295,anc2c_40_I_unrelaxed_rank_016_alphafold2_model_3_seed_002.pdb
1813,40,Chemokine,0.59374,anc2c_40_I_unrelaxed_rank_017_alphafold2_model_3_seed_004.pdb
1814,40,Chemokine,0.59313,anc2c_40_I_unrelaxed_rank_018_alphafold2_model_3_seed_003.pdb
1815,40,Chemokine,0.59748,anc2c_40_I_unrelaxed_rank_019_alphafold2_model_3_seed_000.pdb
1816,40,Chemokine,0.58304,anc2c_40_I_unrelaxed_rank_020_alphafold2_model_5_seed_004.pdb
1817,40,Chemokine,0.60095,anc2c_40_I_unrelaxed_rank_021_alphafold2_model_3_seed_001.pdb
1818,40,Chemokine,0.58383,anc2c_40_I_unrelaxed_rank_022_alphafold2_model_5_seed_003.pdb
1819,40,Chemokine,0.59305,anc2c_40_I_unrelaxed_rank_023_alphafold2_model_5_seed_000.pdb
1820,40,Chemokine,0.58842,anc2c_40_I_unrelaxed_rank_024_alphafold2_model_5_seed_002.pdb
1821,40,Chemokine,0.78218,anc2c_40_V_unrelaxed_rank_001_alphafold2_model_1_seed_002.pdb
1822,40,Chemokine,0.77498,anc2c_40_V_unrelaxed_rank_002_alphafold2_model_3_seed_000.pdb
1823,40,Chemokine,0.77803,anc2c_40_V_unrelaxed_rank_003_alphafold2_model_1_seed_004.pdb
1824,40,Chemokine,0.7796,anc2c_40_V_unrelaxed_rank_004_alphafold2_model_1_seed_000.pdb
1825,40,Chemokine,0.7841,anc2c_40_V_unrelaxed_rank_005_alphafold2_model_1_seed_001.pdb
1826,40,Chemokine,0.56165,anc2c_40_V_unrelaxed_rank_006_alphafold2_model_2_seed_004.pdb
1827,40,Chemokine,0.56136,anc2c_40_V_unrelaxed_rank_007_alphafold2_model_2_seed_003.pdb
1828,40,Chemokine,0.56363,anc2c_40_V_unrelaxed_rank_008_alphafold2_model_2_seed_000.pdb
1829,40,Chemokine,0.56325,anc2c_40_V_unrelaxed_rank_009_alphafold2_model_2_seed_002.pdb
1830,40,Chemokine,0.56795,anc2c_40_V_unrelaxed_rank_010_alphafold2_model_2_seed_001.pdb
1831,40,Chemokine,0.58391,anc2c_40_V_unrelaxed_rank_011_alphafold2_model_4_seed_004.pdb
1832,40,Chemokine,0.58105,anc2c_40_V_unrelaxed_rank_012_alphafold2_model_4_seed_003.pdb
1833,40,Chemokine,0.58094,anc2c_40_V_unrelaxed_rank_013_alphafold2_model_4_seed_002.pdb
1834,40,Chemokine,0.58385,anc2c_40_V_unrelaxed_rank_014_alphafold2_model_4_seed_000.pdb
1835,40,Chemokine,0.58556,anc2c_40_V_unrelaxed_rank_015_alphafold2_model_4_seed_001.pdb
1836,40,Chemokine,0.60496,anc2c_40_V_unrelaxed_rank_016_alphafold2_model_3_seed_003.pdb
1837,40,Chemokine,0.60554,anc2c_40_V_unrelaxed_rank_017_alphafold2_model_3_seed_004.pdb
1838,40,Chemokine,0.59827,anc2c_40_V_unrelaxed_rank_018_alphafold2_model_3_seed_002.pdb
1839,40,Chemokine,0.60903,anc2c_40_V_unrelaxed_rank_019_alphafold2_model_3_seed_001.pdb
1840,40,Chemokine,0.58272,anc2c_40_V_unrelaxed_rank_020_alphafold2_model_5_seed_002.pdb
1841,40,Chemokine,0.58342,anc2c_40_V_unrelaxed_rank_021_alphafold2_model_5_seed_000.pdb
1842,40,Chemokine,0.56383,anc2c_40_V_unrelaxed_rank_022_alphafold2_model_1_seed_003.pdb
1843,40,Chemokine,0.58329,anc2c_40_V_unrelaxed_rank_023_alphafold2_model_5_seed_004.pdb
1844,40,Chemokine,0.58199,anc2c_40_V_unrelaxed_rank_024_alphafold2_model_5_seed_003.pdb
1845,40,Chemokine,0.58546,anc2c_40_V_unrelaxed_rank_025_alphafold2_model_5_seed_001.pdb
1846,45,Chemokine,0.54686,anc2c_45_I_unrelaxed_rank_001_alphafold2_model_4_seed_002.pdb
1847,45,Chemokine,0.5474,anc2c_45_I_unrelaxed_rank_002_alphafold2_model_4_seed_000.pdb
1848,45,Chemokine,0.53819,anc2c_45_I_unrelaxed_rank_003_alphafold2_model_4_seed_003.pdb
1849,45,Chemokine,0.54332,anc2c_45_I_unrelaxed_rank_004_alphafold2_model_4_seed_004.pdb
1850,45,Chemokine,0.55262,anc2c_45_I_unrelaxed_rank_005_alphafold2_model_4_seed_001.pdb
1851,45,Dimer,0.57389,anc2c_45_I_unrelaxed_rank_006_alphafold2_model_1_seed_001.pdb
1852,45,Dimer,0.58232,anc2c_45_I_unrelaxed_rank_007_alphafold2_model_1_seed_000.pdb
1853,45,Dimer,0.58312,anc2c_45_I_unrelaxed_rank_008_alphafold2_model_1_seed_002.pdb
1854,45,Dimer,0.57985,anc2c_45_I_unrelaxed_rank_009_alphafold2_model_1_seed_004.pdb
1855,45,Dimer,0.59016,anc2c_45_I_unrelaxed_rank_010_alphafold2_model_1_seed_003.pdb
1856,45,Chemokine,0.53907,anc2c_45_L_unrelaxed_rank_001_alphafold2_model_4_seed_000.pdb
1857,45,Chemokine,0.55215,anc2c_45_L_unrelaxed_rank_002_alphafold2_model_4_seed_004.pdb
1858,45,Chemokine,0.54162,anc2c_45_L_unrelaxed_rank_003_alphafold2_model_4_seed_003.pdb
1859,45,Chemokine,0.55972,anc2c_45_L_unrelaxed_rank_004_alphafold2_model_4_seed_001.pdb
1860,45,Chemokine,0.53784,anc2c_45_L_unrelaxed_rank_005_alphafold2_model_4_seed_002.pdb
1861,45,Chemokine,0.59317,anc2c_45_L_unrelaxed_rank_006_alphafold2_model_3_seed_004.pdb
1862,45,Chemokine,0.59509,anc2c_45_L_unrelaxed_rank_007_alphafold2_model_3_seed_002.pdb
1863,45,Dimer,0.57907,anc2c_45_L_unrelaxed_rank_008_alphafold2_model_1_seed_001.pdb
1864,45,Dimer,0.57681,anc2c_45_L_unrelaxed_rank_009_alphafold2_model_1_seed_000.pdb
1865,45,Dimer,0.57725,anc2c_45_L_unrelaxed_rank_010_alphafold2_model_1_seed_002.pdb
1866,45,Dimer,0.5843,anc2c_45_L_unrelaxed_rank_011_alphafold2_model_1_seed_003.pdb
1867,45,Chemokine,0.52499,anc2c_45_V_unrelaxed_rank_001_alphafold2_model_4_seed_002.pdb
1868,45,Chemokine,0.52546,anc2c_45_V_unrelaxed_rank_002_alphafold2_model_4_seed_003.pdb
1869,45,Chemokine,0.54569,anc2c_45_V_unrelaxed_rank_003_alphafold2_model_4_seed_004.pdb
1870,45,Chemokine,0.52862,anc2c_45_V_unrelaxed_rank_004_alphafold2_model_4_seed_000.pdb
1871,45,Chemokine,0.54232,anc2c_45_V_unrelaxed_rank_005_alphafold2_model_4_seed_001.pdb
1872,45,Dimer,0.57861,anc2c_45_V_unrelaxed_rank_006_alphafold2_model_1_seed_001.pdb
1873,45,Dimer,0.58348,anc2c_45_V_unrelaxed_rank_007_alphafold2_model_1_seed_003.pdb
1874,45,Dimer,0.58229,anc2c_45_V_unrelaxed_rank_008_alphafold2_model_1_seed_002.pdb
1875,45,Dimer,0.58786,anc2c_45_V_unrelaxed_rank_009_alphafold2_model_1_seed_000.pdb
1876,47,Chemokine,0.56656,anc2c_47_I_unrelaxed_rank_001_alphafold2_model_2_seed_001.pdb
1877,47,Chemokine,0.5645,anc2c_47_I_unrelaxed_rank_002_alphafold2_model_2_seed_000.pdb
1878,47,Chemokine,0.55596,anc2c_47_I_unrelaxed_rank_003_alphafold2_model_2_seed_004.pdb
1879,47,Chemokine,0.55178,anc2c_47_I_unrelaxed_rank_004_alphafold2_model_2_seed_002.pdb
1880,47,Chemokine,0.55193,anc2c_47_I_unrelaxed_rank_005_alphafold2_model_2_seed_003.pdb
1881,47,Chemokine,0.5614,anc2c_47_I_unrelaxed_rank_006_alphafold2_model_1_seed_004.pdb
1882,47,Chemokine,0.5644,anc2c_47_I_unrelaxed_rank_007_alphafold2_model_1_seed_003.pdb
1883,47,Chemokine,0.57452,anc2c_47_I_unrelaxed_rank_008_alphafold2_model_1_seed_000.pdb
1884,47,Chemokine,0.56763,anc2c_47_I_unrelaxed_rank_009_alphafold2_model_1_seed_002.pdb
1885,47,Chemokine,0.5711,anc2c_47_I_unrelaxed_rank_010_alphafold2_model_1_seed_001.pdb
1886,47,Chemokine,0.57393,anc2c_47_I_unrelaxed_rank_011_alphafold2_model_4_seed_003.pdb
1887,47,Chemokine,0.57076,anc2c_47_I_unrelaxed_rank_012_alphafold2_model_4_seed_000.pdb
1888,47,Chemokine,0.57198,anc2c_47_I_unrelaxed_rank_013_alphafold2_model_4_seed_004.pdb
1889,47,Chemokine,0.57629,anc2c_47_I_unrelaxed_rank_014_alphafold2_model_4_seed_001.pdb
1890,47,Chemokine,0.57344,anc2c_47_I_unrelaxed_rank_015_alphafold2_model_4_seed_002.pdb
1891,47,Chemokine,0.56285,anc2c_47_I_unrelaxed_rank_016_alphafold2_model_5_seed_000.pdb
1892,47,Chemokine,0.55933,anc2c_47_I_unrelaxed_rank_017_alphafold2_model_5_seed_002.pdb
1893,47,Chemokine,0.5681,anc2c_47_I_unrelaxed_rank_018_alphafold2_model_5_seed_004.pdb
1894,47,Chemokine,0.56854,anc2c_47_I_unrelaxed_rank_019_alphafold2_model_5_seed_003.pdb
1895,47,Chemokine,0.57016,anc2c_47_I_unrelaxed_rank_020_alphafold2_model_5_seed_001.pdb
1896,47,Chemokine,0.63081,anc2c_47_I_unrelaxed_rank_021_alphafold2_model_3_seed_004.pdb
1897,47,Chemokine,0.60873,anc2c_47_I_unrelaxed_rank_022_alphafold2_model_3_seed_003.pdb
1898,47,Chemokine,0.59922,anc2c_47_I_unrelaxed_rank_023_alphafold2_model_3_seed_000.pdb
1899,47,Chemokine,0.63151,anc2c_47_I_unrelaxed_rank_024_alphafold2_model_3_seed_001.pdb
1900,47,Chemokine,0.62351,anc2c_47_I_unrelaxed_rank_025_alphafold2_model_3_seed_002.pdb
1901,47,Chemokine,0.53762,anc2c_47_L_unrelaxed_rank_001_alphafold2_model_1_seed_003.pdb
1902,47,Chemokine,0.52673,anc2c_47_L_unrelaxed_rank_002_alphafold2_model_1_seed_004.pdb
1903,47,Chemokine,0.52855,anc2c_47_L_unrelaxed_rank_003_alphafold2_model_1_seed_000.pdb
1904,47,Chemokine,0.50692,anc2c_47_L_unrelaxed_rank_004_alphafold2_model_2_seed_003.pdb
1905,47,Chemokine,0.52878,anc2c_47_L_unrelaxed_rank_005_alphafold2_model_1_seed_002.pdb
1906,47,Chemokine,0.50945,anc2c_47_L_unrelaxed_rank_006_alphafold2_model_2_seed_004.pdb
1907,47,Chemokine,0.53074,anc2c_47_L_unrelaxed_rank_007_alphafold2_model_1_seed_001.pdb
1908,47,Chemokine,0.51302,anc2c_47_L_unrelaxed_rank_008_alphafold2_model_2_seed_002.pdb
1909,47,Chemokine,0.55959,anc2c_47_L_unrelaxed_rank_009_alphafold2_model_4_seed_004.pdb
1910,47,Chemokine,0.50946,anc2c_47_L_unrelaxed_rank_010_alphafold2_model_2_seed_001.pdb
1911,47,Chemokine,0.5612,anc2c_47_L_unrelaxed_rank_011_alphafold2_model_4_seed_000.pdb
1912,47,Chemokine,0.56038,anc2c_47_L_unrelaxed_rank_012_alphafold2_model_4_seed_001.pdb
1913,47,Chemokine,0.50995,anc2c_47_L_unrelaxed_rank_013_alphafold2_model_2_seed_000.pdb
1914,47,Chemokine,0.55748,anc2c_47_L_unrelaxed_rank_014_alphafold2_model_5_seed_000.pdb
1915,47,Chemokine,0.60114,anc2c_47_L_unrelaxed_rank_015_alphafold2_model_3_seed_003.pdb
1916,47,Chemokine,0.5599,anc2c_47_L_unrelaxed_rank_016_alphafold2_model_5_seed_003.pdb
1917,47,Chemokine,0.55396,anc2c_47_L_unrelaxed_rank_017_alphafold2_model_5_seed_001.pdb
1918,47,Chemokine,0.55112,anc2c_47_L_unrelaxed_rank_018_alphafold2_model_4_seed_003.pdb
1919,47,Chemokine,0.55154,anc2c_47_L_unrelaxed_rank_019_alphafold2_model_5_seed_002.pdb
1920,47,Chemokine,0.57049,anc2c_47_L_unrelaxed_rank_020_alphafold2_model_5_seed_004.pdb
1921,47,Chemokine,0.55666,anc2c_47_L_unrelaxed_rank_021_alphafold2_model_4_seed_002.pdb
1922,47,Chemokine,0.57503,anc2c_47_L_unrelaxed_rank_022_alphafold2_model_3_seed_004.pdb
1923,47,Chemokine,0.58755,anc2c_47_L_unrelaxed_rank_023_alphafold2_model_3_seed_002.pdb
1924,47,Chemokine,0.59144,anc2c_47_L_unrelaxed_rank_024_alphafold2_model_3_seed_001.pdb
1925,47,Chemokine,0.58414,anc2c_47_L_unrelaxed_rank_025_alphafold2_model_3_seed_000.pdb
1926,47,Chemokine,0.53991,anc2c_47_M_unrelaxed_rank_001_alphafold2_model_2_seed_003.pdb
1927,47,Chemokine,0.53728,anc2c_47_M_unrelaxed_rank_002_alphafold2_model_2_seed_004.pdb
1928,47,Chemokine,0.53858,anc2c_47_M_unrelaxed_rank_003_alphafold2_model_2_seed_002.pdb
1929,47,Chemokine,0.55151,anc2c_47_M_unrelaxed_rank_004_alphafold2_model_1_seed_004.pdb
1930,47,Chemokine,0.55029,anc2c_47_M_unrelaxed_rank_005_alphafold2_model_1_seed_002.pdb
1931,47,Chemokine,0.55594,anc2c_47_M_unrelaxed_rank_006_alphafold2_model_1_seed_000.pdb
1932,47,Chemokine,0.54689,anc2c_47_M_unrelaxed_rank_007_alphafold2_model_1_seed_003.pdb
1933,47,Chemokine,0.54523,anc2c_47_M_unrelaxed_rank_008_alphafold2_model_1_seed_001.pdb
1934,47,Chemokine,0.53433,anc2c_47_M_unrelaxed_rank_009_alphafold2_model_2_seed_000.pdb
1935,47,Chemokine,0.53792,anc2c_47_M_unrelaxed_rank_010_alphafold2_model_2_seed_001.pdb
1936,47,Chemokine,0.56554,anc2c_47_M_unrelaxed_rank_011_alphafold2_model_4_seed_004.pdb
1937,47,Chemokine,0.5698,anc2c_47_M_unrelaxed_rank_012_alphafold2_model_4_seed_002.pdb
1938,47,Chemokine,0.56715,anc2c_47_M_unrelaxed_rank_013_alphafold2_model_4_seed_000.pdb
1939,47,Chemokine,0.57095,anc2c_47_M_unrelaxed_rank_014_alphafold2_model_4_seed_001.pdb
1940,47,Chemokine,0.56811,anc2c_47_M_unrelaxed_rank_015_alphafold2_model_4_seed_003.pdb
1941,47,Chemokine,0.57128,anc2c_47_M_unrelaxed_rank_016_alphafold2_model_3_seed_003.pdb
1942,47,Chemokine,0.5661,anc2c_47_M_unrelaxed_rank_017_alphafold2_model_5_seed_003.pdb
1943,47,Chemokine,0.56918,anc2c_47_M_unrelaxed_rank_018_alphafold2_model_5_seed_002.pdb
1944,47,Chemokine,0.57943,anc2c_47_M_unrelaxed_rank_019_alphafold2_model_3_seed_004.pdb
1945,47,Chemokine,0.57885,anc2c_47_M_unrelaxed_rank_020_alphafold2_model_3_seed_001.pdb
1946,47,Chemokine,0.57949,anc2c_47_M_unrelaxed_rank_021_alphafold2_model_3_seed_000.pdb
1947,47,Chemokine,0.57026,anc2c_47_M_unrelaxed_rank_022_alphafold2_model_5_seed_001.pdb
1948,47,Chemokine,0.57824,anc2c_47_M_unrelaxed_rank_023_alphafold2_model_3_seed_002.pdb
1949,47,Chemokine,0.56905,anc2c_47_M_unrelaxed_rank_024_alphafold2_model_5_seed_000.pdb
1950,47,Chemokine,0.56566,anc2c_47_M_unrelaxed_rank_025_alphafold2_model_5_seed_004.pdb
1951,I,Chemokine,0.5799,anc2c_I_unrelaxed_rank_001_alphafold2_model_2_seed_000.pdb
1952,I,Chemokine,0.57708,anc2c_I_unrelaxed_rank_002_alphafold2_model_2_seed_003.pdb
1953,I,Chemokine,0.57253,anc2c_I_unrelaxed_rank_003_alphafold2_model_2_seed_002.pdb
1954,I,Chemokine,0.57848,anc2c_I_unrelaxed_rank_004_alphafold2_model_2_seed_004.pdb
1955,I,Chemokine,0.58501,anc2c_I_unrelaxed_rank_005_alphafold2_model_1_seed_003.pdb
1956,I,Chemokine,0.57946,anc2c_I_unrelaxed_rank_006_alphafold2_model_1_seed_004.pdb
1957,I,Chemokine,0.58605,anc2c_I_unrelaxed_rank_007_alphafold2_model_1_seed_002.pdb
1958,I,Chemokine,0.58605,anc2c_I_unrelaxed_rank_008_alphafold2_model_2_seed_001.pdb
1959,I,Chemokine,0.5907,anc2c_I_unrelaxed_rank_009_alphafold2_model_1_seed_000.pdb
1960,I,Chemokine,0.57882,anc2c_I_unrelaxed_rank_010_alphafold2_model_4_seed_000.pdb
1961,I,Chemokine,0.57557,anc2c_I_unrelaxed_rank_011_alphafold2_model_4_seed_003.pdb
1962,I,Chemokine,0.55802,anc2c_I_unrelaxed_rank_012_alphafold2_model_1_seed_001.pdb
1963,I,Chemokine,0.57277,anc2c_I_unrelaxed_rank_013_alphafold2_model_4_seed_004.pdb
1964,I,Chemokine,0.57433,anc2c_I_unrelaxed_rank_014_alphafold2_model_4_seed_002.pdb
1965,I,Chemokine,0.57943,anc2c_I_unrelaxed_rank_015_alphafold2_model_4_seed_001.pdb
1966,I,Chemokine,0.57937,anc2c_I_unrelaxed_rank_016_alphafold2_model_5_seed_002.pdb
1967,I,Chemokine,0.57908,anc2c_I_unrelaxed_rank_017_alphafold2_model_5_seed_003.pdb
1968,I,Chemokine,0.5856,anc2c_I_unrelaxed_rank_018_alphafold2_model_5_seed_000.pdb
1969,I,Chemokine,0.58632,anc2c_I_unrelaxed_rank_019_alphafold2_model_5_seed_001.pdb
1970,I,Chemokine,0.58706,anc2c_I_unrelaxed_rank_020_alphafold2_model_5_seed_004.pdb
1971,I,Chemokine,0.59844,anc2c_I_unrelaxed_rank_021_alphafold2_model_3_seed_003.pdb
1972,I,Chemokine,0.60575,anc2c_I_unrelaxed_rank_022_alphafold2_model_3_seed_004.pdb
1973,I,Chemokine,0.61102,anc2c_I_unrelaxed_rank_023_alphafold2_model_3_seed_000.pdb
1974,L,Chemokine,0.54371,anc2c_L_unrelaxed_rank_001_alphafold2_model_2_seed_004.pdb
1975,L,Chemokine,0.55113,anc2c_L_unrelaxed_rank_002_alphafold2_model_2_seed_001.pdb
1976,L,Chemokine,0.5654,anc2c_L_unrelaxed_rank_003_alphafold2_model_1_seed_003.pdb
1977,L,Chemokine,0.55725,anc2c_L_unrelaxed_rank_004_alphafold2_model_2_seed_000.pdb
1978,L,Chemokine,0.54866,anc2c_L_unrelaxed_rank_005_alphafold2_model_2_seed_002.pdb
1979,L,Chemokine,0.56148,anc2c_L_unrelaxed_rank_006_alphafold2_model_1_seed_004.pdb
1980,L,Chemokine,0.53771,anc2c_L_unrelaxed_rank_007_alphafold2_model_2_seed_003.pdb
1981,L,Chemokine,0.57163,anc2c_L_unrelaxed_rank_008_alphafold2_model_1_seed_000.pdb
1982,L,Chemokine,0.57054,anc2c_L_unrelaxed_rank_009_alphafold2_model_1_seed_002.pdb
1983,L,Chemokine,0.57228,anc2c_L_unrelaxed_rank_010_alphafold2_model_4_seed_003.pdb
1984,L,Chemokine,0.5767,anc2c_L_unrelaxed_rank_011_alphafold2_model_4_seed_002.pdb
1985,L,Chemokine,0.57453,anc2c_L_unrelaxed_rank_012_alphafold2_model_4_seed_000.pdb
1986,L,Chemokine,0.57821,anc2c_L_unrelaxed_rank_013_alphafold2_model_4_seed_001.pdb
1987,L,Chemokine,0.57561,anc2c_L_unrelaxed_rank_014_alphafold2_model_4_seed_004.pdb
1988,L,Chemokine,0.57472,anc2c_L_unrelaxed_rank_015_alphafold2_model_1_seed_001.pdb
1989,L,Chemokine,0.60327,anc2c_L_unrelaxed_rank_016_alphafold2_model_3_seed_003.pdb
1990,L,Chemokine,0.59226,anc2c_L_unrelaxed_rank_017_alphafold2_model_5_seed_004.pdb
1991,L,Chemokine,0.58401,anc2c_L_unrelaxed_rank_018_alphafold2_model_5_seed_003.pdb
1992,L,Chemokine,0.61371,anc2c_L_unrelaxed_rank_019_alphafold2_model_3_seed_000.pdb
1993,L,Chemokine,0.5887,anc2c_L_unrelaxed_rank_020_alphafold2_model_5_seed_001.pdb
1994,L,Chemokine,0.58526,anc2c_L_unrelaxed_rank_021_alphafold2_model_5_seed_002.pdb
1995,L,Chemokine,0.58819,anc2c_L_unrelaxed_rank_022_alphafold2_model_5_seed_000.pdb
1996,L,Chemokine,0.5876,anc2c_L_unrelaxed_rank_023_alphafold2_model_3_seed_002.pdb
1997,L,Chemokine,0.58685,anc2c_L_unrelaxed_rank_024_alphafold2_model_3_seed_004.pdb
1998,L,Chemokine,0.59454,anc2c_L_unrelaxed_rank_025_alphafold2_model_3_seed_001.pdb
1999,V,Chemokine,0.56656,anc2c_V_unrelaxed_rank_001_alphafold2_model_2_seed_001.pdb
2000,V,Chemokine,0.5645,anc2c_V_unrelaxed_rank_002_alphafold2_model_2_seed_000.pdb
2001,V,Chemokine,0.55596,anc2c_V_unrelaxed_rank_003_alphafold2_model_2_seed_004.pdb
2002,V,Chemokine,0.55178,anc2c_V_unrelaxed_rank_004_alphafold2_model_2_seed_002.pdb
2003,V,Chemokine,0.55193,anc2c_V_unrelaxed_rank_005_alphafold2_model_2_seed_003.pdb
2004,V,Chemokine,0.5614,anc2c_V_unrelaxed_rank_006_alphafold2_model_1_seed_004.pdb
2005,V,Chemokine,0.5644,anc2c_V_unrelaxed_rank_007_alphafold2_model_1_seed_003.pdb
2006,V,Chemokine,0.57452,anc2c_V_unrelaxed_rank_008_alphafold2_model_1_seed_000.pdb
2007,V,Chemokine,0.56763,anc2c_V_unrelaxed_rank_009_alphafold2_model_1_seed_002.pdb
2008,V,Chemokine,0.5711,anc2c_V_unrelaxed_rank_010_alphafold2_model_1_seed_001.pdb
2009,V,Chemokine,0.57393,anc2c_V_unrelaxed_rank_011_alphafold2_model_4_seed_003.pdb
2010,V,Chemokine,0.57076,anc2c_V_unrelaxed_rank_012_alphafold2_model_4_seed_000.pdb
2011,V,Chemokine,0.57198,anc2c_V_unrelaxed_rank_013_alphafold2_model_4_seed_004.pdb
2012,V,Chemokine,0.57629,anc2c_V_unrelaxed_rank_014_alphafold2_model_4_seed_001.pdb
2013,V,Chemokine,0.57344,anc2c_V_unrelaxed_rank_015_alphafold2_model_4_seed_002.pdb
2014,V,Chemokine,0.56285,anc2c_V_unrelaxed_rank_016_alphafold2_model_5_seed_000.pdb
2015,V,Chemokine,0.55933,anc2c_V_unrelaxed_rank_017_alphafold2_model_5_seed_002.pdb
2016,V,Chemokine,0.5681,anc2c_V_unrelaxed_rank_018_alphafold2_model_5_seed_004.pdb
2017,V,Chemokine,0.56854,anc2c_V_unrelaxed_rank_019_alphafold2_model_5_seed_003.pdb
2018,V,Chemokine,0.57016,anc2c_V_unrelaxed_rank_020_alphafold2_model_5_seed_001.pdb
2019,V,Chemokine,0.63081,anc2c_V_unrelaxed_rank_021_alphafold2_model_3_seed_004.pdb
2020,V,Chemokine,0.60873,anc2c_V_unrelaxed_rank_022_alphafold2_model_3_seed_003.pdb
2021,V,Chemokine,0.59922,anc2c_V_unrelaxed_rank_023_alphafold2_model_3_seed_000.pdb
2022,V,Chemokine,0.63151,anc2c_V_unrelaxed_rank_024_alphafold2_model_3_seed_001.pdb
2023,V,Chemokine,0.62351,anc2c_V_unrelaxed_rank_025_alphafold2_model_3_seed_002.pdb
2024,14,Chemokine,0.76462,anc2d_14_I_unrelaxed_rank_001_alphafold2_model_2_seed_002.pdb
2025,14,Chemokine,0.76177,anc2d_14_I_unrelaxed_rank_002_alphafold2_model_2_seed_003.pdb
2026,14,Chemokine,0.76087,anc2d_14_I_unrelaxed_rank_003_alphafold2_model_5_seed_004.pdb
2027,14,Chemokine,0.76202,anc2d_14_I_unrelaxed_rank_004_alphafold2_model_5_seed_002.pdb
2028,14,Chemokine,0.76029,anc2d_14_I_unrelaxed_rank_005_alphafold2_model_2_seed_004.pdb
2029,14,Chemokine,0.76192,anc2d_14_I_unrelaxed_rank_006_alphafold2_model_5_seed_001.pdb
2030,14,Chemokine,0.76565,anc2d_14_I_unrelaxed_rank_007_alphafold2_model_4_seed_002.pdb
2031,14,Chemokine,0.7612,anc2d_14_I_unrelaxed_rank_008_alphafold2_model_5_seed_003.pdb
2032,14,Chemokine,0.75994,anc2d_14_I_unrelaxed_rank_009_alphafold2_model_5_seed_000.pdb
2033,14,Chemokine,0.77087,anc2d_14_I_unrelaxed_rank_010_alphafold2_model_4_seed_004.pdb
2034,14,Chemokine,0.76756,anc2d_14_I_unrelaxed_rank_011_alphafold2_model_4_seed_003.pdb
2035,14,Chemokine,0.75822,anc2d_14_I_unrelaxed_rank_012_alphafold2_model_2_seed_000.pdb
2036,14,Chemokine,0.75629,anc2d_14_I_unrelaxed_rank_013_alphafold2_model_2_seed_001.pdb
2037,14,Chemokine,0.6489,anc2d_14_I_unrelaxed_rank_014_alphafold2_model_3_seed_002.pdb
2038,14,Chemokine,0.64476,anc2d_14_I_unrelaxed_rank_015_alphafold2_model_3_seed_003.pdb
2039,14,Chemokine,0.64436,anc2d_14_I_unrelaxed_rank_016_alphafold2_model_3_seed_000.pdb
2040,14,Chemokine,0.6431,anc2d_14_I_unrelaxed_rank_017_alphafold2_model_3_seed_004.pdb
2041,14,Chemokine,0.64868,anc2d_14_I_unrelaxed_rank_018_alphafold2_model_3_seed_001.pdb
2042,14,Chemokine,0.63877,anc2d_14_I_unrelaxed_rank_019_alphafold2_model_1_seed_001.pdb
2043,14,Chemokine,0.64292,anc2d_14_I_unrelaxed_rank_020_alphafold2_model_1_seed_004.pdb
2044,14,Chemokine,0.66036,anc2d_14_I_unrelaxed_rank_021_alphafold2_model_1_seed_003.pdb
2045,14,Chemokine,0.62447,anc2d_14_I_unrelaxed_rank_022_alphafold2_model_1_seed_002.pdb
2046,14,Chemokine,0.66686,anc2d_14_I_unrelaxed_rank_023_alphafold2_model_4_seed_001.pdb
2047,14,Chemokine,0.67733,anc2d_14_I_unrelaxed_rank_024_alphafold2_model_4_seed_000.pdb
2048,14,Chemokine,0.7674,anc2d_14_L_unrelaxed_rank_001_alphafold2_model_2_seed_002.pdb
2049,14,Chemokine,0.76006,anc2d_14_L_unrelaxed_rank_002_alphafold2_model_2_seed_004.pdb
2050,14,Chemokine,0.7578,anc2d_14_L_unrelaxed_rank_003_alphafold2_model_2_seed_001.pdb
2051,14,Chemokine,0.75982,anc2d_14_L_unrelaxed_rank_004_alphafold2_model_2_seed_003.pdb
2052,14,Chemokine,0.75802,anc2d_14_L_unrelaxed_rank_005_alphafold2_model_2_seed_000.pdb
2053,14,Chemokine,0.7577,anc2d_14_L_unrelaxed_rank_006_alphafold2_model_5_seed_002.pdb
2054,14,Chemokine,0.75747,anc2d_14_L_unrelaxed_rank_007_alphafold2_model_5_seed_004.pdb
2055,14,Chemokine,0.75966,anc2d_14_L_unrelaxed_rank_008_alphafold2_model_4_seed_002.pdb
2056,14,Chemokine,0.75866,anc2d_14_L_unrelaxed_rank_009_alphafold2_model_5_seed_001.pdb
2057,14,Chemokine,0.7583,anc2d_14_L_unrelaxed_rank_010_alphafold2_model_5_seed_000.pdb
2058,14,Chemokine,0.761,anc2d_14_L_unrelaxed_rank_011_alphafold2_model_5_seed_003.pdb
2059,14,Chemokine,0.76762,anc2d_14_L_unrelaxed_rank_012_alphafold2_model_4_seed_004.pdb
2060,14,Chemokine,0.76707,anc2d_14_L_unrelaxed_rank_013_alphafold2_model_4_seed_003.pdb
2061,14,Chemokine,0.64829,anc2d_14_L_unrelaxed_rank_014_alphafold2_model_3_seed_002.pdb
2062,14,Chemokine,0.64424,anc2d_14_L_unrelaxed_rank_015_alphafold2_model_3_seed_003.pdb
2063,14,Chemokine,0.64998,anc2d_14_L_unrelaxed_rank_016_alphafold2_model_3_seed_004.pdb
2064,14,Chemokine,0.64603,anc2d_14_L_unrelaxed_rank_017_alphafold2_model_3_seed_000.pdb
2065,14,Chemokine,0.64861,anc2d_14_L_unrelaxed_rank_018_alphafold2_model_3_seed_001.pdb
2066,14,Chemokine,0.66836,anc2d_14_L_unrelaxed_rank_019_alphafold2_model_1_seed_002.pdb
2067,14,Chemokine,0.656,anc2d_14_L_unrelaxed_rank_020_alphafold2_model_1_seed_003.pdb
2068,14,Chemokine,0.65773,anc2d_14_L_unrelaxed_rank_021_alphafold2_model_1_seed_004.pdb
2069,14,Chemokine,0.68685,anc2d_14_L_unrelaxed_rank_022_alphafold2_model_4_seed_000.pdb
2070,14,Chemokine,0.68128,anc2d_14_L_unrelaxed_rank_023_alphafold2_model_4_seed_001.pdb
2071,14,Chemokine,0.65918,anc2d_14_L_unrelaxed_rank_024_alphafold2_model_1_seed_001.pdb
2072,14,Chemokine,0.66061,anc2d_14_L_unrelaxed_rank_025_alphafold2_model_1_seed_000.pdb
2073,14,Chemokine,0.75489,anc2d_14_V_unrelaxed_rank_001_alphafold2_model_2_seed_003.pdb
2074,14,Chemokine,0.75514,anc2d_14_V_unrelaxed_rank_002_alphafold2_model_2_seed_002.pdb
2075,14,Chemokine,0.76368,anc2d_14_V_unrelaxed_rank_003_alphafold2_model_4_seed_002.pdb
2076,14,Chemokine,0.75636,anc2d_14_V_unrelaxed_rank_004_alphafold2_model_2_seed_000.pdb
2077,14,Chemokine,0.75646,anc2d_14_V_unrelaxed_rank_005_alphafold2_model_2_seed_004.pdb
2078,14,Chemokine,0.75735,anc2d_14_V_unrelaxed_rank_006_alphafold2_model_2_seed_001.pdb
2079,14,Chemokine,0.76469,anc2d_14_V_unrelaxed_rank_007_alphafold2_model_4_seed_003.pdb
2080,14,Chemokine,0.75891,anc2d_14_V_unrelaxed_rank_008_alphafold2_model_5_seed_002.pdb
2081,14,Chemokine,0.75891,anc2d_14_V_unrelaxed_rank_009_alphafold2_model_5_seed_004.pdb
2082,14,Chemokine,0.7567,anc2d_14_V_unrelaxed_rank_010_alphafold2_model_4_seed_000.pdb
2083,14,Chemokine,0.75969,anc2d_14_V_unrelaxed_rank_011_alphafold2_model_5_seed_003.pdb
2084,14,Chemokine,0.75966,anc2d_14_V_unrelaxed_rank_012_alphafold2_model_5_seed_001.pdb
2085,14,Chemokine,0.75775,anc2d_14_V_unrelaxed_rank_013_alphafold2_model_5_seed_000.pdb
2086,14,Chemokine,0.74748,anc2d_14_V_unrelaxed_rank_014_alphafold2_model_4_seed_004.pdb
2087,14,Chemokine,0.64384,anc2d_14_V_unrelaxed_rank_015_alphafold2_model_3_seed_002.pdb
2088,14,Chemokine,0.64321,anc2d_14_V_unrelaxed_rank_016_alphafold2_model_3_seed_004.pdb
2089,14,Chemokine,0.63714,anc2d_14_V_unrelaxed_rank_017_alphafold2_model_3_seed_003.pdb
2090,14,Chemokine,0.67322,anc2d_14_V_unrelaxed_rank_018_alphafold2_model_1_seed_002.pdb
2091,14,Chemokine,0.64877,anc2d_14_V_unrelaxed_rank_019_alphafold2_model_3_seed_001.pdb
2092,14,Chemokine,0.63848,anc2d_14_V_unrelaxed_rank_020_alphafold2_model_3_seed_000.pdb
2093,14,Chemokine,0.66344,anc2d_14_V_unrelaxed_rank_021_alphafold2_model_1_seed_003.pdb
2094,14,Chemokine,0.66476,anc2d_14_V_unrelaxed_rank_022_alphafold2_model_1_seed_001.pdb
2095,14,Chemokine,0.67399,anc2d_14_V_unrelaxed_rank_023_alphafold2_model_1_seed_004.pdb
2096,14,Chemokine,0.67527,anc2d_14_V_unrelaxed_rank_024_alphafold2_model_1_seed_000.pdb
2097,14,Chemokine,0.68191,anc2d_14_V_unrelaxed_rank_025_alphafold2_model_4_seed_001.pdb
2098,36,Chemokine,0.80719,anc2d_36_A_unrelaxed_rank_001_alphafold2_model_2_seed_001.pdb
2099,36,Chemokine,0.80456,anc2d_36_A_unrelaxed_rank_002_alphafold2_model_2_seed_000.pdb
2100,36,Chemokine,0.78958,anc2d_36_A_unrelaxed_rank_003_alphafold2_model_2_seed_002.pdb
2101,36,Chemokine,0.78613,anc2d_36_A_unrelaxed_rank_004_alphafold2_model_2_seed_004.pdb
2102,36,Chemokine,0.76892,anc2d_36_A_unrelaxed_rank_005_alphafold2_model_2_seed_003.pdb
2103,36,Chemokine,0.76822,anc2d_36_A_unrelaxed_rank_006_alphafold2_model_5_seed_004.pdb
2104,36,Chemokine,0.77101,anc2d_36_A_unrelaxed_rank_007_alphafold2_model_5_seed_002.pdb
2105,36,Chemokine,0.76839,anc2d_36_A_unrelaxed_rank_008_alphafold2_model_5_seed_003.pdb
2106,36,Chemokine,0.76848,anc2d_36_A_unrelaxed_rank_009_alphafold2_model_5_seed_001.pdb
2107,36,Chemokine,0.7671,anc2d_36_A_unrelaxed_rank_010_alphafold2_model_5_seed_000.pdb
2108,36,Chemokine,0.68603,anc2d_36_A_unrelaxed_rank_011_alphafold2_model_1_seed_002.pdb
2109,36,Chemokine,0.68255,anc2d_36_A_unrelaxed_rank_012_alphafold2_model_1_seed_004.pdb
2110,36,Chemokine,0.68011,anc2d_36_A_unrelaxed_rank_013_alphafold2_model_1_seed_000.pdb
2111,36,Chemokine,0.67724,anc2d_36_A_unrelaxed_rank_014_alphafold2_model_1_seed_003.pdb
2112,36,Chemokine,0.66468,anc2d_36_A_unrelaxed_rank_015_alphafold2_model_3_seed_001.pdb
2113,36,Chemokine,0.66247,anc2d_36_A_unrelaxed_rank_016_alphafold2_model_3_seed_004.pdb
2114,36,Chemokine,0.68069,anc2d_36_A_unrelaxed_rank_017_alphafold2_model_1_seed_001.pdb
2115,36,Chemokine,0.66085,anc2d_36_A_unrelaxed_rank_018_alphafold2_model_3_seed_002.pdb
2116,36,Chemokine,0.64844,anc2d_36_A_unrelaxed_rank_019_alphafold2_model_3_seed_003.pdb
2117,36,Chemokine,0.64481,anc2d_36_A_unrelaxed_rank_020_alphafold2_model_3_seed_000.pdb
2118,36,Chemokine,0.67661,anc2d_36_A_unrelaxed_rank_021_alphafold2_model_4_seed_003.pdb
2119,36,Chemokine,0.68099,anc2d_36_A_unrelaxed_rank_022_alphafold2_model_4_seed_001.pdb
2120,36,Chemokine,0.67858,anc2d_36_A_unrelaxed_rank_023_alphafold2_model_4_seed_000.pdb
2121,36,Chemokine,0.68513,anc2d_36_A_unrelaxed_rank_024_alphafold2_model_4_seed_004.pdb
2122,36,Chemokine,0.68011,anc2d_36_A_unrelaxed_rank_025_alphafold2_model_4_seed_002.pdb
2123,36,Chemokine,0.77099,anc2d_36_G_unrelaxed_rank_001_alphafold2_model_3_seed_003.pdb
2124,36,Chemokine,0.79698,anc2d_36_G_unrelaxed_rank_002_alphafold2_model_2_seed_002.pdb
2125,36,Chemokine,0.79735,anc2d_36_G_unrelaxed_rank_003_alphafold2_model_2_seed_004.pdb
2126,36,Chemokine,0.79447,anc2d_36_G_unrelaxed_rank_004_alphafold2_model_2_seed_003.pdb
2127,36,Chemokine,0.79606,anc2d_36_G_unrelaxed_rank_005_alphafold2_model_2_seed_000.pdb
2128,36,Chemokine,0.79288,anc2d_36_G_unrelaxed_rank_006_alphafold2_model_2_seed_001.pdb
2129,36,Chemokine,0.69304,anc2d_36_G_unrelaxed_rank_007_alphafold2_model_3_seed_004.pdb
2130,36,Chemokine,0.78853,anc2d_36_G_unrelaxed_rank_008_alphafold2_model_4_seed_002.pdb
2131,36,Chemokine,0.6932,anc2d_36_G_unrelaxed_rank_009_alphafold2_model_3_seed_002.pdb
2132,36,Chemokine,0.78651,anc2d_36_G_unrelaxed_rank_010_alphafold2_model_5_seed_003.pdb
2133,36,Chemokine,0.78586,anc2d_36_G_unrelaxed_rank_011_alphafold2_model_5_seed_004.pdb
2134,36,Chemokine,0.6952,anc2d_36_G_unrelaxed_rank_012_alphafold2_model_3_seed_000.pdb
2135,36,Chemokine,0.69593,anc2d_36_G_unrelaxed_rank_013_alphafold2_model_3_seed_001.pdb
2136,36,Chemokine,0.78078,anc2d_36_G_unrelaxed_rank_014_alphafold2_model_5_seed_000.pdb
2137,36,Chemokine,0.70001,anc2d_36_G_unrelaxed_rank_015_alphafold2_model_1_seed_002.pdb
2138,36,Chemokine,0.70229,anc2d_36_G_unrelaxed_rank_016_alphafold2_model_1_seed_004.pdb
2139,36,Chemokine,0.69587,anc2d_36_G_unrelaxed_rank_017_alphafold2_model_1_seed_003.pdb
2140,36,Chemokine,0.69775,anc2d_36_G_unrelaxed_rank_018_alphafold2_model_4_seed_003.pdb
2141,36,Chemokine,0.70303,anc2d_36_G_unrelaxed_rank_019_alphafold2_model_1_seed_000.pdb
2142,36,Chemokine,0.70238,anc2d_36_G_unrelaxed_rank_020_alphafold2_model_1_seed_001.pdb
2143,36,Chemokine,0.69716,anc2d_36_G_unrelaxed_rank_021_alphafold2_model_4_seed_004.pdb
2144,36,Chemokine,0.69862,anc2d_36_G_unrelaxed_rank_022_alphafold2_model_4_seed_001.pdb
2145,36,Chemokine,0.70168,anc2d_36_G_unrelaxed_rank_023_alphafold2_model_4_seed_000.pdb
2146,36,Chemokine,0.68769,anc2d_36_G_unrelaxed_rank_024_alphafold2_model_5_seed_001.pdb
2147,36,Chemokine,0.75155,anc2d_36_I_unrelaxed_rank_001_alphafold2_model_1_seed_004.pdb
2148,36,Chemokine,0.75153,anc2d_36_I_unrelaxed_rank_002_alphafold2_model_1_seed_003.pdb
2149,36,Chemokine,0.74874,anc2d_36_I_unrelaxed_rank_003_alphafold2_model_1_seed_001.pdb
2150,36,Chemokine,0.74903,anc2d_36_I_unrelaxed_rank_004_alphafold2_model_1_seed_000.pdb
2151,36,Chemokine,0.75148,anc2d_36_I_unrelaxed_rank_005_alphafold2_model_1_seed_002.pdb
2152,36,Chemokine,0.75983,anc2d_36_I_unrelaxed_rank_006_alphafold2_model_2_seed_001.pdb
2153,36,Chemokine,0.75986,anc2d_36_I_unrelaxed_rank_007_alphafold2_model_2_seed_002.pdb
2154,36,Chemokine,0.76216,anc2d_36_I_unrelaxed_rank_008_alphafold2_model_2_seed_003.pdb
2155,36,Chemokine,0.75243,anc2d_36_I_unrelaxed_rank_009_alphafold2_model_2_seed_000.pdb
2156,36,Chemokine,0.76986,anc2d_36_I_unrelaxed_rank_010_alphafold2_model_5_seed_004.pdb
2157,36,Chemokine,0.74215,anc2d_36_I_unrelaxed_rank_011_alphafold2_model_2_seed_004.pdb
2158,36,Chemokine,0.76796,anc2d_36_I_unrelaxed_rank_012_alphafold2_model_5_seed_001.pdb
2159,36,Chemokine,0.7679,anc2d_36_I_unrelaxed_rank_013_alphafold2_model_5_seed_000.pdb
2160,36,Chemokine,0.76484,anc2d_36_I_unrelaxed_rank_014_alphafold2_model_5_seed_003.pdb
2161,36,Chemokine,0.76346,anc2d_36_I_unrelaxed_rank_015_alphafold2_model_4_seed_002.pdb
2162,36,Chemokine,0.76602,anc2d_36_I_unrelaxed_rank_016_alphafold2_model_4_seed_000.pdb
2163,36,Chemokine,0.76427,anc2d_36_I_unrelaxed_rank_017_alphafold2_model_4_seed_003.pdb
2164,36,Chemokine,0.72721,anc2d_36_I_unrelaxed_rank_018_alphafold2_model_5_seed_002.pdb
2165,36,Chemokine,0.67149,anc2d_36_I_unrelaxed_rank_019_alphafold2_model_3_seed_003.pdb
2166,36,Chemokine,0.67038,anc2d_36_I_unrelaxed_rank_020_alphafold2_model_3_seed_001.pdb
2167,36,Chemokine,0.66388,anc2d_36_I_unrelaxed_rank_021_alphafold2_model_3_seed_004.pdb
2168,36,Chemokine,0.67015,anc2d_36_I_unrelaxed_rank_022_alphafold2_model_3_seed_002.pdb
2169,40,Dimer,0.53978,anc2d_40_G_unrelaxed_rank_001_alphafold2_model_2_seed_004.pdb
2170,40,Dimer,0.53152,anc2d_40_G_unrelaxed_rank_002_alphafold2_model_2_seed_002.pdb
2171,40,Dimer,0.53491,anc2d_40_G_unrelaxed_rank_003_alphafold2_model_3_seed_001.pdb
2172,40,Dimer,0.53876,anc2d_40_G_unrelaxed_rank_004_alphafold2_model_2_seed_001.pdb
2173,40,Dimer,0.53235,anc2d_40_G_unrelaxed_rank_005_alphafold2_model_3_seed_004.pdb
2174,40,Dimer,0.53445,anc2d_40_G_unrelaxed_rank_006_alphafold2_model_3_seed_000.pdb
2175,40,Dimer,0.53547,anc2d_40_G_unrelaxed_rank_007_alphafold2_model_2_seed_000.pdb
2176,40,Dimer,0.5355,anc2d_40_G_unrelaxed_rank_008_alphafold2_model_2_seed_003.pdb
2177,40,Chemokine,0.78668,anc2d_40_G_unrelaxed_rank_009_alphafold2_model_5_seed_002.pdb
2178,40,Chemokine,0.77645,anc2d_40_G_unrelaxed_rank_010_alphafold2_model_5_seed_000.pdb
2179,40,Chemokine,0.77301,anc2d_40_G_unrelaxed_rank_011_alphafold2_model_5_seed_004.pdb
2180,40,Chemokine,0.77732,anc2d_40_G_unrelaxed_rank_012_alphafold2_model_5_seed_003.pdb
2181,40,Dimer,0.54417,anc2d_40_G_unrelaxed_rank_013_alphafold2_model_1_seed_004.pdb
2182,40,Dimer,0.54354,anc2d_40_G_unrelaxed_rank_014_alphafold2_model_1_seed_001.pdb
2183,40,Chemokine,0.77705,anc2d_40_G_unrelaxed_rank_015_alphafold2_model_5_seed_001.pdb
2184,40,Dimer,0.54112,anc2d_40_G_unrelaxed_rank_016_alphafold2_model_1_seed_003.pdb
2185,40,Dimer,0.54097,anc2d_40_G_unrelaxed_rank_017_alphafold2_model_1_seed_002.pdb
2186,40,Dimer,0.54161,anc2d_40_G_unrelaxed_rank_018_alphafold2_model_1_seed_000.pdb
2187,40,Dimer,0.54305,anc2d_40_G_unrelaxed_rank_019_alphafold2_model_4_seed_001.pdb
2188,40,Dimer,0.54143,anc2d_40_G_unrelaxed_rank_020_alphafold2_model_4_seed_003.pdb
2189,40,Dimer,0.54154,anc2d_40_G_unrelaxed_rank_021_alphafold2_model_4_seed_000.pdb
2190,40,Dimer,0.54289,anc2d_40_G_unrelaxed_rank_022_alphafold2_model_4_seed_004.pdb
2191,40,Dimer,0.54268,anc2d_40_G_unrelaxed_rank_023_alphafold2_model_4_seed_002.pdb
2192,40,Dimer,0.5323,anc2d_40_G_unrelaxed_rank_024_alphafold2_model_3_seed_003.pdb
2193,40,Chemokine,0.80719,anc2d_40_I_unrelaxed_rank_001_alphafold2_model_2_seed_001.pdb
2194,40,Chemokine,0.80456,anc2d_40_I_unrelaxed_rank_002_alphafold2_model_2_seed_000.pdb
2195,40,Chemokine,0.78958,anc2d_40_I_unrelaxed_rank_003_alphafold2_model_2_seed_002.pdb
2196,40,Chemokine,0.78613,anc2d_40_I_unrelaxed_rank_004_alphafold2_model_2_seed_004.pdb
2197,40,Chemokine,0.76892,anc2d_40_I_unrelaxed_rank_005_alphafold2_model_2_seed_003.pdb
2198,40,Chemokine,0.76822,anc2d_40_I_unrelaxed_rank_006_alphafold2_model_5_seed_004.pdb
2199,40,Chemokine,0.77101,anc2d_40_I_unrelaxed_rank_007_alphafold2_model_5_seed_002.pdb
2200,40,Chemokine,0.76839,anc2d_40_I_unrelaxed_rank_008_alphafold2_model_5_seed_003.pdb
2201,40,Chemokine,0.76848,anc2d_40_I_unrelaxed_rank_009_alphafold2_model_5_seed_001.pdb
2202,40,Chemokine,0.7671,anc2d_40_I_unrelaxed_rank_010_alphafold2_model_5_seed_000.pdb
2203,40,Chemokine,0.68603,anc2d_40_I_unrelaxed_rank_011_alphafold2_model_1_seed_002.pdb
2204,40,Chemokine,0.68255,anc2d_40_I_unrelaxed_rank_012_alphafold2_model_1_seed_004.pdb
2205,40,Chemokine,0.68011,anc2d_40_I_unrelaxed_rank_013_alphafold2_model_1_seed_000.pdb
2206,40,Chemokine,0.67724,anc2d_40_I_unrelaxed_rank_014_alphafold2_model_1_seed_003.pdb
2207,40,Chemokine,0.66468,anc2d_40_I_unrelaxed_rank_015_alphafold2_model_3_seed_001.pdb
2208,40,Chemokine,0.66247,anc2d_40_I_unrelaxed_rank_016_alphafold2_model_3_seed_004.pdb
2209,40,Chemokine,0.68069,anc2d_40_I_unrelaxed_rank_017_alphafold2_model_1_seed_001.pdb
2210,40,Chemokine,0.66085,anc2d_40_I_unrelaxed_rank_018_alphafold2_model_3_seed_002.pdb
2211,40,Chemokine,0.64844,anc2d_40_I_unrelaxed_rank_019_alphafold2_model_3_seed_003.pdb
2212,40,Chemokine,0.64481,anc2d_40_I_unrelaxed_rank_020_alphafold2_model_3_seed_000.pdb
2213,40,Chemokine,0.67661,anc2d_40_I_unrelaxed_rank_021_alphafold2_model_4_seed_003.pdb
2214,40,Chemokine,0.68099,anc2d_40_I_unrelaxed_rank_022_alphafold2_model_4_seed_001.pdb
2215,40,Chemokine,0.67858,anc2d_40_I_unrelaxed_rank_023_alphafold2_model_4_seed_000.pdb
2216,40,Chemokine,0.68513,anc2d_40_I_unrelaxed_rank_024_alphafold2_model_4_seed_004.pdb
2217,40,Chemokine,0.68011,anc2d_40_I_unrelaxed_rank_025_alphafold2_model_4_seed_002.pdb
2218,40,Chemokine,0.80238,anc2d_40_V_unrelaxed_rank_001_alphafold2_model_2_seed_002.pdb
2219,40,Chemokine,0.7912,anc2d_40_V_unrelaxed_rank_002_alphafold2_model_2_seed_001.pdb
2220,40,Chemokine,0.78816,anc2d_40_V_unrelaxed_rank_003_alphafold2_model_2_seed_000.pdb
2221,40,Chemokine,0.79656,anc2d_40_V_unrelaxed_rank_004_alphafold2_model_2_seed_003.pdb
2222,40,Chemokine,0.78425,anc2d_40_V_unrelaxed_rank_005_alphafold2_model_2_seed_004.pdb
2223,40,Chemokine,0.77584,anc2d_40_V_unrelaxed_rank_006_alphafold2_model_5_seed_002.pdb
2224,40,Chemokine,0.77154,anc2d_40_V_unrelaxed_rank_007_alphafold2_model_5_seed_004.pdb
2225,40,Chemokine,0.77231,anc2d_40_V_unrelaxed_rank_008_alphafold2_model_5_seed_001.pdb
2226,40,Chemokine,0.7718,anc2d_40_V_unrelaxed_rank_009_alphafold2_model_5_seed_003.pdb
2227,40,Chemokine,0.77136,anc2d_40_V_unrelaxed_rank_010_alphafold2_model_5_seed_000.pdb
2228,40,Chemokine,0.68498,anc2d_40_V_unrelaxed_rank_011_alphafold2_model_1_seed_002.pdb
2229,40,Chemokine,0.67164,anc2d_40_V_unrelaxed_rank_012_alphafold2_model_1_seed_003.pdb
2230,40,Chemokine,0.64224,anc2d_40_V_unrelaxed_rank_013_alphafold2_model_3_seed_000.pdb
2231,40,Chemokine,0.65047,anc2d_40_V_unrelaxed_rank_014_alphafold2_model_3_seed_002.pdb
2232,40,Chemokine,0.65212,anc2d_40_V_unrelaxed_rank_015_alphafold2_model_3_seed_003.pdb
2233,40,Chemokine,0.64251,anc2d_40_V_unrelaxed_rank_016_alphafold2_model_3_seed_004.pdb
2234,40,Chemokine,0.65794,anc2d_40_V_unrelaxed_rank_017_alphafold2_model_3_seed_001.pdb
2235,40,Chemokine,0.6718,anc2d_40_V_unrelaxed_rank_018_alphafold2_model_1_seed_000.pdb
2236,40,Chemokine,0.67363,anc2d_40_V_unrelaxed_rank_019_alphafold2_model_1_seed_001.pdb
2237,40,Chemokine,0.67772,anc2d_40_V_unrelaxed_rank_020_alphafold2_model_1_seed_004.pdb
2238,40,Chemokine,0.67333,anc2d_40_V_unrelaxed_rank_021_alphafold2_model_4_seed_003.pdb
2239,40,Chemokine,0.67632,anc2d_40_V_unrelaxed_rank_022_alphafold2_model_4_seed_004.pdb
2240,40,Chemokine,0.67467,anc2d_40_V_unrelaxed_rank_023_alphafold2_model_4_seed_001.pdb
2241,40,Chemokine,0.67504,anc2d_40_V_unrelaxed_rank_024_alphafold2_model_4_seed_000.pdb
2242,40,Chemokine,0.67683,anc2d_40_V_unrelaxed_rank_025_alphafold2_model_4_seed_002.pdb
2243,45,Dimer,0.54124,anc2d_45_I_unrelaxed_rank_001_alphafold2_model_2_seed_003.pdb
2244,45,Dimer,0.54084,anc2d_45_I_unrelaxed_rank_002_alphafold2_model_2_seed_004.pdb
2245,45,Dimer,0.54063,anc2d_45_I_unrelaxed_rank_003_alphafold2_model_2_seed_001.pdb
2246,45,Dimer,0.60798,anc2d_45_I_unrelaxed_rank_004_alphafold2_model_3_seed_001.pdb
2247,45,Dimer,0.53943,anc2d_45_I_unrelaxed_rank_005_alphafold2_model_2_seed_000.pdb
2248,45,Dimer,0.54153,anc2d_45_I_unrelaxed_rank_006_alphafold2_model_2_seed_002.pdb
2249,45,Dimer,0.58909,anc2d_45_I_unrelaxed_rank_007_alphafold2_model_3_seed_002.pdb
2250,45,Dimer,0.58157,anc2d_45_I_unrelaxed_rank_008_alphafold2_model_1_seed_000.pdb
2251,45,Dimer,0.60341,anc2d_45_I_unrelaxed_rank_009_alphafold2_model_3_seed_000.pdb
2252,45,Dimer,0.54971,anc2d_45_I_unrelaxed_rank_010_alphafold2_model_1_seed_002.pdb
2253,45,Dimer,0.54899,anc2d_45_I_unrelaxed_rank_011_alphafold2_model_1_seed_004.pdb
2254,45,Dimer,0.58265,anc2d_45_I_unrelaxed_rank_012_alphafold2_model_1_seed_001.pdb
2255,45,Dimer,0.58573,anc2d_45_I_unrelaxed_rank_013_alphafold2_model_3_seed_004.pdb
2256,45,Dimer,0.57526,anc2d_45_I_unrelaxed_rank_014_alphafold2_model_3_seed_003.pdb
2257,45,Dimer,0.54939,anc2d_45_I_unrelaxed_rank_015_alphafold2_model_5_seed_002.pdb
2258,45,Dimer,0.58904,anc2d_45_I_unrelaxed_rank_016_alphafold2_model_1_seed_003.pdb
2259,45,Dimer,0.5497,anc2d_45_I_unrelaxed_rank_017_alphafold2_model_5_seed_003.pdb
2260,45,Dimer,0.58646,anc2d_45_I_unrelaxed_rank_018_alphafold2_model_4_seed_002.pdb
2261,45,Dimer,0.58625,anc2d_45_I_unrelaxed_rank_019_alphafold2_model_4_seed_001.pdb
2262,45,Dimer,0.58503,anc2d_45_I_unrelaxed_rank_020_alphafold2_model_4_seed_003.pdb
2263,45,Dimer,0.58561,anc2d_45_I_unrelaxed_rank_021_alphafold2_model_4_seed_004.pdb
2264,45,Dimer,0.58543,anc2d_45_I_unrelaxed_rank_022_alphafold2_model_4_seed_000.pdb
2265,45,Dimer,0.54999,anc2d_45_I_unrelaxed_rank_023_alphafold2_model_5_seed_000.pdb
2266,45,Dimer,0.55092,anc2d_45_I_unrelaxed_rank_024_alphafold2_model_5_seed_004.pdb
2267,45,Dimer,0.55153,anc2d_45_I_unrelaxed_rank_025_alphafold2_model_5_seed_001.pdb
2268,45,Dimer,0.53432,anc2d_45_L_unrelaxed_rank_001_alphafold2_model_2_seed_002.pdb
2269,45,Dimer,0.53481,anc2d_45_L_unrelaxed_rank_002_alphafold2_model_2_seed_004.pdb
2270,45,Dimer,0.53652,anc2d_45_L_unrelaxed_rank_003_alphafold2_model_2_seed_003.pdb
2271,45,Dimer,0.53578,anc2d_45_L_unrelaxed_rank_004_alphafold2_model_2_seed_001.pdb
2272,45,Dimer,0.58328,anc2d_45_L_unrelaxed_rank_005_alphafold2_model_3_seed_002.pdb
2273,45,Dimer,0.56821,anc2d_45_L_unrelaxed_rank_006_alphafold2_model_2_seed_000.pdb
2274,45,Dimer,0.58507,anc2d_45_L_unrelaxed_rank_007_alphafold2_model_3_seed_001.pdb
2275,45,Dimer,0.58381,anc2d_45_L_unrelaxed_rank_008_alphafold2_model_3_seed_000.pdb
2276,45,Dimer,0.58334,anc2d_45_L_unrelaxed_rank_009_alphafold2_model_3_seed_003.pdb
2277,45,Dimer,0.57809,anc2d_45_L_unrelaxed_rank_010_alphafold2_model_3_seed_004.pdb
2278,45,Dimer,0.54368,anc2d_45_L_unrelaxed_rank_011_alphafold2_model_1_seed_002.pdb
2279,45,Dimer,0.5434,anc2d_45_L_unrelaxed_rank_012_alphafold2_model_1_seed_004.pdb
2280,45,Dimer,0.54338,anc2d_45_L_unrelaxed_rank_013_alphafold2_model_1_seed_000.pdb
2281,45,Dimer,0.54557,anc2d_45_L_unrelaxed_rank_014_alphafold2_model_1_seed_001.pdb
2282,45,Dimer,0.54249,anc2d_45_L_unrelaxed_rank_015_alphafold2_model_5_seed_002.pdb
2283,45,Dimer,0.56103,anc2d_45_L_unrelaxed_rank_016_alphafold2_model_1_seed_003.pdb
2284,45,Dimer,0.57638,anc2d_45_L_unrelaxed_rank_017_alphafold2_model_4_seed_002.pdb
2285,45,Dimer,0.54213,anc2d_45_L_unrelaxed_rank_018_alphafold2_model_5_seed_001.pdb
2286,45,Dimer,0.54265,anc2d_45_L_unrelaxed_rank_019_alphafold2_model_5_seed_000.pdb
2287,45,Dimer,0.57082,anc2d_45_L_unrelaxed_rank_020_alphafold2_model_4_seed_003.pdb
2288,45,Dimer,0.57366,anc2d_45_L_unrelaxed_rank_021_alphafold2_model_4_seed_001.pdb
2289,45,Dimer,0.5729,anc2d_45_L_unrelaxed_rank_022_alphafold2_model_4_seed_004.pdb
2290,45,Dimer,0.57434,anc2d_45_L_unrelaxed_rank_023_alphafold2_model_4_seed_000.pdb
2291,45,Dimer,0.54464,anc2d_45_L_unrelaxed_rank_024_alphafold2_model_5_seed_003.pdb
2292,45,Dimer,0.54289,anc2d_45_V_unrelaxed_rank_001_alphafold2_model_2_seed_002.pdb
2293,45,Dimer,0.54136,anc2d_45_V_unrelaxed_rank_002_alphafold2_model_2_seed_004.pdb
2294,45,Dimer,0.54154,anc2d_45_V_unrelaxed_rank_003_alphafold2_model_2_seed_003.pdb
2295,45,Dimer,0.54226,anc2d_45_V_unrelaxed_rank_004_alphafold2_model_2_seed_001.pdb
2296,45,Dimer,0.60148,anc2d_45_V_unrelaxed_rank_005_alphafold2_model_3_seed_002.pdb
2297,45,Dimer,0.6137,anc2d_45_V_unrelaxed_rank_006_alphafold2_model_3_seed_001.pdb
2298,45,Dimer,0.61793,anc2d_45_V_unrelaxed_rank_007_alphafold2_model_3_seed_004.pdb
2299,45,Dimer,0.61679,anc2d_45_V_unrelaxed_rank_008_alphafold2_model_3_seed_000.pdb
2300,45,Dimer,0.54799,anc2d_45_V_unrelaxed_rank_009_alphafold2_model_1_seed_004.pdb
2301,45,Dimer,0.54546,anc2d_45_V_unrelaxed_rank_010_alphafold2_model_1_seed_002.pdb
2302,45,Dimer,0.5568,anc2d_45_V_unrelaxed_rank_011_alphafold2_model_1_seed_000.pdb
2303,45,Dimer,0.55342,anc2d_45_V_unrelaxed_rank_012_alphafold2_model_1_seed_001.pdb
2304,45,Dimer,0.57889,anc2d_45_V_unrelaxed_rank_013_alphafold2_model_3_seed_003.pdb
2305,45,Dimer,0.57612,anc2d_45_V_unrelaxed_rank_014_alphafold2_model_1_seed_003.pdb
2306,45,Dimer,0.58419,anc2d_45_V_unrelaxed_rank_015_alphafold2_model_4_seed_001.pdb
2307,45,Dimer,0.59043,anc2d_45_V_unrelaxed_rank_016_alphafold2_model_4_seed_002.pdb
2308,45,Dimer,0.57981,anc2d_45_V_unrelaxed_rank_017_alphafold2_model_4_seed_003.pdb
2309,45,Dimer,0.58417,anc2d_45_V_unrelaxed_rank_018_alphafold2_model_4_seed_004.pdb
2310,45,Dimer,0.54747,anc2d_45_V_unrelaxed_rank_019_alphafold2_model_5_seed_002.pdb
2311,45,Dimer,0.54979,anc2d_45_V_unrelaxed_rank_020_alphafold2_model_5_seed_003.pdb
2312,45,Dimer,0.59089,anc2d_45_V_unrelaxed_rank_021_alphafold2_model_4_seed_000.pdb
2313,45,Dimer,0.54873,anc2d_45_V_unrelaxed_rank_022_alphafold2_model_5_seed_000.pdb
2314,45,Dimer,0.53979,anc2d_45_V_unrelaxed_rank_023_alphafold2_model_5_seed_001.pdb
2315,47,Chemokine,0.80719,anc2d_47_I_unrelaxed_rank_001_alphafold2_model_2_seed_001.pdb
2316,47,Chemokine,0.80456,anc2d_47_I_unrelaxed_rank_002_alphafold2_model_2_seed_000.pdb
2317,47,Chemokine,0.78958,anc2d_47_I_unrelaxed_rank_003_alphafold2_model_2_seed_002.pdb
2318,47,Chemokine,0.78613,anc2d_47_I_unrelaxed_rank_004_alphafold2_model_2_seed_004.pdb
2319,47,Chemokine,0.76892,anc2d_47_I_unrelaxed_rank_005_alphafold2_model_2_seed_003.pdb
2320,47,Chemokine,0.76822,anc2d_47_I_unrelaxed_rank_006_alphafold2_model_5_seed_004.pdb
2321,47,Chemokine,0.77101,anc2d_47_I_unrelaxed_rank_007_alphafold2_model_5_seed_002.pdb
2322,47,Chemokine,0.76839,anc2d_47_I_unrelaxed_rank_008_alphafold2_model_5_seed_003.pdb
2323,47,Chemokine,0.76848,anc2d_47_I_unrelaxed_rank_009_alphafold2_model_5_seed_001.pdb
2324,47,Chemokine,0.7671,anc2d_47_I_unrelaxed_rank_010_alphafold2_model_5_seed_000.pdb
2325,47,Chemokine,0.68603,anc2d_47_I_unrelaxed_rank_011_alphafold2_model_1_seed_002.pdb
2326,47,Chemokine,0.68255,anc2d_47_I_unrelaxed_rank_012_alphafold2_model_1_seed_004.pdb
2327,47,Chemokine,0.68011,anc2d_47_I_unrelaxed_rank_013_alphafold2_model_1_seed_000.pdb
2328,47,Chemokine,0.67724,anc2d_47_I_unrelaxed_rank_014_alphafold2_model_1_seed_003.pdb
2329,47,Chemokine,0.66468,anc2d_47_I_unrelaxed_rank_015_alphafold2_model_3_seed_001.pdb
2330,47,Chemokine,0.66247,anc2d_47_I_unrelaxed_rank_016_alphafold2_model_3_seed_004.pdb
2331,47,Chemokine,0.68069,anc2d_47_I_unrelaxed_rank_017_alphafold2_model_1_seed_001.pdb
2332,47,Chemokine,0.66085,anc2d_47_I_unrelaxed_rank_018_alphafold2_model_3_seed_002.pdb
2333,47,Chemokine,0.64844,anc2d_47_I_unrelaxed_rank_019_alphafold2_model_3_seed_003.pdb
2334,47,Chemokine,0.64481,anc2d_47_I_unrelaxed_rank_020_alphafold2_model_3_seed_000.pdb
2335,47,Chemokine,0.67661,anc2d_47_I_unrelaxed_rank_021_alphafold2_model_4_seed_003.pdb
2336,47,Chemokine,0.68099,anc2d_47_I_unrelaxed_rank_022_alphafold2_model_4_seed_001.pdb
2337,47,Chemokine,0.67858,anc2d_47_I_unrelaxed_rank_023_alphafold2_model_4_seed_000.pdb
2338,47,Chemokine,0.68513,anc2d_47_I_unrelaxed_rank_024_alphafold2_model_4_seed_004.pdb
2339,47,Chemokine,0.68011,anc2d_47_I_unrelaxed_rank_025_alphafold2_model_4_seed_002.pdb
2340,47,Chemokine,0.78677,anc2d_47_L_unrelaxed_rank_001_alphafold2_model_2_seed_002.pdb
2341,47,Chemokine,0.78617,anc2d_47_L_unrelaxed_rank_002_alphafold2_model_2_seed_000.pdb
2342,47,Chemokine,0.78792,anc2d_47_L_unrelaxed_rank_003_alphafold2_model_2_seed_001.pdb
2343,47,Chemokine,0.76816,anc2d_47_L_unrelaxed_rank_004_alphafold2_model_2_seed_004.pdb
2344,47,Chemokine,0.77034,anc2d_47_L_unrelaxed_rank_005_alphafold2_model_2_seed_003.pdb
2345,47,Chemokine,0.77065,anc2d_47_L_unrelaxed_rank_006_alphafold2_model_5_seed_004.pdb
2346,47,Chemokine,0.77206,anc2d_47_L_unrelaxed_rank_007_alphafold2_model_5_seed_002.pdb
2347,47,Chemokine,0.77241,anc2d_47_L_unrelaxed_rank_008_alphafold2_model_5_seed_001.pdb
2348,47,Chemokine,0.77121,anc2d_47_L_unrelaxed_rank_009_alphafold2_model_5_seed_003.pdb
2349,47,Chemokine,0.77206,anc2d_47_L_unrelaxed_rank_010_alphafold2_model_5_seed_000.pdb
2350,47,Chemokine,0.65065,anc2d_47_L_unrelaxed_rank_011_alphafold2_model_3_seed_003.pdb
2351,47,Chemokine,0.68068,anc2d_47_L_unrelaxed_rank_012_alphafold2_model_1_seed_003.pdb
2352,47,Chemokine,0.63099,anc2d_47_L_unrelaxed_rank_013_alphafold2_model_3_seed_004.pdb
2353,47,Chemokine,0.631,anc2d_47_L_unrelaxed_rank_014_alphafold2_model_3_seed_000.pdb
2354,47,Chemokine,0.63545,anc2d_47_L_unrelaxed_rank_015_alphafold2_model_3_seed_001.pdb
2355,47,Chemokine,0.62846,anc2d_47_L_unrelaxed_rank_016_alphafold2_model_3_seed_002.pdb
2356,47,Dimer,0.53993,anc2d_47_L_unrelaxed_rank_017_alphafold2_model_1_seed_000.pdb
2357,47,Chemokine,0.66667,anc2d_47_L_unrelaxed_rank_018_alphafold2_model_1_seed_002.pdb
2358,47,Chemokine,0.67381,anc2d_47_L_unrelaxed_rank_019_alphafold2_model_4_seed_004.pdb
2359,47,Chemokine,0.67319,anc2d_47_L_unrelaxed_rank_020_alphafold2_model_4_seed_003.pdb
2360,47,Chemokine,0.67334,anc2d_47_L_unrelaxed_rank_021_alphafold2_model_4_seed_001.pdb
2361,47,Dimer,0.56532,anc2d_47_L_unrelaxed_rank_022_alphafold2_model_1_seed_001.pdb
2362,47,Chemokine,0.67139,anc2d_47_L_unrelaxed_rank_023_alphafold2_model_4_seed_002.pdb
2363,47,Chemokine,0.66494,anc2d_47_L_unrelaxed_rank_024_alphafold2_model_4_seed_000.pdb
2364,47,Chemokine,0.79408,anc2d_47_M_unrelaxed_rank_001_alphafold2_model_2_seed_002.pdb
2365,47,Chemokine,0.79478,anc2d_47_M_unrelaxed_rank_002_alphafold2_model_2_seed_001.pdb
2366,47,Chemokine,0.79344,anc2d_47_M_unrelaxed_rank_003_alphafold2_model_2_seed_000.pdb
2367,47,Chemokine,0.79308,anc2d_47_M_unrelaxed_rank_004_alphafold2_model_2_seed_004.pdb
2368,47,Chemokine,0.77332,anc2d_47_M_unrelaxed_rank_005_alphafold2_model_1_seed_004.pdb
2369,47,Chemokine,0.79111,anc2d_47_M_unrelaxed_rank_006_alphafold2_model_2_seed_003.pdb
2370,47,Chemokine,0.76237,anc2d_47_M_unrelaxed_rank_007_alphafold2_model_1_seed_000.pdb
2371,47,Chemokine,0.77505,anc2d_47_M_unrelaxed_rank_008_alphafold2_model_5_seed_001.pdb
2372,47,Chemokine,0.77158,anc2d_47_M_unrelaxed_rank_009_alphafold2_model_5_seed_002.pdb
2373,47,Chemokine,0.77203,anc2d_47_M_unrelaxed_rank_010_alphafold2_model_5_seed_003.pdb
2374,47,Chemokine,0.77268,anc2d_47_M_unrelaxed_rank_011_alphafold2_model_5_seed_000.pdb
2375,47,Chemokine,0.67025,anc2d_47_M_unrelaxed_rank_012_alphafold2_model_3_seed_004.pdb
2376,47,Chemokine,0.65336,anc2d_47_M_unrelaxed_rank_013_alphafold2_model_3_seed_003.pdb
2377,47,Chemokine,0.64742,anc2d_47_M_unrelaxed_rank_014_alphafold2_model_1_seed_003.pdb
2378,47,Chemokine,0.63785,anc2d_47_M_unrelaxed_rank_015_alphafold2_model_3_seed_002.pdb
2379,47,Chemokine,0.65418,anc2d_47_M_unrelaxed_rank_016_alphafold2_model_3_seed_001.pdb
2380,47,Chemokine,0.67871,anc2d_47_M_unrelaxed_rank_017_alphafold2_model_4_seed_003.pdb
2381,47,Chemokine,0.64563,anc2d_47_M_unrelaxed_rank_018_alphafold2_model_3_seed_000.pdb
2382,47,Chemokine,0.6771,anc2d_47_M_unrelaxed_rank_019_alphafold2_model_4_seed_004.pdb
2383,47,Chemokine,0.65713,anc2d_47_M_unrelaxed_rank_020_alphafold2_model_1_seed_001.pdb
2384,47,Chemokine,0.68028,anc2d_47_M_unrelaxed_rank_021_alphafold2_model_1_seed_002.pdb
2385,47,Chemokine,0.68334,anc2d_47_M_unrelaxed_rank_022_alphafold2_model_4_seed_001.pdb
2386,47,Chemokine,0.68225,anc2d_47_M_unrelaxed_rank_023_alphafold2_model_4_seed_002.pdb
2387,47,Chemokine,0.67838,anc2d_47_M_unrelaxed_rank_024_alphafold2_model_4_seed_000.pdb
2388,47,Chemokine,0.66221,anc2d_47_M_unrelaxed_rank_025_alphafold2_model_5_seed_004.pdb
2389,I,Chemokine,0.8037,anc2d_I_unrelaxed_rank_001_alphafold2_model_2_seed_000.pdb
2390,I,Chemokine,0.77836,anc2d_I_unrelaxed_rank_002_alphafold2_model_2_seed_002.pdb
2391,I,Chemokine,0.79282,anc2d_I_unrelaxed_rank_003_alphafold2_model_2_seed_003.pdb
2392,I,Chemokine,0.77983,anc2d_I_unrelaxed_rank_004_alphafold2_model_2_seed_001.pdb
2393,I,Chemokine,0.77561,anc2d_I_unrelaxed_rank_005_alphafold2_model_2_seed_004.pdb
2394,I,Chemokine,0.77381,anc2d_I_unrelaxed_rank_006_alphafold2_model_4_seed_002.pdb
2395,I,Chemokine,0.76607,anc2d_I_unrelaxed_rank_007_alphafold2_model_5_seed_004.pdb
2396,I,Chemokine,0.76865,anc2d_I_unrelaxed_rank_008_alphafold2_model_5_seed_002.pdb
2397,I,Chemokine,0.76639,anc2d_I_unrelaxed_rank_009_alphafold2_model_5_seed_003.pdb
2398,I,Chemokine,0.76656,anc2d_I_unrelaxed_rank_010_alphafold2_model_5_seed_001.pdb
2399,I,Chemokine,0.76604,anc2d_I_unrelaxed_rank_011_alphafold2_model_5_seed_000.pdb
2400,I,Chemokine,0.68528,anc2d_I_unrelaxed_rank_012_alphafold2_model_1_seed_002.pdb
2401,I,Chemokine,0.69913,anc2d_I_unrelaxed_rank_013_alphafold2_model_1_seed_003.pdb
2402,I,Chemokine,0.66306,anc2d_I_unrelaxed_rank_014_alphafold2_model_3_seed_001.pdb
2403,I,Chemokine,0.65991,anc2d_I_unrelaxed_rank_015_alphafold2_model_3_seed_000.pdb
2404,I,Chemokine,0.65625,anc2d_I_unrelaxed_rank_016_alphafold2_model_3_seed_004.pdb
2405,I,Chemokine,0.68873,anc2d_I_unrelaxed_rank_017_alphafold2_model_1_seed_000.pdb
2406,I,Chemokine,0.68708,anc2d_I_unrelaxed_rank_018_alphafold2_model_1_seed_004.pdb
2407,I,Chemokine,0.67775,anc2d_I_unrelaxed_rank_019_alphafold2_model_1_seed_001.pdb
2408,I,Chemokine,0.65558,anc2d_I_unrelaxed_rank_020_alphafold2_model_3_seed_002.pdb
2409,I,Chemokine,0.6794,anc2d_I_unrelaxed_rank_021_alphafold2_model_4_seed_003.pdb
2410,I,Chemokine,0.65916,anc2d_I_unrelaxed_rank_022_alphafold2_model_3_seed_003.pdb
2411,I,Chemokine,0.67886,anc2d_I_unrelaxed_rank_023_alphafold2_model_4_seed_004.pdb
2412,I,Chemokine,0.68106,anc2d_I_unrelaxed_rank_024_alphafold2_model_4_seed_001.pdb
2413,I,Chemokine,0.67892,anc2d_I_unrelaxed_rank_025_alphafold2_model_4_seed_000.pdb
2414,L,Chemokine,0.76115,anc2d_L_unrelaxed_rank_001_alphafold2_model_3_seed_001.pdb
2415,L,Chemokine,0.77193,anc2d_L_unrelaxed_rank_002_alphafold2_model_1_seed_004.pdb
2416,L,Chemokine,0.77055,anc2d_L_unrelaxed_rank_003_alphafold2_model_1_seed_003.pdb
2417,L,Chemokine,0.79002,anc2d_L_unrelaxed_rank_004_alphafold2_model_2_seed_002.pdb
2418,L,Chemokine,0.76278,anc2d_L_unrelaxed_rank_005_alphafold2_model_1_seed_002.pdb
2419,L,Chemokine,0.76768,anc2d_L_unrelaxed_rank_006_alphafold2_model_1_seed_000.pdb
2420,L,Chemokine,0.76151,anc2d_L_unrelaxed_rank_007_alphafold2_model_1_seed_001.pdb
2421,L,Chemokine,0.78111,anc2d_L_unrelaxed_rank_008_alphafold2_model_2_seed_003.pdb
2422,L,Chemokine,0.78236,anc2d_L_unrelaxed_rank_009_alphafold2_model_2_seed_004.pdb
2423,L,Chemokine,0.78212,anc2d_L_unrelaxed_rank_010_alphafold2_model_2_seed_001.pdb
2424,L,Chemokine,0.78313,anc2d_L_unrelaxed_rank_011_alphafold2_model_2_seed_000.pdb
2425,L,Chemokine,0.76414,anc2d_L_unrelaxed_rank_012_alphafold2_model_3_seed_002.pdb
2426,L,Chemokine,0.78282,anc2d_L_unrelaxed_rank_013_alphafold2_model_4_seed_002.pdb
2427,L,Chemokine,0.78362,anc2d_L_unrelaxed_rank_014_alphafold2_model_5_seed_002.pdb
2428,L,Chemokine,0.78098,anc2d_L_unrelaxed_rank_015_alphafold2_model_5_seed_004.pdb
2429,L,Chemokine,0.78128,anc2d_L_unrelaxed_rank_016_alphafold2_model_5_seed_001.pdb
2430,L,Chemokine,0.7789,anc2d_L_unrelaxed_rank_017_alphafold2_model_5_seed_003.pdb
2431,L,Chemokine,0.77858,anc2d_L_unrelaxed_rank_018_alphafold2_model_5_seed_000.pdb
2432,L,Chemokine,0.69178,anc2d_L_unrelaxed_rank_019_alphafold2_model_4_seed_004.pdb
2433,L,Chemokine,0.69004,anc2d_L_unrelaxed_rank_020_alphafold2_model_4_seed_003.pdb
2434,L,Chemokine,0.68816,anc2d_L_unrelaxed_rank_021_alphafold2_model_4_seed_000.pdb
2435,L,Chemokine,0.69167,anc2d_L_unrelaxed_rank_022_alphafold2_model_4_seed_001.pdb
2436,L,Chemokine,0.65507,anc2d_L_unrelaxed_rank_023_alphafold2_model_3_seed_003.pdb
2437,L,Chemokine,0.66952,anc2d_L_unrelaxed_rank_024_alphafold2_model_3_seed_004.pdb
2438,L,Chemokine,0.67698,anc2d_L_unrelaxed_rank_025_alphafold2_model_3_seed_000.pdb
2439,V,Chemokine,0.80719,anc2d_V_unrelaxed_rank_001_alphafold2_model_2_seed_001.pdb
2440,V,Chemokine,0.80456,anc2d_V_unrelaxed_rank_002_alphafold2_model_2_seed_000.pdb
2441,V,Chemokine,0.78958,anc2d_V_unrelaxed_rank_003_alphafold2_model_2_seed_002.pdb
2442,V,Chemokine,0.78613,anc2d_V_unrelaxed_rank_004_alphafold2_model_2_seed_004.pdb
2443,V,Chemokine,0.76892,anc2d_V_unrelaxed_rank_005_alphafold2_model_2_seed_003.pdb
2444,V,Chemokine,0.76822,anc2d_V_unrelaxed_rank_006_alphafold2_model_5_seed_004.pdb
2445,V,Chemokine,0.77101,anc2d_V_unrelaxed_rank_007_alphafold2_model_5_seed_002.pdb
2446,V,Chemokine,0.76839,anc2d_V_unrelaxed_rank_008_alphafold2_model_5_seed_003.pdb
2447,V,Chemokine,0.76848,anc2d_V_unrelaxed_rank_009_alphafold2_model_5_seed_001.pdb
2448,V,Chemokine,0.7671,anc2d_V_unrelaxed_rank_010_alphafold2_model_5_seed_000.pdb
2449,V,Chemokine,0.68603,anc2d_V_unrelaxed_rank_011_alphafold2_model_1_seed_002.pdb
2450,V,Chemokine,0.68255,anc2d_V_unrelaxed_rank_012_alphafold2_model_1_seed_004.pdb
2451,V,Chemokine,0.68011,anc2d_V_unrelaxed_rank_013_alphafold2_model_1_seed_000.pdb
2452,V,Chemokine,0.67724,anc2d_V_unrelaxed_rank_014_alphafold2_model_1_seed_003.pdb
2453,V,Chemokine,0.66468,anc2d_V_unrelaxed_rank_015_alphafold2_model_3_seed_001.pdb
2454,V,Chemokine,0.66247,anc2d_V_unrelaxed_rank_016_alphafold2_model_3_seed_004.pdb
2455,V,Chemokine,0.68069,anc2d_V_unrelaxed_rank_017_alphafold2_model_1_seed_001.pdb
2456,V,Chemokine,0.66085,anc2d_V_unrelaxed_rank_018_alphafold2_model_3_seed_002.pdb
2457,V,Chemokine,0.64844,anc2d_V_unrelaxed_rank_019_alphafold2_model_3_seed_003.pdb
2458,V,Chemokine,0.64481,anc2d_V_unrelaxed_rank_020_alphafold2_model_3_seed_000.pdb
2459,V,Chemokine,0.67661,anc2d_V_unrelaxed_rank_021_alphafold2_model_4_seed_003.pdb
2460,V,Chemokine,0.68099,anc2d_V_unrelaxed_rank_022_alphafold2_model_4_seed_001.pdb
2461,V,Chemokine,0.67858,anc2d_V_unrelaxed_rank_023_alphafold2_model_4_seed_000.pdb
2462,V,Chemokine,0.68513,anc2d_V_unrelaxed_rank_024_alphafold2_model_4_seed_004.pdb
2463,V,Chemokine,0.68011,anc2d_V_unrelaxed_rank_025_alphafold2_model_4_seed_002.pdb
2464,14,Chemokine,0.7676,anc2f_14_I_unrelaxed_rank_001_alphafold2_model_3_seed_002.pdb
2465,14,Chemokine,0.76953,anc2f_14_I_unrelaxed_rank_002_alphafold2_model_3_seed_001.pdb
2466,14,Chemokine,0.76978,anc2f_14_I_unrelaxed_rank_003_alphafold2_model_3_seed_004.pdb
2467,14,Chemokine,0.77538,anc2f_14_I_unrelaxed_rank_004_alphafold2_model_3_seed_003.pdb
2468,14,Chemokine,0.77769,anc2f_14_I_unrelaxed_rank_005_alphafold2_model_3_seed_000.pdb
2469,14,Chemokine,0.5025,anc2f_14_I_unrelaxed_rank_006_alphafold2_model_2_seed_004.pdb
2470,14,Chemokine,0.51157,anc2f_14_I_unrelaxed_rank_007_alphafold2_model_2_seed_003.pdb
2471,14,Chemokine,0.7763,anc2f_14_I_unrelaxed_rank_008_alphafold2_model_1_seed_002.pdb
2472,14,Chemokine,0.51408,anc2f_14_I_unrelaxed_rank_009_alphafold2_model_2_seed_001.pdb
2473,14,Chemokine,0.51239,anc2f_14_I_unrelaxed_rank_010_alphafold2_model_2_seed_002.pdb
2474,14,Chemokine,0.7767,anc2f_14_I_unrelaxed_rank_011_alphafold2_model_5_seed_002.pdb
2475,14,Chemokine,0.78205,anc2f_14_I_unrelaxed_rank_012_alphafold2_model_5_seed_001.pdb
2476,14,Chemokine,0.77362,anc2f_14_I_unrelaxed_rank_013_alphafold2_model_4_seed_004.pdb
2477,14,Chemokine,0.77692,anc2f_14_I_unrelaxed_rank_014_alphafold2_model_5_seed_000.pdb
2478,14,Chemokine,0.77651,anc2f_14_I_unrelaxed_rank_015_alphafold2_model_4_seed_000.pdb
2479,14,Chemokine,0.5079,anc2f_14_I_unrelaxed_rank_016_alphafold2_model_2_seed_000.pdb
2480,14,Chemokine,0.77326,anc2f_14_I_unrelaxed_rank_017_alphafold2_model_5_seed_004.pdb
2481,14,Chemokine,0.77335,anc2f_14_I_unrelaxed_rank_018_alphafold2_model_5_seed_003.pdb
2482,14,Chemokine,0.77271,anc2f_14_I_unrelaxed_rank_019_alphafold2_model_4_seed_001.pdb
2483,14,Chemokine,0.77123,anc2f_14_I_unrelaxed_rank_020_alphafold2_model_4_seed_003.pdb
2484,14,Chemokine,0.76744,anc2f_14_I_unrelaxed_rank_021_alphafold2_model_4_seed_002.pdb
2485,14,Chemokine,0.76494,anc2f_14_I_unrelaxed_rank_022_alphafold2_model_1_seed_003.pdb
2486,14,Chemokine,0.7626,anc2f_14_I_unrelaxed_rank_023_alphafold2_model_1_seed_004.pdb
2487,14,Chemokine,0.51915,anc2f_14_I_unrelaxed_rank_024_alphafold2_model_1_seed_001.pdb
2488,14,Chemokine,0.76921,anc2f_14_L_unrelaxed_rank_001_alphafold2_model_3_seed_002.pdb
2489,14,Chemokine,0.7698,anc2f_14_L_unrelaxed_rank_002_alphafold2_model_3_seed_001.pdb
2490,14,Chemokine,0.77048,anc2f_14_L_unrelaxed_rank_003_alphafold2_model_3_seed_000.pdb
2491,14,Chemokine,0.76808,anc2f_14_L_unrelaxed_rank_004_alphafold2_model_3_seed_004.pdb
2492,14,Chemokine,0.75931,anc2f_14_L_unrelaxed_rank_005_alphafold2_model_3_seed_003.pdb
2493,14,Chemokine,0.76162,anc2f_14_L_unrelaxed_rank_006_alphafold2_model_1_seed_002.pdb
2494,14,Chemokine,0.77168,anc2f_14_L_unrelaxed_rank_007_alphafold2_model_5_seed_002.pdb
2495,14,Chemokine,0.7592,anc2f_14_L_unrelaxed_rank_008_alphafold2_model_1_seed_003.pdb
2496,14,Chemokine,0.50868,anc2f_14_L_unrelaxed_rank_009_alphafold2_model_2_seed_001.pdb
2497,14,Chemokine,0.76053,anc2f_14_L_unrelaxed_rank_010_alphafold2_model_4_seed_004.pdb
2498,14,Chemokine,0.76466,anc2f_14_L_unrelaxed_rank_011_alphafold2_model_1_seed_000.pdb
2499,14,Chemokine,0.76325,anc2f_14_L_unrelaxed_rank_012_alphafold2_model_4_seed_001.pdb
2500,14,Chemokine,0.76068,anc2f_14_L_unrelaxed_rank_013_alphafold2_model_4_seed_002.pdb
2501,14,Chemokine,0.51075,anc2f_14_L_unrelaxed_rank_014_alphafold2_model_2_seed_003.pdb
2502,14,Chemokine,0.76214,anc2f_14_L_unrelaxed_rank_015_alphafold2_model_4_seed_003.pdb
2503,14,Chemokine,0.77196,anc2f_14_L_unrelaxed_rank_016_alphafold2_model_5_seed_000.pdb
2504,14,Chemokine,0.75764,anc2f_14_L_unrelaxed_rank_017_alphafold2_model_4_seed_000.pdb
2505,14,Chemokine,0.7709,anc2f_14_L_unrelaxed_rank_018_alphafold2_model_5_seed_001.pdb
2506,14,Chemokine,0.75414,anc2f_14_L_unrelaxed_rank_019_alphafold2_model_5_seed_003.pdb
2507,14,Chemokine,0.75796,anc2f_14_L_unrelaxed_rank_020_alphafold2_model_5_seed_004.pdb
2508,14,Chemokine,0.50065,anc2f_14_L_unrelaxed_rank_022_alphafold2_model_2_seed_000.pdb
2509,14,Chemokine,0.74513,anc2f_14_L_unrelaxed_rank_023_alphafold2_model_1_seed_001.pdb
2510,14,Chemokine,0.69494,anc2f_14_L_unrelaxed_rank_024_alphafold2_model_1_seed_004.pdb
2511,14,Chemokine,0.78461,anc2f_14_V_unrelaxed_rank_001_alphafold2_model_3_seed_000.pdb
2512,14,Chemokine,0.78678,anc2f_14_V_unrelaxed_rank_002_alphafold2_model_3_seed_001.pdb
2513,14,Chemokine,0.7677,anc2f_14_V_unrelaxed_rank_003_alphafold2_model_3_seed_004.pdb
2514,14,Chemokine,0.77269,anc2f_14_V_unrelaxed_rank_004_alphafold2_model_3_seed_003.pdb
2515,14,Chemokine,0.77326,anc2f_14_V_unrelaxed_rank_005_alphafold2_model_3_seed_002.pdb
2516,14,Chemokine,0.75675,anc2f_14_V_unrelaxed_rank_006_alphafold2_model_1_seed_004.pdb
2517,14,Chemokine,0.76605,anc2f_14_V_unrelaxed_rank_007_alphafold2_model_1_seed_000.pdb
2518,14,Chemokine,0.75604,anc2f_14_V_unrelaxed_rank_008_alphafold2_model_1_seed_002.pdb
2519,14,Chemokine,0.76425,anc2f_14_V_unrelaxed_rank_009_alphafold2_model_1_seed_001.pdb
2520,14,Chemokine,0.76854,anc2f_14_V_unrelaxed_rank_010_alphafold2_model_2_seed_000.pdb
2521,14,Chemokine,0.76972,anc2f_14_V_unrelaxed_rank_011_alphafold2_model_2_seed_004.pdb
2522,14,Chemokine,0.77202,anc2f_14_V_unrelaxed_rank_012_alphafold2_model_4_seed_004.pdb
2523,14,Chemokine,0.7665,anc2f_14_V_unrelaxed_rank_013_alphafold2_model_2_seed_003.pdb
2524,14,Chemokine,0.77949,anc2f_14_V_unrelaxed_rank_014_alphafold2_model_5_seed_002.pdb
2525,14,Chemokine,0.77206,anc2f_14_V_unrelaxed_rank_015_alphafold2_model_4_seed_001.pdb
2526,14,Chemokine,0.77175,anc2f_14_V_unrelaxed_rank_016_alphafold2_model_4_seed_003.pdb
2527,14,Chemokine,0.77017,anc2f_14_V_unrelaxed_rank_017_alphafold2_model_4_seed_000.pdb
2528,14,Chemokine,0.77438,anc2f_14_V_unrelaxed_rank_018_alphafold2_model_5_seed_001.pdb
2529,14,Chemokine,0.77384,anc2f_14_V_unrelaxed_rank_019_alphafold2_model_5_seed_004.pdb
2530,14,Chemokine,0.77581,anc2f_14_V_unrelaxed_rank_020_alphafold2_model_5_seed_000.pdb
2531,14,Chemokine,0.77695,anc2f_14_V_unrelaxed_rank_021_alphafold2_model_5_seed_003.pdb
2532,14,Chemokine,0.76766,anc2f_14_V_unrelaxed_rank_022_alphafold2_model_4_seed_002.pdb
2533,14,Chemokine,0.76598,anc2f_14_V_unrelaxed_rank_023_alphafold2_model_1_seed_003.pdb
2534,14,Chemokine,0.51781,anc2f_14_V_unrelaxed_rank_024_alphafold2_model_2_seed_001.pdb
2535,14,Chemokine,0.52073,anc2f_14_V_unrelaxed_rank_025_alphafold2_model_2_seed_002.pdb
2536,36,Chemokine,0.79418,anc2f_36_A_unrelaxed_rank_001_alphafold2_model_3_seed_002.pdb
2537,36,Chemokine,0.79697,anc2f_36_A_unrelaxed_rank_002_alphafold2_model_3_seed_000.pdb
2538,36,Chemokine,0.79496,anc2f_36_A_unrelaxed_rank_003_alphafold2_model_3_seed_001.pdb
2539,36,Chemokine,0.79526,anc2f_36_A_unrelaxed_rank_004_alphafold2_model_3_seed_003.pdb
2540,36,Chemokine,0.79582,anc2f_36_A_unrelaxed_rank_005_alphafold2_model_3_seed_004.pdb
2541,36,Chemokine,0.79289,anc2f_36_A_unrelaxed_rank_006_alphafold2_model_1_seed_000.pdb
2542,36,Chemokine,0.79496,anc2f_36_A_unrelaxed_rank_007_alphafold2_model_1_seed_002.pdb
2543,36,Chemokine,0.79253,anc2f_36_A_unrelaxed_rank_008_alphafold2_model_1_seed_001.pdb
2544,36,Chemokine,0.788,anc2f_36_A_unrelaxed_rank_009_alphafold2_model_1_seed_003.pdb
2545,36,Chemokine,0.78891,anc2f_36_A_unrelaxed_rank_010_alphafold2_model_1_seed_004.pdb
2546,36,Chemokine,0.80448,anc2f_36_A_unrelaxed_rank_011_alphafold2_model_2_seed_002.pdb
2547,36,Chemokine,0.80405,anc2f_36_A_unrelaxed_rank_012_alphafold2_model_2_seed_003.pdb
2548,36,Chemokine,0.80069,anc2f_36_A_unrelaxed_rank_013_alphafold2_model_2_seed_000.pdb
2549,36,Chemokine,0.80066,anc2f_36_A_unrelaxed_rank_014_alphafold2_model_2_seed_004.pdb
2550,36,Chemokine,0.80357,anc2f_36_A_unrelaxed_rank_015_alphafold2_model_2_seed_001.pdb
2551,36,Chemokine,0.79723,anc2f_36_A_unrelaxed_rank_016_alphafold2_model_4_seed_004.pdb
2552,36,Chemokine,0.79039,anc2f_36_A_unrelaxed_rank_017_alphafold2_model_4_seed_001.pdb
2553,36,Chemokine,0.79797,anc2f_36_A_unrelaxed_rank_018_alphafold2_model_4_seed_002.pdb
2554,36,Chemokine,0.79319,anc2f_36_A_unrelaxed_rank_019_alphafold2_model_4_seed_003.pdb
2555,36,Chemokine,0.78593,anc2f_36_A_unrelaxed_rank_020_alphafold2_model_5_seed_002.pdb
2556,36,Chemokine,0.79178,anc2f_36_A_unrelaxed_rank_021_alphafold2_model_4_seed_000.pdb
2557,36,Chemokine,0.78405,anc2f_36_A_unrelaxed_rank_022_alphafold2_model_5_seed_001.pdb
2558,36,Chemokine,0.78057,anc2f_36_A_unrelaxed_rank_023_alphafold2_model_5_seed_003.pdb
2559,36,Chemokine,0.78191,anc2f_36_A_unrelaxed_rank_024_alphafold2_model_5_seed_000.pdb
2560,36,Chemokine,0.77923,anc2f_36_A_unrelaxed_rank_025_alphafold2_model_5_seed_004.pdb
2561,36,Chemokine,0.8121,anc2f_36_G_unrelaxed_rank_001_alphafold2_model_3_seed_002.pdb
2562,36,Chemokine,0.81297,anc2f_36_G_unrelaxed_rank_002_alphafold2_model_3_seed_000.pdb
2563,36,Chemokine,0.81308,anc2f_36_G_unrelaxed_rank_003_alphafold2_model_3_seed_001.pdb
2564,36,Chemokine,0.81136,anc2f_36_G_unrelaxed_rank_004_alphafold2_model_3_seed_004.pdb
2565,36,Chemokine,0.81146,anc2f_36_G_unrelaxed_rank_005_alphafold2_model_3_seed_003.pdb
2566,36,Chemokine,0.83423,anc2f_36_G_unrelaxed_rank_006_alphafold2_model_2_seed_002.pdb
2567,36,Chemokine,0.83481,anc2f_36_G_unrelaxed_rank_007_alphafold2_model_2_seed_000.pdb
2568,36,Chemokine,0.80566,anc2f_36_G_unrelaxed_rank_008_alphafold2_model_1_seed_002.pdb
2569,36,Chemokine,0.83653,anc2f_36_G_unrelaxed_rank_009_alphafold2_model_2_seed_003.pdb
2570,36,Chemokine,0.80697,anc2f_36_G_unrelaxed_rank_010_alphafold2_model_1_seed_003.pdb
2571,36,Chemokine,0.80569,anc2f_36_G_unrelaxed_rank_011_alphafold2_model_1_seed_000.pdb
2572,36,Chemokine,0.80561,anc2f_36_G_unrelaxed_rank_012_alphafold2_model_1_seed_004.pdb
2573,36,Chemokine,0.80808,anc2f_36_G_unrelaxed_rank_013_alphafold2_model_2_seed_001.pdb
2574,36,Chemokine,0.80499,anc2f_36_G_unrelaxed_rank_014_alphafold2_model_1_seed_001.pdb
2575,36,Chemokine,0.81015,anc2f_36_G_unrelaxed_rank_015_alphafold2_model_2_seed_004.pdb
2576,36,Chemokine,0.80071,anc2f_36_G_unrelaxed_rank_016_alphafold2_model_5_seed_002.pdb
2577,36,Chemokine,0.80704,anc2f_36_G_unrelaxed_rank_017_alphafold2_model_4_seed_002.pdb
2578,36,Chemokine,0.81038,anc2f_36_G_unrelaxed_rank_018_alphafold2_model_4_seed_000.pdb
2579,36,Chemokine,0.80121,anc2f_36_G_unrelaxed_rank_019_alphafold2_model_4_seed_001.pdb
2580,36,Chemokine,0.80689,anc2f_36_G_unrelaxed_rank_020_alphafold2_model_4_seed_004.pdb
2581,36,Chemokine,0.81033,anc2f_36_G_unrelaxed_rank_021_alphafold2_model_4_seed_003.pdb
2582,36,Chemokine,0.79645,anc2f_36_G_unrelaxed_rank_022_alphafold2_model_5_seed_004.pdb
2583,36,Chemokine,0.79626,anc2f_36_G_unrelaxed_rank_023_alphafold2_model_5_seed_001.pdb
2584,36,Chemokine,0.79761,anc2f_36_G_unrelaxed_rank_024_alphafold2_model_5_seed_003.pdb
2585,36,Chemokine,0.79553,anc2f_36_G_unrelaxed_rank_025_alphafold2_model_5_seed_000.pdb
2586,36,Chemokine,0.76476,anc2f_36_I_unrelaxed_rank_001_alphafold2_model_3_seed_002.pdb
2587,36,Chemokine,0.76551,anc2f_36_I_unrelaxed_rank_002_alphafold2_model_3_seed_004.pdb
2588,36,Chemokine,0.76346,anc2f_36_I_unrelaxed_rank_003_alphafold2_model_3_seed_003.pdb
2589,36,Chemokine,0.76298,anc2f_36_I_unrelaxed_rank_004_alphafold2_model_3_seed_000.pdb
2590,36,Chemokine,0.77076,anc2f_36_I_unrelaxed_rank_005_alphafold2_model_3_seed_001.pdb
2591,36,Chemokine,0.79382,anc2f_36_I_unrelaxed_rank_006_alphafold2_model_2_seed_004.pdb
2592,36,Chemokine,0.77963,anc2f_36_I_unrelaxed_rank_007_alphafold2_model_2_seed_002.pdb
2593,36,Chemokine,0.78114,anc2f_36_I_unrelaxed_rank_008_alphafold2_model_2_seed_000.pdb
2594,36,Chemokine,0.77922,anc2f_36_I_unrelaxed_rank_009_alphafold2_model_2_seed_001.pdb
2595,36,Chemokine,0.78787,anc2f_36_I_unrelaxed_rank_010_alphafold2_model_2_seed_003.pdb
2596,36,Chemokine,0.76787,anc2f_36_I_unrelaxed_rank_011_alphafold2_model_1_seed_003.pdb
2597,36,Chemokine,0.77478,anc2f_36_I_unrelaxed_rank_012_alphafold2_model_5_seed_004.pdb
2598,36,Chemokine,0.7672,anc2f_36_I_unrelaxed_rank_013_alphafold2_model_1_seed_002.pdb
2599,36,Chemokine,0.77706,anc2f_36_I_unrelaxed_rank_014_alphafold2_model_5_seed_002.pdb
2600,36,Chemokine,0.77622,anc2f_36_I_unrelaxed_rank_015_alphafold2_model_5_seed_003.pdb
2601,36,Chemokine,0.77365,anc2f_36_I_unrelaxed_rank_016_alphafold2_model_5_seed_001.pdb
2602,36,Chemokine,0.77077,anc2f_36_I_unrelaxed_rank_017_alphafold2_model_4_seed_004.pdb
2603,36,Chemokine,0.77691,anc2f_36_I_unrelaxed_rank_018_alphafold2_model_5_seed_000.pdb
2604,36,Chemokine,0.77372,anc2f_36_I_unrelaxed_rank_019_alphafold2_model_4_seed_001.pdb
2605,36,Chemokine,0.77363,anc2f_36_I_unrelaxed_rank_020_alphafold2_model_4_seed_000.pdb
2606,36,Chemokine,0.77365,anc2f_36_I_unrelaxed_rank_021_alphafold2_model_4_seed_002.pdb
2607,36,Chemokine,0.77479,anc2f_36_I_unrelaxed_rank_022_alphafold2_model_4_seed_003.pdb
2608,40,Dimer,0.54244,anc2f_40_G_unrelaxed_rank_001_alphafold2_model_4_seed_001.pdb
2609,40,Dimer,0.54108,anc2f_40_G_unrelaxed_rank_002_alphafold2_model_4_seed_003.pdb
2610,40,Dimer,0.54157,anc2f_40_G_unrelaxed_rank_003_alphafold2_model_4_seed_000.pdb
2611,40,Chemokine,0.79248,anc2f_40_G_unrelaxed_rank_004_alphafold2_model_5_seed_004.pdb
2612,40,Chemokine,0.78909,anc2f_40_G_unrelaxed_rank_005_alphafold2_model_5_seed_000.pdb
2613,40,Chemokine,0.79221,anc2f_40_G_unrelaxed_rank_006_alphafold2_model_5_seed_001.pdb
2614,40,Dimer,0.53889,anc2f_40_G_unrelaxed_rank_007_alphafold2_model_4_seed_004.pdb
2615,40,Chemokine,0.79438,anc2f_40_G_unrelaxed_rank_008_alphafold2_model_5_seed_003.pdb
2616,40,Dimer,0.53887,anc2f_40_G_unrelaxed_rank_009_alphafold2_model_4_seed_002.pdb
2617,40,Dimer,0.50202,anc2f_40_G_unrelaxed_rank_010_alphafold2_model_1_seed_003.pdb
2618,40,Dimer,0.50116,anc2f_40_G_unrelaxed_rank_014_alphafold2_model_1_seed_001.pdb
2619,40,Chemokine,0.81026,anc2f_40_I_unrelaxed_rank_001_alphafold2_model_2_seed_001.pdb
2620,40,Chemokine,0.80996,anc2f_40_I_unrelaxed_rank_002_alphafold2_model_2_seed_000.pdb
2621,40,Chemokine,0.80329,anc2f_40_I_unrelaxed_rank_003_alphafold2_model_2_seed_004.pdb
2622,40,Chemokine,0.80657,anc2f_40_I_unrelaxed_rank_004_alphafold2_model_2_seed_002.pdb
2623,40,Chemokine,0.80156,anc2f_40_I_unrelaxed_rank_005_alphafold2_model_2_seed_003.pdb
2624,40,Chemokine,0.78031,anc2f_40_I_unrelaxed_rank_006_alphafold2_model_5_seed_004.pdb
2625,40,Chemokine,0.78272,anc2f_40_I_unrelaxed_rank_007_alphafold2_model_5_seed_002.pdb
2626,40,Chemokine,0.78206,anc2f_40_I_unrelaxed_rank_008_alphafold2_model_5_seed_003.pdb
2627,40,Chemokine,0.78238,anc2f_40_I_unrelaxed_rank_009_alphafold2_model_5_seed_001.pdb
2628,40,Chemokine,0.76962,anc2f_40_I_unrelaxed_rank_010_alphafold2_model_1_seed_002.pdb
2629,40,Chemokine,0.78065,anc2f_40_I_unrelaxed_rank_011_alphafold2_model_5_seed_000.pdb
2630,40,Chemokine,0.68425,anc2f_40_I_unrelaxed_rank_012_alphafold2_model_3_seed_001.pdb
2631,40,Chemokine,0.66005,anc2f_40_I_unrelaxed_rank_013_alphafold2_model_3_seed_004.pdb
2632,40,Chemokine,0.65615,anc2f_40_I_unrelaxed_rank_014_alphafold2_model_3_seed_002.pdb
2633,40,Chemokine,0.67295,anc2f_40_I_unrelaxed_rank_015_alphafold2_model_3_seed_003.pdb
2634,40,Chemokine,0.66253,anc2f_40_I_unrelaxed_rank_016_alphafold2_model_3_seed_000.pdb
2635,40,Chemokine,0.68863,anc2f_40_I_unrelaxed_rank_017_alphafold2_model_4_seed_003.pdb
2636,40,Chemokine,0.68915,anc2f_40_I_unrelaxed_rank_018_alphafold2_model_4_seed_004.pdb
2637,40,Chemokine,0.65765,anc2f_40_I_unrelaxed_rank_019_alphafold2_model_1_seed_003.pdb
2638,40,Chemokine,0.68867,anc2f_40_I_unrelaxed_rank_020_alphafold2_model_4_seed_000.pdb
2639,40,Chemokine,0.64863,anc2f_40_I_unrelaxed_rank_021_alphafold2_model_1_seed_001.pdb
2640,40,Chemokine,0.68597,anc2f_40_I_unrelaxed_rank_022_alphafold2_model_4_seed_001.pdb
2641,40,Chemokine,0.68131,anc2f_40_I_unrelaxed_rank_023_alphafold2_model_4_seed_002.pdb
2642,40,Chemokine,0.70042,anc2f_40_I_unrelaxed_rank_024_alphafold2_model_1_seed_004.pdb
2643,40,Chemokine,0.66948,anc2f_40_I_unrelaxed_rank_025_alphafold2_model_1_seed_000.pdb
2644,40,Chemokine,0.81476,anc2f_40_V_unrelaxed_rank_001_alphafold2_model_2_seed_001.pdb
2645,40,Chemokine,0.81147,anc2f_40_V_unrelaxed_rank_002_alphafold2_model_2_seed_000.pdb
2646,40,Chemokine,0.80241,anc2f_40_V_unrelaxed_rank_003_alphafold2_model_2_seed_002.pdb
2647,40,Chemokine,0.79658,anc2f_40_V_unrelaxed_rank_004_alphafold2_model_2_seed_004.pdb
2648,40,Chemokine,0.79844,anc2f_40_V_unrelaxed_rank_005_alphafold2_model_2_seed_003.pdb
2649,40,Chemokine,0.77794,anc2f_40_V_unrelaxed_rank_006_alphafold2_model_1_seed_004.pdb
2650,40,Chemokine,0.7789,anc2f_40_V_unrelaxed_rank_007_alphafold2_model_1_seed_002.pdb
2651,40,Chemokine,0.78454,anc2f_40_V_unrelaxed_rank_008_alphafold2_model_5_seed_002.pdb
2652,40,Chemokine,0.78282,anc2f_40_V_unrelaxed_rank_009_alphafold2_model_5_seed_004.pdb
2653,40,Chemokine,0.78461,anc2f_40_V_unrelaxed_rank_010_alphafold2_model_5_seed_001.pdb
2654,40,Chemokine,0.78435,anc2f_40_V_unrelaxed_rank_011_alphafold2_model_5_seed_003.pdb
2655,40,Chemokine,0.78396,anc2f_40_V_unrelaxed_rank_012_alphafold2_model_5_seed_000.pdb
2656,40,Chemokine,0.67194,anc2f_40_V_unrelaxed_rank_013_alphafold2_model_3_seed_001.pdb
2657,40,Chemokine,0.66956,anc2f_40_V_unrelaxed_rank_014_alphafold2_model_3_seed_002.pdb
2658,40,Chemokine,0.66551,anc2f_40_V_unrelaxed_rank_015_alphafold2_model_3_seed_004.pdb
2659,40,Chemokine,0.65853,anc2f_40_V_unrelaxed_rank_016_alphafold2_model_3_seed_003.pdb
2660,40,Chemokine,0.66219,anc2f_40_V_unrelaxed_rank_017_alphafold2_model_3_seed_000.pdb
2661,40,Chemokine,0.68426,anc2f_40_V_unrelaxed_rank_018_alphafold2_model_4_seed_004.pdb
2662,40,Chemokine,0.6835,anc2f_40_V_unrelaxed_rank_019_alphafold2_model_4_seed_003.pdb
2663,40,Chemokine,0.68523,anc2f_40_V_unrelaxed_rank_020_alphafold2_model_4_seed_000.pdb
2664,40,Chemokine,0.68224,anc2f_40_V_unrelaxed_rank_021_alphafold2_model_4_seed_001.pdb
2665,40,Chemokine,0.68377,anc2f_40_V_unrelaxed_rank_022_alphafold2_model_4_seed_002.pdb
2666,40,Chemokine,0.67317,anc2f_40_V_unrelaxed_rank_023_alphafold2_model_1_seed_003.pdb
2667,40,Chemokine,0.67854,anc2f_40_V_unrelaxed_rank_024_alphafold2_model_1_seed_000.pdb
2668,40,Chemokine,0.67742,anc2f_40_V_unrelaxed_rank_025_alphafold2_model_1_seed_001.pdb
2669,45,Dimer,0.50477,anc2f_45_I_unrelaxed_rank_002_alphafold2_model_2_seed_000.pdb
2670,45,Dimer,0.59744,anc2f_45_I_unrelaxed_rank_003_alphafold2_model_3_seed_000.pdb
2671,45,Dimer,0.50611,anc2f_45_I_unrelaxed_rank_004_alphafold2_model_2_seed_003.pdb
2672,45,Dimer,0.59478,anc2f_45_I_unrelaxed_rank_005_alphafold2_model_3_seed_002.pdb
2673,45,Dimer,0.6072,anc2f_45_I_unrelaxed_rank_006_alphafold2_model_3_seed_001.pdb
2674,45,Dimer,0.50363,anc2f_45_I_unrelaxed_rank_007_alphafold2_model_2_seed_004.pdb
2675,45,Dimer,0.59526,anc2f_45_I_unrelaxed_rank_008_alphafold2_model_3_seed_003.pdb
2676,45,Dimer,0.50566,anc2f_45_I_unrelaxed_rank_009_alphafold2_model_2_seed_002.pdb
2677,45,Dimer,0.58628,anc2f_45_I_unrelaxed_rank_010_alphafold2_model_3_seed_004.pdb
2678,45,Dimer,0.57016,anc2f_45_I_unrelaxed_rank_011_alphafold2_model_1_seed_003.pdb
2679,45,Chemokine,0.76978,anc2f_45_I_unrelaxed_rank_012_alphafold2_model_5_seed_000.pdb
2680,45,Dimer,0.52815,anc2f_45_I_unrelaxed_rank_013_alphafold2_model_1_seed_002.pdb
2681,45,Chemokine,0.79623,anc2f_45_L_unrelaxed_rank_001_alphafold2_model_4_seed_000.pdb
2682,45,Chemokine,0.77795,anc2f_45_L_unrelaxed_rank_002_alphafold2_model_5_seed_002.pdb
2683,45,Chemokine,0.79773,anc2f_45_L_unrelaxed_rank_003_alphafold2_model_4_seed_004.pdb
2684,45,Chemokine,0.78519,anc2f_45_L_unrelaxed_rank_004_alphafold2_model_5_seed_000.pdb
2685,45,Chemokine,0.79059,anc2f_45_L_unrelaxed_rank_005_alphafold2_model_5_seed_003.pdb
2686,45,Chemokine,0.78782,anc2f_45_L_unrelaxed_rank_006_alphafold2_model_5_seed_004.pdb
2687,45,Chemokine,0.78989,anc2f_45_L_unrelaxed_rank_007_alphafold2_model_5_seed_001.pdb
2688,45,Chemokine,0.77301,anc2f_45_L_unrelaxed_rank_008_alphafold2_model_2_seed_002.pdb
2689,45,Dimer,0.54792,anc2f_45_L_unrelaxed_rank_011_alphafold2_model_3_seed_004.pdb
2690,45,Chemokine,0.76266,anc2f_45_L_unrelaxed_rank_012_alphafold2_model_2_seed_003.pdb
2691,45,Dimer,0.54202,anc2f_45_L_unrelaxed_rank_013_alphafold2_model_3_seed_002.pdb
2692,45,Dimer,0.5542,anc2f_45_L_unrelaxed_rank_014_alphafold2_model_3_seed_000.pdb
2693,45,Dimer,0.53979,anc2f_45_L_unrelaxed_rank_015_alphafold2_model_3_seed_001.pdb
2694,45,Dimer,0.54473,anc2f_45_L_unrelaxed_rank_016_alphafold2_model_3_seed_003.pdb
2695,45,Dimer,0.52359,anc2f_45_L_unrelaxed_rank_017_alphafold2_model_1_seed_002.pdb
2696,45,Dimer,0.52468,anc2f_45_L_unrelaxed_rank_018_alphafold2_model_1_seed_003.pdb
2697,45,Chemokine,0.80157,anc2f_45_V_unrelaxed_rank_001_alphafold2_model_2_seed_002.pdb
2698,45,Chemokine,0.78708,anc2f_45_V_unrelaxed_rank_002_alphafold2_model_4_seed_004.pdb
2699,45,Chemokine,0.78675,anc2f_45_V_unrelaxed_rank_003_alphafold2_model_4_seed_002.pdb
2700,45,Chemokine,0.77428,anc2f_45_V_unrelaxed_rank_005_alphafold2_model_5_seed_002.pdb
2701,45,Chemokine,0.78217,anc2f_45_V_unrelaxed_rank_006_alphafold2_model_5_seed_004.pdb
2702,45,Dimer,0.59645,anc2f_45_V_unrelaxed_rank_007_alphafold2_model_3_seed_002.pdb
2703,45,Dimer,0.59436,anc2f_45_V_unrelaxed_rank_008_alphafold2_model_3_seed_003.pdb
2704,45,Chemokine,0.78594,anc2f_45_V_unrelaxed_rank_009_alphafold2_model_5_seed_000.pdb
2705,45,Dimer,0.59493,anc2f_45_V_unrelaxed_rank_011_alphafold2_model_3_seed_001.pdb
2706,45,Dimer,0.5936,anc2f_45_V_unrelaxed_rank_013_alphafold2_model_3_seed_000.pdb
2707,45,Chemokine,0.77611,anc2f_45_V_unrelaxed_rank_014_alphafold2_model_5_seed_001.pdb
2708,45,Dimer,0.59186,anc2f_45_V_unrelaxed_rank_015_alphafold2_model_3_seed_004.pdb
2709,45,Dimer,0.51746,anc2f_45_V_unrelaxed_rank_016_alphafold2_model_1_seed_002.pdb
2710,47,Chemokine,0.79418,anc2f_47_I_unrelaxed_rank_001_alphafold2_model_3_seed_002.pdb
2711,47,Chemokine,0.79697,anc2f_47_I_unrelaxed_rank_002_alphafold2_model_3_seed_000.pdb
2712,47,Chemokine,0.79496,anc2f_47_I_unrelaxed_rank_003_alphafold2_model_3_seed_001.pdb
2713,47,Chemokine,0.79526,anc2f_47_I_unrelaxed_rank_004_alphafold2_model_3_seed_003.pdb
2714,47,Chemokine,0.79582,anc2f_47_I_unrelaxed_rank_005_alphafold2_model_3_seed_004.pdb
2715,47,Chemokine,0.79289,anc2f_47_I_unrelaxed_rank_006_alphafold2_model_1_seed_000.pdb
2716,47,Chemokine,0.79496,anc2f_47_I_unrelaxed_rank_007_alphafold2_model_1_seed_002.pdb
2717,47,Chemokine,0.79253,anc2f_47_I_unrelaxed_rank_008_alphafold2_model_1_seed_001.pdb
2718,47,Chemokine,0.788,anc2f_47_I_unrelaxed_rank_009_alphafold2_model_1_seed_003.pdb
2719,47,Chemokine,0.78891,anc2f_47_I_unrelaxed_rank_010_alphafold2_model_1_seed_004.pdb
2720,47,Chemokine,0.80448,anc2f_47_I_unrelaxed_rank_011_alphafold2_model_2_seed_002.pdb
2721,47,Chemokine,0.80405,anc2f_47_I_unrelaxed_rank_012_alphafold2_model_2_seed_003.pdb
2722,47,Chemokine,0.80069,anc2f_47_I_unrelaxed_rank_013_alphafold2_model_2_seed_000.pdb
2723,47,Chemokine,0.80066,anc2f_47_I_unrelaxed_rank_014_alphafold2_model_2_seed_004.pdb
2724,47,Chemokine,0.80357,anc2f_47_I_unrelaxed_rank_015_alphafold2_model_2_seed_001.pdb
2725,47,Chemokine,0.79723,anc2f_47_I_unrelaxed_rank_016_alphafold2_model_4_seed_004.pdb
2726,47,Chemokine,0.79039,anc2f_47_I_unrelaxed_rank_017_alphafold2_model_4_seed_001.pdb
2727,47,Chemokine,0.79797,anc2f_47_I_unrelaxed_rank_018_alphafold2_model_4_seed_002.pdb
2728,47,Chemokine,0.79319,anc2f_47_I_unrelaxed_rank_019_alphafold2_model_4_seed_003.pdb
2729,47,Chemokine,0.78593,anc2f_47_I_unrelaxed_rank_020_alphafold2_model_5_seed_002.pdb
2730,47,Chemokine,0.79178,anc2f_47_I_unrelaxed_rank_021_alphafold2_model_4_seed_000.pdb
2731,47,Chemokine,0.78405,anc2f_47_I_unrelaxed_rank_022_alphafold2_model_5_seed_001.pdb
2732,47,Chemokine,0.78057,anc2f_47_I_unrelaxed_rank_023_alphafold2_model_5_seed_003.pdb
2733,47,Chemokine,0.78191,anc2f_47_I_unrelaxed_rank_024_alphafold2_model_5_seed_000.pdb
2734,47,Chemokine,0.77923,anc2f_47_I_unrelaxed_rank_025_alphafold2_model_5_seed_004.pdb
2735,47,Chemokine,0.80097,anc2f_47_L_unrelaxed_rank_001_alphafold2_model_3_seed_004.pdb
2736,47,Chemokine,0.8016,anc2f_47_L_unrelaxed_rank_002_alphafold2_model_3_seed_003.pdb
2737,47,Chemokine,0.79539,anc2f_47_L_unrelaxed_rank_003_alphafold2_model_3_seed_002.pdb
2738,47,Chemokine,0.79754,anc2f_47_L_unrelaxed_rank_004_alphafold2_model_3_seed_000.pdb
2739,47,Chemokine,0.79707,anc2f_47_L_unrelaxed_rank_005_alphafold2_model_3_seed_001.pdb
2740,47,Chemokine,0.81395,anc2f_47_L_unrelaxed_rank_006_alphafold2_model_1_seed_000.pdb
2741,47,Chemokine,0.79374,anc2f_47_L_unrelaxed_rank_007_alphafold2_model_1_seed_004.pdb
2742,47,Chemokine,0.80594,anc2f_47_L_unrelaxed_rank_008_alphafold2_model_1_seed_001.pdb
2743,47,Chemokine,0.81837,anc2f_47_L_unrelaxed_rank_009_alphafold2_model_2_seed_001.pdb
2744,47,Chemokine,0.79174,anc2f_47_L_unrelaxed_rank_010_alphafold2_model_1_seed_003.pdb
2745,47,Chemokine,0.80292,anc2f_47_L_unrelaxed_rank_011_alphafold2_model_1_seed_002.pdb
2746,47,Chemokine,0.82188,anc2f_47_L_unrelaxed_rank_012_alphafold2_model_2_seed_002.pdb
2747,47,Chemokine,0.81376,anc2f_47_L_unrelaxed_rank_013_alphafold2_model_2_seed_000.pdb
2748,47,Chemokine,0.81619,anc2f_47_L_unrelaxed_rank_014_alphafold2_model_2_seed_003.pdb
2749,47,Chemokine,0.81055,anc2f_47_L_unrelaxed_rank_015_alphafold2_model_2_seed_004.pdb
2750,47,Chemokine,0.79838,anc2f_47_L_unrelaxed_rank_016_alphafold2_model_4_seed_003.pdb
2751,47,Chemokine,0.79784,anc2f_47_L_unrelaxed_rank_017_alphafold2_model_4_seed_004.pdb
2752,47,Chemokine,0.79417,anc2f_47_L_unrelaxed_rank_018_alphafold2_model_5_seed_003.pdb
2753,47,Chemokine,0.78663,anc2f_47_L_unrelaxed_rank_019_alphafold2_model_5_seed_004.pdb
2754,47,Chemokine,0.79727,anc2f_47_L_unrelaxed_rank_020_alphafold2_model_4_seed_001.pdb
2755,47,Chemokine,0.79668,anc2f_47_L_unrelaxed_rank_021_alphafold2_model_4_seed_000.pdb
2756,47,Chemokine,0.79723,anc2f_47_L_unrelaxed_rank_022_alphafold2_model_5_seed_002.pdb
2757,47,Chemokine,0.79883,anc2f_47_L_unrelaxed_rank_023_alphafold2_model_5_seed_001.pdb
2758,47,Chemokine,0.7991,anc2f_47_L_unrelaxed_rank_024_alphafold2_model_4_seed_002.pdb
2759,47,Chemokine,0.80047,anc2f_47_L_unrelaxed_rank_025_alphafold2_model_5_seed_000.pdb
2760,47,Chemokine,0.81192,anc2f_47_M_unrelaxed_rank_001_alphafold2_model_3_seed_003.pdb
2761,47,Chemokine,0.81135,anc2f_47_M_unrelaxed_rank_002_alphafold2_model_3_seed_001.pdb
2762,47,Chemokine,0.79548,anc2f_47_M_unrelaxed_rank_003_alphafold2_model_3_seed_004.pdb
2763,47,Chemokine,0.79538,anc2f_47_M_unrelaxed_rank_004_alphafold2_model_3_seed_002.pdb
2764,47,Chemokine,0.805,anc2f_47_M_unrelaxed_rank_005_alphafold2_model_3_seed_000.pdb
2765,47,Chemokine,0.79575,anc2f_47_M_unrelaxed_rank_006_alphafold2_model_1_seed_004.pdb
2766,47,Chemokine,0.79527,anc2f_47_M_unrelaxed_rank_007_alphafold2_model_1_seed_002.pdb
2767,47,Chemokine,0.79585,anc2f_47_M_unrelaxed_rank_008_alphafold2_model_1_seed_000.pdb
2768,47,Chemokine,0.79494,anc2f_47_M_unrelaxed_rank_009_alphafold2_model_1_seed_003.pdb
2769,47,Chemokine,0.81184,anc2f_47_M_unrelaxed_rank_010_alphafold2_model_2_seed_002.pdb
2770,47,Chemokine,0.81734,anc2f_47_M_unrelaxed_rank_011_alphafold2_model_2_seed_004.pdb
2771,47,Chemokine,0.79483,anc2f_47_M_unrelaxed_rank_012_alphafold2_model_1_seed_001.pdb
2772,47,Chemokine,0.81481,anc2f_47_M_unrelaxed_rank_013_alphafold2_model_2_seed_001.pdb
2773,47,Chemokine,0.81383,anc2f_47_M_unrelaxed_rank_014_alphafold2_model_2_seed_003.pdb
2774,47,Chemokine,0.81356,anc2f_47_M_unrelaxed_rank_015_alphafold2_model_2_seed_000.pdb
2775,47,Chemokine,0.78371,anc2f_47_M_unrelaxed_rank_016_alphafold2_model_5_seed_002.pdb
2776,47,Chemokine,0.78343,anc2f_47_M_unrelaxed_rank_017_alphafold2_model_5_seed_004.pdb
2777,47,Chemokine,0.7936,anc2f_47_M_unrelaxed_rank_018_alphafold2_model_4_seed_004.pdb
2778,47,Chemokine,0.78292,anc2f_47_M_unrelaxed_rank_019_alphafold2_model_5_seed_003.pdb
2779,47,Chemokine,0.784,anc2f_47_M_unrelaxed_rank_020_alphafold2_model_5_seed_001.pdb
2780,47,Chemokine,0.78498,anc2f_47_M_unrelaxed_rank_021_alphafold2_model_5_seed_000.pdb
2781,47,Chemokine,0.79522,anc2f_47_M_unrelaxed_rank_022_alphafold2_model_4_seed_001.pdb
2782,47,Chemokine,0.79152,anc2f_47_M_unrelaxed_rank_023_alphafold2_model_4_seed_002.pdb
2783,47,Chemokine,0.7918,anc2f_47_M_unrelaxed_rank_024_alphafold2_model_4_seed_003.pdb
2784,47,Chemokine,0.79459,anc2f_47_M_unrelaxed_rank_025_alphafold2_model_4_seed_000.pdb
2785,I,Chemokine,0.78702,anc2f_I_unrelaxed_rank_001_alphafold2_model_3_seed_003.pdb
2786,I,Chemokine,0.78426,anc2f_I_unrelaxed_rank_002_alphafold2_model_3_seed_002.pdb
2787,I,Chemokine,0.78611,anc2f_I_unrelaxed_rank_003_alphafold2_model_3_seed_000.pdb
2788,I,Chemokine,0.78675,anc2f_I_unrelaxed_rank_004_alphafold2_model_3_seed_004.pdb
2789,I,Chemokine,0.78565,anc2f_I_unrelaxed_rank_005_alphafold2_model_3_seed_001.pdb
2790,I,Chemokine,0.789,anc2f_I_unrelaxed_rank_006_alphafold2_model_1_seed_004.pdb
2791,I,Chemokine,0.78764,anc2f_I_unrelaxed_rank_007_alphafold2_model_1_seed_003.pdb
2792,I,Chemokine,0.78814,anc2f_I_unrelaxed_rank_008_alphafold2_model_1_seed_001.pdb
2793,I,Chemokine,0.78927,anc2f_I_unrelaxed_rank_009_alphafold2_model_1_seed_000.pdb
2794,I,Chemokine,0.79121,anc2f_I_unrelaxed_rank_010_alphafold2_model_1_seed_002.pdb
2795,I,Chemokine,0.79286,anc2f_I_unrelaxed_rank_011_alphafold2_model_2_seed_002.pdb
2796,I,Chemokine,0.79043,anc2f_I_unrelaxed_rank_012_alphafold2_model_2_seed_003.pdb
2797,I,Chemokine,0.78983,anc2f_I_unrelaxed_rank_013_alphafold2_model_2_seed_000.pdb
2798,I,Chemokine,0.79026,anc2f_I_unrelaxed_rank_014_alphafold2_model_2_seed_001.pdb
2799,I,Chemokine,0.78574,anc2f_I_unrelaxed_rank_015_alphafold2_model_2_seed_004.pdb
2800,I,Chemokine,0.79685,anc2f_I_unrelaxed_rank_016_alphafold2_model_4_seed_002.pdb
2801,I,Chemokine,0.7928,anc2f_I_unrelaxed_rank_017_alphafold2_model_4_seed_004.pdb
2802,I,Chemokine,0.79819,anc2f_I_unrelaxed_rank_018_alphafold2_model_4_seed_003.pdb
2803,I,Chemokine,0.79458,anc2f_I_unrelaxed_rank_019_alphafold2_model_4_seed_001.pdb
2804,I,Chemokine,0.79517,anc2f_I_unrelaxed_rank_020_alphafold2_model_4_seed_000.pdb
2805,I,Chemokine,0.77852,anc2f_I_unrelaxed_rank_021_alphafold2_model_5_seed_002.pdb
2806,I,Chemokine,0.77886,anc2f_I_unrelaxed_rank_022_alphafold2_model_5_seed_001.pdb
2807,I,Chemokine,0.77878,anc2f_I_unrelaxed_rank_023_alphafold2_model_5_seed_003.pdb
2808,I,Chemokine,0.7807,anc2f_I_unrelaxed_rank_024_alphafold2_model_5_seed_000.pdb
2809,I,Chemokine,0.77697,anc2f_I_unrelaxed_rank_025_alphafold2_model_5_seed_004.pdb
2810,L,Chemokine,0.80406,anc2f_L_unrelaxed_rank_001_alphafold2_model_3_seed_001.pdb
2811,L,Chemokine,0.78957,anc2f_L_unrelaxed_rank_002_alphafold2_model_3_seed_002.pdb
2812,L,Chemokine,0.78605,anc2f_L_unrelaxed_rank_003_alphafold2_model_3_seed_000.pdb
2813,L,Chemokine,0.7855,anc2f_L_unrelaxed_rank_004_alphafold2_model_3_seed_004.pdb
2814,L,Chemokine,0.80403,anc2f_L_unrelaxed_rank_005_alphafold2_model_1_seed_004.pdb
2815,L,Chemokine,0.80565,anc2f_L_unrelaxed_rank_006_alphafold2_model_1_seed_002.pdb
2816,L,Chemokine,0.80239,anc2f_L_unrelaxed_rank_007_alphafold2_model_1_seed_003.pdb
2817,L,Chemokine,0.80637,anc2f_L_unrelaxed_rank_008_alphafold2_model_1_seed_000.pdb
2818,L,Chemokine,0.80264,anc2f_L_unrelaxed_rank_009_alphafold2_model_1_seed_001.pdb
2819,L,Chemokine,0.78105,anc2f_L_unrelaxed_rank_010_alphafold2_model_3_seed_003.pdb
2820,L,Chemokine,0.81993,anc2f_L_unrelaxed_rank_011_alphafold2_model_2_seed_002.pdb
2821,L,Chemokine,0.81735,anc2f_L_unrelaxed_rank_012_alphafold2_model_2_seed_000.pdb
2822,L,Chemokine,0.81846,anc2f_L_unrelaxed_rank_013_alphafold2_model_2_seed_001.pdb
2823,L,Chemokine,0.81286,anc2f_L_unrelaxed_rank_014_alphafold2_model_2_seed_004.pdb
2824,L,Chemokine,0.79265,anc2f_L_unrelaxed_rank_015_alphafold2_model_5_seed_002.pdb
2825,L,Chemokine,0.79506,anc2f_L_unrelaxed_rank_016_alphafold2_model_4_seed_004.pdb
2826,L,Chemokine,0.79752,anc2f_L_unrelaxed_rank_017_alphafold2_model_4_seed_002.pdb
2827,L,Chemokine,0.80536,anc2f_L_unrelaxed_rank_018_alphafold2_model_2_seed_003.pdb
2828,L,Chemokine,0.79679,anc2f_L_unrelaxed_rank_019_alphafold2_model_4_seed_003.pdb
2829,L,Chemokine,0.79603,anc2f_L_unrelaxed_rank_020_alphafold2_model_4_seed_001.pdb
2830,L,Chemokine,0.79428,anc2f_L_unrelaxed_rank_021_alphafold2_model_4_seed_000.pdb
2831,L,Chemokine,0.78536,anc2f_L_unrelaxed_rank_022_alphafold2_model_5_seed_004.pdb
2832,L,Chemokine,0.78542,anc2f_L_unrelaxed_rank_023_alphafold2_model_5_seed_000.pdb
2833,L,Chemokine,0.78568,anc2f_L_unrelaxed_rank_024_alphafold2_model_5_seed_001.pdb
2834,L,Chemokine,0.78476,anc2f_L_unrelaxed_rank_025_alphafold2_model_5_seed_003.pdb
2835,V,Chemokine,0.79418,anc2f_V_unrelaxed_rank_001_alphafold2_model_3_seed_002.pdb
2836,V,Chemokine,0.79697,anc2f_V_unrelaxed_rank_002_alphafold2_model_3_seed_000.pdb
2837,V,Chemokine,0.79496,anc2f_V_unrelaxed_rank_003_alphafold2_model_3_seed_001.pdb
2838,V,Chemokine,0.79526,anc2f_V_unrelaxed_rank_004_alphafold2_model_3_seed_003.pdb
2839,V,Chemokine,0.79582,anc2f_V_unrelaxed_rank_005_alphafold2_model_3_seed_004.pdb
2840,V,Chemokine,0.79289,anc2f_V_unrelaxed_rank_006_alphafold2_model_1_seed_000.pdb
2841,V,Chemokine,0.79496,anc2f_V_unrelaxed_rank_007_alphafold2_model_1_seed_002.pdb
2842,V,Chemokine,0.79253,anc2f_V_unrelaxed_rank_008_alphafold2_model_1_seed_001.pdb
2843,V,Chemokine,0.788,anc2f_V_unrelaxed_rank_009_alphafold2_model_1_seed_003.pdb
2844,V,Chemokine,0.78891,anc2f_V_unrelaxed_rank_010_alphafold2_model_1_seed_004.pdb
2845,V,Chemokine,0.80448,anc2f_V_unrelaxed_rank_011_alphafold2_model_2_seed_002.pdb
2846,V,Chemokine,0.80405,anc2f_V_unrelaxed_rank_012_alphafold2_model_2_seed_003.pdb
2847,V,Chemokine,0.80069,anc2f_V_unrelaxed_rank_013_alphafold2_model_2_seed_000.pdb
2848,V,Chemokine,0.80066,anc2f_V_unrelaxed_rank_014_alphafold2_model_2_seed_004.pdb
2849,V,Chemokine,0.80357,anc2f_V_unrelaxed_rank_015_alphafold2_model_2_seed_001.pdb
2850,V,Chemokine,0.79723,anc2f_V_unrelaxed_rank_016_alphafold2_model_4_seed_004.pdb
2851,V,Chemokine,0.79039,anc2f_V_unrelaxed_rank_017_alphafold2_model_4_seed_001.pdb
2852,V,Chemokine,0.79797,anc2f_V_unrelaxed_rank_018_alphafold2_model_4_seed_002.pdb
2853,V,Chemokine,0.79319,anc2f_V_unrelaxed_rank_019_alphafold2_model_4_seed_003.pdb
2854,V,Chemokine,0.78593,anc2f_V_unrelaxed_rank_020_alphafold2_model_5_seed_002.pdb
2855,V,Chemokine,0.79178,anc2f_V_unrelaxed_rank_021_alphafold2_model_4_seed_000.pdb
2856,V,Chemokine,0.78405,anc2f_V_unrelaxed_rank_022_alphafold2_model_5_seed_001.pdb
2857,V,Chemokine,0.78057,anc2f_V_unrelaxed_rank_023_alphafold2_model_5_seed_003.pdb
2858,V,Chemokine,0.78191,anc2f_V_unrelaxed_rank_024_alphafold2_model_5_seed_000.pdb
2859,V,Chemokine,0.77923,anc2f_V_unrelaxed_rank_025_alphafold2_model_5_seed_004.pdb
2860,14,Dimer,0.59068,anc2i_14_I_unrelaxed_rank_001_alphafold2_model_2_seed_002.pdb
2861,14,Dimer,0.59754,anc2i_14_I_unrelaxed_rank_002_alphafold2_model_2_seed_003.pdb
2862,14,Dimer,0.5967,anc2i_14_I_unrelaxed_rank_003_alphafold2_model_2_seed_000.pdb
2863,14,Dimer,0.59624,anc2i_14_I_unrelaxed_rank_004_alphafold2_model_2_seed_004.pdb
2864,14,Dimer,0.59643,anc2i_14_I_unrelaxed_rank_005_alphafold2_model_2_seed_001.pdb
2865,14,Dimer,0.59448,anc2i_14_I_unrelaxed_rank_006_alphafold2_model_1_seed_004.pdb
2866,14,Dimer,0.59074,anc2i_14_I_unrelaxed_rank_007_alphafold2_model_1_seed_002.pdb
2867,14,Dimer,0.58947,anc2i_14_I_unrelaxed_rank_008_alphafold2_model_1_seed_003.pdb
2868,14,Dimer,0.59108,anc2i_14_I_unrelaxed_rank_009_alphafold2_model_4_seed_002.pdb
2869,14,Dimer,0.54484,anc2i_14_I_unrelaxed_rank_010_alphafold2_model_3_seed_003.pdb
2870,14,Dimer,0.54269,anc2i_14_I_unrelaxed_rank_011_alphafold2_model_4_seed_004.pdb
2871,14,Dimer,0.54116,anc2i_14_I_unrelaxed_rank_012_alphafold2_model_4_seed_003.pdb
2872,14,Dimer,0.59839,anc2i_14_L_unrelaxed_rank_001_alphafold2_model_1_seed_003.pdb
2873,14,Dimer,0.63045,anc2i_14_L_unrelaxed_rank_002_alphafold2_model_1_seed_002.pdb
2874,14,Dimer,0.5951,anc2i_14_L_unrelaxed_rank_003_alphafold2_model_1_seed_004.pdb
2875,14,Dimer,0.58513,anc2i_14_L_unrelaxed_rank_005_alphafold2_model_1_seed_001.pdb
2876,14,Dimer,0.55368,anc2i_14_L_unrelaxed_rank_011_alphafold2_model_1_seed_000.pdb
2877,14,Chemokine,0.6626,anc2i_14_L_unrelaxed_rank_014_alphafold2_model_5_seed_003.pdb
2878,14,Dimer,0.62348,anc2i_14_V_unrelaxed_rank_001_alphafold2_model_2_seed_004.pdb
2879,14,Dimer,0.58705,anc2i_14_V_unrelaxed_rank_002_alphafold2_model_2_seed_001.pdb
2880,14,Dimer,0.59322,anc2i_14_V_unrelaxed_rank_003_alphafold2_model_1_seed_003.pdb
2881,14,Dimer,0.58779,anc2i_14_V_unrelaxed_rank_004_alphafold2_model_1_seed_002.pdb
2882,14,Dimer,0.55437,anc2i_14_V_unrelaxed_rank_005_alphafold2_model_2_seed_003.pdb
2883,14,Dimer,0.58494,anc2i_14_V_unrelaxed_rank_006_alphafold2_model_1_seed_004.pdb
2884,14,Dimer,0.57971,anc2i_14_V_unrelaxed_rank_007_alphafold2_model_2_seed_000.pdb
2885,14,Dimer,0.58075,anc2i_14_V_unrelaxed_rank_008_alphafold2_model_2_seed_002.pdb
2886,14,Dimer,0.58996,anc2i_14_V_unrelaxed_rank_009_alphafold2_model_4_seed_002.pdb
2887,14,Dimer,0.5771,anc2i_14_V_unrelaxed_rank_010_alphafold2_model_3_seed_003.pdb
2888,14,Dimer,0.57423,anc2i_14_V_unrelaxed_rank_011_alphafold2_model_3_seed_004.pdb
2889,14,Dimer,0.57476,anc2i_14_V_unrelaxed_rank_012_alphafold2_model_3_seed_000.pdb
2890,14,Dimer,0.55705,anc2i_14_V_unrelaxed_rank_013_alphafold2_model_3_seed_002.pdb
2891,14,Dimer,0.53478,anc2i_14_V_unrelaxed_rank_014_alphafold2_model_3_seed_001.pdb
2892,36,Dimer,0.59159,anc2i_36_A_unrelaxed_rank_001_alphafold2_model_2_seed_003.pdb
2893,36,Dimer,0.59123,anc2i_36_A_unrelaxed_rank_002_alphafold2_model_2_seed_004.pdb
2894,36,Dimer,0.58714,anc2i_36_A_unrelaxed_rank_003_alphafold2_model_2_seed_001.pdb
2895,36,Dimer,0.5925,anc2i_36_A_unrelaxed_rank_004_alphafold2_model_1_seed_003.pdb
2896,36,Dimer,0.55947,anc2i_36_A_unrelaxed_rank_005_alphafold2_model_3_seed_003.pdb
2897,36,Dimer,0.53859,anc2i_36_A_unrelaxed_rank_006_alphafold2_model_3_seed_004.pdb
2898,36,Dimer,0.54035,anc2i_36_A_unrelaxed_rank_007_alphafold2_model_3_seed_000.pdb
2899,36,Dimer,0.54453,anc2i_36_A_unrelaxed_rank_008_alphafold2_model_3_seed_001.pdb
2900,36,Dimer,0.57897,anc2i_36_A_unrelaxed_rank_009_alphafold2_model_2_seed_002.pdb
2901,36,Dimer,0.57829,anc2i_36_A_unrelaxed_rank_010_alphafold2_model_2_seed_000.pdb
2902,36,Dimer,0.53042,anc2i_36_A_unrelaxed_rank_011_alphafold2_model_3_seed_002.pdb
2903,36,Dimer,0.56177,anc2i_36_A_unrelaxed_rank_012_alphafold2_model_4_seed_001.pdb
2904,36,Dimer,0.55279,anc2i_36_A_unrelaxed_rank_013_alphafold2_model_4_seed_003.pdb
2905,36,Dimer,0.5595,anc2i_36_A_unrelaxed_rank_014_alphafold2_model_4_seed_002.pdb
2906,36,Dimer,0.51226,anc2i_36_A_unrelaxed_rank_015_alphafold2_model_5_seed_002.pdb
2907,36,Dimer,0.52467,anc2i_36_A_unrelaxed_rank_016_alphafold2_model_4_seed_004.pdb
2908,36,Dimer,0.5313,anc2i_36_A_unrelaxed_rank_017_alphafold2_model_4_seed_000.pdb
2909,36,Dimer,0.59342,anc2i_36_G_unrelaxed_rank_001_alphafold2_model_2_seed_003.pdb
2910,36,Dimer,0.59371,anc2i_36_G_unrelaxed_rank_002_alphafold2_model_2_seed_004.pdb
2911,36,Dimer,0.59361,anc2i_36_G_unrelaxed_rank_003_alphafold2_model_2_seed_002.pdb
2912,36,Dimer,0.59271,anc2i_36_G_unrelaxed_rank_004_alphafold2_model_2_seed_000.pdb
2913,36,Dimer,0.59385,anc2i_36_G_unrelaxed_rank_005_alphafold2_model_2_seed_001.pdb
2914,36,Dimer,0.52531,anc2i_36_G_unrelaxed_rank_006_alphafold2_model_3_seed_004.pdb
2915,36,Dimer,0.52192,anc2i_36_G_unrelaxed_rank_007_alphafold2_model_3_seed_002.pdb
2916,36,Dimer,0.52575,anc2i_36_G_unrelaxed_rank_008_alphafold2_model_3_seed_003.pdb
2917,36,Dimer,0.52644,anc2i_36_G_unrelaxed_rank_009_alphafold2_model_3_seed_001.pdb
2918,36,Dimer,0.52453,anc2i_36_G_unrelaxed_rank_010_alphafold2_model_3_seed_000.pdb
2919,36,Dimer,0.58162,anc2i_36_G_unrelaxed_rank_011_alphafold2_model_5_seed_002.pdb
2920,36,Dimer,0.57886,anc2i_36_G_unrelaxed_rank_012_alphafold2_model_4_seed_004.pdb
2921,36,Dimer,0.58703,anc2i_36_G_unrelaxed_rank_013_alphafold2_model_4_seed_001.pdb
2922,36,Dimer,0.56805,anc2i_36_G_unrelaxed_rank_014_alphafold2_model_5_seed_000.pdb
2923,36,Dimer,0.58397,anc2i_36_G_unrelaxed_rank_015_alphafold2_model_4_seed_000.pdb
2924,36,Dimer,0.57292,anc2i_36_G_unrelaxed_rank_016_alphafold2_model_4_seed_003.pdb
2925,36,Dimer,0.51317,anc2i_36_G_unrelaxed_rank_017_alphafold2_model_5_seed_003.pdb
2926,36,Dimer,0.51504,anc2i_36_G_unrelaxed_rank_018_alphafold2_model_5_seed_004.pdb
2927,36,Dimer,0.56395,anc2i_36_G_unrelaxed_rank_019_alphafold2_model_4_seed_002.pdb
2928,36,Dimer,0.52343,anc2i_36_G_unrelaxed_rank_020_alphafold2_model_5_seed_001.pdb
2929,40,Dimer,0.52038,anc2i_40_G_unrelaxed_rank_001_alphafold2_model_3_seed_003.pdb
2930,40,Dimer,0.513,anc2i_40_G_unrelaxed_rank_002_alphafold2_model_3_seed_001.pdb
2931,40,Dimer,0.52596,anc2i_40_G_unrelaxed_rank_003_alphafold2_model_2_seed_001.pdb
2932,40,Dimer,0.52523,anc2i_40_G_unrelaxed_rank_004_alphafold2_model_2_seed_004.pdb
2933,40,Dimer,0.52503,anc2i_40_G_unrelaxed_rank_005_alphafold2_model_2_seed_002.pdb
2934,40,Dimer,0.52329,anc2i_40_G_unrelaxed_rank_006_alphafold2_model_1_seed_003.pdb
2935,40,Dimer,0.53405,anc2i_40_G_unrelaxed_rank_007_alphafold2_model_1_seed_002.pdb
2936,40,Dimer,0.52513,anc2i_40_G_unrelaxed_rank_008_alphafold2_model_2_seed_003.pdb
2937,40,Dimer,0.50522,anc2i_40_G_unrelaxed_rank_009_alphafold2_model_3_seed_004.pdb
2938,40,Dimer,0.52118,anc2i_40_G_unrelaxed_rank_010_alphafold2_model_1_seed_004.pdb
2939,40,Dimer,0.52345,anc2i_40_G_unrelaxed_rank_011_alphafold2_model_2_seed_000.pdb
2940,40,Dimer,0.52904,anc2i_40_G_unrelaxed_rank_012_alphafold2_model_1_seed_000.pdb
2941,40,Dimer,0.51803,anc2i_40_G_unrelaxed_rank_014_alphafold2_model_5_seed_002.pdb
2942,40,Dimer,0.51592,anc2i_40_G_unrelaxed_rank_016_alphafold2_model_5_seed_001.pdb
2943,40,Dimer,0.51538,anc2i_40_G_unrelaxed_rank_017_alphafold2_model_5_seed_000.pdb
2944,40,Dimer,0.51081,anc2i_40_G_unrelaxed_rank_018_alphafold2_model_5_seed_003.pdb
2945,40,Dimer,0.51688,anc2i_40_G_unrelaxed_rank_019_alphafold2_model_4_seed_002.pdb
2946,40,Dimer,0.50742,anc2i_40_G_unrelaxed_rank_020_alphafold2_model_4_seed_001.pdb
2947,40,Dimer,0.5154,anc2i_40_G_unrelaxed_rank_021_alphafold2_model_4_seed_004.pdb
2948,40,Dimer,0.51955,anc2i_40_G_unrelaxed_rank_022_alphafold2_model_4_seed_003.pdb
2949,40,Dimer,0.50704,anc2i_40_G_unrelaxed_rank_023_alphafold2_model_4_seed_000.pdb
2950,40,Dimer,0.50426,anc2i_40_G_unrelaxed_rank_024_alphafold2_model_5_seed_004.pdb
2951,40,Dimer,0.58595,anc2i_40_I_unrelaxed_rank_001_alphafold2_model_3_seed_004.pdb
2952,40,Dimer,0.58919,anc2i_40_I_unrelaxed_rank_002_alphafold2_model_3_seed_002.pdb
2953,40,Dimer,0.58684,anc2i_40_I_unrelaxed_rank_003_alphafold2_model_3_seed_001.pdb
2954,40,Dimer,0.58695,anc2i_40_I_unrelaxed_rank_004_alphafold2_model_3_seed_003.pdb
2955,40,Dimer,0.58825,anc2i_40_I_unrelaxed_rank_005_alphafold2_model_3_seed_000.pdb
2956,40,Dimer,0.57988,anc2i_40_I_unrelaxed_rank_006_alphafold2_model_2_seed_003.pdb
2957,40,Dimer,0.58364,anc2i_40_I_unrelaxed_rank_007_alphafold2_model_2_seed_002.pdb
2958,40,Dimer,0.58086,anc2i_40_I_unrelaxed_rank_008_alphafold2_model_2_seed_004.pdb
2959,40,Dimer,0.58197,anc2i_40_I_unrelaxed_rank_009_alphafold2_model_2_seed_001.pdb
2960,40,Dimer,0.57744,anc2i_40_I_unrelaxed_rank_010_alphafold2_model_2_seed_000.pdb
2961,40,Dimer,0.57502,anc2i_40_I_unrelaxed_rank_011_alphafold2_model_1_seed_002.pdb
2962,40,Dimer,0.57205,anc2i_40_I_unrelaxed_rank_012_alphafold2_model_1_seed_004.pdb
2963,40,Dimer,0.57087,anc2i_40_I_unrelaxed_rank_013_alphafold2_model_1_seed_001.pdb
2964,40,Dimer,0.57364,anc2i_40_I_unrelaxed_rank_014_alphafold2_model_1_seed_003.pdb
2965,40,Chemokine,0.73529,anc2i_40_I_unrelaxed_rank_015_alphafold2_model_5_seed_004.pdb
2966,40,Dimer,0.54305,anc2i_40_I_unrelaxed_rank_016_alphafold2_model_5_seed_002.pdb
2967,40,Dimer,0.58591,anc2i_40_I_unrelaxed_rank_017_alphafold2_model_4_seed_002.pdb
2968,40,Dimer,0.58771,anc2i_40_I_unrelaxed_rank_018_alphafold2_model_4_seed_004.pdb
2969,40,Dimer,0.58534,anc2i_40_I_unrelaxed_rank_019_alphafold2_model_4_seed_003.pdb
2970,40,Dimer,0.58592,anc2i_40_I_unrelaxed_rank_020_alphafold2_model_4_seed_001.pdb
2971,40,Dimer,0.587,anc2i_40_I_unrelaxed_rank_021_alphafold2_model_4_seed_000.pdb
2972,40,Dimer,0.54523,anc2i_40_I_unrelaxed_rank_022_alphafold2_model_5_seed_001.pdb
2973,40,Dimer,0.55624,anc2i_40_I_unrelaxed_rank_023_alphafold2_model_5_seed_000.pdb
2974,40,Dimer,0.54374,anc2i_40_I_unrelaxed_rank_024_alphafold2_model_1_seed_000.pdb
2975,40,Dimer,0.54844,anc2i_40_V_unrelaxed_rank_001_alphafold2_model_2_seed_000.pdb
2976,40,Dimer,0.58326,anc2i_40_V_unrelaxed_rank_002_alphafold2_model_2_seed_003.pdb
2977,40,Dimer,0.58648,anc2i_40_V_unrelaxed_rank_003_alphafold2_model_2_seed_002.pdb
2978,40,Dimer,0.58362,anc2i_40_V_unrelaxed_rank_004_alphafold2_model_2_seed_004.pdb
2979,40,Dimer,0.57839,anc2i_40_V_unrelaxed_rank_005_alphafold2_model_2_seed_001.pdb
2980,40,Dimer,0.55248,anc2i_40_V_unrelaxed_rank_006_alphafold2_model_3_seed_002.pdb
2981,40,Dimer,0.55243,anc2i_40_V_unrelaxed_rank_007_alphafold2_model_3_seed_004.pdb
2982,40,Dimer,0.55394,anc2i_40_V_unrelaxed_rank_008_alphafold2_model_3_seed_001.pdb
2983,40,Dimer,0.55285,anc2i_40_V_unrelaxed_rank_009_alphafold2_model_3_seed_000.pdb
2984,40,Dimer,0.55963,anc2i_40_V_unrelaxed_rank_010_alphafold2_model_3_seed_003.pdb
2985,40,Dimer,0.57469,anc2i_40_V_unrelaxed_rank_011_alphafold2_model_1_seed_003.pdb
2986,40,Dimer,0.57123,anc2i_40_V_unrelaxed_rank_012_alphafold2_model_1_seed_001.pdb
2987,40,Dimer,0.57072,anc2i_40_V_unrelaxed_rank_013_alphafold2_model_1_seed_002.pdb
2988,40,Dimer,0.58895,anc2i_40_V_unrelaxed_rank_014_alphafold2_model_5_seed_002.pdb
2989,40,Dimer,0.57042,anc2i_40_V_unrelaxed_rank_015_alphafold2_model_1_seed_004.pdb
2990,40,Chemokine,0.75599,anc2i_40_V_unrelaxed_rank_016_alphafold2_model_5_seed_004.pdb
2991,40,Chemokine,0.75258,anc2i_40_V_unrelaxed_rank_017_alphafold2_model_5_seed_003.pdb
2992,40,Dimer,0.5623,anc2i_40_V_unrelaxed_rank_018_alphafold2_model_1_seed_000.pdb
2993,40,Dimer,0.58357,anc2i_40_V_unrelaxed_rank_019_alphafold2_model_4_seed_002.pdb
2994,40,Dimer,0.58621,anc2i_40_V_unrelaxed_rank_020_alphafold2_model_4_seed_004.pdb
2995,40,Dimer,0.58513,anc2i_40_V_unrelaxed_rank_021_alphafold2_model_4_seed_001.pdb
2996,40,Dimer,0.58138,anc2i_40_V_unrelaxed_rank_022_alphafold2_model_4_seed_003.pdb
2997,40,Dimer,0.58622,anc2i_40_V_unrelaxed_rank_023_alphafold2_model_4_seed_000.pdb
2998,45,Dimer,0.59905,anc2i_45_I_unrelaxed_rank_001_alphafold2_model_3_seed_002.pdb
2999,45,Dimer,0.59875,anc2i_45_I_unrelaxed_rank_002_alphafold2_model_3_seed_004.pdb
3000,45,Dimer,0.59769,anc2i_45_I_unrelaxed_rank_003_alphafold2_model_3_seed_003.pdb
3001,45,Dimer,0.59673,anc2i_45_I_unrelaxed_rank_004_alphafold2_model_3_seed_001.pdb
3002,45,Dimer,0.5968,anc2i_45_I_unrelaxed_rank_005_alphafold2_model_2_seed_003.pdb
3003,45,Dimer,0.60593,anc2i_45_I_unrelaxed_rank_006_alphafold2_model_2_seed_004.pdb
3004,45,Dimer,0.59822,anc2i_45_I_unrelaxed_rank_007_alphafold2_model_3_seed_000.pdb
3005,45,Dimer,0.60685,anc2i_45_I_unrelaxed_rank_008_alphafold2_model_2_seed_002.pdb
3006,45,Dimer,0.59643,anc2i_45_I_unrelaxed_rank_009_alphafold2_model_2_seed_000.pdb
3007,45,Dimer,0.60644,anc2i_45_I_unrelaxed_rank_010_alphafold2_model_2_seed_001.pdb
3008,45,Dimer,0.59478,anc2i_45_I_unrelaxed_rank_011_alphafold2_model_1_seed_003.pdb
3009,45,Dimer,0.59365,anc2i_45_I_unrelaxed_rank_012_alphafold2_model_4_seed_002.pdb
3010,45,Dimer,0.5951,anc2i_45_I_unrelaxed_rank_013_alphafold2_model_4_seed_004.pdb
3011,45,Dimer,0.58412,anc2i_45_I_unrelaxed_rank_014_alphafold2_model_5_seed_002.pdb
3012,45,Dimer,0.59302,anc2i_45_I_unrelaxed_rank_015_alphafold2_model_4_seed_001.pdb
3013,45,Dimer,0.5947,anc2i_45_I_unrelaxed_rank_016_alphafold2_model_4_seed_000.pdb
3014,45,Dimer,0.58372,anc2i_45_I_unrelaxed_rank_017_alphafold2_model_5_seed_003.pdb
3015,45,Dimer,0.5643,anc2i_45_I_unrelaxed_rank_018_alphafold2_model_4_seed_003.pdb
3016,45,Dimer,0.57697,anc2i_45_I_unrelaxed_rank_019_alphafold2_model_5_seed_000.pdb
3017,45,Dimer,0.56741,anc2i_45_I_unrelaxed_rank_020_alphafold2_model_5_seed_001.pdb
3018,45,Dimer,0.5801,anc2i_45_I_unrelaxed_rank_021_alphafold2_model_5_seed_004.pdb
3019,45,Dimer,0.59159,anc2i_45_L_unrelaxed_rank_001_alphafold2_model_2_seed_003.pdb
3020,45,Dimer,0.59123,anc2i_45_L_unrelaxed_rank_002_alphafold2_model_2_seed_004.pdb
3021,45,Dimer,0.58714,anc2i_45_L_unrelaxed_rank_003_alphafold2_model_2_seed_001.pdb
3022,45,Dimer,0.5925,anc2i_45_L_unrelaxed_rank_004_alphafold2_model_1_seed_003.pdb
3023,45,Dimer,0.55947,anc2i_45_L_unrelaxed_rank_005_alphafold2_model_3_seed_003.pdb
3024,45,Dimer,0.53859,anc2i_45_L_unrelaxed_rank_006_alphafold2_model_3_seed_004.pdb
3025,45,Dimer,0.54035,anc2i_45_L_unrelaxed_rank_007_alphafold2_model_3_seed_000.pdb
3026,45,Dimer,0.54453,anc2i_45_L_unrelaxed_rank_008_alphafold2_model_3_seed_001.pdb
3027,45,Dimer,0.57897,anc2i_45_L_unrelaxed_rank_009_alphafold2_model_2_seed_002.pdb
3028,45,Dimer,0.57829,anc2i_45_L_unrelaxed_rank_010_alphafold2_model_2_seed_000.pdb
3029,45,Dimer,0.53042,anc2i_45_L_unrelaxed_rank_011_alphafold2_model_3_seed_002.pdb
3030,45,Dimer,0.56177,anc2i_45_L_unrelaxed_rank_012_alphafold2_model_4_seed_001.pdb
3031,45,Dimer,0.55279,anc2i_45_L_unrelaxed_rank_013_alphafold2_model_4_seed_003.pdb
3032,45,Dimer,0.5595,anc2i_45_L_unrelaxed_rank_014_alphafold2_model_4_seed_002.pdb
3033,45,Dimer,0.51226,anc2i_45_L_unrelaxed_rank_015_alphafold2_model_5_seed_002.pdb
3034,45,Dimer,0.52467,anc2i_45_L_unrelaxed_rank_016_alphafold2_model_4_seed_004.pdb
3035,45,Dimer,0.5313,anc2i_45_L_unrelaxed_rank_017_alphafold2_model_4_seed_000.pdb
3036,45,Dimer,0.59446,anc2i_45_V_unrelaxed_rank_001_alphafold2_model_2_seed_003.pdb
3037,45,Dimer,0.59605,anc2i_45_V_unrelaxed_rank_002_alphafold2_model_2_seed_004.pdb
3038,45,Dimer,0.59348,anc2i_45_V_unrelaxed_rank_003_alphafold2_model_2_seed_002.pdb
3039,45,Dimer,0.59532,anc2i_45_V_unrelaxed_rank_004_alphafold2_model_2_seed_001.pdb
3040,45,Dimer,0.5933,anc2i_45_V_unrelaxed_rank_005_alphafold2_model_2_seed_000.pdb
3041,45,Dimer,0.58122,anc2i_45_V_unrelaxed_rank_006_alphafold2_model_3_seed_003.pdb
3042,45,Dimer,0.58111,anc2i_45_V_unrelaxed_rank_007_alphafold2_model_3_seed_000.pdb
3043,45,Dimer,0.59312,anc2i_45_V_unrelaxed_rank_008_alphafold2_model_1_seed_003.pdb
3044,45,Dimer,0.58978,anc2i_45_V_unrelaxed_rank_009_alphafold2_model_3_seed_002.pdb
3045,45,Dimer,0.57121,anc2i_45_V_unrelaxed_rank_010_alphafold2_model_3_seed_004.pdb
3046,45,Dimer,0.59253,anc2i_45_V_unrelaxed_rank_011_alphafold2_model_4_seed_004.pdb
3047,45,Dimer,0.56938,anc2i_45_V_unrelaxed_rank_012_alphafold2_model_3_seed_001.pdb
3048,45,Dimer,0.5467,anc2i_45_V_unrelaxed_rank_013_alphafold2_model_4_seed_002.pdb
3049,45,Dimer,0.54729,anc2i_45_V_unrelaxed_rank_014_alphafold2_model_4_seed_001.pdb
3050,45,Dimer,0.54904,anc2i_45_V_unrelaxed_rank_015_alphafold2_model_4_seed_003.pdb
3051,45,Dimer,0.55037,anc2i_45_V_unrelaxed_rank_016_alphafold2_model_4_seed_000.pdb
3052,47,Dimer,0.59159,anc2i_47_I_unrelaxed_rank_001_alphafold2_model_2_seed_003.pdb
3053,47,Dimer,0.59123,anc2i_47_I_unrelaxed_rank_002_alphafold2_model_2_seed_004.pdb
3054,47,Dimer,0.58714,anc2i_47_I_unrelaxed_rank_003_alphafold2_model_2_seed_001.pdb
3055,47,Dimer,0.5925,anc2i_47_I_unrelaxed_rank_004_alphafold2_model_1_seed_003.pdb
3056,47,Dimer,0.55947,anc2i_47_I_unrelaxed_rank_005_alphafold2_model_3_seed_003.pdb
3057,47,Dimer,0.53859,anc2i_47_I_unrelaxed_rank_006_alphafold2_model_3_seed_004.pdb
3058,47,Dimer,0.54035,anc2i_47_I_unrelaxed_rank_007_alphafold2_model_3_seed_000.pdb
3059,47,Dimer,0.54453,anc2i_47_I_unrelaxed_rank_008_alphafold2_model_3_seed_001.pdb
3060,47,Dimer,0.57897,anc2i_47_I_unrelaxed_rank_009_alphafold2_model_2_seed_002.pdb
3061,47,Dimer,0.57829,anc2i_47_I_unrelaxed_rank_010_alphafold2_model_2_seed_000.pdb
3062,47,Dimer,0.53042,anc2i_47_I_unrelaxed_rank_011_alphafold2_model_3_seed_002.pdb
3063,47,Dimer,0.56177,anc2i_47_I_unrelaxed_rank_012_alphafold2_model_4_seed_001.pdb
3064,47,Dimer,0.55279,anc2i_47_I_unrelaxed_rank_013_alphafold2_model_4_seed_003.pdb
3065,47,Dimer,0.5595,anc2i_47_I_unrelaxed_rank_014_alphafold2_model_4_seed_002.pdb
3066,47,Dimer,0.51226,anc2i_47_I_unrelaxed_rank_015_alphafold2_model_5_seed_002.pdb
3067,47,Dimer,0.52467,anc2i_47_I_unrelaxed_rank_016_alphafold2_model_4_seed_004.pdb
3068,47,Dimer,0.5313,anc2i_47_I_unrelaxed_rank_017_alphafold2_model_4_seed_000.pdb
3069,47,Dimer,0.58137,anc2i_47_L_unrelaxed_rank_001_alphafold2_model_1_seed_003.pdb
3070,47,Dimer,0.50724,anc2i_47_L_unrelaxed_rank_002_alphafold2_model_3_seed_003.pdb
3071,47,Dimer,0.50783,anc2i_47_L_unrelaxed_rank_003_alphafold2_model_3_seed_004.pdb
3072,47,Dimer,0.5132,anc2i_47_L_unrelaxed_rank_004_alphafold2_model_2_seed_002.pdb
3073,47,Dimer,0.50616,anc2i_47_L_unrelaxed_rank_005_alphafold2_model_3_seed_000.pdb
3074,47,Dimer,0.51427,anc2i_47_L_unrelaxed_rank_006_alphafold2_model_3_seed_001.pdb
3075,47,Dimer,0.52879,anc2i_47_L_unrelaxed_rank_007_alphafold2_model_2_seed_003.pdb
3076,47,Dimer,0.50351,anc2i_47_L_unrelaxed_rank_008_alphafold2_model_2_seed_000.pdb
3077,47,Dimer,0.50034,anc2i_47_L_unrelaxed_rank_009_alphafold2_model_3_seed_002.pdb
3078,47,Dimer,0.5019,anc2i_47_L_unrelaxed_rank_010_alphafold2_model_2_seed_004.pdb
3079,47,Dimer,0.5263,anc2i_47_L_unrelaxed_rank_011_alphafold2_model_2_seed_001.pdb
3080,47,Dimer,0.50316,anc2i_47_L_unrelaxed_rank_012_alphafold2_model_4_seed_001.pdb
3081,47,Dimer,0.50484,anc2i_47_L_unrelaxed_rank_013_alphafold2_model_4_seed_003.pdb
3082,47,Dimer,0.50008,anc2i_47_L_unrelaxed_rank_014_alphafold2_model_4_seed_004.pdb
3083,47,Dimer,0.53091,anc2i_47_L_unrelaxed_rank_015_alphafold2_model_4_seed_000.pdb
3084,47,Dimer,0.50061,anc2i_47_L_unrelaxed_rank_016_alphafold2_model_4_seed_002.pdb
3085,47,Chemokine,0.7924,anc2i_47_M_unrelaxed_rank_001_alphafold2_model_2_seed_002.pdb
3086,47,Chemokine,0.79039,anc2i_47_M_unrelaxed_rank_002_alphafold2_model_2_seed_003.pdb
3087,47,Chemokine,0.79059,anc2i_47_M_unrelaxed_rank_003_alphafold2_model_2_seed_000.pdb
3088,47,Chemokine,0.72048,anc2i_47_M_unrelaxed_rank_004_alphafold2_model_2_seed_004.pdb
3089,47,Dimer,0.57558,anc2i_47_M_unrelaxed_rank_005_alphafold2_model_1_seed_003.pdb
3090,47,Chemokine,0.70861,anc2i_47_M_unrelaxed_rank_006_alphafold2_model_5_seed_004.pdb
3091,47,Dimer,0.51316,anc2i_47_M_unrelaxed_rank_007_alphafold2_model_3_seed_002.pdb
3092,47,Dimer,0.50406,anc2i_47_M_unrelaxed_rank_008_alphafold2_model_4_seed_001.pdb
3093,47,Dimer,0.502,anc2i_47_M_unrelaxed_rank_009_alphafold2_model_4_seed_004.pdb
3094,47,Chemokine,0.66701,anc2i_47_M_unrelaxed_rank_010_alphafold2_model_5_seed_001.pdb
3095,47,Dimer,0.51039,anc2i_47_M_unrelaxed_rank_011_alphafold2_model_3_seed_001.pdb
3096,47,Chemokine,0.67046,anc2i_47_M_unrelaxed_rank_013_alphafold2_model_5_seed_003.pdb
3097,47,Dimer,0.50801,anc2i_47_M_unrelaxed_rank_014_alphafold2_model_3_seed_000.pdb
3098,47,Dimer,0.50309,anc2i_47_M_unrelaxed_rank_015_alphafold2_model_4_seed_000.pdb
3099,47,Dimer,0.5144,anc2i_47_M_unrelaxed_rank_016_alphafold2_model_3_seed_004.pdb
3100,47,Dimer,0.50334,anc2i_47_M_unrelaxed_rank_017_alphafold2_model_4_seed_003.pdb
3101,47,Chemokine,0.67067,anc2i_47_M_unrelaxed_rank_018_alphafold2_model_5_seed_000.pdb
3102,I,Dimer,0.57693,anc2i_I_unrelaxed_rank_001_alphafold2_model_3_seed_003.pdb
3103,I,Dimer,0.58625,anc2i_I_unrelaxed_rank_002_alphafold2_model_2_seed_003.pdb
3104,I,Dimer,0.58403,anc2i_I_unrelaxed_rank_003_alphafold2_model_2_seed_004.pdb
3105,I,Dimer,0.58445,anc2i_I_unrelaxed_rank_004_alphafold2_model_2_seed_001.pdb
3106,I,Dimer,0.58653,anc2i_I_unrelaxed_rank_005_alphafold2_model_1_seed_003.pdb
3107,I,Dimer,0.53878,anc2i_I_unrelaxed_rank_006_alphafold2_model_3_seed_004.pdb
3108,I,Dimer,0.58215,anc2i_I_unrelaxed_rank_007_alphafold2_model_1_seed_004.pdb
3109,I,Dimer,0.58143,anc2i_I_unrelaxed_rank_008_alphafold2_model_1_seed_002.pdb
3110,I,Dimer,0.51523,anc2i_I_unrelaxed_rank_009_alphafold2_model_3_seed_001.pdb
3111,I,Dimer,0.52374,anc2i_I_unrelaxed_rank_010_alphafold2_model_3_seed_000.pdb
3112,I,Dimer,0.56445,anc2i_I_unrelaxed_rank_011_alphafold2_model_2_seed_002.pdb
3113,I,Dimer,0.502,anc2i_I_unrelaxed_rank_012_alphafold2_model_3_seed_002.pdb
3114,I,Dimer,0.57573,anc2i_I_unrelaxed_rank_013_alphafold2_model_4_seed_001.pdb
3115,I,Dimer,0.5191,anc2i_I_unrelaxed_rank_014_alphafold2_model_2_seed_000.pdb
3116,I,Dimer,0.57184,anc2i_I_unrelaxed_rank_015_alphafold2_model_4_seed_004.pdb
3117,I,Dimer,0.55302,anc2i_I_unrelaxed_rank_016_alphafold2_model_4_seed_003.pdb
3118,I,Dimer,0.55101,anc2i_I_unrelaxed_rank_018_alphafold2_model_4_seed_000.pdb
3119,I,Dimer,0.50295,anc2i_I_unrelaxed_rank_019_alphafold2_model_5_seed_003.pdb
3120,L,Dimer,0.50506,anc2i_L_unrelaxed_rank_001_alphafold2_model_3_seed_003.pdb
3121,L,Dimer,0.58047,anc2i_L_unrelaxed_rank_002_alphafold2_model_1_seed_003.pdb
3122,L,Dimer,0.58983,anc2i_L_unrelaxed_rank_003_alphafold2_model_2_seed_001.pdb
3123,L,Dimer,0.50395,anc2i_L_unrelaxed_rank_004_alphafold2_model_3_seed_004.pdb
3124,L,Dimer,0.58475,anc2i_L_unrelaxed_rank_005_alphafold2_model_2_seed_000.pdb
3125,L,Dimer,0.58576,anc2i_L_unrelaxed_rank_006_alphafold2_model_2_seed_002.pdb
3126,L,Dimer,0.50602,anc2i_L_unrelaxed_rank_007_alphafold2_model_3_seed_000.pdb
3127,L,Dimer,0.51517,anc2i_L_unrelaxed_rank_008_alphafold2_model_3_seed_001.pdb
3128,L,Dimer,0.52831,anc2i_L_unrelaxed_rank_009_alphafold2_model_2_seed_004.pdb
3129,L,Dimer,0.51829,anc2i_L_unrelaxed_rank_010_alphafold2_model_2_seed_003.pdb
3130,L,Dimer,0.50932,anc2i_L_unrelaxed_rank_011_alphafold2_model_3_seed_002.pdb
3131,I,Chemokine,0.75989,anc2_I_unrelaxed_rank_001_alphafold2_model_3_seed_001.pdb
3132,I,Chemokine,0.76603,anc2_I_unrelaxed_rank_002_alphafold2_model_3_seed_002.pdb
3133,I,Chemokine,0.76681,anc2_I_unrelaxed_rank_003_alphafold2_model_3_seed_004.pdb
3134,I,Chemokine,0.76823,anc2_I_unrelaxed_rank_004_alphafold2_model_3_seed_003.pdb
3135,I,Chemokine,0.7702,anc2_I_unrelaxed_rank_005_alphafold2_model_1_seed_003.pdb
3136,I,Chemokine,0.76751,anc2_I_unrelaxed_rank_006_alphafold2_model_3_seed_000.pdb
3137,I,Chemokine,0.77149,anc2_I_unrelaxed_rank_007_alphafold2_model_1_seed_004.pdb
3138,I,Chemokine,0.76962,anc2_I_unrelaxed_rank_008_alphafold2_model_1_seed_002.pdb
3139,I,Chemokine,0.7689,anc2_I_unrelaxed_rank_009_alphafold2_model_1_seed_000.pdb
3140,I,Chemokine,0.76803,anc2_I_unrelaxed_rank_010_alphafold2_model_1_seed_001.pdb
3141,I,Chemokine,0.78153,anc2_I_unrelaxed_rank_011_alphafold2_model_2_seed_002.pdb
3142,I,Chemokine,0.77929,anc2_I_unrelaxed_rank_012_alphafold2_model_2_seed_001.pdb
3143,I,Chemokine,0.77908,anc2_I_unrelaxed_rank_013_alphafold2_model_2_seed_000.pdb
3144,I,Chemokine,0.77875,anc2_I_unrelaxed_rank_014_alphafold2_model_2_seed_003.pdb
3145,I,Chemokine,0.78499,anc2_I_unrelaxed_rank_015_alphafold2_model_4_seed_003.pdb
3146,I,Chemokine,0.77585,anc2_I_unrelaxed_rank_016_alphafold2_model_2_seed_004.pdb
3147,I,Chemokine,0.78651,anc2_I_unrelaxed_rank_017_alphafold2_model_4_seed_004.pdb
3148,I,Chemokine,0.7845,anc2_I_unrelaxed_rank_018_alphafold2_model_4_seed_002.pdb
3149,I,Chemokine,0.78525,anc2_I_unrelaxed_rank_019_alphafold2_model_4_seed_001.pdb
3150,I,Chemokine,0.78373,anc2_I_unrelaxed_rank_020_alphafold2_model_4_seed_000.pdb
3151,I,Chemokine,0.76474,anc2_I_unrelaxed_rank_021_alphafold2_model_5_seed_002.pdb
3152,I,Chemokine,0.76707,anc2_I_unrelaxed_rank_022_alphafold2_model_5_seed_003.pdb
3153,I,Chemokine,0.76847,anc2_I_unrelaxed_rank_023_alphafold2_model_5_seed_004.pdb
3154,I,Chemokine,0.76703,anc2_I_unrelaxed_rank_024_alphafold2_model_5_seed_001.pdb
3155,I,Chemokine,0.76534,anc2_I_unrelaxed_rank_025_alphafold2_model_5_seed_000.pdb
3156,V,Dimer,0.59159,anc2i_V_unrelaxed_rank_001_alphafold2_model_2_seed_003.pdb
3157,V,Dimer,0.59123,anc2i_V_unrelaxed_rank_002_alphafold2_model_2_seed_004.pdb
3158,V,Dimer,0.58714,anc2i_V_unrelaxed_rank_003_alphafold2_model_2_seed_001.pdb
3159,V,Dimer,0.5925,anc2i_V_unrelaxed_rank_004_alphafold2_model_1_seed_003.pdb
3160,V,Dimer,0.55947,anc2i_V_unrelaxed_rank_005_alphafold2_model_3_seed_003.pdb
3161,V,Dimer,0.53859,anc2i_V_unrelaxed_rank_006_alphafold2_model_3_seed_004.pdb
3162,V,Dimer,0.54035,anc2i_V_unrelaxed_rank_007_alphafold2_model_3_seed_000.pdb
3163,V,Dimer,0.54453,anc2i_V_unrelaxed_rank_008_alphafold2_model_3_seed_001.pdb
3164,V,Dimer,0.57897,anc2i_V_unrelaxed_rank_009_alphafold2_model_2_seed_002.pdb
3165,V,Dimer,0.57829,anc2i_V_unrelaxed_rank_010_alphafold2_model_2_seed_000.pdb
3166,V,Dimer,0.53042,anc2i_V_unrelaxed_rank_011_alphafold2_model_3_seed_002.pdb
3167,V,Dimer,0.56177,anc2i_V_unrelaxed_rank_012_alphafold2_model_4_seed_001.pdb
3168,V,Dimer,0.55279,anc2i_V_unrelaxed_rank_013_alphafold2_model_4_seed_003.pdb
3169,V,Dimer,0.5595,anc2i_V_unrelaxed_rank_014_alphafold2_model_4_seed_002.pdb
3170,V,Dimer,0.51226,anc2i_V_unrelaxed_rank_015_alphafold2_model_5_seed_002.pdb
3171,V,Dimer,0.52467,anc2i_V_unrelaxed_rank_016_alphafold2_model_4_seed_004.pdb
3172,V,Dimer,0.5313,anc2i_V_unrelaxed_rank_017_alphafold2_model_4_seed_000.pdb
3173,14,Chemokine,0.75868,anc2l_14_I_unrelaxed_rank_001_alphafold2_model_3_seed_002.pdb
3174,14,Chemokine,0.76335,anc2l_14_I_unrelaxed_rank_002_alphafold2_model_2_seed_003.pdb
3175,14,Chemokine,0.76759,anc2l_14_I_unrelaxed_rank_003_alphafold2_model_2_seed_002.pdb
3176,14,Chemokine,0.76695,anc2l_14_I_unrelaxed_rank_004_alphafold2_model_2_seed_000.pdb
3177,14,Dimer,0.50186,anc2l_14_I_unrelaxed_rank_005_alphafold2_model_4_seed_002.pdb
3178,14,Chemokine,0.75217,anc2l_14_I_unrelaxed_rank_006_alphafold2_model_1_seed_003.pdb
3179,14,Chemokine,0.7518,anc2l_14_I_unrelaxed_rank_007_alphafold2_model_1_seed_002.pdb
3180,14,Chemokine,0.75255,anc2l_14_I_unrelaxed_rank_008_alphafold2_model_1_seed_000.pdb
3181,14,Chemokine,0.76384,anc2l_14_I_unrelaxed_rank_009_alphafold2_model_2_seed_004.pdb
3182,14,Chemokine,0.75487,anc2l_14_I_unrelaxed_rank_010_alphafold2_model_3_seed_001.pdb
3183,14,Chemokine,0.74727,anc2l_14_I_unrelaxed_rank_011_alphafold2_model_1_seed_004.pdb
3184,14,Chemokine,0.75414,anc2l_14_I_unrelaxed_rank_012_alphafold2_model_1_seed_001.pdb
3185,14,Chemokine,0.7453,anc2l_14_I_unrelaxed_rank_013_alphafold2_model_4_seed_001.pdb
3186,14,Chemokine,0.73768,anc2l_14_I_unrelaxed_rank_014_alphafold2_model_4_seed_000.pdb
3187,14,Chemokine,0.65405,anc2l_14_I_unrelaxed_rank_015_alphafold2_model_3_seed_000.pdb
3188,14,Chemokine,0.65534,anc2l_14_I_unrelaxed_rank_016_alphafold2_model_3_seed_004.pdb
3189,14,Chemokine,0.75025,anc2l_14_L_unrelaxed_rank_001_alphafold2_model_1_seed_003.pdb
3190,14,Chemokine,0.74453,anc2l_14_L_unrelaxed_rank_002_alphafold2_model_1_seed_004.pdb
3191,14,Chemokine,0.74374,anc2l_14_L_unrelaxed_rank_003_alphafold2_model_1_seed_001.pdb
3192,14,Chemokine,0.74342,anc2l_14_L_unrelaxed_rank_004_alphafold2_model_1_seed_000.pdb
3193,14,Chemokine,0.73961,anc2l_14_L_unrelaxed_rank_005_alphafold2_model_1_seed_002.pdb
3194,14,Chemokine,0.74621,anc2l_14_L_unrelaxed_rank_006_alphafold2_model_2_seed_003.pdb
3195,14,Chemokine,0.73188,anc2l_14_L_unrelaxed_rank_007_alphafold2_model_2_seed_004.pdb
3196,14,Chemokine,0.71163,anc2l_14_L_unrelaxed_rank_008_alphafold2_model_2_seed_000.pdb
3197,14,Chemokine,0.69237,anc2l_14_L_unrelaxed_rank_009_alphafold2_model_2_seed_002.pdb
3198,14,Chemokine,0.51184,anc2l_14_L_unrelaxed_rank_010_alphafold2_model_2_seed_001.pdb
3199,14,Chemokine,0.71464,anc2l_14_L_unrelaxed_rank_011_alphafold2_model_4_seed_001.pdb
3200,14,Chemokine,0.65901,anc2l_14_L_unrelaxed_rank_012_alphafold2_model_3_seed_001.pdb
3201,14,Chemokine,0.65868,anc2l_14_L_unrelaxed_rank_013_alphafold2_model_3_seed_004.pdb
3202,14,Chemokine,0.65271,anc2l_14_L_unrelaxed_rank_014_alphafold2_model_5_seed_001.pdb
3203,14,Chemokine,0.62579,anc2l_14_L_unrelaxed_rank_015_alphafold2_model_5_seed_004.pdb
3204,14,Chemokine,0.75673,anc2l_14_V_unrelaxed_rank_002_alphafold2_model_3_seed_002.pdb
3205,14,Chemokine,0.76178,anc2l_14_V_unrelaxed_rank_003_alphafold2_model_2_seed_002.pdb
3206,14,Chemokine,0.75187,anc2l_14_V_unrelaxed_rank_004_alphafold2_model_3_seed_001.pdb
3207,14,Chemokine,0.74416,anc2l_14_V_unrelaxed_rank_005_alphafold2_model_1_seed_002.pdb
3208,14,Chemokine,0.74161,anc2l_14_V_unrelaxed_rank_006_alphafold2_model_1_seed_003.pdb
3209,14,Chemokine,0.73523,anc2l_14_V_unrelaxed_rank_007_alphafold2_model_1_seed_004.pdb
3210,14,Chemokine,0.7558,anc2l_14_V_unrelaxed_rank_008_alphafold2_model_1_seed_001.pdb
3211,14,Chemokine,0.74429,anc2l_14_V_unrelaxed_rank_009_alphafold2_model_1_seed_000.pdb
3212,14,Chemokine,0.74353,anc2l_14_V_unrelaxed_rank_010_alphafold2_model_4_seed_001.pdb
3213,14,Chemokine,0.72819,anc2l_14_V_unrelaxed_rank_011_alphafold2_model_2_seed_000.pdb
3214,14,Chemokine,0.72479,anc2l_14_V_unrelaxed_rank_012_alphafold2_model_2_seed_003.pdb
3215,14,Chemokine,0.7432,anc2l_14_V_unrelaxed_rank_013_alphafold2_model_4_seed_000.pdb
3216,14,Chemokine,0.70694,anc2l_14_V_unrelaxed_rank_014_alphafold2_model_3_seed_003.pdb
3217,14,Chemokine,0.70683,anc2l_14_V_unrelaxed_rank_015_alphafold2_model_3_seed_000.pdb
3218,14,Chemokine,0.71828,anc2l_14_V_unrelaxed_rank_016_alphafold2_model_2_seed_004.pdb
3219,14,Chemokine,0.65502,anc2l_14_V_unrelaxed_rank_017_alphafold2_model_3_seed_004.pdb
3220,14,Chemokine,0.65182,anc2l_14_V_unrelaxed_rank_018_alphafold2_model_5_seed_002.pdb
3221,14,Chemokine,0.64971,anc2l_14_V_unrelaxed_rank_019_alphafold2_model_5_seed_001.pdb
3222,14,Chemokine,0.64952,anc2l_14_V_unrelaxed_rank_020_alphafold2_model_5_seed_004.pdb
3223,14,Chemokine,0.64991,anc2l_14_V_unrelaxed_rank_021_alphafold2_model_5_seed_003.pdb
3224,14,Chemokine,0.64641,anc2l_14_V_unrelaxed_rank_022_alphafold2_model_5_seed_000.pdb
3225,36,Chemokine,0.7694,anc2l_36_A_unrelaxed_rank_001_alphafold2_model_3_seed_002.pdb
3226,36,Chemokine,0.77998,anc2l_36_A_unrelaxed_rank_002_alphafold2_model_1_seed_004.pdb
3227,36,Chemokine,0.77645,anc2l_36_A_unrelaxed_rank_003_alphafold2_model_3_seed_000.pdb
3228,36,Chemokine,0.77792,anc2l_36_A_unrelaxed_rank_004_alphafold2_model_1_seed_003.pdb
3229,36,Chemokine,0.77628,anc2l_36_A_unrelaxed_rank_005_alphafold2_model_1_seed_000.pdb
3230,36,Chemokine,0.77699,anc2l_36_A_unrelaxed_rank_006_alphafold2_model_1_seed_002.pdb
3231,36,Chemokine,0.77816,anc2l_36_A_unrelaxed_rank_007_alphafold2_model_1_seed_001.pdb
3232,36,Chemokine,0.75705,anc2l_36_A_unrelaxed_rank_008_alphafold2_model_5_seed_002.pdb
3233,36,Chemokine,0.72126,anc2l_36_A_unrelaxed_rank_009_alphafold2_model_3_seed_004.pdb
3234,36,Chemokine,0.77332,anc2l_36_A_unrelaxed_rank_010_alphafold2_model_2_seed_002.pdb
3235,36,Chemokine,0.73281,anc2l_36_A_unrelaxed_rank_011_alphafold2_model_3_seed_001.pdb
3236,36,Chemokine,0.76436,anc2l_36_A_unrelaxed_rank_012_alphafold2_model_4_seed_002.pdb
3237,36,Dimer,0.5574,anc2l_36_A_unrelaxed_rank_013_alphafold2_model_2_seed_001.pdb
3238,36,Chemokine,0.70803,anc2l_36_A_unrelaxed_rank_014_alphafold2_model_3_seed_003.pdb
3239,36,Chemokine,0.70297,anc2l_36_A_unrelaxed_rank_015_alphafold2_model_4_seed_004.pdb
3240,36,Chemokine,0.69697,anc2l_36_A_unrelaxed_rank_016_alphafold2_model_4_seed_001.pdb
3241,36,Chemokine,0.72884,anc2l_36_A_unrelaxed_rank_017_alphafold2_model_4_seed_003.pdb
3242,36,Dimer,0.5616,anc2l_36_A_unrelaxed_rank_018_alphafold2_model_2_seed_000.pdb
3243,36,Chemokine,0.78005,anc2l_36_G_unrelaxed_rank_001_alphafold2_model_3_seed_004.pdb
3244,36,Chemokine,0.77561,anc2l_36_G_unrelaxed_rank_002_alphafold2_model_3_seed_001.pdb
3245,36,Chemokine,0.78166,anc2l_36_G_unrelaxed_rank_003_alphafold2_model_3_seed_002.pdb
3246,36,Chemokine,0.77969,anc2l_36_G_unrelaxed_rank_004_alphafold2_model_3_seed_000.pdb
3247,36,Chemokine,0.80145,anc2l_36_G_unrelaxed_rank_005_alphafold2_model_3_seed_003.pdb
3248,36,Chemokine,0.79239,anc2l_36_G_unrelaxed_rank_006_alphafold2_model_1_seed_003.pdb
3249,36,Chemokine,0.79246,anc2l_36_G_unrelaxed_rank_007_alphafold2_model_1_seed_002.pdb
3250,36,Chemokine,0.79506,anc2l_36_G_unrelaxed_rank_008_alphafold2_model_1_seed_000.pdb
3251,36,Chemokine,0.77654,anc2l_36_G_unrelaxed_rank_009_alphafold2_model_1_seed_004.pdb
3252,36,Chemokine,0.76875,anc2l_36_G_unrelaxed_rank_010_alphafold2_model_1_seed_001.pdb
3253,36,Chemokine,0.77441,anc2l_36_G_unrelaxed_rank_011_alphafold2_model_4_seed_002.pdb
3254,36,Chemokine,0.75454,anc2l_36_G_unrelaxed_rank_012_alphafold2_model_5_seed_002.pdb
3255,36,Chemokine,0.75666,anc2l_36_G_unrelaxed_rank_013_alphafold2_model_5_seed_003.pdb
3256,36,Chemokine,0.75342,anc2l_36_G_unrelaxed_rank_014_alphafold2_model_5_seed_004.pdb
3257,36,Chemokine,0.75756,anc2l_36_G_unrelaxed_rank_015_alphafold2_model_5_seed_000.pdb
3258,36,Chemokine,0.75633,anc2l_36_G_unrelaxed_rank_016_alphafold2_model_5_seed_001.pdb
3259,36,Chemokine,0.7612,anc2l_36_G_unrelaxed_rank_017_alphafold2_model_4_seed_003.pdb
3260,36,Chemokine,0.75645,anc2l_36_G_unrelaxed_rank_018_alphafold2_model_4_seed_000.pdb
3261,36,Chemokine,0.76222,anc2l_36_G_unrelaxed_rank_019_alphafold2_model_4_seed_001.pdb
3262,36,Chemokine,0.76198,anc2l_36_G_unrelaxed_rank_020_alphafold2_model_4_seed_004.pdb
3263,36,Chemokine,0.76834,anc2l_36_I_unrelaxed_rank_001_alphafold2_model_2_seed_003.pdb
3264,36,Chemokine,0.76372,anc2l_36_I_unrelaxed_rank_002_alphafold2_model_3_seed_003.pdb
3265,36,Chemokine,0.7561,anc2l_36_I_unrelaxed_rank_003_alphafold2_model_3_seed_000.pdb
3266,36,Chemokine,0.75865,anc2l_36_I_unrelaxed_rank_004_alphafold2_model_3_seed_002.pdb
3267,36,Chemokine,0.77341,anc2l_36_I_unrelaxed_rank_005_alphafold2_model_3_seed_004.pdb
3268,36,Chemokine,0.77799,anc2l_36_I_unrelaxed_rank_006_alphafold2_model_3_seed_001.pdb
3269,36,Chemokine,0.76135,anc2l_36_I_unrelaxed_rank_007_alphafold2_model_1_seed_000.pdb
3270,36,Chemokine,0.7623,anc2l_36_I_unrelaxed_rank_008_alphafold2_model_1_seed_004.pdb
3271,36,Chemokine,0.76094,anc2l_36_I_unrelaxed_rank_009_alphafold2_model_1_seed_002.pdb
3272,36,Chemokine,0.76105,anc2l_36_I_unrelaxed_rank_010_alphafold2_model_1_seed_003.pdb
3273,36,Chemokine,0.76106,anc2l_36_I_unrelaxed_rank_011_alphafold2_model_1_seed_001.pdb
3274,36,Chemokine,0.76207,anc2l_36_I_unrelaxed_rank_012_alphafold2_model_2_seed_004.pdb
3275,36,Chemokine,0.74837,anc2l_36_I_unrelaxed_rank_013_alphafold2_model_2_seed_002.pdb
3276,36,Chemokine,0.73317,anc2l_36_I_unrelaxed_rank_014_alphafold2_model_5_seed_004.pdb
3277,36,Chemokine,0.74654,anc2l_36_I_unrelaxed_rank_015_alphafold2_model_4_seed_004.pdb
3278,36,Chemokine,0.71571,anc2l_36_I_unrelaxed_rank_016_alphafold2_model_5_seed_002.pdb
3279,40,Dimer,0.53882,anc2l_40_G_unrelaxed_rank_001_alphafold2_model_3_seed_003.pdb
3280,40,Dimer,0.56123,anc2l_40_G_unrelaxed_rank_002_alphafold2_model_3_seed_001.pdb
3281,40,Dimer,0.5373,anc2l_40_G_unrelaxed_rank_003_alphafold2_model_3_seed_004.pdb
3282,40,Dimer,0.5736,anc2l_40_I_unrelaxed_rank_001_alphafold2_model_3_seed_002.pdb
3283,40,Dimer,0.57174,anc2l_40_I_unrelaxed_rank_002_alphafold2_model_3_seed_001.pdb
3284,40,Dimer,0.57373,anc2l_40_I_unrelaxed_rank_003_alphafold2_model_3_seed_004.pdb
3285,40,Dimer,0.57108,anc2l_40_I_unrelaxed_rank_004_alphafold2_model_3_seed_003.pdb
3286,40,Dimer,0.57046,anc2l_40_I_unrelaxed_rank_005_alphafold2_model_3_seed_000.pdb
3287,40,Dimer,0.5504,anc2l_40_V_unrelaxed_rank_001_alphafold2_model_3_seed_002.pdb
3288,40,Dimer,0.57624,anc2l_40_V_unrelaxed_rank_002_alphafold2_model_3_seed_003.pdb
3289,40,Dimer,0.55389,anc2l_40_V_unrelaxed_rank_003_alphafold2_model_3_seed_004.pdb
3290,40,Dimer,0.573,anc2l_40_V_unrelaxed_rank_004_alphafold2_model_3_seed_000.pdb
3291,40,Dimer,0.57671,anc2l_40_V_unrelaxed_rank_005_alphafold2_model_3_seed_001.pdb
3292,45,Chemokine,0.7694,anc2l_45_I_unrelaxed_rank_001_alphafold2_model_3_seed_002.pdb
3293,45,Chemokine,0.77998,anc2l_45_I_unrelaxed_rank_002_alphafold2_model_1_seed_004.pdb
3294,45,Chemokine,0.77645,anc2l_45_I_unrelaxed_rank_003_alphafold2_model_3_seed_000.pdb
3295,45,Chemokine,0.77792,anc2l_45_I_unrelaxed_rank_004_alphafold2_model_1_seed_003.pdb
3296,45,Chemokine,0.77628,anc2l_45_I_unrelaxed_rank_005_alphafold2_model_1_seed_000.pdb
3297,45,Chemokine,0.77699,anc2l_45_I_unrelaxed_rank_006_alphafold2_model_1_seed_002.pdb
3298,45,Chemokine,0.77816,anc2l_45_I_unrelaxed_rank_007_alphafold2_model_1_seed_001.pdb
3299,45,Chemokine,0.75705,anc2l_45_I_unrelaxed_rank_008_alphafold2_model_5_seed_002.pdb
3300,45,Chemokine,0.72126,anc2l_45_I_unrelaxed_rank_009_alphafold2_model_3_seed_004.pdb
3301,45,Chemokine,0.77332,anc2l_45_I_unrelaxed_rank_010_alphafold2_model_2_seed_002.pdb
3302,45,Chemokine,0.73281,anc2l_45_I_unrelaxed_rank_011_alphafold2_model_3_seed_001.pdb
3303,45,Chemokine,0.76436,anc2l_45_I_unrelaxed_rank_012_alphafold2_model_4_seed_002.pdb
3304,45,Dimer,0.5574,anc2l_45_I_unrelaxed_rank_013_alphafold2_model_2_seed_001.pdb
3305,45,Chemokine,0.70803,anc2l_45_I_unrelaxed_rank_014_alphafold2_model_3_seed_003.pdb
3306,45,Chemokine,0.70297,anc2l_45_I_unrelaxed_rank_015_alphafold2_model_4_seed_004.pdb
3307,45,Chemokine,0.69697,anc2l_45_I_unrelaxed_rank_016_alphafold2_model_4_seed_001.pdb
3308,45,Chemokine,0.72884,anc2l_45_I_unrelaxed_rank_017_alphafold2_model_4_seed_003.pdb
3309,45,Dimer,0.5616,anc2l_45_I_unrelaxed_rank_018_alphafold2_model_2_seed_000.pdb
3310,45,Chemokine,0.79768,anc2l_45_L_unrelaxed_rank_001_alphafold2_model_3_seed_001.pdb
3311,45,Chemokine,0.7749,anc2l_45_L_unrelaxed_rank_002_alphafold2_model_3_seed_003.pdb
3312,45,Chemokine,0.76721,anc2l_45_L_unrelaxed_rank_003_alphafold2_model_3_seed_002.pdb
3313,45,Chemokine,0.79329,anc2l_45_L_unrelaxed_rank_004_alphafold2_model_3_seed_004.pdb
3314,45,Chemokine,0.78191,anc2l_45_L_unrelaxed_rank_005_alphafold2_model_1_seed_000.pdb
3315,45,Chemokine,0.78015,anc2l_45_L_unrelaxed_rank_006_alphafold2_model_1_seed_002.pdb
3316,45,Chemokine,0.77941,anc2l_45_L_unrelaxed_rank_007_alphafold2_model_1_seed_003.pdb
3317,45,Chemokine,0.7804,anc2l_45_L_unrelaxed_rank_008_alphafold2_model_1_seed_001.pdb
3318,45,Chemokine,0.7938,anc2l_45_L_unrelaxed_rank_009_alphafold2_model_2_seed_002.pdb
3319,45,Chemokine,0.80642,anc2l_45_L_unrelaxed_rank_010_alphafold2_model_2_seed_004.pdb
3320,45,Chemokine,0.76023,anc2l_45_L_unrelaxed_rank_011_alphafold2_model_5_seed_002.pdb
3321,45,Chemokine,0.75586,anc2l_45_L_unrelaxed_rank_012_alphafold2_model_5_seed_003.pdb
3322,45,Chemokine,0.7622,anc2l_45_L_unrelaxed_rank_013_alphafold2_model_5_seed_004.pdb
3323,45,Chemokine,0.78032,anc2l_45_L_unrelaxed_rank_014_alphafold2_model_2_seed_003.pdb
3324,45,Chemokine,0.75541,anc2l_45_L_unrelaxed_rank_015_alphafold2_model_5_seed_001.pdb
3325,45,Chemokine,0.77216,anc2l_45_L_unrelaxed_rank_016_alphafold2_model_1_seed_004.pdb
3326,45,Chemokine,0.7585,anc2l_45_L_unrelaxed_rank_017_alphafold2_model_5_seed_000.pdb
3327,45,Chemokine,0.79633,anc2l_45_L_unrelaxed_rank_018_alphafold2_model_2_seed_000.pdb
3328,45,Chemokine,0.75122,anc2l_45_L_unrelaxed_rank_019_alphafold2_model_3_seed_000.pdb
3329,45,Chemokine,0.7632,anc2l_45_L_unrelaxed_rank_020_alphafold2_model_4_seed_002.pdb
3330,45,Chemokine,0.76918,anc2l_45_L_unrelaxed_rank_021_alphafold2_model_4_seed_004.pdb
3331,45,Chemokine,0.76488,anc2l_45_L_unrelaxed_rank_022_alphafold2_model_4_seed_001.pdb
3332,45,Chemokine,0.75622,anc2l_45_L_unrelaxed_rank_023_alphafold2_model_2_seed_001.pdb
3333,45,Chemokine,0.75177,anc2l_45_L_unrelaxed_rank_024_alphafold2_model_4_seed_000.pdb
3334,45,Chemokine,0.72718,anc2l_45_L_unrelaxed_rank_025_alphafold2_model_4_seed_003.pdb
3335,45,Chemokine,0.7877,anc2l_45_V_unrelaxed_rank_001_alphafold2_model_3_seed_001.pdb
3336,45,Chemokine,0.77583,anc2l_45_V_unrelaxed_rank_002_alphafold2_model_3_seed_002.pdb
3337,45,Chemokine,0.78156,anc2l_45_V_unrelaxed_rank_003_alphafold2_model_1_seed_004.pdb
3338,45,Chemokine,0.77763,anc2l_45_V_unrelaxed_rank_004_alphafold2_model_3_seed_003.pdb
3339,45,Chemokine,0.77947,anc2l_45_V_unrelaxed_rank_005_alphafold2_model_1_seed_002.pdb
3340,45,Chemokine,0.77993,anc2l_45_V_unrelaxed_rank_006_alphafold2_model_1_seed_000.pdb
3341,45,Chemokine,0.77838,anc2l_45_V_unrelaxed_rank_007_alphafold2_model_1_seed_003.pdb
3342,45,Chemokine,0.77574,anc2l_45_V_unrelaxed_rank_008_alphafold2_model_1_seed_001.pdb
3343,45,Chemokine,0.78074,anc2l_45_V_unrelaxed_rank_009_alphafold2_model_2_seed_002.pdb
3344,45,Chemokine,0.77657,anc2l_45_V_unrelaxed_rank_010_alphafold2_model_2_seed_000.pdb
3345,45,Chemokine,0.77705,anc2l_45_V_unrelaxed_rank_011_alphafold2_model_2_seed_004.pdb
3346,45,Chemokine,0.77048,anc2l_45_V_unrelaxed_rank_012_alphafold2_model_2_seed_001.pdb
3347,45,Chemokine,0.77299,anc2l_45_V_unrelaxed_rank_013_alphafold2_model_2_seed_003.pdb
3348,45,Chemokine,0.759,anc2l_45_V_unrelaxed_rank_014_alphafold2_model_4_seed_001.pdb
3349,45,Chemokine,0.74321,anc2l_45_V_unrelaxed_rank_015_alphafold2_model_3_seed_000.pdb
3350,45,Chemokine,0.75921,anc2l_45_V_unrelaxed_rank_016_alphafold2_model_4_seed_000.pdb
3351,45,Chemokine,0.70931,anc2l_45_V_unrelaxed_rank_017_alphafold2_model_3_seed_004.pdb
3352,45,Chemokine,0.74257,anc2l_45_V_unrelaxed_rank_018_alphafold2_model_4_seed_004.pdb
3353,45,Chemokine,0.7348,anc2l_45_V_unrelaxed_rank_019_alphafold2_model_4_seed_002.pdb
3354,47,Chemokine,0.7694,anc2l_47_I_unrelaxed_rank_001_alphafold2_model_3_seed_002.pdb
3355,47,Chemokine,0.77998,anc2l_47_I_unrelaxed_rank_002_alphafold2_model_1_seed_004.pdb
3356,47,Chemokine,0.77645,anc2l_47_I_unrelaxed_rank_003_alphafold2_model_3_seed_000.pdb
3357,47,Chemokine,0.77792,anc2l_47_I_unrelaxed_rank_004_alphafold2_model_1_seed_003.pdb
3358,47,Chemokine,0.77628,anc2l_47_I_unrelaxed_rank_005_alphafold2_model_1_seed_000.pdb
3359,47,Chemokine,0.77699,anc2l_47_I_unrelaxed_rank_006_alphafold2_model_1_seed_002.pdb
3360,47,Chemokine,0.77816,anc2l_47_I_unrelaxed_rank_007_alphafold2_model_1_seed_001.pdb
3361,47,Chemokine,0.75705,anc2l_47_I_unrelaxed_rank_008_alphafold2_model_5_seed_002.pdb
3362,47,Chemokine,0.72126,anc2l_47_I_unrelaxed_rank_009_alphafold2_model_3_seed_004.pdb
3363,47,Chemokine,0.77332,anc2l_47_I_unrelaxed_rank_010_alphafold2_model_2_seed_002.pdb
3364,47,Chemokine,0.73281,anc2l_47_I_unrelaxed_rank_011_alphafold2_model_3_seed_001.pdb
3365,47,Chemokine,0.76436,anc2l_47_I_unrelaxed_rank_012_alphafold2_model_4_seed_002.pdb
3366,47,Dimer,0.5574,anc2l_47_I_unrelaxed_rank_013_alphafold2_model_2_seed_001.pdb
3367,47,Chemokine,0.70803,anc2l_47_I_unrelaxed_rank_014_alphafold2_model_3_seed_003.pdb
3368,47,Chemokine,0.70297,anc2l_47_I_unrelaxed_rank_015_alphafold2_model_4_seed_004.pdb
3369,47,Chemokine,0.69697,anc2l_47_I_unrelaxed_rank_016_alphafold2_model_4_seed_001.pdb
3370,47,Chemokine,0.72884,anc2l_47_I_unrelaxed_rank_017_alphafold2_model_4_seed_003.pdb
3371,47,Dimer,0.5616,anc2l_47_I_unrelaxed_rank_018_alphafold2_model_2_seed_000.pdb
3372,47,Chemokine,0.76817,anc2l_47_L_unrelaxed_rank_001_alphafold2_model_3_seed_002.pdb
3373,47,Chemokine,0.78551,anc2l_47_L_unrelaxed_rank_002_alphafold2_model_3_seed_000.pdb
3374,47,Chemokine,0.78439,anc2l_47_L_unrelaxed_rank_003_alphafold2_model_2_seed_004.pdb
3375,47,Chemokine,0.78212,anc2l_47_L_unrelaxed_rank_004_alphafold2_model_2_seed_002.pdb
3376,47,Chemokine,0.77835,anc2l_47_L_unrelaxed_rank_005_alphafold2_model_2_seed_001.pdb
3377,47,Chemokine,0.78694,anc2l_47_L_unrelaxed_rank_006_alphafold2_model_2_seed_000.pdb
3378,47,Chemokine,0.77939,anc2l_47_L_unrelaxed_rank_007_alphafold2_model_3_seed_003.pdb
3379,47,Chemokine,0.76827,anc2l_47_L_unrelaxed_rank_008_alphafold2_model_1_seed_003.pdb
3380,47,Chemokine,0.77138,anc2l_47_L_unrelaxed_rank_009_alphafold2_model_1_seed_004.pdb
3381,47,Chemokine,0.76938,anc2l_47_L_unrelaxed_rank_010_alphafold2_model_1_seed_002.pdb
3382,47,Chemokine,0.76889,anc2l_47_L_unrelaxed_rank_011_alphafold2_model_1_seed_000.pdb
3383,47,Chemokine,0.76678,anc2l_47_L_unrelaxed_rank_012_alphafold2_model_3_seed_004.pdb
3384,47,Chemokine,0.76182,anc2l_47_L_unrelaxed_rank_013_alphafold2_model_1_seed_001.pdb
3385,47,Chemokine,0.79294,anc2l_47_L_unrelaxed_rank_014_alphafold2_model_2_seed_003.pdb
3386,47,Chemokine,0.75354,anc2l_47_L_unrelaxed_rank_015_alphafold2_model_5_seed_002.pdb
3387,47,Chemokine,0.7636,anc2l_47_L_unrelaxed_rank_016_alphafold2_model_4_seed_002.pdb
3388,47,Chemokine,0.76314,anc2l_47_L_unrelaxed_rank_017_alphafold2_model_4_seed_004.pdb
3389,47,Chemokine,0.76332,anc2l_47_L_unrelaxed_rank_018_alphafold2_model_4_seed_001.pdb
3390,47,Chemokine,0.72599,anc2l_47_L_unrelaxed_rank_019_alphafold2_model_5_seed_001.pdb
3391,47,Chemokine,0.6847,anc2l_47_L_unrelaxed_rank_020_alphafold2_model_3_seed_001.pdb
3392,47,Chemokine,0.69202,anc2l_47_L_unrelaxed_rank_021_alphafold2_model_5_seed_003.pdb
3393,47,Chemokine,0.716,anc2l_47_L_unrelaxed_rank_022_alphafold2_model_4_seed_003.pdb
3394,47,Chemokine,0.57735,anc2l_47_M_unrelaxed_rank_001_alphafold2_model_2_seed_002.pdb
3395,47,Chemokine,0.57909,anc2l_47_M_unrelaxed_rank_002_alphafold2_model_2_seed_000.pdb
3396,47,Chemokine,0.71897,anc2l_47_M_unrelaxed_rank_003_alphafold2_model_3_seed_003.pdb
3397,47,Chemokine,0.57237,anc2l_47_M_unrelaxed_rank_004_alphafold2_model_2_seed_001.pdb
3398,47,Chemokine,0.71983,anc2l_47_M_unrelaxed_rank_005_alphafold2_model_3_seed_004.pdb
3399,47,Chemokine,0.7194,anc2l_47_M_unrelaxed_rank_006_alphafold2_model_3_seed_000.pdb
3400,47,Chemokine,0.72003,anc2l_47_M_unrelaxed_rank_007_alphafold2_model_3_seed_001.pdb
3401,47,Chemokine,0.75587,anc2l_47_M_unrelaxed_rank_008_alphafold2_model_1_seed_004.pdb
3402,47,Chemokine,0.5799,anc2l_47_M_unrelaxed_rank_009_alphafold2_model_2_seed_003.pdb
3403,47,Chemokine,0.57553,anc2l_47_M_unrelaxed_rank_010_alphafold2_model_2_seed_004.pdb
3404,47,Chemokine,0.7149,anc2l_47_M_unrelaxed_rank_011_alphafold2_model_3_seed_002.pdb
3405,47,Chemokine,0.68446,anc2l_47_M_unrelaxed_rank_012_alphafold2_model_4_seed_002.pdb
3406,47,Chemokine,0.68044,anc2l_47_M_unrelaxed_rank_013_alphafold2_model_4_seed_004.pdb
3407,47,Chemokine,0.67582,anc2l_47_M_unrelaxed_rank_014_alphafold2_model_4_seed_000.pdb
3408,47,Chemokine,0.67571,anc2l_47_M_unrelaxed_rank_015_alphafold2_model_4_seed_003.pdb
3409,47,Chemokine,0.66265,anc2l_47_M_unrelaxed_rank_016_alphafold2_model_1_seed_002.pdb
3410,47,Chemokine,0.65904,anc2l_47_M_unrelaxed_rank_017_alphafold2_model_5_seed_004.pdb
3411,47,Chemokine,0.66323,anc2l_47_M_unrelaxed_rank_018_alphafold2_model_1_seed_003.pdb
3412,47,Chemokine,0.65976,anc2l_47_M_unrelaxed_rank_019_alphafold2_model_5_seed_003.pdb
3413,47,Chemokine,0.6597,anc2l_47_M_unrelaxed_rank_020_alphafold2_model_5_seed_001.pdb
3414,47,Chemokine,0.65249,anc2l_47_M_unrelaxed_rank_021_alphafold2_model_5_seed_000.pdb
3415,47,Chemokine,0.66012,anc2l_47_M_unrelaxed_rank_022_alphafold2_model_5_seed_002.pdb
3416,47,Chemokine,0.66236,anc2l_47_M_unrelaxed_rank_023_alphafold2_model_1_seed_000.pdb
3417,47,Chemokine,0.66322,anc2l_47_M_unrelaxed_rank_024_alphafold2_model_1_seed_001.pdb
3418,I,Chemokine,0.77091,anc2l_I_unrelaxed_rank_001_alphafold2_model_1_seed_002.pdb
3419,I,Chemokine,0.76992,anc2l_I_unrelaxed_rank_002_alphafold2_model_1_seed_000.pdb
3420,I,Chemokine,0.7628,anc2l_I_unrelaxed_rank_003_alphafold2_model_1_seed_003.pdb
3421,I,Chemokine,0.76435,anc2l_I_unrelaxed_rank_004_alphafold2_model_1_seed_001.pdb
3422,I,Chemokine,0.75944,anc2l_I_unrelaxed_rank_005_alphafold2_model_3_seed_003.pdb
3423,I,Chemokine,0.75687,anc2l_I_unrelaxed_rank_006_alphafold2_model_1_seed_004.pdb
3424,I,Chemokine,0.76583,anc2l_I_unrelaxed_rank_007_alphafold2_model_2_seed_004.pdb
3425,I,Chemokine,0.73234,anc2l_I_unrelaxed_rank_008_alphafold2_model_3_seed_004.pdb
3426,I,Chemokine,0.70445,anc2l_I_unrelaxed_rank_009_alphafold2_model_3_seed_002.pdb
3427,I,Chemokine,0.67816,anc2l_I_unrelaxed_rank_010_alphafold2_model_3_seed_000.pdb
3428,L,Chemokine,0.77577,anc2l_L_unrelaxed_rank_001_alphafold2_model_1_seed_002.pdb
3429,L,Chemokine,0.77598,anc2l_L_unrelaxed_rank_002_alphafold2_model_1_seed_000.pdb
3430,L,Chemokine,0.77063,anc2l_L_unrelaxed_rank_003_alphafold2_model_1_seed_001.pdb
3431,L,Chemokine,0.76493,anc2l_L_unrelaxed_rank_004_alphafold2_model_1_seed_004.pdb
3432,L,Chemokine,0.76136,anc2l_L_unrelaxed_rank_005_alphafold2_model_5_seed_000.pdb
3433,L,Chemokine,0.73883,anc2l_L_unrelaxed_rank_006_alphafold2_model_5_seed_004.pdb
3434,L,Chemokine,0.69951,anc2l_L_unrelaxed_rank_007_alphafold2_model_5_seed_001.pdb
3435,L,Chemokine,0.69568,anc2l_L_unrelaxed_rank_008_alphafold2_model_5_seed_002.pdb
3436,L,Chemokine,0.70957,anc2l_L_unrelaxed_rank_009_alphafold2_model_5_seed_003.pdb
3437,L,Chemokine,0.78384,anc2_L_unrelaxed_rank_001_alphafold2_model_1_seed_004.pdb
3438,L,Chemokine,0.78482,anc2_L_unrelaxed_rank_002_alphafold2_model_1_seed_002.pdb
3439,L,Chemokine,0.78143,anc2_L_unrelaxed_rank_003_alphafold2_model_1_seed_003.pdb
3440,L,Chemokine,0.79689,anc2_L_unrelaxed_rank_004_alphafold2_model_2_seed_002.pdb
3441,L,Chemokine,0.78121,anc2_L_unrelaxed_rank_005_alphafold2_model_1_seed_001.pdb
3442,L,Chemokine,0.78143,anc2_L_unrelaxed_rank_006_alphafold2_model_1_seed_000.pdb
3443,L,Chemokine,0.76457,anc2_L_unrelaxed_rank_007_alphafold2_model_3_seed_001.pdb
3444,L,Chemokine,0.76481,anc2_L_unrelaxed_rank_008_alphafold2_model_3_seed_002.pdb
3445,L,Chemokine,0.76154,anc2_L_unrelaxed_rank_009_alphafold2_model_3_seed_004.pdb
3446,L,Chemokine,0.76136,anc2_L_unrelaxed_rank_010_alphafold2_model_3_seed_003.pdb
3447,L,Chemokine,0.76634,anc2_L_unrelaxed_rank_011_alphafold2_model_3_seed_000.pdb
3448,L,Chemokine,0.79395,anc2_L_unrelaxed_rank_012_alphafold2_model_2_seed_001.pdb
3449,L,Chemokine,0.78826,anc2_L_unrelaxed_rank_013_alphafold2_model_2_seed_003.pdb
3450,L,Chemokine,0.79185,anc2_L_unrelaxed_rank_014_alphafold2_model_2_seed_000.pdb
3451,L,Chemokine,0.78848,anc2_L_unrelaxed_rank_015_alphafold2_model_2_seed_004.pdb
3452,L,Chemokine,0.78557,anc2_L_unrelaxed_rank_016_alphafold2_model_4_seed_003.pdb
3453,L,Chemokine,0.78583,anc2_L_unrelaxed_rank_017_alphafold2_model_4_seed_001.pdb
3454,L,Chemokine,0.78577,anc2_L_unrelaxed_rank_018_alphafold2_model_4_seed_002.pdb
3455,L,Chemokine,0.78582,anc2_L_unrelaxed_rank_019_alphafold2_model_4_seed_000.pdb
3456,L,Chemokine,0.78502,anc2_L_unrelaxed_rank_020_alphafold2_model_4_seed_004.pdb
3457,L,Chemokine,0.77446,anc2_L_unrelaxed_rank_021_alphafold2_model_5_seed_002.pdb
3458,L,Chemokine,0.77433,anc2_L_unrelaxed_rank_022_alphafold2_model_5_seed_001.pdb
3459,L,Chemokine,0.77362,anc2_L_unrelaxed_rank_023_alphafold2_model_5_seed_004.pdb
3460,L,Chemokine,0.77212,anc2_L_unrelaxed_rank_024_alphafold2_model_5_seed_003.pdb
3461,L,Chemokine,0.77288,anc2_L_unrelaxed_rank_025_alphafold2_model_5_seed_000.pdb
3462,V,Chemokine,0.7694,anc2l_V_unrelaxed_rank_001_alphafold2_model_3_seed_002.pdb
3463,V,Chemokine,0.77998,anc2l_V_unrelaxed_rank_002_alphafold2_model_1_seed_004.pdb
3464,V,Chemokine,0.77645,anc2l_V_unrelaxed_rank_003_alphafold2_model_3_seed_000.pdb
3465,V,Chemokine,0.77792,anc2l_V_unrelaxed_rank_004_alphafold2_model_1_seed_003.pdb
3466,V,Chemokine,0.77628,anc2l_V_unrelaxed_rank_005_alphafold2_model_1_seed_000.pdb
3467,V,Chemokine,0.77699,anc2l_V_unrelaxed_rank_006_alphafold2_model_1_seed_002.pdb
3468,V,Chemokine,0.77816,anc2l_V_unrelaxed_rank_007_alphafold2_model_1_seed_001.pdb
3469,V,Chemokine,0.75705,anc2l_V_unrelaxed_rank_008_alphafold2_model_5_seed_002.pdb
3470,V,Chemokine,0.72126,anc2l_V_unrelaxed_rank_009_alphafold2_model_3_seed_004.pdb
3471,V,Chemokine,0.77332,anc2l_V_unrelaxed_rank_010_alphafold2_model_2_seed_002.pdb
3472,V,Chemokine,0.73281,anc2l_V_unrelaxed_rank_011_alphafold2_model_3_seed_001.pdb
3473,V,Chemokine,0.76436,anc2l_V_unrelaxed_rank_012_alphafold2_model_4_seed_002.pdb
3474,V,Dimer,0.5574,anc2l_V_unrelaxed_rank_013_alphafold2_model_2_seed_001.pdb
3475,V,Chemokine,0.70803,anc2l_V_unrelaxed_rank_014_alphafold2_model_3_seed_003.pdb
3476,V,Chemokine,0.70297,anc2l_V_unrelaxed_rank_015_alphafold2_model_4_seed_004.pdb
3477,V,Chemokine,0.69697,anc2l_V_unrelaxed_rank_016_alphafold2_model_4_seed_001.pdb
3478,V,Chemokine,0.72884,anc2l_V_unrelaxed_rank_017_alphafold2_model_4_seed_003.pdb
3479,V,Dimer,0.5616,anc2l_V_unrelaxed_rank_018_alphafold2_model_2_seed_000.pdb
3480,V,Chemokine,0.76691,anc2_V_unrelaxed_rank_001_alphafold2_model_3_seed_002.pdb
3481,V,Chemokine,0.76024,anc2_V_unrelaxed_rank_002_alphafold2_model_3_seed_004.pdb
3482,V,Chemokine,0.77065,anc2_V_unrelaxed_rank_003_alphafold2_model_3_seed_003.pdb
3483,V,Chemokine,0.81091,anc2_V_unrelaxed_rank_004_alphafold2_model_2_seed_002.pdb
3484,V,Chemokine,0.77086,anc2_V_unrelaxed_rank_005_alphafold2_model_3_seed_001.pdb
3485,V,Chemokine,0.76086,anc2_V_unrelaxed_rank_006_alphafold2_model_3_seed_000.pdb
3486,V,Chemokine,0.80691,anc2_V_unrelaxed_rank_007_alphafold2_model_2_seed_000.pdb
3487,V,Chemokine,0.7738,anc2_V_unrelaxed_rank_008_alphafold2_model_1_seed_002.pdb
3488,V,Chemokine,0.77256,anc2_V_unrelaxed_rank_009_alphafold2_model_1_seed_004.pdb
3489,V,Chemokine,0.77353,anc2_V_unrelaxed_rank_010_alphafold2_model_1_seed_000.pdb
3490,V,Chemokine,0.77206,anc2_V_unrelaxed_rank_011_alphafold2_model_1_seed_001.pdb
3491,V,Chemokine,0.76932,anc2_V_unrelaxed_rank_012_alphafold2_model_1_seed_003.pdb
3492,V,Chemokine,0.78951,anc2_V_unrelaxed_rank_013_alphafold2_model_2_seed_004.pdb
3493,V,Chemokine,0.78733,anc2_V_unrelaxed_rank_014_alphafold2_model_2_seed_003.pdb
3494,V,Chemokine,0.78343,anc2_V_unrelaxed_rank_015_alphafold2_model_2_seed_001.pdb
3495,V,Chemokine,0.78245,anc2_V_unrelaxed_rank_016_alphafold2_model_4_seed_002.pdb
3496,V,Chemokine,0.77896,anc2_V_unrelaxed_rank_017_alphafold2_model_4_seed_004.pdb
3497,V,Chemokine,0.77366,anc2_V_unrelaxed_rank_018_alphafold2_model_4_seed_003.pdb
3498,V,Chemokine,0.78182,anc2_V_unrelaxed_rank_019_alphafold2_model_4_seed_001.pdb
3499,V,Chemokine,0.77572,anc2_V_unrelaxed_rank_020_alphafold2_model_4_seed_000.pdb
3500,V,Chemokine,0.76825,anc2_V_unrelaxed_rank_021_alphafold2_model_5_seed_002.pdb
3501,V,Chemokine,0.7676,anc2_V_unrelaxed_rank_022_alphafold2_model_5_seed_004.pdb
3502,V,Chemokine,0.76806,anc2_V_unrelaxed_rank_023_alphafold2_model_5_seed_001.pdb
3503,V,Chemokine,0.76855,anc2_V_unrelaxed_rank_024_alphafold2_model_5_seed_000.pdb
3504,V,Chemokine,0.76866,anc2_V_unrelaxed_rank_025_alphafold2_model_5_seed_003.pdb
