,aa,fold,score,name
0,36,Chemokine,0.75361,anc0_36_A_unrelaxed_rank_001_alphafold2_model_2_seed_004.pdb
1,36,Chemokine,0.75412,anc0_36_A_unrelaxed_rank_002_alphafold2_model_2_seed_001.pdb
2,36,Chemokine,0.75415,anc0_36_A_unrelaxed_rank_003_alphafold2_model_2_seed_003.pdb
3,36,Chemokine,0.75445,anc0_36_A_unrelaxed_rank_004_alphafold2_model_2_seed_002.pdb
4,36,Chemokine,0.75427,anc0_36_A_unrelaxed_rank_005_alphafold2_model_2_seed_000.pdb
5,36,Chemokine,0.73835,anc0_36_A_unrelaxed_rank_006_alphafold2_model_3_seed_002.pdb
6,36,Chemokine,0.74507,anc0_36_A_unrelaxed_rank_007_alphafold2_model_3_seed_004.pdb
7,36,Chemokine,0.70524,anc0_36_A_unrelaxed_rank_008_alphafold2_model_3_seed_003.pdb
8,36,Chemokine,0.70183,anc0_36_A_unrelaxed_rank_009_alphafold2_model_3_seed_000.pdb
9,36,Chemokine,0.70191,anc0_36_A_unrelaxed_rank_010_alphafold2_model_3_seed_001.pdb
10,36,Chemokine,0.74345,anc0_36_A_unrelaxed_rank_011_alphafold2_model_4_seed_002.pdb
11,36,Chemokine,0.74256,anc0_36_A_unrelaxed_rank_012_alphafold2_model_4_seed_001.pdb
12,36,Chemokine,0.74327,anc0_36_A_unrelaxed_rank_013_alphafold2_model_4_seed_003.pdb
13,36,Chemokine,0.7431,anc0_36_A_unrelaxed_rank_014_alphafold2_model_4_seed_004.pdb
14,36,Chemokine,0.74373,anc0_36_A_unrelaxed_rank_015_alphafold2_model_4_seed_000.pdb
15,36,Chemokine,0.71964,anc0_36_A_unrelaxed_rank_016_alphafold2_model_1_seed_001.pdb
16,36,Chemokine,0.75198,anc0_36_A_unrelaxed_rank_017_alphafold2_model_5_seed_002.pdb
17,36,Chemokine,0.72277,anc0_36_A_unrelaxed_rank_018_alphafold2_model_1_seed_004.pdb
18,36,Chemokine,0.71932,anc0_36_A_unrelaxed_rank_019_alphafold2_model_1_seed_000.pdb
19,36,Chemokine,0.7209,anc0_36_A_unrelaxed_rank_020_alphafold2_model_1_seed_002.pdb
20,36,Chemokine,0.70228,anc0_36_A_unrelaxed_rank_021_alphafold2_model_5_seed_001.pdb
21,36,Chemokine,0.70404,anc0_36_A_unrelaxed_rank_022_alphafold2_model_5_seed_003.pdb
22,36,Chemokine,0.70378,anc0_36_A_unrelaxed_rank_023_alphafold2_model_5_seed_004.pdb
23,36,Chemokine,0.70436,anc0_36_A_unrelaxed_rank_024_alphafold2_model_5_seed_000.pdb
24,36,Chemokine,0.7512,anc0_36_G_unrelaxed_rank_001_alphafold2_model_2_seed_002.pdb
25,36,Chemokine,0.73745,anc0_36_G_unrelaxed_rank_002_alphafold2_model_3_seed_004.pdb
26,36,Chemokine,0.75156,anc0_36_G_unrelaxed_rank_003_alphafold2_model_2_seed_004.pdb
27,36,Chemokine,0.74924,anc0_36_G_unrelaxed_rank_004_alphafold2_model_2_seed_003.pdb
28,36,Chemokine,0.74856,anc0_36_G_unrelaxed_rank_005_alphafold2_model_2_seed_000.pdb
29,36,Chemokine,0.75143,anc0_36_G_unrelaxed_rank_006_alphafold2_model_2_seed_001.pdb
30,36,Chemokine,0.70941,anc0_36_G_unrelaxed_rank_007_alphafold2_model_3_seed_001.pdb
31,36,Chemokine,0.70417,anc0_36_G_unrelaxed_rank_008_alphafold2_model_3_seed_003.pdb
32,36,Chemokine,0.72004,anc0_36_G_unrelaxed_rank_009_alphafold2_model_3_seed_002.pdb
33,36,Chemokine,0.71322,anc0_36_G_unrelaxed_rank_010_alphafold2_model_3_seed_000.pdb
34,36,Chemokine,0.74128,anc0_36_G_unrelaxed_rank_011_alphafold2_model_4_seed_000.pdb
35,36,Chemokine,0.74144,anc0_36_G_unrelaxed_rank_012_alphafold2_model_4_seed_002.pdb
36,36,Chemokine,0.74066,anc0_36_G_unrelaxed_rank_013_alphafold2_model_4_seed_001.pdb
37,36,Chemokine,0.71925,anc0_36_G_unrelaxed_rank_014_alphafold2_model_1_seed_000.pdb
38,36,Chemokine,0.74098,anc0_36_G_unrelaxed_rank_015_alphafold2_model_4_seed_004.pdb
39,36,Chemokine,0.74213,anc0_36_G_unrelaxed_rank_016_alphafold2_model_4_seed_003.pdb
40,36,Chemokine,0.72099,anc0_36_G_unrelaxed_rank_017_alphafold2_model_1_seed_004.pdb
41,36,Chemokine,0.71863,anc0_36_G_unrelaxed_rank_018_alphafold2_model_1_seed_001.pdb
42,36,Chemokine,0.71895,anc0_36_G_unrelaxed_rank_019_alphafold2_model_1_seed_002.pdb
43,36,Chemokine,0.72003,anc0_36_G_unrelaxed_rank_020_alphafold2_model_1_seed_003.pdb
44,36,Chemokine,0.74236,anc0_36_G_unrelaxed_rank_021_alphafold2_model_5_seed_004.pdb
45,36,Chemokine,0.73803,anc0_36_G_unrelaxed_rank_022_alphafold2_model_5_seed_002.pdb
46,36,Chemokine,0.70122,anc0_36_G_unrelaxed_rank_023_alphafold2_model_5_seed_001.pdb
47,36,Chemokine,0.70251,anc0_36_G_unrelaxed_rank_024_alphafold2_model_5_seed_000.pdb
48,36,Chemokine,0.70187,anc0_36_G_unrelaxed_rank_025_alphafold2_model_5_seed_003.pdb
49,36,Chemokine,0.74367,anc0_36_I_unrelaxed_rank_001_alphafold2_model_3_seed_002.pdb
50,36,Chemokine,0.7436,anc0_36_I_unrelaxed_rank_002_alphafold2_model_3_seed_004.pdb
51,36,Chemokine,0.74382,anc0_36_I_unrelaxed_rank_003_alphafold2_model_3_seed_001.pdb
52,36,Chemokine,0.74777,anc0_36_I_unrelaxed_rank_004_alphafold2_model_3_seed_003.pdb
53,36,Chemokine,0.74452,anc0_36_I_unrelaxed_rank_005_alphafold2_model_1_seed_002.pdb
54,36,Chemokine,0.74425,anc0_36_I_unrelaxed_rank_006_alphafold2_model_4_seed_004.pdb
55,36,Chemokine,0.74514,anc0_36_I_unrelaxed_rank_007_alphafold2_model_4_seed_003.pdb
56,36,Chemokine,0.74442,anc0_36_I_unrelaxed_rank_008_alphafold2_model_4_seed_001.pdb
57,36,Chemokine,0.74687,anc0_36_I_unrelaxed_rank_009_alphafold2_model_4_seed_002.pdb
58,36,Chemokine,0.72951,anc0_36_I_unrelaxed_rank_010_alphafold2_model_1_seed_004.pdb
59,36,Chemokine,0.7436,anc0_36_I_unrelaxed_rank_011_alphafold2_model_4_seed_000.pdb
60,36,Chemokine,0.75033,anc0_36_I_unrelaxed_rank_012_alphafold2_model_2_seed_004.pdb
61,36,Chemokine,0.75101,anc0_36_I_unrelaxed_rank_013_alphafold2_model_5_seed_004.pdb
62,36,Chemokine,0.75224,anc0_36_I_unrelaxed_rank_014_alphafold2_model_5_seed_001.pdb
63,36,Chemokine,0.75071,anc0_36_I_unrelaxed_rank_015_alphafold2_model_5_seed_002.pdb
64,36,Chemokine,0.74379,anc0_36_I_unrelaxed_rank_016_alphafold2_model_2_seed_002.pdb
65,36,Chemokine,0.75395,anc0_36_I_unrelaxed_rank_017_alphafold2_model_5_seed_003.pdb
66,36,Chemokine,0.74318,anc0_36_I_unrelaxed_rank_018_alphafold2_model_2_seed_000.pdb
67,36,Chemokine,0.73497,anc0_36_I_unrelaxed_rank_019_alphafold2_model_5_seed_000.pdb
68,36,Chemokine,0.71597,anc0_36_I_unrelaxed_rank_020_alphafold2_model_1_seed_001.pdb
69,36,Chemokine,0.56363,anc0_36_I_unrelaxed_rank_021_alphafold2_model_1_seed_003.pdb
70,38,Chemokine,0.75361,anc0_38_I_unrelaxed_rank_001_alphafold2_model_2_seed_004.pdb
71,38,Chemokine,0.75412,anc0_38_I_unrelaxed_rank_002_alphafold2_model_2_seed_001.pdb
72,38,Chemokine,0.75415,anc0_38_I_unrelaxed_rank_003_alphafold2_model_2_seed_003.pdb
73,38,Chemokine,0.75445,anc0_38_I_unrelaxed_rank_004_alphafold2_model_2_seed_002.pdb
74,38,Chemokine,0.75427,anc0_38_I_unrelaxed_rank_005_alphafold2_model_2_seed_000.pdb
75,38,Chemokine,0.73835,anc0_38_I_unrelaxed_rank_006_alphafold2_model_3_seed_002.pdb
76,38,Chemokine,0.74507,anc0_38_I_unrelaxed_rank_007_alphafold2_model_3_seed_004.pdb
77,38,Chemokine,0.70524,anc0_38_I_unrelaxed_rank_008_alphafold2_model_3_seed_003.pdb
78,38,Chemokine,0.70183,anc0_38_I_unrelaxed_rank_009_alphafold2_model_3_seed_000.pdb
79,38,Chemokine,0.70191,anc0_38_I_unrelaxed_rank_010_alphafold2_model_3_seed_001.pdb
80,38,Chemokine,0.74345,anc0_38_I_unrelaxed_rank_011_alphafold2_model_4_seed_002.pdb
81,38,Chemokine,0.74256,anc0_38_I_unrelaxed_rank_012_alphafold2_model_4_seed_001.pdb
82,38,Chemokine,0.74327,anc0_38_I_unrelaxed_rank_013_alphafold2_model_4_seed_003.pdb
83,38,Chemokine,0.7431,anc0_38_I_unrelaxed_rank_014_alphafold2_model_4_seed_004.pdb
84,38,Chemokine,0.74373,anc0_38_I_unrelaxed_rank_015_alphafold2_model_4_seed_000.pdb
85,38,Chemokine,0.71964,anc0_38_I_unrelaxed_rank_016_alphafold2_model_1_seed_001.pdb
86,38,Chemokine,0.75198,anc0_38_I_unrelaxed_rank_017_alphafold2_model_5_seed_002.pdb
87,38,Chemokine,0.72277,anc0_38_I_unrelaxed_rank_018_alphafold2_model_1_seed_004.pdb
88,38,Chemokine,0.71932,anc0_38_I_unrelaxed_rank_019_alphafold2_model_1_seed_000.pdb
89,38,Chemokine,0.7209,anc0_38_I_unrelaxed_rank_020_alphafold2_model_1_seed_002.pdb
90,38,Chemokine,0.70228,anc0_38_I_unrelaxed_rank_021_alphafold2_model_5_seed_001.pdb
91,38,Chemokine,0.70404,anc0_38_I_unrelaxed_rank_022_alphafold2_model_5_seed_003.pdb
92,38,Chemokine,0.70378,anc0_38_I_unrelaxed_rank_023_alphafold2_model_5_seed_004.pdb
93,38,Chemokine,0.70436,anc0_38_I_unrelaxed_rank_024_alphafold2_model_5_seed_000.pdb
94,38,Chemokine,0.74717,anc0_38_L_unrelaxed_rank_001_alphafold2_model_3_seed_004.pdb
95,38,Chemokine,0.76254,anc0_38_L_unrelaxed_rank_002_alphafold2_model_2_seed_003.pdb
96,38,Chemokine,0.74727,anc0_38_L_unrelaxed_rank_003_alphafold2_model_3_seed_000.pdb
97,38,Chemokine,0.76359,anc0_38_L_unrelaxed_rank_004_alphafold2_model_2_seed_001.pdb
98,38,Chemokine,0.74521,anc0_38_L_unrelaxed_rank_005_alphafold2_model_3_seed_002.pdb
99,38,Chemokine,0.76346,anc0_38_L_unrelaxed_rank_006_alphafold2_model_2_seed_004.pdb
100,38,Chemokine,0.77267,anc0_38_L_unrelaxed_rank_007_alphafold2_model_2_seed_000.pdb
101,38,Chemokine,0.77101,anc0_38_L_unrelaxed_rank_008_alphafold2_model_2_seed_002.pdb
102,38,Chemokine,0.74569,anc0_38_L_unrelaxed_rank_009_alphafold2_model_3_seed_001.pdb
103,38,Chemokine,0.74486,anc0_38_L_unrelaxed_rank_010_alphafold2_model_3_seed_003.pdb
104,38,Chemokine,0.75397,anc0_38_L_unrelaxed_rank_011_alphafold2_model_1_seed_004.pdb
105,38,Chemokine,0.75388,anc0_38_L_unrelaxed_rank_012_alphafold2_model_1_seed_001.pdb
106,38,Chemokine,0.7534,anc0_38_L_unrelaxed_rank_013_alphafold2_model_1_seed_002.pdb
107,38,Chemokine,0.75359,anc0_38_L_unrelaxed_rank_014_alphafold2_model_1_seed_000.pdb
108,38,Chemokine,0.75241,anc0_38_L_unrelaxed_rank_015_alphafold2_model_1_seed_003.pdb
109,38,Chemokine,0.75062,anc0_38_L_unrelaxed_rank_016_alphafold2_model_4_seed_004.pdb
110,38,Chemokine,0.75003,anc0_38_L_unrelaxed_rank_017_alphafold2_model_4_seed_001.pdb
111,38,Chemokine,0.75151,anc0_38_L_unrelaxed_rank_018_alphafold2_model_4_seed_002.pdb
112,38,Chemokine,0.75018,anc0_38_L_unrelaxed_rank_019_alphafold2_model_4_seed_000.pdb
113,38,Chemokine,0.7533,anc0_38_L_unrelaxed_rank_020_alphafold2_model_4_seed_003.pdb
114,38,Chemokine,0.75129,anc0_38_L_unrelaxed_rank_021_alphafold2_model_5_seed_003.pdb
115,38,Chemokine,0.75089,anc0_38_L_unrelaxed_rank_022_alphafold2_model_5_seed_001.pdb
116,38,Chemokine,0.75204,anc0_38_L_unrelaxed_rank_023_alphafold2_model_5_seed_004.pdb
117,38,Chemokine,0.75093,anc0_38_L_unrelaxed_rank_024_alphafold2_model_5_seed_002.pdb
118,38,Chemokine,0.7498,anc0_38_L_unrelaxed_rank_025_alphafold2_model_5_seed_000.pdb
119,38,Chemokine,0.74363,anc0_38_V_unrelaxed_rank_001_alphafold2_model_3_seed_002.pdb
120,38,Chemokine,0.74642,anc0_38_V_unrelaxed_rank_002_alphafold2_model_3_seed_004.pdb
121,38,Chemokine,0.75884,anc0_38_V_unrelaxed_rank_003_alphafold2_model_2_seed_003.pdb
122,38,Chemokine,0.75872,anc0_38_V_unrelaxed_rank_004_alphafold2_model_2_seed_001.pdb
123,38,Chemokine,0.76113,anc0_38_V_unrelaxed_rank_005_alphafold2_model_2_seed_004.pdb
124,38,Chemokine,0.75928,anc0_38_V_unrelaxed_rank_006_alphafold2_model_2_seed_002.pdb
125,38,Chemokine,0.76217,anc0_38_V_unrelaxed_rank_007_alphafold2_model_2_seed_000.pdb
126,38,Chemokine,0.72137,anc0_38_V_unrelaxed_rank_008_alphafold2_model_3_seed_000.pdb
127,38,Chemokine,0.71841,anc0_38_V_unrelaxed_rank_009_alphafold2_model_3_seed_001.pdb
128,38,Chemokine,0.75086,anc0_38_V_unrelaxed_rank_010_alphafold2_model_1_seed_003.pdb
129,38,Chemokine,0.72142,anc0_38_V_unrelaxed_rank_011_alphafold2_model_3_seed_003.pdb
130,38,Chemokine,0.74979,anc0_38_V_unrelaxed_rank_012_alphafold2_model_1_seed_004.pdb
131,38,Chemokine,0.7502,anc0_38_V_unrelaxed_rank_013_alphafold2_model_4_seed_004.pdb
132,38,Chemokine,0.74823,anc0_38_V_unrelaxed_rank_014_alphafold2_model_4_seed_000.pdb
133,38,Chemokine,0.74684,anc0_38_V_unrelaxed_rank_015_alphafold2_model_4_seed_001.pdb
134,38,Chemokine,0.74885,anc0_38_V_unrelaxed_rank_016_alphafold2_model_4_seed_002.pdb
135,38,Chemokine,0.74848,anc0_38_V_unrelaxed_rank_017_alphafold2_model_4_seed_003.pdb
136,38,Chemokine,0.7553,anc0_38_V_unrelaxed_rank_018_alphafold2_model_5_seed_002.pdb
137,38,Chemokine,0.72324,anc0_38_V_unrelaxed_rank_019_alphafold2_model_1_seed_001.pdb
138,38,Chemokine,0.72195,anc0_38_V_unrelaxed_rank_020_alphafold2_model_1_seed_000.pdb
139,38,Chemokine,0.72238,anc0_38_V_unrelaxed_rank_021_alphafold2_model_1_seed_002.pdb
140,38,Chemokine,0.7072,anc0_38_V_unrelaxed_rank_022_alphafold2_model_5_seed_003.pdb
141,38,Chemokine,0.70972,anc0_38_V_unrelaxed_rank_023_alphafold2_model_5_seed_001.pdb
142,38,Chemokine,0.70698,anc0_38_V_unrelaxed_rank_024_alphafold2_model_5_seed_000.pdb
143,38,Chemokine,0.70756,anc0_38_V_unrelaxed_rank_025_alphafold2_model_5_seed_004.pdb
144,40,Chemokine,0.72669,anc0_40_G_unrelaxed_rank_001_alphafold2_model_3_seed_003.pdb
145,40,Chemokine,0.7226,anc0_40_G_unrelaxed_rank_002_alphafold2_model_3_seed_000.pdb
146,40,Chemokine,0.7164,anc0_40_G_unrelaxed_rank_003_alphafold2_model_3_seed_002.pdb
147,40,Chemokine,0.71673,anc0_40_G_unrelaxed_rank_004_alphafold2_model_3_seed_001.pdb
148,40,Chemokine,0.71717,anc0_40_G_unrelaxed_rank_005_alphafold2_model_3_seed_004.pdb
149,40,Chemokine,0.74905,anc0_40_G_unrelaxed_rank_006_alphafold2_model_1_seed_000.pdb
150,40,Chemokine,0.74552,anc0_40_G_unrelaxed_rank_007_alphafold2_model_4_seed_001.pdb
151,40,Chemokine,0.74522,anc0_40_G_unrelaxed_rank_008_alphafold2_model_4_seed_004.pdb
152,40,Chemokine,0.7464,anc0_40_G_unrelaxed_rank_009_alphafold2_model_4_seed_003.pdb
153,40,Chemokine,0.74474,anc0_40_G_unrelaxed_rank_010_alphafold2_model_4_seed_000.pdb
154,40,Chemokine,0.74322,anc0_40_G_unrelaxed_rank_011_alphafold2_model_4_seed_002.pdb
155,40,Chemokine,0.72269,anc0_40_G_unrelaxed_rank_012_alphafold2_model_1_seed_004.pdb
156,40,Chemokine,0.72359,anc0_40_G_unrelaxed_rank_013_alphafold2_model_1_seed_001.pdb
157,40,Chemokine,0.72268,anc0_40_G_unrelaxed_rank_014_alphafold2_model_1_seed_002.pdb
158,40,Chemokine,0.72008,anc0_40_G_unrelaxed_rank_015_alphafold2_model_1_seed_003.pdb
159,40,Dimer,0.52724,anc0_40_G_unrelaxed_rank_016_alphafold2_model_2_seed_003.pdb
160,40,Dimer,0.53092,anc0_40_G_unrelaxed_rank_017_alphafold2_model_2_seed_001.pdb
161,40,Dimer,0.52537,anc0_40_G_unrelaxed_rank_018_alphafold2_model_2_seed_004.pdb
162,40,Chemokine,0.67633,anc0_40_G_unrelaxed_rank_019_alphafold2_model_5_seed_002.pdb
163,40,Chemokine,0.67481,anc0_40_G_unrelaxed_rank_020_alphafold2_model_5_seed_000.pdb
164,40,Chemokine,0.67378,anc0_40_G_unrelaxed_rank_021_alphafold2_model_5_seed_004.pdb
165,40,Chemokine,0.66928,anc0_40_G_unrelaxed_rank_022_alphafold2_model_5_seed_001.pdb
166,40,Chemokine,0.66348,anc0_40_G_unrelaxed_rank_023_alphafold2_model_5_seed_003.pdb
167,40,Chemokine,0.75471,anc0_40_I_unrelaxed_rank_001_alphafold2_model_2_seed_004.pdb
168,40,Chemokine,0.75491,anc0_40_I_unrelaxed_rank_002_alphafold2_model_2_seed_003.pdb
169,40,Chemokine,0.75549,anc0_40_I_unrelaxed_rank_003_alphafold2_model_2_seed_001.pdb
170,40,Chemokine,0.75497,anc0_40_I_unrelaxed_rank_004_alphafold2_model_2_seed_002.pdb
171,40,Chemokine,0.75696,anc0_40_I_unrelaxed_rank_005_alphafold2_model_2_seed_000.pdb
172,40,Chemokine,0.71183,anc0_40_I_unrelaxed_rank_006_alphafold2_model_3_seed_004.pdb
173,40,Chemokine,0.74664,anc0_40_I_unrelaxed_rank_007_alphafold2_model_1_seed_004.pdb
174,40,Chemokine,0.74835,anc0_40_I_unrelaxed_rank_008_alphafold2_model_1_seed_003.pdb
175,40,Chemokine,0.71534,anc0_40_I_unrelaxed_rank_009_alphafold2_model_3_seed_001.pdb
176,40,Chemokine,0.74777,anc0_40_I_unrelaxed_rank_010_alphafold2_model_1_seed_002.pdb
177,40,Chemokine,0.74643,anc0_40_I_unrelaxed_rank_011_alphafold2_model_1_seed_000.pdb
178,40,Chemokine,0.71292,anc0_40_I_unrelaxed_rank_012_alphafold2_model_3_seed_003.pdb
179,40,Chemokine,0.74716,anc0_40_I_unrelaxed_rank_013_alphafold2_model_1_seed_001.pdb
180,40,Chemokine,0.70812,anc0_40_I_unrelaxed_rank_014_alphafold2_model_3_seed_002.pdb
181,40,Chemokine,0.70117,anc0_40_I_unrelaxed_rank_015_alphafold2_model_3_seed_000.pdb
182,40,Chemokine,0.74306,anc0_40_I_unrelaxed_rank_016_alphafold2_model_4_seed_004.pdb
183,40,Chemokine,0.74352,anc0_40_I_unrelaxed_rank_017_alphafold2_model_4_seed_002.pdb
184,40,Chemokine,0.74257,anc0_40_I_unrelaxed_rank_018_alphafold2_model_4_seed_003.pdb
185,40,Chemokine,0.74278,anc0_40_I_unrelaxed_rank_019_alphafold2_model_4_seed_001.pdb
186,40,Chemokine,0.75208,anc0_40_I_unrelaxed_rank_020_alphafold2_model_5_seed_003.pdb
187,40,Chemokine,0.75112,anc0_40_I_unrelaxed_rank_021_alphafold2_model_5_seed_004.pdb
188,40,Chemokine,0.74348,anc0_40_I_unrelaxed_rank_022_alphafold2_model_5_seed_002.pdb
189,40,Chemokine,0.74344,anc0_40_I_unrelaxed_rank_023_alphafold2_model_5_seed_000.pdb
190,40,Chemokine,0.74704,anc0_40_I_unrelaxed_rank_024_alphafold2_model_4_seed_000.pdb
191,40,Chemokine,0.7357,anc0_40_I_unrelaxed_rank_025_alphafold2_model_5_seed_001.pdb
192,40,Chemokine,0.75656,anc0_40_V_unrelaxed_rank_001_alphafold2_model_2_seed_004.pdb
193,40,Chemokine,0.75694,anc0_40_V_unrelaxed_rank_002_alphafold2_model_2_seed_002.pdb
194,40,Chemokine,0.75692,anc0_40_V_unrelaxed_rank_003_alphafold2_model_2_seed_001.pdb
195,40,Chemokine,0.74171,anc0_40_V_unrelaxed_rank_004_alphafold2_model_3_seed_004.pdb
196,40,Chemokine,0.75641,anc0_40_V_unrelaxed_rank_005_alphafold2_model_2_seed_000.pdb
197,40,Chemokine,0.75703,anc0_40_V_unrelaxed_rank_006_alphafold2_model_2_seed_003.pdb
198,40,Chemokine,0.74537,anc0_40_V_unrelaxed_rank_007_alphafold2_model_3_seed_001.pdb
199,40,Chemokine,0.74867,anc0_40_V_unrelaxed_rank_008_alphafold2_model_1_seed_004.pdb
200,40,Chemokine,0.71277,anc0_40_V_unrelaxed_rank_009_alphafold2_model_3_seed_003.pdb
201,40,Chemokine,0.7478,anc0_40_V_unrelaxed_rank_010_alphafold2_model_1_seed_000.pdb
202,40,Chemokine,0.74808,anc0_40_V_unrelaxed_rank_011_alphafold2_model_1_seed_002.pdb
203,40,Chemokine,0.71139,anc0_40_V_unrelaxed_rank_012_alphafold2_model_3_seed_002.pdb
204,40,Chemokine,0.75277,anc0_40_V_unrelaxed_rank_013_alphafold2_model_1_seed_003.pdb
205,40,Chemokine,0.70744,anc0_40_V_unrelaxed_rank_014_alphafold2_model_3_seed_000.pdb
206,40,Chemokine,0.7449,anc0_40_V_unrelaxed_rank_015_alphafold2_model_4_seed_002.pdb
207,40,Chemokine,0.74686,anc0_40_V_unrelaxed_rank_016_alphafold2_model_4_seed_000.pdb
208,40,Chemokine,0.74388,anc0_40_V_unrelaxed_rank_017_alphafold2_model_4_seed_001.pdb
209,40,Chemokine,0.74458,anc0_40_V_unrelaxed_rank_018_alphafold2_model_4_seed_004.pdb
210,40,Chemokine,0.74615,anc0_40_V_unrelaxed_rank_019_alphafold2_model_4_seed_003.pdb
211,40,Chemokine,0.72897,anc0_40_V_unrelaxed_rank_020_alphafold2_model_1_seed_001.pdb
212,40,Chemokine,0.73475,anc0_40_V_unrelaxed_rank_021_alphafold2_model_5_seed_001.pdb
213,40,Chemokine,0.75005,anc0_40_V_unrelaxed_rank_022_alphafold2_model_5_seed_002.pdb
214,40,Chemokine,0.74832,anc0_40_V_unrelaxed_rank_023_alphafold2_model_5_seed_004.pdb
215,40,Chemokine,0.75158,anc0_40_V_unrelaxed_rank_024_alphafold2_model_5_seed_003.pdb
216,40,Chemokine,0.74158,anc0_40_V_unrelaxed_rank_025_alphafold2_model_5_seed_000.pdb
217,45,Chemokine,0.72113,anc0_45_I_unrelaxed_rank_001_alphafold2_model_1_seed_002.pdb
218,45,Dimer,0.54178,anc0_45_I_unrelaxed_rank_002_alphafold2_model_2_seed_003.pdb
219,45,Dimer,0.54533,anc0_45_I_unrelaxed_rank_003_alphafold2_model_2_seed_000.pdb
220,45,Dimer,0.54842,anc0_45_I_unrelaxed_rank_004_alphafold2_model_2_seed_002.pdb
221,45,Dimer,0.58116,anc0_45_I_unrelaxed_rank_005_alphafold2_model_3_seed_004.pdb
222,45,Dimer,0.54503,anc0_45_I_unrelaxed_rank_006_alphafold2_model_2_seed_004.pdb
223,45,Dimer,0.55108,anc0_45_I_unrelaxed_rank_007_alphafold2_model_2_seed_001.pdb
224,45,Dimer,0.58385,anc0_45_I_unrelaxed_rank_008_alphafold2_model_3_seed_002.pdb
225,45,Chemokine,0.66139,anc0_45_I_unrelaxed_rank_009_alphafold2_model_4_seed_003.pdb
226,45,Chemokine,0.66078,anc0_45_I_unrelaxed_rank_010_alphafold2_model_4_seed_004.pdb
227,45,Chemokine,0.65873,anc0_45_I_unrelaxed_rank_011_alphafold2_model_4_seed_000.pdb
228,45,Chemokine,0.65694,anc0_45_I_unrelaxed_rank_012_alphafold2_model_4_seed_001.pdb
229,45,Chemokine,0.65914,anc0_45_I_unrelaxed_rank_013_alphafold2_model_5_seed_001.pdb
230,45,Chemokine,0.66481,anc0_45_I_unrelaxed_rank_014_alphafold2_model_5_seed_000.pdb
231,45,Dimer,0.59142,anc0_45_I_unrelaxed_rank_015_alphafold2_model_5_seed_004.pdb
232,45,Chemokine,0.74568,anc0_45_L_unrelaxed_rank_001_alphafold2_model_3_seed_002.pdb
233,45,Chemokine,0.74495,anc0_45_L_unrelaxed_rank_002_alphafold2_model_3_seed_004.pdb
234,45,Chemokine,0.72117,anc0_45_L_unrelaxed_rank_003_alphafold2_model_1_seed_001.pdb
235,45,Chemokine,0.7248,anc0_45_L_unrelaxed_rank_004_alphafold2_model_1_seed_002.pdb
236,45,Chemokine,0.72262,anc0_45_L_unrelaxed_rank_005_alphafold2_model_1_seed_004.pdb
237,45,Dimer,0.54454,anc0_45_L_unrelaxed_rank_006_alphafold2_model_3_seed_000.pdb
238,45,Dimer,0.54264,anc0_45_L_unrelaxed_rank_007_alphafold2_model_3_seed_003.pdb
239,45,Dimer,0.5478,anc0_45_L_unrelaxed_rank_008_alphafold2_model_3_seed_001.pdb
240,45,Chemokine,0.66207,anc0_45_L_unrelaxed_rank_009_alphafold2_model_4_seed_003.pdb
241,45,Chemokine,0.66119,anc0_45_L_unrelaxed_rank_010_alphafold2_model_4_seed_004.pdb
242,45,Chemokine,0.66212,anc0_45_L_unrelaxed_rank_011_alphafold2_model_4_seed_000.pdb
243,45,Chemokine,0.661,anc0_45_L_unrelaxed_rank_012_alphafold2_model_4_seed_002.pdb
244,45,Chemokine,0.65517,anc0_45_L_unrelaxed_rank_013_alphafold2_model_4_seed_001.pdb
245,45,Chemokine,0.66683,anc0_45_L_unrelaxed_rank_014_alphafold2_model_5_seed_002.pdb
246,45,Chemokine,0.65573,anc0_45_L_unrelaxed_rank_015_alphafold2_model_5_seed_004.pdb
247,45,Chemokine,0.65724,anc0_45_L_unrelaxed_rank_016_alphafold2_model_5_seed_000.pdb
248,45,Chemokine,0.65312,anc0_45_L_unrelaxed_rank_017_alphafold2_model_5_seed_001.pdb
249,45,Chemokine,0.59935,anc0_45_L_unrelaxed_rank_018_alphafold2_model_5_seed_003.pdb
250,45,Chemokine,0.56878,anc0_45_L_unrelaxed_rank_019_alphafold2_model_1_seed_000.pdb
251,45,Chemokine,0.72174,anc0_45_V_unrelaxed_rank_001_alphafold2_model_1_seed_002.pdb
252,45,Chemokine,0.72017,anc0_45_V_unrelaxed_rank_002_alphafold2_model_1_seed_001.pdb
253,45,Dimer,0.58187,anc0_45_V_unrelaxed_rank_003_alphafold2_model_3_seed_002.pdb
254,45,Dimer,0.58191,anc0_45_V_unrelaxed_rank_004_alphafold2_model_3_seed_004.pdb
255,45,Chemokine,0.6537,anc0_45_V_unrelaxed_rank_005_alphafold2_model_4_seed_002.pdb
256,45,Chemokine,0.65192,anc0_45_V_unrelaxed_rank_006_alphafold2_model_4_seed_003.pdb
257,45,Chemokine,0.65091,anc0_45_V_unrelaxed_rank_007_alphafold2_model_4_seed_004.pdb
258,45,Chemokine,0.65291,anc0_45_V_unrelaxed_rank_008_alphafold2_model_4_seed_000.pdb
259,45,Chemokine,0.64542,anc0_45_V_unrelaxed_rank_009_alphafold2_model_4_seed_001.pdb
260,45,Chemokine,0.64178,anc0_45_V_unrelaxed_rank_010_alphafold2_model_1_seed_004.pdb
261,45,Chemokine,0.65403,anc0_45_V_unrelaxed_rank_011_alphafold2_model_5_seed_001.pdb
262,45,Chemokine,0.6625,anc0_45_V_unrelaxed_rank_012_alphafold2_model_5_seed_002.pdb
263,45,Dimer,0.56743,anc0_45_V_unrelaxed_rank_013_alphafold2_model_3_seed_003.pdb
264,45,Chemokine,0.59882,anc0_45_V_unrelaxed_rank_014_alphafold2_model_5_seed_000.pdb
265,47,Chemokine,0.75361,anc0_47_I_unrelaxed_rank_001_alphafold2_model_2_seed_004.pdb
266,47,Chemokine,0.75412,anc0_47_I_unrelaxed_rank_002_alphafold2_model_2_seed_001.pdb
267,47,Chemokine,0.75415,anc0_47_I_unrelaxed_rank_003_alphafold2_model_2_seed_003.pdb
268,47,Chemokine,0.75445,anc0_47_I_unrelaxed_rank_004_alphafold2_model_2_seed_002.pdb
269,47,Chemokine,0.75427,anc0_47_I_unrelaxed_rank_005_alphafold2_model_2_seed_000.pdb
270,47,Chemokine,0.73835,anc0_47_I_unrelaxed_rank_006_alphafold2_model_3_seed_002.pdb
271,47,Chemokine,0.74507,anc0_47_I_unrelaxed_rank_007_alphafold2_model_3_seed_004.pdb
272,47,Chemokine,0.70524,anc0_47_I_unrelaxed_rank_008_alphafold2_model_3_seed_003.pdb
273,47,Chemokine,0.70183,anc0_47_I_unrelaxed_rank_009_alphafold2_model_3_seed_000.pdb
274,47,Chemokine,0.70191,anc0_47_I_unrelaxed_rank_010_alphafold2_model_3_seed_001.pdb
275,47,Chemokine,0.74345,anc0_47_I_unrelaxed_rank_011_alphafold2_model_4_seed_002.pdb
276,47,Chemokine,0.74256,anc0_47_I_unrelaxed_rank_012_alphafold2_model_4_seed_001.pdb
277,47,Chemokine,0.74327,anc0_47_I_unrelaxed_rank_013_alphafold2_model_4_seed_003.pdb
278,47,Chemokine,0.7431,anc0_47_I_unrelaxed_rank_014_alphafold2_model_4_seed_004.pdb
279,47,Chemokine,0.74373,anc0_47_I_unrelaxed_rank_015_alphafold2_model_4_seed_000.pdb
280,47,Chemokine,0.71964,anc0_47_I_unrelaxed_rank_016_alphafold2_model_1_seed_001.pdb
281,47,Chemokine,0.75198,anc0_47_I_unrelaxed_rank_017_alphafold2_model_5_seed_002.pdb
282,47,Chemokine,0.72277,anc0_47_I_unrelaxed_rank_018_alphafold2_model_1_seed_004.pdb
283,47,Chemokine,0.71932,anc0_47_I_unrelaxed_rank_019_alphafold2_model_1_seed_000.pdb
284,47,Chemokine,0.7209,anc0_47_I_unrelaxed_rank_020_alphafold2_model_1_seed_002.pdb
285,47,Chemokine,0.70228,anc0_47_I_unrelaxed_rank_021_alphafold2_model_5_seed_001.pdb
286,47,Chemokine,0.70404,anc0_47_I_unrelaxed_rank_022_alphafold2_model_5_seed_003.pdb
287,47,Chemokine,0.70378,anc0_47_I_unrelaxed_rank_023_alphafold2_model_5_seed_004.pdb
288,47,Chemokine,0.70436,anc0_47_I_unrelaxed_rank_024_alphafold2_model_5_seed_000.pdb
289,47,Chemokine,0.75229,anc0_47_L_unrelaxed_rank_001_alphafold2_model_2_seed_004.pdb
290,47,Chemokine,0.75319,anc0_47_L_unrelaxed_rank_002_alphafold2_model_2_seed_002.pdb
291,47,Chemokine,0.75183,anc0_47_L_unrelaxed_rank_003_alphafold2_model_2_seed_000.pdb
292,47,Chemokine,0.71282,anc0_47_L_unrelaxed_rank_004_alphafold2_model_3_seed_000.pdb
293,47,Chemokine,0.71031,anc0_47_L_unrelaxed_rank_005_alphafold2_model_3_seed_003.pdb
294,47,Chemokine,0.75278,anc0_47_L_unrelaxed_rank_006_alphafold2_model_2_seed_003.pdb
295,47,Chemokine,0.7041,anc0_47_L_unrelaxed_rank_007_alphafold2_model_3_seed_001.pdb
296,47,Chemokine,0.73737,anc0_47_L_unrelaxed_rank_008_alphafold2_model_4_seed_001.pdb
297,47,Chemokine,0.7383,anc0_47_L_unrelaxed_rank_009_alphafold2_model_4_seed_000.pdb
298,47,Chemokine,0.70719,anc0_47_L_unrelaxed_rank_010_alphafold2_model_3_seed_002.pdb
299,47,Chemokine,0.73936,anc0_47_L_unrelaxed_rank_011_alphafold2_model_4_seed_002.pdb
300,47,Chemokine,0.70945,anc0_47_L_unrelaxed_rank_012_alphafold2_model_3_seed_004.pdb
301,47,Chemokine,0.73762,anc0_47_L_unrelaxed_rank_013_alphafold2_model_4_seed_004.pdb
302,47,Chemokine,0.73773,anc0_47_L_unrelaxed_rank_014_alphafold2_model_4_seed_003.pdb
303,47,Chemokine,0.71346,anc0_47_L_unrelaxed_rank_015_alphafold2_model_1_seed_001.pdb
304,47,Chemokine,0.72526,anc0_47_L_unrelaxed_rank_016_alphafold2_model_2_seed_001.pdb
305,47,Chemokine,0.71684,anc0_47_L_unrelaxed_rank_017_alphafold2_model_1_seed_004.pdb
306,47,Chemokine,0.71784,anc0_47_L_unrelaxed_rank_018_alphafold2_model_1_seed_003.pdb
307,47,Chemokine,0.71575,anc0_47_L_unrelaxed_rank_019_alphafold2_model_1_seed_000.pdb
308,47,Chemokine,0.71527,anc0_47_L_unrelaxed_rank_020_alphafold2_model_1_seed_002.pdb
309,47,Chemokine,0.70648,anc0_47_L_unrelaxed_rank_021_alphafold2_model_5_seed_004.pdb
310,47,Chemokine,0.69383,anc0_47_L_unrelaxed_rank_022_alphafold2_model_5_seed_001.pdb
311,47,Chemokine,0.70567,anc0_47_L_unrelaxed_rank_023_alphafold2_model_5_seed_000.pdb
312,47,Chemokine,0.70201,anc0_47_L_unrelaxed_rank_024_alphafold2_model_5_seed_003.pdb
313,47,Chemokine,0.70069,anc0_47_L_unrelaxed_rank_025_alphafold2_model_5_seed_002.pdb
314,47,Chemokine,0.74637,anc0_47_M_unrelaxed_rank_001_alphafold2_model_3_seed_004.pdb
315,47,Chemokine,0.74771,anc0_47_M_unrelaxed_rank_002_alphafold2_model_3_seed_002.pdb
316,47,Chemokine,0.74853,anc0_47_M_unrelaxed_rank_003_alphafold2_model_3_seed_003.pdb
317,47,Chemokine,0.74774,anc0_47_M_unrelaxed_rank_004_alphafold2_model_3_seed_001.pdb
318,47,Chemokine,0.76055,anc0_47_M_unrelaxed_rank_005_alphafold2_model_2_seed_004.pdb
319,47,Chemokine,0.76044,anc0_47_M_unrelaxed_rank_006_alphafold2_model_2_seed_001.pdb
320,47,Chemokine,0.76139,anc0_47_M_unrelaxed_rank_007_alphafold2_model_2_seed_002.pdb
321,47,Chemokine,0.76699,anc0_47_M_unrelaxed_rank_008_alphafold2_model_2_seed_000.pdb
322,47,Chemokine,0.72235,anc0_47_M_unrelaxed_rank_009_alphafold2_model_3_seed_000.pdb
323,47,Chemokine,0.75867,anc0_47_M_unrelaxed_rank_010_alphafold2_model_2_seed_003.pdb
324,47,Chemokine,0.74957,anc0_47_M_unrelaxed_rank_011_alphafold2_model_1_seed_004.pdb
325,47,Chemokine,0.74927,anc0_47_M_unrelaxed_rank_012_alphafold2_model_1_seed_002.pdb
326,47,Chemokine,0.74732,anc0_47_M_unrelaxed_rank_013_alphafold2_model_4_seed_001.pdb
327,47,Chemokine,0.74764,anc0_47_M_unrelaxed_rank_014_alphafold2_model_4_seed_000.pdb
328,47,Chemokine,0.7481,anc0_47_M_unrelaxed_rank_015_alphafold2_model_4_seed_004.pdb
329,47,Chemokine,0.74819,anc0_47_M_unrelaxed_rank_016_alphafold2_model_4_seed_003.pdb
330,47,Chemokine,0.74797,anc0_47_M_unrelaxed_rank_017_alphafold2_model_4_seed_002.pdb
331,47,Chemokine,0.74607,anc0_47_M_unrelaxed_rank_018_alphafold2_model_1_seed_001.pdb
332,47,Chemokine,0.74411,anc0_47_M_unrelaxed_rank_019_alphafold2_model_1_seed_000.pdb
333,47,Chemokine,0.72697,anc0_47_M_unrelaxed_rank_020_alphafold2_model_5_seed_003.pdb
334,47,Chemokine,0.7386,anc0_47_M_unrelaxed_rank_021_alphafold2_model_5_seed_000.pdb
335,47,Chemokine,0.75021,anc0_47_M_unrelaxed_rank_022_alphafold2_model_5_seed_002.pdb
336,47,Chemokine,0.74084,anc0_47_M_unrelaxed_rank_023_alphafold2_model_5_seed_004.pdb
337,47,Chemokine,0.72328,anc0_47_M_unrelaxed_rank_024_alphafold2_model_5_seed_001.pdb
338,47,Chemokine,0.65556,anc0_47_M_unrelaxed_rank_025_alphafold2_model_1_seed_003.pdb
339,I,Chemokine,0.74921,anc0_I_unrelaxed_rank_001_alphafold2_model_3_seed_002.pdb
340,I,Chemokine,0.74847,anc0_I_unrelaxed_rank_002_alphafold2_model_3_seed_004.pdb
341,I,Chemokine,0.74763,anc0_I_unrelaxed_rank_003_alphafold2_model_3_seed_003.pdb
342,I,Chemokine,0.75915,anc0_I_unrelaxed_rank_004_alphafold2_model_2_seed_004.pdb
343,I,Chemokine,0.75914,anc0_I_unrelaxed_rank_005_alphafold2_model_2_seed_001.pdb
344,I,Chemokine,0.75879,anc0_I_unrelaxed_rank_006_alphafold2_model_2_seed_002.pdb
345,I,Chemokine,0.75839,anc0_I_unrelaxed_rank_007_alphafold2_model_2_seed_003.pdb
346,I,Chemokine,0.76584,anc0_I_unrelaxed_rank_008_alphafold2_model_2_seed_000.pdb
347,I,Chemokine,0.74968,anc0_I_unrelaxed_rank_009_alphafold2_model_3_seed_000.pdb
348,I,Chemokine,0.74608,anc0_I_unrelaxed_rank_010_alphafold2_model_3_seed_001.pdb
349,I,Chemokine,0.75071,anc0_I_unrelaxed_rank_011_alphafold2_model_1_seed_001.pdb
350,I,Chemokine,0.75099,anc0_I_unrelaxed_rank_012_alphafold2_model_1_seed_000.pdb
351,I,Chemokine,0.75008,anc0_I_unrelaxed_rank_013_alphafold2_model_1_seed_004.pdb
352,I,Chemokine,0.75133,anc0_I_unrelaxed_rank_014_alphafold2_model_1_seed_002.pdb
353,I,Chemokine,0.7456,anc0_I_unrelaxed_rank_015_alphafold2_model_4_seed_001.pdb
354,I,Chemokine,0.74566,anc0_I_unrelaxed_rank_016_alphafold2_model_4_seed_002.pdb
355,I,Chemokine,0.74582,anc0_I_unrelaxed_rank_017_alphafold2_model_4_seed_004.pdb
356,I,Chemokine,0.74647,anc0_I_unrelaxed_rank_018_alphafold2_model_4_seed_003.pdb
357,I,Chemokine,0.74573,anc0_I_unrelaxed_rank_019_alphafold2_model_4_seed_000.pdb
358,I,Chemokine,0.70148,anc0_I_unrelaxed_rank_020_alphafold2_model_5_seed_001.pdb
359,I,Chemokine,0.70591,anc0_I_unrelaxed_rank_021_alphafold2_model_5_seed_003.pdb
360,I,Chemokine,0.70367,anc0_I_unrelaxed_rank_022_alphafold2_model_5_seed_000.pdb
361,I,Chemokine,0.70483,anc0_I_unrelaxed_rank_023_alphafold2_model_5_seed_004.pdb
362,I,Chemokine,0.70733,anc0_I_unrelaxed_rank_024_alphafold2_model_5_seed_002.pdb
363,L,Chemokine,0.76937,anc0_L_unrelaxed_rank_001_alphafold2_model_2_seed_004.pdb
364,L,Chemokine,0.76413,anc0_L_unrelaxed_rank_002_alphafold2_model_2_seed_001.pdb
365,L,Chemokine,0.76657,anc0_L_unrelaxed_rank_003_alphafold2_model_2_seed_002.pdb
366,L,Chemokine,0.76632,anc0_L_unrelaxed_rank_004_alphafold2_model_2_seed_003.pdb
367,L,Chemokine,0.76499,anc0_L_unrelaxed_rank_005_alphafold2_model_2_seed_000.pdb
368,L,Chemokine,0.71707,anc0_L_unrelaxed_rank_006_alphafold2_model_3_seed_002.pdb
369,L,Chemokine,0.71622,anc0_L_unrelaxed_rank_007_alphafold2_model_3_seed_000.pdb
370,L,Chemokine,0.7164,anc0_L_unrelaxed_rank_008_alphafold2_model_3_seed_003.pdb
371,L,Chemokine,0.70741,anc0_L_unrelaxed_rank_009_alphafold2_model_3_seed_004.pdb
372,L,Chemokine,0.70753,anc0_L_unrelaxed_rank_010_alphafold2_model_3_seed_001.pdb
373,L,Chemokine,0.74787,anc0_L_unrelaxed_rank_011_alphafold2_model_4_seed_000.pdb
374,L,Chemokine,0.74937,anc0_L_unrelaxed_rank_012_alphafold2_model_4_seed_002.pdb
375,L,Chemokine,0.74794,anc0_L_unrelaxed_rank_013_alphafold2_model_4_seed_004.pdb
376,L,Chemokine,0.74634,anc0_L_unrelaxed_rank_014_alphafold2_model_4_seed_001.pdb
377,L,Chemokine,0.74778,anc0_L_unrelaxed_rank_015_alphafold2_model_4_seed_003.pdb
378,L,Chemokine,0.72003,anc0_L_unrelaxed_rank_016_alphafold2_model_1_seed_001.pdb
379,L,Chemokine,0.72052,anc0_L_unrelaxed_rank_017_alphafold2_model_1_seed_004.pdb
380,L,Chemokine,0.72015,anc0_L_unrelaxed_rank_018_alphafold2_model_1_seed_000.pdb
381,L,Chemokine,0.71876,anc0_L_unrelaxed_rank_019_alphafold2_model_1_seed_002.pdb
382,L,Chemokine,0.70245,anc0_L_unrelaxed_rank_020_alphafold2_model_5_seed_003.pdb
383,L,Chemokine,0.70234,anc0_L_unrelaxed_rank_021_alphafold2_model_5_seed_001.pdb
384,L,Chemokine,0.70793,anc0_L_unrelaxed_rank_022_alphafold2_model_5_seed_002.pdb
385,L,Chemokine,0.70347,anc0_L_unrelaxed_rank_023_alphafold2_model_5_seed_004.pdb
386,L,Chemokine,0.70137,anc0_L_unrelaxed_rank_024_alphafold2_model_5_seed_000.pdb
387,V,Chemokine,0.75361,anc0_V_unrelaxed_rank_001_alphafold2_model_2_seed_004.pdb
388,V,Chemokine,0.75412,anc0_V_unrelaxed_rank_002_alphafold2_model_2_seed_001.pdb
389,V,Chemokine,0.75415,anc0_V_unrelaxed_rank_003_alphafold2_model_2_seed_003.pdb
390,V,Chemokine,0.75445,anc0_V_unrelaxed_rank_004_alphafold2_model_2_seed_002.pdb
391,V,Chemokine,0.75427,anc0_V_unrelaxed_rank_005_alphafold2_model_2_seed_000.pdb
392,V,Chemokine,0.73835,anc0_V_unrelaxed_rank_006_alphafold2_model_3_seed_002.pdb
393,V,Chemokine,0.74507,anc0_V_unrelaxed_rank_007_alphafold2_model_3_seed_004.pdb
394,V,Chemokine,0.70524,anc0_V_unrelaxed_rank_008_alphafold2_model_3_seed_003.pdb
395,V,Chemokine,0.70183,anc0_V_unrelaxed_rank_009_alphafold2_model_3_seed_000.pdb
396,V,Chemokine,0.70191,anc0_V_unrelaxed_rank_010_alphafold2_model_3_seed_001.pdb
397,V,Chemokine,0.74345,anc0_V_unrelaxed_rank_011_alphafold2_model_4_seed_002.pdb
398,V,Chemokine,0.74256,anc0_V_unrelaxed_rank_012_alphafold2_model_4_seed_001.pdb
399,V,Chemokine,0.74327,anc0_V_unrelaxed_rank_013_alphafold2_model_4_seed_003.pdb
400,V,Chemokine,0.7431,anc0_V_unrelaxed_rank_014_alphafold2_model_4_seed_004.pdb
401,V,Chemokine,0.74373,anc0_V_unrelaxed_rank_015_alphafold2_model_4_seed_000.pdb
402,V,Chemokine,0.71964,anc0_V_unrelaxed_rank_016_alphafold2_model_1_seed_001.pdb
403,V,Chemokine,0.75198,anc0_V_unrelaxed_rank_017_alphafold2_model_5_seed_002.pdb
404,V,Chemokine,0.72277,anc0_V_unrelaxed_rank_018_alphafold2_model_1_seed_004.pdb
405,V,Chemokine,0.71932,anc0_V_unrelaxed_rank_019_alphafold2_model_1_seed_000.pdb
406,V,Chemokine,0.7209,anc0_V_unrelaxed_rank_020_alphafold2_model_1_seed_002.pdb
407,V,Chemokine,0.70228,anc0_V_unrelaxed_rank_021_alphafold2_model_5_seed_001.pdb
408,V,Chemokine,0.70404,anc0_V_unrelaxed_rank_022_alphafold2_model_5_seed_003.pdb
409,V,Chemokine,0.70378,anc0_V_unrelaxed_rank_023_alphafold2_model_5_seed_004.pdb
410,V,Chemokine,0.70436,anc0_V_unrelaxed_rank_024_alphafold2_model_5_seed_000.pdb
411,36,Chemokine,0.78407,anc2_36_A_unrelaxed_rank_001_alphafold2_model_2_seed_003.pdb
412,36,Chemokine,0.78666,anc2_36_A_unrelaxed_rank_002_alphafold2_model_2_seed_004.pdb
413,36,Chemokine,0.74968,anc2_36_A_unrelaxed_rank_003_alphafold2_model_3_seed_002.pdb
414,36,Chemokine,0.74713,anc2_36_A_unrelaxed_rank_004_alphafold2_model_3_seed_004.pdb
415,36,Chemokine,0.74956,anc2_36_A_unrelaxed_rank_005_alphafold2_model_3_seed_003.pdb
416,36,Chemokine,0.74766,anc2_36_A_unrelaxed_rank_006_alphafold2_model_3_seed_000.pdb
417,36,Chemokine,0.74727,anc2_36_A_unrelaxed_rank_007_alphafold2_model_3_seed_001.pdb
418,36,Chemokine,0.7598,anc2_36_A_unrelaxed_rank_008_alphafold2_model_1_seed_002.pdb
419,36,Chemokine,0.76266,anc2_36_A_unrelaxed_rank_009_alphafold2_model_1_seed_004.pdb
420,36,Chemokine,0.7631,anc2_36_A_unrelaxed_rank_010_alphafold2_model_1_seed_001.pdb
421,36,Chemokine,0.75941,anc2_36_A_unrelaxed_rank_011_alphafold2_model_1_seed_003.pdb
422,36,Chemokine,0.7613,anc2_36_A_unrelaxed_rank_012_alphafold2_model_1_seed_000.pdb
423,36,Chemokine,0.75864,anc2_36_A_unrelaxed_rank_013_alphafold2_model_2_seed_002.pdb
424,36,Chemokine,0.77058,anc2_36_A_unrelaxed_rank_014_alphafold2_model_4_seed_002.pdb
425,36,Chemokine,0.7629,anc2_36_A_unrelaxed_rank_015_alphafold2_model_2_seed_001.pdb
426,36,Chemokine,0.7575,anc2_36_A_unrelaxed_rank_016_alphafold2_model_2_seed_000.pdb
427,36,Chemokine,0.76879,anc2_36_A_unrelaxed_rank_017_alphafold2_model_4_seed_003.pdb
428,36,Chemokine,0.76878,anc2_36_A_unrelaxed_rank_018_alphafold2_model_4_seed_001.pdb
429,36,Chemokine,0.76547,anc2_36_A_unrelaxed_rank_019_alphafold2_model_4_seed_004.pdb
430,36,Chemokine,0.76737,anc2_36_A_unrelaxed_rank_020_alphafold2_model_4_seed_000.pdb
431,36,Chemokine,0.75589,anc2_36_A_unrelaxed_rank_021_alphafold2_model_5_seed_002.pdb
432,36,Chemokine,0.74977,anc2_36_A_unrelaxed_rank_022_alphafold2_model_5_seed_004.pdb
433,36,Chemokine,0.75177,anc2_36_A_unrelaxed_rank_023_alphafold2_model_5_seed_003.pdb
434,36,Chemokine,0.75059,anc2_36_A_unrelaxed_rank_024_alphafold2_model_5_seed_000.pdb
435,36,Chemokine,0.75018,anc2_36_A_unrelaxed_rank_025_alphafold2_model_5_seed_001.pdb
436,36,Chemokine,0.80938,anc2_36_G_unrelaxed_rank_001_alphafold2_model_2_seed_003.pdb
437,36,Chemokine,0.76664,anc2_36_G_unrelaxed_rank_002_alphafold2_model_2_seed_002.pdb
438,36,Chemokine,0.7707,anc2_36_G_unrelaxed_rank_003_alphafold2_model_1_seed_002.pdb
439,36,Chemokine,0.76788,anc2_36_G_unrelaxed_rank_004_alphafold2_model_1_seed_003.pdb
440,36,Chemokine,0.7695,anc2_36_G_unrelaxed_rank_005_alphafold2_model_1_seed_001.pdb
441,36,Chemokine,0.73898,anc2_36_G_unrelaxed_rank_006_alphafold2_model_3_seed_002.pdb
442,36,Chemokine,0.76413,anc2_36_G_unrelaxed_rank_007_alphafold2_model_2_seed_001.pdb
443,36,Chemokine,0.76685,anc2_36_G_unrelaxed_rank_008_alphafold2_model_1_seed_000.pdb
444,36,Chemokine,0.74407,anc2_36_G_unrelaxed_rank_009_alphafold2_model_3_seed_004.pdb
445,36,Chemokine,0.768,anc2_36_G_unrelaxed_rank_010_alphafold2_model_1_seed_004.pdb
446,36,Chemokine,0.74035,anc2_36_G_unrelaxed_rank_011_alphafold2_model_3_seed_001.pdb
447,36,Chemokine,0.7409,anc2_36_G_unrelaxed_rank_012_alphafold2_model_3_seed_003.pdb
448,36,Chemokine,0.76385,anc2_36_G_unrelaxed_rank_013_alphafold2_model_2_seed_000.pdb
449,36,Chemokine,0.76663,anc2_36_G_unrelaxed_rank_014_alphafold2_model_2_seed_004.pdb
450,36,Chemokine,0.74261,anc2_36_G_unrelaxed_rank_015_alphafold2_model_3_seed_000.pdb
451,36,Chemokine,0.77826,anc2_36_G_unrelaxed_rank_016_alphafold2_model_4_seed_004.pdb
452,36,Chemokine,0.77828,anc2_36_G_unrelaxed_rank_017_alphafold2_model_4_seed_003.pdb
453,36,Chemokine,0.77719,anc2_36_G_unrelaxed_rank_018_alphafold2_model_4_seed_002.pdb
454,36,Chemokine,0.77597,anc2_36_G_unrelaxed_rank_019_alphafold2_model_4_seed_000.pdb
455,36,Chemokine,0.77495,anc2_36_G_unrelaxed_rank_020_alphafold2_model_4_seed_001.pdb
456,36,Chemokine,0.75184,anc2_36_G_unrelaxed_rank_021_alphafold2_model_5_seed_003.pdb
457,36,Chemokine,0.74219,anc2_36_G_unrelaxed_rank_022_alphafold2_model_5_seed_001.pdb
458,36,Chemokine,0.74114,anc2_36_G_unrelaxed_rank_023_alphafold2_model_5_seed_004.pdb
459,36,Chemokine,0.74356,anc2_36_G_unrelaxed_rank_024_alphafold2_model_5_seed_000.pdb
460,36,Chemokine,0.74037,anc2_36_G_unrelaxed_rank_025_alphafold2_model_5_seed_002.pdb
461,36,Chemokine,0.75166,anc2_36_I_unrelaxed_rank_001_alphafold2_model_3_seed_002.pdb
462,36,Chemokine,0.75304,anc2_36_I_unrelaxed_rank_002_alphafold2_model_3_seed_004.pdb
463,36,Chemokine,0.7527,anc2_36_I_unrelaxed_rank_003_alphafold2_model_3_seed_003.pdb
464,36,Chemokine,0.75449,anc2_36_I_unrelaxed_rank_004_alphafold2_model_3_seed_001.pdb
465,36,Chemokine,0.75522,anc2_36_I_unrelaxed_rank_005_alphafold2_model_3_seed_000.pdb
466,36,Chemokine,0.75355,anc2_36_I_unrelaxed_rank_006_alphafold2_model_1_seed_003.pdb
467,36,Chemokine,0.75462,anc2_36_I_unrelaxed_rank_007_alphafold2_model_1_seed_002.pdb
468,36,Chemokine,0.75382,anc2_36_I_unrelaxed_rank_008_alphafold2_model_4_seed_002.pdb
469,36,Chemokine,0.75745,anc2_36_I_unrelaxed_rank_009_alphafold2_model_4_seed_003.pdb
470,36,Chemokine,0.7571,anc2_36_I_unrelaxed_rank_010_alphafold2_model_4_seed_000.pdb
471,36,Chemokine,0.75315,anc2_36_I_unrelaxed_rank_011_alphafold2_model_5_seed_004.pdb
472,36,Chemokine,0.75221,anc2_36_I_unrelaxed_rank_012_alphafold2_model_5_seed_002.pdb
473,36,Chemokine,0.75595,anc2_36_I_unrelaxed_rank_013_alphafold2_model_5_seed_003.pdb
474,36,Chemokine,0.75531,anc2_36_I_unrelaxed_rank_014_alphafold2_model_5_seed_000.pdb
475,36,Chemokine,0.75608,anc2_36_I_unrelaxed_rank_015_alphafold2_model_5_seed_001.pdb
476,36,Chemokine,0.75465,anc2_36_I_unrelaxed_rank_016_alphafold2_model_4_seed_001.pdb
477,38,Chemokine,0.78407,anc2_38_I_unrelaxed_rank_001_alphafold2_model_2_seed_003.pdb
478,38,Chemokine,0.78666,anc2_38_I_unrelaxed_rank_002_alphafold2_model_2_seed_004.pdb
479,38,Chemokine,0.74968,anc2_38_I_unrelaxed_rank_003_alphafold2_model_3_seed_002.pdb
480,38,Chemokine,0.74713,anc2_38_I_unrelaxed_rank_004_alphafold2_model_3_seed_004.pdb
481,38,Chemokine,0.74956,anc2_38_I_unrelaxed_rank_005_alphafold2_model_3_seed_003.pdb
482,38,Chemokine,0.74766,anc2_38_I_unrelaxed_rank_006_alphafold2_model_3_seed_000.pdb
483,38,Chemokine,0.74727,anc2_38_I_unrelaxed_rank_007_alphafold2_model_3_seed_001.pdb
484,38,Chemokine,0.7598,anc2_38_I_unrelaxed_rank_008_alphafold2_model_1_seed_002.pdb
485,38,Chemokine,0.76266,anc2_38_I_unrelaxed_rank_009_alphafold2_model_1_seed_004.pdb
486,38,Chemokine,0.7631,anc2_38_I_unrelaxed_rank_010_alphafold2_model_1_seed_001.pdb
487,38,Chemokine,0.75941,anc2_38_I_unrelaxed_rank_011_alphafold2_model_1_seed_003.pdb
488,38,Chemokine,0.7613,anc2_38_I_unrelaxed_rank_012_alphafold2_model_1_seed_000.pdb
489,38,Chemokine,0.75864,anc2_38_I_unrelaxed_rank_013_alphafold2_model_2_seed_002.pdb
490,38,Chemokine,0.77058,anc2_38_I_unrelaxed_rank_014_alphafold2_model_4_seed_002.pdb
491,38,Chemokine,0.7629,anc2_38_I_unrelaxed_rank_015_alphafold2_model_2_seed_001.pdb
492,38,Chemokine,0.7575,anc2_38_I_unrelaxed_rank_016_alphafold2_model_2_seed_000.pdb
493,38,Chemokine,0.76879,anc2_38_I_unrelaxed_rank_017_alphafold2_model_4_seed_003.pdb
494,38,Chemokine,0.76878,anc2_38_I_unrelaxed_rank_018_alphafold2_model_4_seed_001.pdb
495,38,Chemokine,0.76547,anc2_38_I_unrelaxed_rank_019_alphafold2_model_4_seed_004.pdb
496,38,Chemokine,0.76737,anc2_38_I_unrelaxed_rank_020_alphafold2_model_4_seed_000.pdb
497,38,Chemokine,0.75589,anc2_38_I_unrelaxed_rank_021_alphafold2_model_5_seed_002.pdb
498,38,Chemokine,0.74977,anc2_38_I_unrelaxed_rank_022_alphafold2_model_5_seed_004.pdb
499,38,Chemokine,0.75177,anc2_38_I_unrelaxed_rank_023_alphafold2_model_5_seed_003.pdb
500,38,Chemokine,0.75059,anc2_38_I_unrelaxed_rank_024_alphafold2_model_5_seed_000.pdb
501,38,Chemokine,0.75018,anc2_38_I_unrelaxed_rank_025_alphafold2_model_5_seed_001.pdb
502,38,Chemokine,0.7897,anc2_38_L_unrelaxed_rank_001_alphafold2_model_2_seed_001.pdb
503,38,Chemokine,0.76431,anc2_38_L_unrelaxed_rank_002_alphafold2_model_3_seed_002.pdb
504,38,Chemokine,0.76829,anc2_38_L_unrelaxed_rank_003_alphafold2_model_3_seed_001.pdb
505,38,Chemokine,0.76863,anc2_38_L_unrelaxed_rank_004_alphafold2_model_3_seed_004.pdb
506,38,Chemokine,0.76728,anc2_38_L_unrelaxed_rank_005_alphafold2_model_3_seed_000.pdb
507,38,Chemokine,0.76309,anc2_38_L_unrelaxed_rank_006_alphafold2_model_3_seed_003.pdb
508,38,Chemokine,0.76649,anc2_38_L_unrelaxed_rank_007_alphafold2_model_1_seed_002.pdb
509,38,Chemokine,0.77808,anc2_38_L_unrelaxed_rank_008_alphafold2_model_1_seed_001.pdb
510,38,Chemokine,0.76933,anc2_38_L_unrelaxed_rank_009_alphafold2_model_1_seed_003.pdb
511,38,Chemokine,0.77409,anc2_38_L_unrelaxed_rank_010_alphafold2_model_1_seed_000.pdb
512,38,Chemokine,0.77914,anc2_38_L_unrelaxed_rank_011_alphafold2_model_1_seed_004.pdb
513,38,Chemokine,0.79033,anc2_38_L_unrelaxed_rank_012_alphafold2_model_4_seed_002.pdb
514,38,Chemokine,0.78829,anc2_38_L_unrelaxed_rank_013_alphafold2_model_4_seed_004.pdb
515,38,Chemokine,0.77845,anc2_38_L_unrelaxed_rank_014_alphafold2_model_2_seed_003.pdb
516,38,Chemokine,0.77756,anc2_38_L_unrelaxed_rank_015_alphafold2_model_2_seed_002.pdb
517,38,Chemokine,0.77884,anc2_38_L_unrelaxed_rank_016_alphafold2_model_2_seed_000.pdb
518,38,Chemokine,0.79052,anc2_38_L_unrelaxed_rank_017_alphafold2_model_4_seed_003.pdb
519,38,Chemokine,0.79013,anc2_38_L_unrelaxed_rank_018_alphafold2_model_4_seed_000.pdb
520,38,Chemokine,0.77817,anc2_38_L_unrelaxed_rank_019_alphafold2_model_2_seed_004.pdb
521,38,Chemokine,0.78532,anc2_38_L_unrelaxed_rank_020_alphafold2_model_4_seed_001.pdb
522,38,Chemokine,0.76891,anc2_38_L_unrelaxed_rank_021_alphafold2_model_5_seed_002.pdb
523,38,Chemokine,0.76291,anc2_38_L_unrelaxed_rank_022_alphafold2_model_5_seed_004.pdb
524,38,Chemokine,0.76003,anc2_38_L_unrelaxed_rank_023_alphafold2_model_5_seed_003.pdb
525,38,Chemokine,0.7588,anc2_38_L_unrelaxed_rank_024_alphafold2_model_5_seed_001.pdb
526,38,Chemokine,0.75988,anc2_38_L_unrelaxed_rank_025_alphafold2_model_5_seed_000.pdb
527,38,Chemokine,0.75947,anc2_38_V_unrelaxed_rank_001_alphafold2_model_3_seed_003.pdb
528,38,Chemokine,0.75891,anc2_38_V_unrelaxed_rank_002_alphafold2_model_3_seed_004.pdb
529,38,Chemokine,0.75641,anc2_38_V_unrelaxed_rank_003_alphafold2_model_3_seed_002.pdb
530,38,Chemokine,0.76003,anc2_38_V_unrelaxed_rank_004_alphafold2_model_3_seed_001.pdb
531,38,Chemokine,0.75949,anc2_38_V_unrelaxed_rank_005_alphafold2_model_3_seed_000.pdb
532,38,Chemokine,0.77119,anc2_38_V_unrelaxed_rank_006_alphafold2_model_1_seed_000.pdb
533,38,Chemokine,0.76827,anc2_38_V_unrelaxed_rank_007_alphafold2_model_1_seed_002.pdb
534,38,Chemokine,0.76718,anc2_38_V_unrelaxed_rank_008_alphafold2_model_1_seed_004.pdb
535,38,Chemokine,0.76869,anc2_38_V_unrelaxed_rank_009_alphafold2_model_1_seed_001.pdb
536,38,Chemokine,0.76363,anc2_38_V_unrelaxed_rank_010_alphafold2_model_1_seed_003.pdb
537,38,Chemokine,0.79193,anc2_38_V_unrelaxed_rank_011_alphafold2_model_2_seed_004.pdb
538,38,Chemokine,0.76793,anc2_38_V_unrelaxed_rank_012_alphafold2_model_2_seed_002.pdb
539,38,Chemokine,0.76524,anc2_38_V_unrelaxed_rank_013_alphafold2_model_2_seed_003.pdb
540,38,Chemokine,0.76396,anc2_38_V_unrelaxed_rank_014_alphafold2_model_2_seed_001.pdb
541,38,Chemokine,0.76435,anc2_38_V_unrelaxed_rank_015_alphafold2_model_2_seed_000.pdb
542,38,Chemokine,0.77431,anc2_38_V_unrelaxed_rank_016_alphafold2_model_4_seed_003.pdb
543,38,Chemokine,0.77345,anc2_38_V_unrelaxed_rank_017_alphafold2_model_4_seed_004.pdb
544,38,Chemokine,0.7709,anc2_38_V_unrelaxed_rank_018_alphafold2_model_4_seed_000.pdb
545,38,Chemokine,0.77285,anc2_38_V_unrelaxed_rank_019_alphafold2_model_4_seed_002.pdb
546,38,Chemokine,0.77014,anc2_38_V_unrelaxed_rank_020_alphafold2_model_4_seed_001.pdb
547,38,Chemokine,0.76104,anc2_38_V_unrelaxed_rank_021_alphafold2_model_5_seed_002.pdb
548,38,Chemokine,0.75747,anc2_38_V_unrelaxed_rank_022_alphafold2_model_5_seed_004.pdb
549,38,Chemokine,0.75985,anc2_38_V_unrelaxed_rank_023_alphafold2_model_5_seed_003.pdb
550,38,Chemokine,0.75786,anc2_38_V_unrelaxed_rank_024_alphafold2_model_5_seed_001.pdb
551,38,Chemokine,0.75714,anc2_38_V_unrelaxed_rank_025_alphafold2_model_5_seed_000.pdb
552,40,Dimer,0.52475,anc2_40_G_unrelaxed_rank_001_alphafold2_model_2_seed_000.pdb
553,40,Dimer,0.52446,anc2_40_G_unrelaxed_rank_002_alphafold2_model_2_seed_001.pdb
554,40,Dimer,0.52592,anc2_40_G_unrelaxed_rank_003_alphafold2_model_2_seed_004.pdb
555,40,Dimer,0.53995,anc2_40_G_unrelaxed_rank_004_alphafold2_model_1_seed_003.pdb
556,40,Dimer,0.53822,anc2_40_G_unrelaxed_rank_005_alphafold2_model_1_seed_000.pdb
557,40,Dimer,0.50504,anc2_40_G_unrelaxed_rank_006_alphafold2_model_2_seed_002.pdb
558,40,Dimer,0.53504,anc2_40_G_unrelaxed_rank_007_alphafold2_model_1_seed_001.pdb
559,40,Dimer,0.53972,anc2_40_G_unrelaxed_rank_008_alphafold2_model_4_seed_001.pdb
560,40,Dimer,0.53919,anc2_40_G_unrelaxed_rank_009_alphafold2_model_4_seed_000.pdb
561,40,Dimer,0.53872,anc2_40_G_unrelaxed_rank_010_alphafold2_model_4_seed_002.pdb
562,40,Dimer,0.53932,anc2_40_G_unrelaxed_rank_011_alphafold2_model_4_seed_004.pdb
563,40,Dimer,0.53833,anc2_40_G_unrelaxed_rank_012_alphafold2_model_4_seed_003.pdb
564,40,Chemokine,0.77534,anc2_40_I_unrelaxed_rank_001_alphafold2_model_2_seed_004.pdb
565,40,Chemokine,0.747,anc2_40_I_unrelaxed_rank_002_alphafold2_model_3_seed_002.pdb
566,40,Chemokine,0.74921,anc2_40_I_unrelaxed_rank_003_alphafold2_model_3_seed_000.pdb
567,40,Chemokine,0.74914,anc2_40_I_unrelaxed_rank_004_alphafold2_model_3_seed_001.pdb
568,40,Chemokine,0.75183,anc2_40_I_unrelaxed_rank_005_alphafold2_model_3_seed_003.pdb
569,40,Chemokine,0.75373,anc2_40_I_unrelaxed_rank_006_alphafold2_model_1_seed_002.pdb
570,40,Chemokine,0.75253,anc2_40_I_unrelaxed_rank_007_alphafold2_model_1_seed_003.pdb
571,40,Chemokine,0.75657,anc2_40_I_unrelaxed_rank_008_alphafold2_model_1_seed_004.pdb
572,40,Chemokine,0.76181,anc2_40_I_unrelaxed_rank_009_alphafold2_model_2_seed_002.pdb
573,40,Chemokine,0.75556,anc2_40_I_unrelaxed_rank_010_alphafold2_model_1_seed_001.pdb
574,40,Chemokine,0.75404,anc2_40_I_unrelaxed_rank_011_alphafold2_model_1_seed_000.pdb
575,40,Chemokine,0.75755,anc2_40_I_unrelaxed_rank_012_alphafold2_model_2_seed_003.pdb
576,40,Chemokine,0.75664,anc2_40_I_unrelaxed_rank_013_alphafold2_model_2_seed_001.pdb
577,40,Chemokine,0.75598,anc2_40_I_unrelaxed_rank_014_alphafold2_model_2_seed_000.pdb
578,40,Chemokine,0.75062,anc2_40_I_unrelaxed_rank_015_alphafold2_model_5_seed_004.pdb
579,40,Chemokine,0.7543,anc2_40_I_unrelaxed_rank_016_alphafold2_model_5_seed_003.pdb
580,40,Chemokine,0.75187,anc2_40_I_unrelaxed_rank_017_alphafold2_model_5_seed_001.pdb
581,40,Chemokine,0.7507,anc2_40_I_unrelaxed_rank_018_alphafold2_model_5_seed_000.pdb
582,40,Chemokine,0.76172,anc2_40_I_unrelaxed_rank_019_alphafold2_model_5_seed_002.pdb
583,40,Chemokine,0.68399,anc2_40_I_unrelaxed_rank_020_alphafold2_model_4_seed_004.pdb
584,40,Chemokine,0.68732,anc2_40_I_unrelaxed_rank_021_alphafold2_model_4_seed_003.pdb
585,40,Chemokine,0.68596,anc2_40_I_unrelaxed_rank_022_alphafold2_model_4_seed_001.pdb
586,40,Chemokine,0.68366,anc2_40_I_unrelaxed_rank_023_alphafold2_model_4_seed_002.pdb
587,40,Chemokine,0.68199,anc2_40_I_unrelaxed_rank_024_alphafold2_model_4_seed_000.pdb
588,40,Chemokine,0.76487,anc2_40_V_unrelaxed_rank_001_alphafold2_model_1_seed_002.pdb
589,40,Chemokine,0.75131,anc2_40_V_unrelaxed_rank_002_alphafold2_model_3_seed_001.pdb
590,40,Chemokine,0.75347,anc2_40_V_unrelaxed_rank_003_alphafold2_model_3_seed_002.pdb
591,40,Chemokine,0.76365,anc2_40_V_unrelaxed_rank_004_alphafold2_model_1_seed_004.pdb
592,40,Chemokine,0.75812,anc2_40_V_unrelaxed_rank_005_alphafold2_model_1_seed_000.pdb
593,40,Chemokine,0.76109,anc2_40_V_unrelaxed_rank_006_alphafold2_model_1_seed_001.pdb
594,40,Chemokine,0.75596,anc2_40_V_unrelaxed_rank_007_alphafold2_model_1_seed_003.pdb
595,40,Chemokine,0.74992,anc2_40_V_unrelaxed_rank_008_alphafold2_model_3_seed_003.pdb
596,40,Chemokine,0.76645,anc2_40_V_unrelaxed_rank_009_alphafold2_model_2_seed_002.pdb
597,40,Chemokine,0.76314,anc2_40_V_unrelaxed_rank_010_alphafold2_model_2_seed_003.pdb
598,40,Chemokine,0.7624,anc2_40_V_unrelaxed_rank_011_alphafold2_model_2_seed_004.pdb
599,40,Chemokine,0.76158,anc2_40_V_unrelaxed_rank_012_alphafold2_model_2_seed_001.pdb
600,40,Chemokine,0.76247,anc2_40_V_unrelaxed_rank_013_alphafold2_model_2_seed_000.pdb
601,40,Chemokine,0.76175,anc2_40_V_unrelaxed_rank_014_alphafold2_model_3_seed_000.pdb
602,40,Chemokine,0.7586,anc2_40_V_unrelaxed_rank_015_alphafold2_model_5_seed_003.pdb
603,40,Chemokine,0.75689,anc2_40_V_unrelaxed_rank_016_alphafold2_model_5_seed_004.pdb
604,40,Chemokine,0.75708,anc2_40_V_unrelaxed_rank_017_alphafold2_model_5_seed_002.pdb
605,40,Chemokine,0.75765,anc2_40_V_unrelaxed_rank_018_alphafold2_model_5_seed_001.pdb
606,40,Chemokine,0.75637,anc2_40_V_unrelaxed_rank_019_alphafold2_model_5_seed_000.pdb
607,40,Chemokine,0.68898,anc2_40_V_unrelaxed_rank_020_alphafold2_model_4_seed_003.pdb
608,40,Chemokine,0.68569,anc2_40_V_unrelaxed_rank_021_alphafold2_model_4_seed_004.pdb
609,40,Chemokine,0.69342,anc2_40_V_unrelaxed_rank_022_alphafold2_model_4_seed_001.pdb
610,40,Chemokine,0.68996,anc2_40_V_unrelaxed_rank_023_alphafold2_model_4_seed_002.pdb
611,40,Chemokine,0.69045,anc2_40_V_unrelaxed_rank_024_alphafold2_model_4_seed_000.pdb
612,45,Dimer,0.53606,anc2_45_I_unrelaxed_rank_001_alphafold2_model_2_seed_004.pdb
613,45,Dimer,0.5347,anc2_45_I_unrelaxed_rank_002_alphafold2_model_2_seed_001.pdb
614,45,Dimer,0.52333,anc2_45_I_unrelaxed_rank_003_alphafold2_model_2_seed_003.pdb
615,45,Dimer,0.554,anc2_45_I_unrelaxed_rank_004_alphafold2_model_2_seed_000.pdb
616,45,Dimer,0.54418,anc2_45_I_unrelaxed_rank_005_alphafold2_model_3_seed_001.pdb
617,45,Dimer,0.52023,anc2_45_I_unrelaxed_rank_006_alphafold2_model_2_seed_002.pdb
618,45,Dimer,0.54297,anc2_45_I_unrelaxed_rank_007_alphafold2_model_3_seed_004.pdb
619,45,Dimer,0.53728,anc2_45_I_unrelaxed_rank_008_alphafold2_model_1_seed_004.pdb
620,45,Dimer,0.54285,anc2_45_I_unrelaxed_rank_009_alphafold2_model_3_seed_000.pdb
621,45,Dimer,0.54379,anc2_45_I_unrelaxed_rank_010_alphafold2_model_3_seed_003.pdb
622,45,Dimer,0.54254,anc2_45_I_unrelaxed_rank_011_alphafold2_model_1_seed_003.pdb
623,45,Dimer,0.54116,anc2_45_I_unrelaxed_rank_012_alphafold2_model_1_seed_001.pdb
624,45,Chemokine,0.74349,anc2_45_I_unrelaxed_rank_013_alphafold2_model_5_seed_001.pdb
625,45,Dimer,0.54733,anc2_45_I_unrelaxed_rank_014_alphafold2_model_1_seed_002.pdb
626,45,Dimer,0.54112,anc2_45_I_unrelaxed_rank_015_alphafold2_model_3_seed_002.pdb
627,45,Dimer,0.54549,anc2_45_I_unrelaxed_rank_016_alphafold2_model_1_seed_000.pdb
628,45,Dimer,0.54625,anc2_45_I_unrelaxed_rank_017_alphafold2_model_4_seed_002.pdb
629,45,Dimer,0.53833,anc2_45_I_unrelaxed_rank_018_alphafold2_model_4_seed_001.pdb
630,45,Dimer,0.54242,anc2_45_I_unrelaxed_rank_019_alphafold2_model_4_seed_000.pdb
631,45,Dimer,0.53712,anc2_45_I_unrelaxed_rank_020_alphafold2_model_4_seed_003.pdb
632,45,Dimer,0.53759,anc2_45_I_unrelaxed_rank_021_alphafold2_model_4_seed_004.pdb
633,45,Chemokine,0.71247,anc2_45_I_unrelaxed_rank_022_alphafold2_model_5_seed_002.pdb
634,45,Dimer,0.50547,anc2_45_L_unrelaxed_rank_001_alphafold2_model_2_seed_000.pdb
635,45,Dimer,0.50729,anc2_45_L_unrelaxed_rank_002_alphafold2_model_2_seed_001.pdb
636,45,Dimer,0.51366,anc2_45_L_unrelaxed_rank_004_alphafold2_model_3_seed_003.pdb
637,45,Dimer,0.50584,anc2_45_L_unrelaxed_rank_005_alphafold2_model_3_seed_004.pdb
638,45,Dimer,0.51284,anc2_45_L_unrelaxed_rank_006_alphafold2_model_3_seed_001.pdb
639,45,Chemokine,0.76227,anc2_45_L_unrelaxed_rank_007_alphafold2_model_5_seed_002.pdb
640,45,Chemokine,0.74791,anc2_45_L_unrelaxed_rank_008_alphafold2_model_5_seed_001.pdb
641,45,Chemokine,0.75321,anc2_45_L_unrelaxed_rank_009_alphafold2_model_5_seed_000.pdb
642,45,Dimer,0.51269,anc2_45_L_unrelaxed_rank_010_alphafold2_model_1_seed_001.pdb
643,45,Chemokine,0.7391,anc2_45_L_unrelaxed_rank_011_alphafold2_model_5_seed_004.pdb
644,45,Dimer,0.51125,anc2_45_L_unrelaxed_rank_012_alphafold2_model_3_seed_000.pdb
645,45,Chemokine,0.76975,anc2_45_L_unrelaxed_rank_013_alphafold2_model_5_seed_003.pdb
646,45,Dimer,0.50812,anc2_45_L_unrelaxed_rank_014_alphafold2_model_1_seed_000.pdb
647,45,Dimer,0.5061,anc2_45_L_unrelaxed_rank_015_alphafold2_model_1_seed_004.pdb
648,45,Dimer,0.5229,anc2_45_L_unrelaxed_rank_016_alphafold2_model_4_seed_003.pdb
649,45,Dimer,0.51477,anc2_45_L_unrelaxed_rank_017_alphafold2_model_4_seed_002.pdb
650,45,Dimer,0.51462,anc2_45_L_unrelaxed_rank_018_alphafold2_model_4_seed_001.pdb
651,45,Dimer,0.51345,anc2_45_L_unrelaxed_rank_019_alphafold2_model_4_seed_004.pdb
652,45,Dimer,0.5121,anc2_45_L_unrelaxed_rank_020_alphafold2_model_4_seed_000.pdb
653,45,Dimer,0.52171,anc2_45_V_unrelaxed_rank_001_alphafold2_model_2_seed_004.pdb
654,45,Dimer,0.52443,anc2_45_V_unrelaxed_rank_002_alphafold2_model_2_seed_001.pdb
655,45,Dimer,0.52477,anc2_45_V_unrelaxed_rank_003_alphafold2_model_2_seed_000.pdb
656,45,Dimer,0.53344,anc2_45_V_unrelaxed_rank_004_alphafold2_model_1_seed_001.pdb
657,45,Dimer,0.53715,anc2_45_V_unrelaxed_rank_005_alphafold2_model_1_seed_004.pdb
658,45,Dimer,0.53715,anc2_45_V_unrelaxed_rank_006_alphafold2_model_1_seed_000.pdb
659,45,Dimer,0.53514,anc2_45_V_unrelaxed_rank_007_alphafold2_model_3_seed_000.pdb
660,45,Dimer,0.544,anc2_45_V_unrelaxed_rank_008_alphafold2_model_3_seed_001.pdb
661,45,Dimer,0.54409,anc2_45_V_unrelaxed_rank_009_alphafold2_model_3_seed_003.pdb
662,45,Chemokine,0.758,anc2_45_V_unrelaxed_rank_010_alphafold2_model_5_seed_002.pdb
663,45,Dimer,0.54945,anc2_45_V_unrelaxed_rank_011_alphafold2_model_1_seed_003.pdb
664,45,Chemokine,0.7392,anc2_45_V_unrelaxed_rank_012_alphafold2_model_5_seed_001.pdb
665,45,Chemokine,0.73959,anc2_45_V_unrelaxed_rank_013_alphafold2_model_5_seed_003.pdb
666,45,Dimer,0.53902,anc2_45_V_unrelaxed_rank_014_alphafold2_model_4_seed_002.pdb
667,45,Dimer,0.54719,anc2_45_V_unrelaxed_rank_015_alphafold2_model_1_seed_002.pdb
668,45,Dimer,0.53944,anc2_45_V_unrelaxed_rank_016_alphafold2_model_4_seed_001.pdb
669,45,Chemokine,0.75645,anc2_45_V_unrelaxed_rank_017_alphafold2_model_5_seed_000.pdb
670,45,Dimer,0.53897,anc2_45_V_unrelaxed_rank_018_alphafold2_model_4_seed_004.pdb
671,45,Dimer,0.54218,anc2_45_V_unrelaxed_rank_019_alphafold2_model_3_seed_004.pdb
672,45,Dimer,0.53847,anc2_45_V_unrelaxed_rank_020_alphafold2_model_4_seed_003.pdb
673,45,Dimer,0.53578,anc2_45_V_unrelaxed_rank_021_alphafold2_model_3_seed_002.pdb
674,45,Chemokine,0.70741,anc2_45_V_unrelaxed_rank_023_alphafold2_model_5_seed_004.pdb
675,47,Chemokine,0.78407,anc2_47_I_unrelaxed_rank_001_alphafold2_model_2_seed_003.pdb
676,47,Chemokine,0.78666,anc2_47_I_unrelaxed_rank_002_alphafold2_model_2_seed_004.pdb
677,47,Chemokine,0.74968,anc2_47_I_unrelaxed_rank_003_alphafold2_model_3_seed_002.pdb
678,47,Chemokine,0.74713,anc2_47_I_unrelaxed_rank_004_alphafold2_model_3_seed_004.pdb
679,47,Chemokine,0.74956,anc2_47_I_unrelaxed_rank_005_alphafold2_model_3_seed_003.pdb
680,47,Chemokine,0.74766,anc2_47_I_unrelaxed_rank_006_alphafold2_model_3_seed_000.pdb
681,47,Chemokine,0.74727,anc2_47_I_unrelaxed_rank_007_alphafold2_model_3_seed_001.pdb
682,47,Chemokine,0.7598,anc2_47_I_unrelaxed_rank_008_alphafold2_model_1_seed_002.pdb
683,47,Chemokine,0.76266,anc2_47_I_unrelaxed_rank_009_alphafold2_model_1_seed_004.pdb
684,47,Chemokine,0.7631,anc2_47_I_unrelaxed_rank_010_alphafold2_model_1_seed_001.pdb
685,47,Chemokine,0.75941,anc2_47_I_unrelaxed_rank_011_alphafold2_model_1_seed_003.pdb
686,47,Chemokine,0.7613,anc2_47_I_unrelaxed_rank_012_alphafold2_model_1_seed_000.pdb
687,47,Chemokine,0.75864,anc2_47_I_unrelaxed_rank_013_alphafold2_model_2_seed_002.pdb
688,47,Chemokine,0.77058,anc2_47_I_unrelaxed_rank_014_alphafold2_model_4_seed_002.pdb
689,47,Chemokine,0.7629,anc2_47_I_unrelaxed_rank_015_alphafold2_model_2_seed_001.pdb
690,47,Chemokine,0.7575,anc2_47_I_unrelaxed_rank_016_alphafold2_model_2_seed_000.pdb
691,47,Chemokine,0.76879,anc2_47_I_unrelaxed_rank_017_alphafold2_model_4_seed_003.pdb
692,47,Chemokine,0.76878,anc2_47_I_unrelaxed_rank_018_alphafold2_model_4_seed_001.pdb
693,47,Chemokine,0.76547,anc2_47_I_unrelaxed_rank_019_alphafold2_model_4_seed_004.pdb
694,47,Chemokine,0.76737,anc2_47_I_unrelaxed_rank_020_alphafold2_model_4_seed_000.pdb
695,47,Chemokine,0.75589,anc2_47_I_unrelaxed_rank_021_alphafold2_model_5_seed_002.pdb
696,47,Chemokine,0.74977,anc2_47_I_unrelaxed_rank_022_alphafold2_model_5_seed_004.pdb
697,47,Chemokine,0.75177,anc2_47_I_unrelaxed_rank_023_alphafold2_model_5_seed_003.pdb
698,47,Chemokine,0.75059,anc2_47_I_unrelaxed_rank_024_alphafold2_model_5_seed_000.pdb
699,47,Chemokine,0.75018,anc2_47_I_unrelaxed_rank_025_alphafold2_model_5_seed_001.pdb
700,47,Chemokine,0.78511,anc2_47_L_unrelaxed_rank_001_alphafold2_model_2_seed_001.pdb
701,47,Chemokine,0.75279,anc2_47_L_unrelaxed_rank_002_alphafold2_model_3_seed_003.pdb
702,47,Chemokine,0.75141,anc2_47_L_unrelaxed_rank_003_alphafold2_model_3_seed_002.pdb
703,47,Chemokine,0.75253,anc2_47_L_unrelaxed_rank_004_alphafold2_model_3_seed_004.pdb
704,47,Chemokine,0.75309,anc2_47_L_unrelaxed_rank_005_alphafold2_model_3_seed_001.pdb
705,47,Chemokine,0.75326,anc2_47_L_unrelaxed_rank_006_alphafold2_model_3_seed_000.pdb
706,47,Chemokine,0.75582,anc2_47_L_unrelaxed_rank_007_alphafold2_model_1_seed_000.pdb
707,47,Chemokine,0.75712,anc2_47_L_unrelaxed_rank_008_alphafold2_model_1_seed_002.pdb
708,47,Chemokine,0.76187,anc2_47_L_unrelaxed_rank_009_alphafold2_model_1_seed_004.pdb
709,47,Chemokine,0.75757,anc2_47_L_unrelaxed_rank_010_alphafold2_model_1_seed_001.pdb
710,47,Chemokine,0.7622,anc2_47_L_unrelaxed_rank_011_alphafold2_model_2_seed_002.pdb
711,47,Chemokine,0.75846,anc2_47_L_unrelaxed_rank_012_alphafold2_model_2_seed_004.pdb
712,47,Chemokine,0.75822,anc2_47_L_unrelaxed_rank_013_alphafold2_model_2_seed_003.pdb
713,47,Chemokine,0.75037,anc2_47_L_unrelaxed_rank_014_alphafold2_model_1_seed_003.pdb
714,47,Chemokine,0.7665,anc2_47_L_unrelaxed_rank_015_alphafold2_model_4_seed_002.pdb
715,47,Chemokine,0.76623,anc2_47_L_unrelaxed_rank_016_alphafold2_model_4_seed_003.pdb
716,47,Chemokine,0.7738,anc2_47_L_unrelaxed_rank_017_alphafold2_model_2_seed_000.pdb
717,47,Chemokine,0.76651,anc2_47_L_unrelaxed_rank_018_alphafold2_model_4_seed_004.pdb
718,47,Chemokine,0.76705,anc2_47_L_unrelaxed_rank_019_alphafold2_model_4_seed_001.pdb
719,47,Chemokine,0.76532,anc2_47_L_unrelaxed_rank_020_alphafold2_model_4_seed_000.pdb
720,47,Chemokine,0.75227,anc2_47_L_unrelaxed_rank_021_alphafold2_model_5_seed_002.pdb
721,47,Chemokine,0.74393,anc2_47_L_unrelaxed_rank_022_alphafold2_model_5_seed_004.pdb
722,47,Chemokine,0.75185,anc2_47_L_unrelaxed_rank_023_alphafold2_model_5_seed_003.pdb
723,47,Chemokine,0.74819,anc2_47_L_unrelaxed_rank_024_alphafold2_model_5_seed_000.pdb
724,47,Chemokine,0.75065,anc2_47_L_unrelaxed_rank_025_alphafold2_model_5_seed_001.pdb
725,47,Chemokine,0.76205,anc2_47_M_unrelaxed_rank_001_alphafold2_model_3_seed_002.pdb
726,47,Chemokine,0.75958,anc2_47_M_unrelaxed_rank_002_alphafold2_model_3_seed_004.pdb
727,47,Chemokine,0.76154,anc2_47_M_unrelaxed_rank_003_alphafold2_model_3_seed_003.pdb
728,47,Chemokine,0.76036,anc2_47_M_unrelaxed_rank_004_alphafold2_model_3_seed_000.pdb
729,47,Chemokine,0.76054,anc2_47_M_unrelaxed_rank_005_alphafold2_model_3_seed_001.pdb
730,47,Chemokine,0.76499,anc2_47_M_unrelaxed_rank_006_alphafold2_model_1_seed_004.pdb
731,47,Chemokine,0.76391,anc2_47_M_unrelaxed_rank_007_alphafold2_model_1_seed_003.pdb
732,47,Chemokine,0.76417,anc2_47_M_unrelaxed_rank_008_alphafold2_model_1_seed_002.pdb
733,47,Chemokine,0.76252,anc2_47_M_unrelaxed_rank_009_alphafold2_model_1_seed_001.pdb
734,47,Chemokine,0.76268,anc2_47_M_unrelaxed_rank_010_alphafold2_model_1_seed_000.pdb
735,47,Chemokine,0.78056,anc2_47_M_unrelaxed_rank_011_alphafold2_model_4_seed_002.pdb
736,47,Chemokine,0.78237,anc2_47_M_unrelaxed_rank_012_alphafold2_model_4_seed_001.pdb
737,47,Chemokine,0.76725,anc2_47_M_unrelaxed_rank_013_alphafold2_model_2_seed_002.pdb
738,47,Chemokine,0.78066,anc2_47_M_unrelaxed_rank_014_alphafold2_model_4_seed_004.pdb
739,47,Chemokine,0.78179,anc2_47_M_unrelaxed_rank_015_alphafold2_model_4_seed_003.pdb
740,47,Chemokine,0.76101,anc2_47_M_unrelaxed_rank_016_alphafold2_model_5_seed_002.pdb
741,47,Chemokine,0.76497,anc2_47_M_unrelaxed_rank_017_alphafold2_model_2_seed_004.pdb
742,47,Chemokine,0.76271,anc2_47_M_unrelaxed_rank_018_alphafold2_model_2_seed_000.pdb
743,47,Chemokine,0.76147,anc2_47_M_unrelaxed_rank_019_alphafold2_model_5_seed_004.pdb
744,47,Chemokine,0.76114,anc2_47_M_unrelaxed_rank_020_alphafold2_model_5_seed_003.pdb
745,47,Chemokine,0.78158,anc2_47_M_unrelaxed_rank_021_alphafold2_model_4_seed_000.pdb
746,47,Chemokine,0.76353,anc2_47_M_unrelaxed_rank_022_alphafold2_model_2_seed_001.pdb
747,47,Chemokine,0.75923,anc2_47_M_unrelaxed_rank_023_alphafold2_model_5_seed_001.pdb
748,47,Chemokine,0.76498,anc2_47_M_unrelaxed_rank_024_alphafold2_model_2_seed_003.pdb
749,47,Chemokine,0.76024,anc2_47_M_unrelaxed_rank_025_alphafold2_model_5_seed_000.pdb
750,36,Chemokine,0.78407,anc2a_36_A_unrelaxed_rank_001_alphafold2_model_2_seed_003.pdb
751,36,Chemokine,0.78666,anc2a_36_A_unrelaxed_rank_002_alphafold2_model_2_seed_004.pdb
752,36,Chemokine,0.74968,anc2a_36_A_unrelaxed_rank_003_alphafold2_model_3_seed_002.pdb
753,36,Chemokine,0.74713,anc2a_36_A_unrelaxed_rank_004_alphafold2_model_3_seed_004.pdb
754,36,Chemokine,0.74956,anc2a_36_A_unrelaxed_rank_005_alphafold2_model_3_seed_003.pdb
755,36,Chemokine,0.74766,anc2a_36_A_unrelaxed_rank_006_alphafold2_model_3_seed_000.pdb
756,36,Chemokine,0.74727,anc2a_36_A_unrelaxed_rank_007_alphafold2_model_3_seed_001.pdb
757,36,Chemokine,0.7598,anc2a_36_A_unrelaxed_rank_008_alphafold2_model_1_seed_002.pdb
758,36,Chemokine,0.76266,anc2a_36_A_unrelaxed_rank_009_alphafold2_model_1_seed_004.pdb
759,36,Chemokine,0.7631,anc2a_36_A_unrelaxed_rank_010_alphafold2_model_1_seed_001.pdb
760,36,Chemokine,0.75941,anc2a_36_A_unrelaxed_rank_011_alphafold2_model_1_seed_003.pdb
761,36,Chemokine,0.7613,anc2a_36_A_unrelaxed_rank_012_alphafold2_model_1_seed_000.pdb
762,36,Chemokine,0.75864,anc2a_36_A_unrelaxed_rank_013_alphafold2_model_2_seed_002.pdb
763,36,Chemokine,0.77058,anc2a_36_A_unrelaxed_rank_014_alphafold2_model_4_seed_002.pdb
764,36,Chemokine,0.7629,anc2a_36_A_unrelaxed_rank_015_alphafold2_model_2_seed_001.pdb
765,36,Chemokine,0.7575,anc2a_36_A_unrelaxed_rank_016_alphafold2_model_2_seed_000.pdb
766,36,Chemokine,0.76879,anc2a_36_A_unrelaxed_rank_017_alphafold2_model_4_seed_003.pdb
767,36,Chemokine,0.76878,anc2a_36_A_unrelaxed_rank_018_alphafold2_model_4_seed_001.pdb
768,36,Chemokine,0.76547,anc2a_36_A_unrelaxed_rank_019_alphafold2_model_4_seed_004.pdb
769,36,Chemokine,0.76737,anc2a_36_A_unrelaxed_rank_020_alphafold2_model_4_seed_000.pdb
770,36,Chemokine,0.75589,anc2a_36_A_unrelaxed_rank_021_alphafold2_model_5_seed_002.pdb
771,36,Chemokine,0.74977,anc2a_36_A_unrelaxed_rank_022_alphafold2_model_5_seed_004.pdb
772,36,Chemokine,0.75177,anc2a_36_A_unrelaxed_rank_023_alphafold2_model_5_seed_003.pdb
773,36,Chemokine,0.75059,anc2a_36_A_unrelaxed_rank_024_alphafold2_model_5_seed_000.pdb
774,36,Chemokine,0.75018,anc2a_36_A_unrelaxed_rank_025_alphafold2_model_5_seed_001.pdb
775,36,Chemokine,0.80938,anc2a_36_G_unrelaxed_rank_001_alphafold2_model_2_seed_003.pdb
776,36,Chemokine,0.76664,anc2a_36_G_unrelaxed_rank_002_alphafold2_model_2_seed_002.pdb
777,36,Chemokine,0.7707,anc2a_36_G_unrelaxed_rank_003_alphafold2_model_1_seed_002.pdb
778,36,Chemokine,0.76788,anc2a_36_G_unrelaxed_rank_004_alphafold2_model_1_seed_003.pdb
779,36,Chemokine,0.7695,anc2a_36_G_unrelaxed_rank_005_alphafold2_model_1_seed_001.pdb
780,36,Chemokine,0.73898,anc2a_36_G_unrelaxed_rank_006_alphafold2_model_3_seed_002.pdb
781,36,Chemokine,0.76413,anc2a_36_G_unrelaxed_rank_007_alphafold2_model_2_seed_001.pdb
782,36,Chemokine,0.76685,anc2a_36_G_unrelaxed_rank_008_alphafold2_model_1_seed_000.pdb
783,36,Chemokine,0.74407,anc2a_36_G_unrelaxed_rank_009_alphafold2_model_3_seed_004.pdb
784,36,Chemokine,0.768,anc2a_36_G_unrelaxed_rank_010_alphafold2_model_1_seed_004.pdb
785,36,Chemokine,0.74035,anc2a_36_G_unrelaxed_rank_011_alphafold2_model_3_seed_001.pdb
786,36,Chemokine,0.7409,anc2a_36_G_unrelaxed_rank_012_alphafold2_model_3_seed_003.pdb
787,36,Chemokine,0.76385,anc2a_36_G_unrelaxed_rank_013_alphafold2_model_2_seed_000.pdb
788,36,Chemokine,0.76663,anc2a_36_G_unrelaxed_rank_014_alphafold2_model_2_seed_004.pdb
789,36,Chemokine,0.74261,anc2a_36_G_unrelaxed_rank_015_alphafold2_model_3_seed_000.pdb
790,36,Chemokine,0.77826,anc2a_36_G_unrelaxed_rank_016_alphafold2_model_4_seed_004.pdb
791,36,Chemokine,0.77828,anc2a_36_G_unrelaxed_rank_017_alphafold2_model_4_seed_003.pdb
792,36,Chemokine,0.77719,anc2a_36_G_unrelaxed_rank_018_alphafold2_model_4_seed_002.pdb
793,36,Chemokine,0.77597,anc2a_36_G_unrelaxed_rank_019_alphafold2_model_4_seed_000.pdb
794,36,Chemokine,0.77495,anc2a_36_G_unrelaxed_rank_020_alphafold2_model_4_seed_001.pdb
795,36,Chemokine,0.75184,anc2a_36_G_unrelaxed_rank_021_alphafold2_model_5_seed_003.pdb
796,36,Chemokine,0.74219,anc2a_36_G_unrelaxed_rank_022_alphafold2_model_5_seed_001.pdb
797,36,Chemokine,0.74114,anc2a_36_G_unrelaxed_rank_023_alphafold2_model_5_seed_004.pdb
798,36,Chemokine,0.74356,anc2a_36_G_unrelaxed_rank_024_alphafold2_model_5_seed_000.pdb
799,36,Chemokine,0.74037,anc2a_36_G_unrelaxed_rank_025_alphafold2_model_5_seed_002.pdb
800,36,Chemokine,0.75166,anc2a_36_I_unrelaxed_rank_001_alphafold2_model_3_seed_002.pdb
801,36,Chemokine,0.75304,anc2a_36_I_unrelaxed_rank_002_alphafold2_model_3_seed_004.pdb
802,36,Chemokine,0.7527,anc2a_36_I_unrelaxed_rank_003_alphafold2_model_3_seed_003.pdb
803,36,Chemokine,0.75449,anc2a_36_I_unrelaxed_rank_004_alphafold2_model_3_seed_001.pdb
804,36,Chemokine,0.75522,anc2a_36_I_unrelaxed_rank_005_alphafold2_model_3_seed_000.pdb
805,36,Chemokine,0.75355,anc2a_36_I_unrelaxed_rank_006_alphafold2_model_1_seed_003.pdb
806,36,Chemokine,0.75462,anc2a_36_I_unrelaxed_rank_007_alphafold2_model_1_seed_002.pdb
807,36,Chemokine,0.75382,anc2a_36_I_unrelaxed_rank_008_alphafold2_model_4_seed_002.pdb
808,36,Chemokine,0.75745,anc2a_36_I_unrelaxed_rank_009_alphafold2_model_4_seed_003.pdb
809,36,Chemokine,0.7571,anc2a_36_I_unrelaxed_rank_010_alphafold2_model_4_seed_000.pdb
810,36,Chemokine,0.75315,anc2a_36_I_unrelaxed_rank_011_alphafold2_model_5_seed_004.pdb
811,36,Chemokine,0.75221,anc2a_36_I_unrelaxed_rank_012_alphafold2_model_5_seed_002.pdb
812,36,Chemokine,0.75595,anc2a_36_I_unrelaxed_rank_013_alphafold2_model_5_seed_003.pdb
813,36,Chemokine,0.75531,anc2a_36_I_unrelaxed_rank_014_alphafold2_model_5_seed_000.pdb
814,36,Chemokine,0.75608,anc2a_36_I_unrelaxed_rank_015_alphafold2_model_5_seed_001.pdb
815,36,Chemokine,0.75465,anc2a_36_I_unrelaxed_rank_016_alphafold2_model_4_seed_001.pdb
816,38,Chemokine,0.78407,anc2a_38_I_unrelaxed_rank_001_alphafold2_model_2_seed_003.pdb
817,38,Chemokine,0.78666,anc2a_38_I_unrelaxed_rank_002_alphafold2_model_2_seed_004.pdb
818,38,Chemokine,0.74968,anc2a_38_I_unrelaxed_rank_003_alphafold2_model_3_seed_002.pdb
819,38,Chemokine,0.74713,anc2a_38_I_unrelaxed_rank_004_alphafold2_model_3_seed_004.pdb
820,38,Chemokine,0.74956,anc2a_38_I_unrelaxed_rank_005_alphafold2_model_3_seed_003.pdb
821,38,Chemokine,0.74766,anc2a_38_I_unrelaxed_rank_006_alphafold2_model_3_seed_000.pdb
822,38,Chemokine,0.74727,anc2a_38_I_unrelaxed_rank_007_alphafold2_model_3_seed_001.pdb
823,38,Chemokine,0.7598,anc2a_38_I_unrelaxed_rank_008_alphafold2_model_1_seed_002.pdb
824,38,Chemokine,0.76266,anc2a_38_I_unrelaxed_rank_009_alphafold2_model_1_seed_004.pdb
825,38,Chemokine,0.7631,anc2a_38_I_unrelaxed_rank_010_alphafold2_model_1_seed_001.pdb
826,38,Chemokine,0.75941,anc2a_38_I_unrelaxed_rank_011_alphafold2_model_1_seed_003.pdb
827,38,Chemokine,0.7613,anc2a_38_I_unrelaxed_rank_012_alphafold2_model_1_seed_000.pdb
828,38,Chemokine,0.75864,anc2a_38_I_unrelaxed_rank_013_alphafold2_model_2_seed_002.pdb
829,38,Chemokine,0.77058,anc2a_38_I_unrelaxed_rank_014_alphafold2_model_4_seed_002.pdb
830,38,Chemokine,0.7629,anc2a_38_I_unrelaxed_rank_015_alphafold2_model_2_seed_001.pdb
831,38,Chemokine,0.7575,anc2a_38_I_unrelaxed_rank_016_alphafold2_model_2_seed_000.pdb
832,38,Chemokine,0.76879,anc2a_38_I_unrelaxed_rank_017_alphafold2_model_4_seed_003.pdb
833,38,Chemokine,0.76878,anc2a_38_I_unrelaxed_rank_018_alphafold2_model_4_seed_001.pdb
834,38,Chemokine,0.76547,anc2a_38_I_unrelaxed_rank_019_alphafold2_model_4_seed_004.pdb
835,38,Chemokine,0.76737,anc2a_38_I_unrelaxed_rank_020_alphafold2_model_4_seed_000.pdb
836,38,Chemokine,0.75589,anc2a_38_I_unrelaxed_rank_021_alphafold2_model_5_seed_002.pdb
837,38,Chemokine,0.74977,anc2a_38_I_unrelaxed_rank_022_alphafold2_model_5_seed_004.pdb
838,38,Chemokine,0.75177,anc2a_38_I_unrelaxed_rank_023_alphafold2_model_5_seed_003.pdb
839,38,Chemokine,0.75059,anc2a_38_I_unrelaxed_rank_024_alphafold2_model_5_seed_000.pdb
840,38,Chemokine,0.75018,anc2a_38_I_unrelaxed_rank_025_alphafold2_model_5_seed_001.pdb
841,38,Chemokine,0.7897,anc2a_38_L_unrelaxed_rank_001_alphafold2_model_2_seed_001.pdb
842,38,Chemokine,0.76431,anc2a_38_L_unrelaxed_rank_002_alphafold2_model_3_seed_002.pdb
843,38,Chemokine,0.76829,anc2a_38_L_unrelaxed_rank_003_alphafold2_model_3_seed_001.pdb
844,38,Chemokine,0.76863,anc2a_38_L_unrelaxed_rank_004_alphafold2_model_3_seed_004.pdb
845,38,Chemokine,0.76728,anc2a_38_L_unrelaxed_rank_005_alphafold2_model_3_seed_000.pdb
846,38,Chemokine,0.76309,anc2a_38_L_unrelaxed_rank_006_alphafold2_model_3_seed_003.pdb
847,38,Chemokine,0.76649,anc2a_38_L_unrelaxed_rank_007_alphafold2_model_1_seed_002.pdb
848,38,Chemokine,0.77808,anc2a_38_L_unrelaxed_rank_008_alphafold2_model_1_seed_001.pdb
849,38,Chemokine,0.76933,anc2a_38_L_unrelaxed_rank_009_alphafold2_model_1_seed_003.pdb
850,38,Chemokine,0.77409,anc2a_38_L_unrelaxed_rank_010_alphafold2_model_1_seed_000.pdb
851,38,Chemokine,0.77914,anc2a_38_L_unrelaxed_rank_011_alphafold2_model_1_seed_004.pdb
852,38,Chemokine,0.79033,anc2a_38_L_unrelaxed_rank_012_alphafold2_model_4_seed_002.pdb
853,38,Chemokine,0.78829,anc2a_38_L_unrelaxed_rank_013_alphafold2_model_4_seed_004.pdb
854,38,Chemokine,0.77845,anc2a_38_L_unrelaxed_rank_014_alphafold2_model_2_seed_003.pdb
855,38,Chemokine,0.77756,anc2a_38_L_unrelaxed_rank_015_alphafold2_model_2_seed_002.pdb
856,38,Chemokine,0.77884,anc2a_38_L_unrelaxed_rank_016_alphafold2_model_2_seed_000.pdb
857,38,Chemokine,0.79052,anc2a_38_L_unrelaxed_rank_017_alphafold2_model_4_seed_003.pdb
858,38,Chemokine,0.79013,anc2a_38_L_unrelaxed_rank_018_alphafold2_model_4_seed_000.pdb
859,38,Chemokine,0.77817,anc2a_38_L_unrelaxed_rank_019_alphafold2_model_2_seed_004.pdb
860,38,Chemokine,0.78532,anc2a_38_L_unrelaxed_rank_020_alphafold2_model_4_seed_001.pdb
861,38,Chemokine,0.76891,anc2a_38_L_unrelaxed_rank_021_alphafold2_model_5_seed_002.pdb
862,38,Chemokine,0.76291,anc2a_38_L_unrelaxed_rank_022_alphafold2_model_5_seed_004.pdb
863,38,Chemokine,0.76003,anc2a_38_L_unrelaxed_rank_023_alphafold2_model_5_seed_003.pdb
864,38,Chemokine,0.7588,anc2a_38_L_unrelaxed_rank_024_alphafold2_model_5_seed_001.pdb
865,38,Chemokine,0.75988,anc2a_38_L_unrelaxed_rank_025_alphafold2_model_5_seed_000.pdb
866,38,Chemokine,0.75947,anc2a_38_V_unrelaxed_rank_001_alphafold2_model_3_seed_003.pdb
867,38,Chemokine,0.75891,anc2a_38_V_unrelaxed_rank_002_alphafold2_model_3_seed_004.pdb
868,38,Chemokine,0.75641,anc2a_38_V_unrelaxed_rank_003_alphafold2_model_3_seed_002.pdb
869,38,Chemokine,0.76003,anc2a_38_V_unrelaxed_rank_004_alphafold2_model_3_seed_001.pdb
870,38,Chemokine,0.75949,anc2a_38_V_unrelaxed_rank_005_alphafold2_model_3_seed_000.pdb
871,38,Chemokine,0.77119,anc2a_38_V_unrelaxed_rank_006_alphafold2_model_1_seed_000.pdb
872,38,Chemokine,0.76827,anc2a_38_V_unrelaxed_rank_007_alphafold2_model_1_seed_002.pdb
873,38,Chemokine,0.76718,anc2a_38_V_unrelaxed_rank_008_alphafold2_model_1_seed_004.pdb
874,38,Chemokine,0.76869,anc2a_38_V_unrelaxed_rank_009_alphafold2_model_1_seed_001.pdb
875,38,Chemokine,0.76363,anc2a_38_V_unrelaxed_rank_010_alphafold2_model_1_seed_003.pdb
876,38,Chemokine,0.79193,anc2a_38_V_unrelaxed_rank_011_alphafold2_model_2_seed_004.pdb
877,38,Chemokine,0.76793,anc2a_38_V_unrelaxed_rank_012_alphafold2_model_2_seed_002.pdb
878,38,Chemokine,0.76524,anc2a_38_V_unrelaxed_rank_013_alphafold2_model_2_seed_003.pdb
879,38,Chemokine,0.76396,anc2a_38_V_unrelaxed_rank_014_alphafold2_model_2_seed_001.pdb
880,38,Chemokine,0.76435,anc2a_38_V_unrelaxed_rank_015_alphafold2_model_2_seed_000.pdb
881,38,Chemokine,0.77431,anc2a_38_V_unrelaxed_rank_016_alphafold2_model_4_seed_003.pdb
882,38,Chemokine,0.77345,anc2a_38_V_unrelaxed_rank_017_alphafold2_model_4_seed_004.pdb
883,38,Chemokine,0.7709,anc2a_38_V_unrelaxed_rank_018_alphafold2_model_4_seed_000.pdb
884,38,Chemokine,0.77285,anc2a_38_V_unrelaxed_rank_019_alphafold2_model_4_seed_002.pdb
885,38,Chemokine,0.77014,anc2a_38_V_unrelaxed_rank_020_alphafold2_model_4_seed_001.pdb
886,38,Chemokine,0.76104,anc2a_38_V_unrelaxed_rank_021_alphafold2_model_5_seed_002.pdb
887,38,Chemokine,0.75747,anc2a_38_V_unrelaxed_rank_022_alphafold2_model_5_seed_004.pdb
888,38,Chemokine,0.75985,anc2a_38_V_unrelaxed_rank_023_alphafold2_model_5_seed_003.pdb
889,38,Chemokine,0.75786,anc2a_38_V_unrelaxed_rank_024_alphafold2_model_5_seed_001.pdb
890,38,Chemokine,0.75714,anc2a_38_V_unrelaxed_rank_025_alphafold2_model_5_seed_000.pdb
891,40,Dimer,0.52475,anc2a_40_G_unrelaxed_rank_001_alphafold2_model_2_seed_000.pdb
892,40,Dimer,0.52446,anc2a_40_G_unrelaxed_rank_002_alphafold2_model_2_seed_001.pdb
893,40,Dimer,0.52592,anc2a_40_G_unrelaxed_rank_003_alphafold2_model_2_seed_004.pdb
894,40,Dimer,0.53995,anc2a_40_G_unrelaxed_rank_004_alphafold2_model_1_seed_003.pdb
895,40,Dimer,0.53822,anc2a_40_G_unrelaxed_rank_005_alphafold2_model_1_seed_000.pdb
896,40,Dimer,0.50504,anc2a_40_G_unrelaxed_rank_006_alphafold2_model_2_seed_002.pdb
897,40,Dimer,0.53504,anc2a_40_G_unrelaxed_rank_007_alphafold2_model_1_seed_001.pdb
898,40,Dimer,0.53972,anc2a_40_G_unrelaxed_rank_008_alphafold2_model_4_seed_001.pdb
899,40,Dimer,0.53919,anc2a_40_G_unrelaxed_rank_009_alphafold2_model_4_seed_000.pdb
900,40,Dimer,0.53872,anc2a_40_G_unrelaxed_rank_010_alphafold2_model_4_seed_002.pdb
901,40,Dimer,0.53932,anc2a_40_G_unrelaxed_rank_011_alphafold2_model_4_seed_004.pdb
902,40,Dimer,0.53833,anc2a_40_G_unrelaxed_rank_012_alphafold2_model_4_seed_003.pdb
903,40,Chemokine,0.77534,anc2a_40_I_unrelaxed_rank_001_alphafold2_model_2_seed_004.pdb
904,40,Chemokine,0.747,anc2a_40_I_unrelaxed_rank_002_alphafold2_model_3_seed_002.pdb
905,40,Chemokine,0.74921,anc2a_40_I_unrelaxed_rank_003_alphafold2_model_3_seed_000.pdb
906,40,Chemokine,0.74914,anc2a_40_I_unrelaxed_rank_004_alphafold2_model_3_seed_001.pdb
907,40,Chemokine,0.75183,anc2a_40_I_unrelaxed_rank_005_alphafold2_model_3_seed_003.pdb
908,40,Chemokine,0.75373,anc2a_40_I_unrelaxed_rank_006_alphafold2_model_1_seed_002.pdb
909,40,Chemokine,0.75253,anc2a_40_I_unrelaxed_rank_007_alphafold2_model_1_seed_003.pdb
910,40,Chemokine,0.75657,anc2a_40_I_unrelaxed_rank_008_alphafold2_model_1_seed_004.pdb
911,40,Chemokine,0.76181,anc2a_40_I_unrelaxed_rank_009_alphafold2_model_2_seed_002.pdb
912,40,Chemokine,0.75556,anc2a_40_I_unrelaxed_rank_010_alphafold2_model_1_seed_001.pdb
913,40,Chemokine,0.75404,anc2a_40_I_unrelaxed_rank_011_alphafold2_model_1_seed_000.pdb
914,40,Chemokine,0.75755,anc2a_40_I_unrelaxed_rank_012_alphafold2_model_2_seed_003.pdb
915,40,Chemokine,0.75664,anc2a_40_I_unrelaxed_rank_013_alphafold2_model_2_seed_001.pdb
916,40,Chemokine,0.75598,anc2a_40_I_unrelaxed_rank_014_alphafold2_model_2_seed_000.pdb
917,40,Chemokine,0.75062,anc2a_40_I_unrelaxed_rank_015_alphafold2_model_5_seed_004.pdb
918,40,Chemokine,0.7543,anc2a_40_I_unrelaxed_rank_016_alphafold2_model_5_seed_003.pdb
919,40,Chemokine,0.75187,anc2a_40_I_unrelaxed_rank_017_alphafold2_model_5_seed_001.pdb
920,40,Chemokine,0.7507,anc2a_40_I_unrelaxed_rank_018_alphafold2_model_5_seed_000.pdb
921,40,Chemokine,0.76172,anc2a_40_I_unrelaxed_rank_019_alphafold2_model_5_seed_002.pdb
922,40,Chemokine,0.68399,anc2a_40_I_unrelaxed_rank_020_alphafold2_model_4_seed_004.pdb
923,40,Chemokine,0.68732,anc2a_40_I_unrelaxed_rank_021_alphafold2_model_4_seed_003.pdb
924,40,Chemokine,0.68596,anc2a_40_I_unrelaxed_rank_022_alphafold2_model_4_seed_001.pdb
925,40,Chemokine,0.68366,anc2a_40_I_unrelaxed_rank_023_alphafold2_model_4_seed_002.pdb
926,40,Chemokine,0.68199,anc2a_40_I_unrelaxed_rank_024_alphafold2_model_4_seed_000.pdb
927,40,Chemokine,0.76487,anc2a_40_V_unrelaxed_rank_001_alphafold2_model_1_seed_002.pdb
928,40,Chemokine,0.75131,anc2a_40_V_unrelaxed_rank_002_alphafold2_model_3_seed_001.pdb
929,40,Chemokine,0.75347,anc2a_40_V_unrelaxed_rank_003_alphafold2_model_3_seed_002.pdb
930,40,Chemokine,0.76365,anc2a_40_V_unrelaxed_rank_004_alphafold2_model_1_seed_004.pdb
931,40,Chemokine,0.75812,anc2a_40_V_unrelaxed_rank_005_alphafold2_model_1_seed_000.pdb
932,40,Chemokine,0.76109,anc2a_40_V_unrelaxed_rank_006_alphafold2_model_1_seed_001.pdb
933,40,Chemokine,0.75596,anc2a_40_V_unrelaxed_rank_007_alphafold2_model_1_seed_003.pdb
934,40,Chemokine,0.74992,anc2a_40_V_unrelaxed_rank_008_alphafold2_model_3_seed_003.pdb
935,40,Chemokine,0.76645,anc2a_40_V_unrelaxed_rank_009_alphafold2_model_2_seed_002.pdb
936,40,Chemokine,0.76314,anc2a_40_V_unrelaxed_rank_010_alphafold2_model_2_seed_003.pdb
937,40,Chemokine,0.7624,anc2a_40_V_unrelaxed_rank_011_alphafold2_model_2_seed_004.pdb
938,40,Chemokine,0.76158,anc2a_40_V_unrelaxed_rank_012_alphafold2_model_2_seed_001.pdb
939,40,Chemokine,0.76247,anc2a_40_V_unrelaxed_rank_013_alphafold2_model_2_seed_000.pdb
940,40,Chemokine,0.76175,anc2a_40_V_unrelaxed_rank_014_alphafold2_model_3_seed_000.pdb
941,40,Chemokine,0.7586,anc2a_40_V_unrelaxed_rank_015_alphafold2_model_5_seed_003.pdb
942,40,Chemokine,0.75689,anc2a_40_V_unrelaxed_rank_016_alphafold2_model_5_seed_004.pdb
943,40,Chemokine,0.75708,anc2a_40_V_unrelaxed_rank_017_alphafold2_model_5_seed_002.pdb
944,40,Chemokine,0.75765,anc2a_40_V_unrelaxed_rank_018_alphafold2_model_5_seed_001.pdb
945,40,Chemokine,0.75637,anc2a_40_V_unrelaxed_rank_019_alphafold2_model_5_seed_000.pdb
946,40,Chemokine,0.68898,anc2a_40_V_unrelaxed_rank_020_alphafold2_model_4_seed_003.pdb
947,40,Chemokine,0.68569,anc2a_40_V_unrelaxed_rank_021_alphafold2_model_4_seed_004.pdb
948,40,Chemokine,0.69342,anc2a_40_V_unrelaxed_rank_022_alphafold2_model_4_seed_001.pdb
949,40,Chemokine,0.68996,anc2a_40_V_unrelaxed_rank_023_alphafold2_model_4_seed_002.pdb
950,40,Chemokine,0.69045,anc2a_40_V_unrelaxed_rank_024_alphafold2_model_4_seed_000.pdb
951,45,Dimer,0.53606,anc2a_45_I_unrelaxed_rank_001_alphafold2_model_2_seed_004.pdb
952,45,Dimer,0.5347,anc2a_45_I_unrelaxed_rank_002_alphafold2_model_2_seed_001.pdb
953,45,Dimer,0.52333,anc2a_45_I_unrelaxed_rank_003_alphafold2_model_2_seed_003.pdb
954,45,Dimer,0.554,anc2a_45_I_unrelaxed_rank_004_alphafold2_model_2_seed_000.pdb
955,45,Dimer,0.54418,anc2a_45_I_unrelaxed_rank_005_alphafold2_model_3_seed_001.pdb
956,45,Dimer,0.52023,anc2a_45_I_unrelaxed_rank_006_alphafold2_model_2_seed_002.pdb
957,45,Dimer,0.54297,anc2a_45_I_unrelaxed_rank_007_alphafold2_model_3_seed_004.pdb
958,45,Dimer,0.53728,anc2a_45_I_unrelaxed_rank_008_alphafold2_model_1_seed_004.pdb
959,45,Dimer,0.54285,anc2a_45_I_unrelaxed_rank_009_alphafold2_model_3_seed_000.pdb
960,45,Dimer,0.54379,anc2a_45_I_unrelaxed_rank_010_alphafold2_model_3_seed_003.pdb
961,45,Dimer,0.54254,anc2a_45_I_unrelaxed_rank_011_alphafold2_model_1_seed_003.pdb
962,45,Dimer,0.54116,anc2a_45_I_unrelaxed_rank_012_alphafold2_model_1_seed_001.pdb
963,45,Chemokine,0.74349,anc2a_45_I_unrelaxed_rank_013_alphafold2_model_5_seed_001.pdb
964,45,Dimer,0.54733,anc2a_45_I_unrelaxed_rank_014_alphafold2_model_1_seed_002.pdb
965,45,Dimer,0.54112,anc2a_45_I_unrelaxed_rank_015_alphafold2_model_3_seed_002.pdb
966,45,Dimer,0.54549,anc2a_45_I_unrelaxed_rank_016_alphafold2_model_1_seed_000.pdb
967,45,Dimer,0.54625,anc2a_45_I_unrelaxed_rank_017_alphafold2_model_4_seed_002.pdb
968,45,Dimer,0.53833,anc2a_45_I_unrelaxed_rank_018_alphafold2_model_4_seed_001.pdb
969,45,Dimer,0.54242,anc2a_45_I_unrelaxed_rank_019_alphafold2_model_4_seed_000.pdb
970,45,Dimer,0.53712,anc2a_45_I_unrelaxed_rank_020_alphafold2_model_4_seed_003.pdb
971,45,Dimer,0.53759,anc2a_45_I_unrelaxed_rank_021_alphafold2_model_4_seed_004.pdb
972,45,Chemokine,0.71247,anc2a_45_I_unrelaxed_rank_022_alphafold2_model_5_seed_002.pdb
973,45,Dimer,0.50547,anc2a_45_L_unrelaxed_rank_001_alphafold2_model_2_seed_000.pdb
974,45,Dimer,0.50729,anc2a_45_L_unrelaxed_rank_002_alphafold2_model_2_seed_001.pdb
975,45,Dimer,0.51366,anc2a_45_L_unrelaxed_rank_004_alphafold2_model_3_seed_003.pdb
976,45,Dimer,0.50584,anc2a_45_L_unrelaxed_rank_005_alphafold2_model_3_seed_004.pdb
977,45,Dimer,0.51284,anc2a_45_L_unrelaxed_rank_006_alphafold2_model_3_seed_001.pdb
978,45,Chemokine,0.76227,anc2a_45_L_unrelaxed_rank_007_alphafold2_model_5_seed_002.pdb
979,45,Chemokine,0.74791,anc2a_45_L_unrelaxed_rank_008_alphafold2_model_5_seed_001.pdb
980,45,Chemokine,0.75321,anc2a_45_L_unrelaxed_rank_009_alphafold2_model_5_seed_000.pdb
981,45,Dimer,0.51269,anc2a_45_L_unrelaxed_rank_010_alphafold2_model_1_seed_001.pdb
982,45,Chemokine,0.7391,anc2a_45_L_unrelaxed_rank_011_alphafold2_model_5_seed_004.pdb
983,45,Dimer,0.51125,anc2a_45_L_unrelaxed_rank_012_alphafold2_model_3_seed_000.pdb
984,45,Chemokine,0.76975,anc2a_45_L_unrelaxed_rank_013_alphafold2_model_5_seed_003.pdb
985,45,Dimer,0.50812,anc2a_45_L_unrelaxed_rank_014_alphafold2_model_1_seed_000.pdb
986,45,Dimer,0.5061,anc2a_45_L_unrelaxed_rank_015_alphafold2_model_1_seed_004.pdb
987,45,Dimer,0.5229,anc2a_45_L_unrelaxed_rank_016_alphafold2_model_4_seed_003.pdb
988,45,Dimer,0.51477,anc2a_45_L_unrelaxed_rank_017_alphafold2_model_4_seed_002.pdb
989,45,Dimer,0.51462,anc2a_45_L_unrelaxed_rank_018_alphafold2_model_4_seed_001.pdb
990,45,Dimer,0.51345,anc2a_45_L_unrelaxed_rank_019_alphafold2_model_4_seed_004.pdb
991,45,Dimer,0.5121,anc2a_45_L_unrelaxed_rank_020_alphafold2_model_4_seed_000.pdb
992,45,Dimer,0.52171,anc2a_45_V_unrelaxed_rank_001_alphafold2_model_2_seed_004.pdb
993,45,Dimer,0.52443,anc2a_45_V_unrelaxed_rank_002_alphafold2_model_2_seed_001.pdb
994,45,Dimer,0.52477,anc2a_45_V_unrelaxed_rank_003_alphafold2_model_2_seed_000.pdb
995,45,Dimer,0.53344,anc2a_45_V_unrelaxed_rank_004_alphafold2_model_1_seed_001.pdb
996,45,Dimer,0.53715,anc2a_45_V_unrelaxed_rank_005_alphafold2_model_1_seed_004.pdb
997,45,Dimer,0.53715,anc2a_45_V_unrelaxed_rank_006_alphafold2_model_1_seed_000.pdb
998,45,Dimer,0.53514,anc2a_45_V_unrelaxed_rank_007_alphafold2_model_3_seed_000.pdb
999,45,Dimer,0.544,anc2a_45_V_unrelaxed_rank_008_alphafold2_model_3_seed_001.pdb
1000,45,Dimer,0.54409,anc2a_45_V_unrelaxed_rank_009_alphafold2_model_3_seed_003.pdb
1001,45,Chemokine,0.758,anc2a_45_V_unrelaxed_rank_010_alphafold2_model_5_seed_002.pdb
1002,45,Dimer,0.54945,anc2a_45_V_unrelaxed_rank_011_alphafold2_model_1_seed_003.pdb
1003,45,Chemokine,0.7392,anc2a_45_V_unrelaxed_rank_012_alphafold2_model_5_seed_001.pdb
1004,45,Chemokine,0.73959,anc2a_45_V_unrelaxed_rank_013_alphafold2_model_5_seed_003.pdb
1005,45,Dimer,0.53902,anc2a_45_V_unrelaxed_rank_014_alphafold2_model_4_seed_002.pdb
1006,45,Dimer,0.54719,anc2a_45_V_unrelaxed_rank_015_alphafold2_model_1_seed_002.pdb
1007,45,Dimer,0.53944,anc2a_45_V_unrelaxed_rank_016_alphafold2_model_4_seed_001.pdb
1008,45,Chemokine,0.75645,anc2a_45_V_unrelaxed_rank_017_alphafold2_model_5_seed_000.pdb
1009,45,Dimer,0.53897,anc2a_45_V_unrelaxed_rank_018_alphafold2_model_4_seed_004.pdb
1010,45,Dimer,0.54218,anc2a_45_V_unrelaxed_rank_019_alphafold2_model_3_seed_004.pdb
1011,45,Dimer,0.53847,anc2a_45_V_unrelaxed_rank_020_alphafold2_model_4_seed_003.pdb
1012,45,Dimer,0.53578,anc2a_45_V_unrelaxed_rank_021_alphafold2_model_3_seed_002.pdb
1013,45,Chemokine,0.70741,anc2a_45_V_unrelaxed_rank_023_alphafold2_model_5_seed_004.pdb
1014,47,Chemokine,0.78407,anc2a_47_I_unrelaxed_rank_001_alphafold2_model_2_seed_003.pdb
1015,47,Chemokine,0.78666,anc2a_47_I_unrelaxed_rank_002_alphafold2_model_2_seed_004.pdb
1016,47,Chemokine,0.74968,anc2a_47_I_unrelaxed_rank_003_alphafold2_model_3_seed_002.pdb
1017,47,Chemokine,0.74713,anc2a_47_I_unrelaxed_rank_004_alphafold2_model_3_seed_004.pdb
1018,47,Chemokine,0.74956,anc2a_47_I_unrelaxed_rank_005_alphafold2_model_3_seed_003.pdb
1019,47,Chemokine,0.74766,anc2a_47_I_unrelaxed_rank_006_alphafold2_model_3_seed_000.pdb
1020,47,Chemokine,0.74727,anc2a_47_I_unrelaxed_rank_007_alphafold2_model_3_seed_001.pdb
1021,47,Chemokine,0.7598,anc2a_47_I_unrelaxed_rank_008_alphafold2_model_1_seed_002.pdb
1022,47,Chemokine,0.76266,anc2a_47_I_unrelaxed_rank_009_alphafold2_model_1_seed_004.pdb
1023,47,Chemokine,0.7631,anc2a_47_I_unrelaxed_rank_010_alphafold2_model_1_seed_001.pdb
1024,47,Chemokine,0.75941,anc2a_47_I_unrelaxed_rank_011_alphafold2_model_1_seed_003.pdb
1025,47,Chemokine,0.7613,anc2a_47_I_unrelaxed_rank_012_alphafold2_model_1_seed_000.pdb
1026,47,Chemokine,0.75864,anc2a_47_I_unrelaxed_rank_013_alphafold2_model_2_seed_002.pdb
1027,47,Chemokine,0.77058,anc2a_47_I_unrelaxed_rank_014_alphafold2_model_4_seed_002.pdb
1028,47,Chemokine,0.7629,anc2a_47_I_unrelaxed_rank_015_alphafold2_model_2_seed_001.pdb
1029,47,Chemokine,0.7575,anc2a_47_I_unrelaxed_rank_016_alphafold2_model_2_seed_000.pdb
1030,47,Chemokine,0.76879,anc2a_47_I_unrelaxed_rank_017_alphafold2_model_4_seed_003.pdb
1031,47,Chemokine,0.76878,anc2a_47_I_unrelaxed_rank_018_alphafold2_model_4_seed_001.pdb
1032,47,Chemokine,0.76547,anc2a_47_I_unrelaxed_rank_019_alphafold2_model_4_seed_004.pdb
1033,47,Chemokine,0.76737,anc2a_47_I_unrelaxed_rank_020_alphafold2_model_4_seed_000.pdb
1034,47,Chemokine,0.75589,anc2a_47_I_unrelaxed_rank_021_alphafold2_model_5_seed_002.pdb
1035,47,Chemokine,0.74977,anc2a_47_I_unrelaxed_rank_022_alphafold2_model_5_seed_004.pdb
1036,47,Chemokine,0.75177,anc2a_47_I_unrelaxed_rank_023_alphafold2_model_5_seed_003.pdb
1037,47,Chemokine,0.75059,anc2a_47_I_unrelaxed_rank_024_alphafold2_model_5_seed_000.pdb
1038,47,Chemokine,0.75018,anc2a_47_I_unrelaxed_rank_025_alphafold2_model_5_seed_001.pdb
1039,47,Chemokine,0.78511,anc2a_47_L_unrelaxed_rank_001_alphafold2_model_2_seed_001.pdb
1040,47,Chemokine,0.75279,anc2a_47_L_unrelaxed_rank_002_alphafold2_model_3_seed_003.pdb
1041,47,Chemokine,0.75141,anc2a_47_L_unrelaxed_rank_003_alphafold2_model_3_seed_002.pdb
1042,47,Chemokine,0.75253,anc2a_47_L_unrelaxed_rank_004_alphafold2_model_3_seed_004.pdb
1043,47,Chemokine,0.75309,anc2a_47_L_unrelaxed_rank_005_alphafold2_model_3_seed_001.pdb
1044,47,Chemokine,0.75326,anc2a_47_L_unrelaxed_rank_006_alphafold2_model_3_seed_000.pdb
1045,47,Chemokine,0.75582,anc2a_47_L_unrelaxed_rank_007_alphafold2_model_1_seed_000.pdb
1046,47,Chemokine,0.75712,anc2a_47_L_unrelaxed_rank_008_alphafold2_model_1_seed_002.pdb
1047,47,Chemokine,0.76187,anc2a_47_L_unrelaxed_rank_009_alphafold2_model_1_seed_004.pdb
1048,47,Chemokine,0.75757,anc2a_47_L_unrelaxed_rank_010_alphafold2_model_1_seed_001.pdb
1049,47,Chemokine,0.7622,anc2a_47_L_unrelaxed_rank_011_alphafold2_model_2_seed_002.pdb
1050,47,Chemokine,0.75846,anc2a_47_L_unrelaxed_rank_012_alphafold2_model_2_seed_004.pdb
1051,47,Chemokine,0.75822,anc2a_47_L_unrelaxed_rank_013_alphafold2_model_2_seed_003.pdb
1052,47,Chemokine,0.75037,anc2a_47_L_unrelaxed_rank_014_alphafold2_model_1_seed_003.pdb
1053,47,Chemokine,0.7665,anc2a_47_L_unrelaxed_rank_015_alphafold2_model_4_seed_002.pdb
1054,47,Chemokine,0.76623,anc2a_47_L_unrelaxed_rank_016_alphafold2_model_4_seed_003.pdb
1055,47,Chemokine,0.7738,anc2a_47_L_unrelaxed_rank_017_alphafold2_model_2_seed_000.pdb
1056,47,Chemokine,0.76651,anc2a_47_L_unrelaxed_rank_018_alphafold2_model_4_seed_004.pdb
1057,47,Chemokine,0.76705,anc2a_47_L_unrelaxed_rank_019_alphafold2_model_4_seed_001.pdb
1058,47,Chemokine,0.76532,anc2a_47_L_unrelaxed_rank_020_alphafold2_model_4_seed_000.pdb
1059,47,Chemokine,0.75227,anc2a_47_L_unrelaxed_rank_021_alphafold2_model_5_seed_002.pdb
1060,47,Chemokine,0.74393,anc2a_47_L_unrelaxed_rank_022_alphafold2_model_5_seed_004.pdb
1061,47,Chemokine,0.75185,anc2a_47_L_unrelaxed_rank_023_alphafold2_model_5_seed_003.pdb
1062,47,Chemokine,0.74819,anc2a_47_L_unrelaxed_rank_024_alphafold2_model_5_seed_000.pdb
1063,47,Chemokine,0.75065,anc2a_47_L_unrelaxed_rank_025_alphafold2_model_5_seed_001.pdb
1064,47,Chemokine,0.76205,anc2a_47_M_unrelaxed_rank_001_alphafold2_model_3_seed_002.pdb
1065,47,Chemokine,0.75958,anc2a_47_M_unrelaxed_rank_002_alphafold2_model_3_seed_004.pdb
1066,47,Chemokine,0.76154,anc2a_47_M_unrelaxed_rank_003_alphafold2_model_3_seed_003.pdb
1067,47,Chemokine,0.76036,anc2a_47_M_unrelaxed_rank_004_alphafold2_model_3_seed_000.pdb
1068,47,Chemokine,0.76054,anc2a_47_M_unrelaxed_rank_005_alphafold2_model_3_seed_001.pdb
1069,47,Chemokine,0.76499,anc2a_47_M_unrelaxed_rank_006_alphafold2_model_1_seed_004.pdb
1070,47,Chemokine,0.76391,anc2a_47_M_unrelaxed_rank_007_alphafold2_model_1_seed_003.pdb
1071,47,Chemokine,0.76417,anc2a_47_M_unrelaxed_rank_008_alphafold2_model_1_seed_002.pdb
1072,47,Chemokine,0.76252,anc2a_47_M_unrelaxed_rank_009_alphafold2_model_1_seed_001.pdb
1073,47,Chemokine,0.76268,anc2a_47_M_unrelaxed_rank_010_alphafold2_model_1_seed_000.pdb
1074,47,Chemokine,0.78056,anc2a_47_M_unrelaxed_rank_011_alphafold2_model_4_seed_002.pdb
1075,47,Chemokine,0.78237,anc2a_47_M_unrelaxed_rank_012_alphafold2_model_4_seed_001.pdb
1076,47,Chemokine,0.76725,anc2a_47_M_unrelaxed_rank_013_alphafold2_model_2_seed_002.pdb
1077,47,Chemokine,0.78066,anc2a_47_M_unrelaxed_rank_014_alphafold2_model_4_seed_004.pdb
1078,47,Chemokine,0.78179,anc2a_47_M_unrelaxed_rank_015_alphafold2_model_4_seed_003.pdb
1079,47,Chemokine,0.76101,anc2a_47_M_unrelaxed_rank_016_alphafold2_model_5_seed_002.pdb
1080,47,Chemokine,0.76497,anc2a_47_M_unrelaxed_rank_017_alphafold2_model_2_seed_004.pdb
1081,47,Chemokine,0.76271,anc2a_47_M_unrelaxed_rank_018_alphafold2_model_2_seed_000.pdb
1082,47,Chemokine,0.76147,anc2a_47_M_unrelaxed_rank_019_alphafold2_model_5_seed_004.pdb
1083,47,Chemokine,0.76114,anc2a_47_M_unrelaxed_rank_020_alphafold2_model_5_seed_003.pdb
1084,47,Chemokine,0.78158,anc2a_47_M_unrelaxed_rank_021_alphafold2_model_4_seed_000.pdb
1085,47,Chemokine,0.76353,anc2a_47_M_unrelaxed_rank_022_alphafold2_model_2_seed_001.pdb
1086,47,Chemokine,0.75923,anc2a_47_M_unrelaxed_rank_023_alphafold2_model_5_seed_001.pdb
1087,47,Chemokine,0.76498,anc2a_47_M_unrelaxed_rank_024_alphafold2_model_2_seed_003.pdb
1088,47,Chemokine,0.76024,anc2a_47_M_unrelaxed_rank_025_alphafold2_model_5_seed_000.pdb
1089,I,Chemokine,0.78365,anc2a_I_unrelaxed_rank_001_alphafold2_model_2_seed_001.pdb
1090,I,Chemokine,0.78376,anc2a_I_unrelaxed_rank_002_alphafold2_model_2_seed_003.pdb
1091,I,Chemokine,0.75714,anc2a_I_unrelaxed_rank_003_alphafold2_model_3_seed_002.pdb
1092,I,Chemokine,0.75731,anc2a_I_unrelaxed_rank_004_alphafold2_model_3_seed_000.pdb
1093,I,Chemokine,0.75484,anc2a_I_unrelaxed_rank_005_alphafold2_model_3_seed_004.pdb
1094,I,Chemokine,0.75683,anc2a_I_unrelaxed_rank_006_alphafold2_model_3_seed_001.pdb
1095,I,Chemokine,0.75445,anc2a_I_unrelaxed_rank_007_alphafold2_model_3_seed_003.pdb
1096,I,Chemokine,0.76756,anc2a_I_unrelaxed_rank_008_alphafold2_model_1_seed_002.pdb
1097,I,Chemokine,0.76706,anc2a_I_unrelaxed_rank_009_alphafold2_model_1_seed_004.pdb
1098,I,Chemokine,0.76892,anc2a_I_unrelaxed_rank_010_alphafold2_model_1_seed_001.pdb
1099,I,Chemokine,0.76439,anc2a_I_unrelaxed_rank_011_alphafold2_model_2_seed_002.pdb
1100,I,Chemokine,0.76643,anc2a_I_unrelaxed_rank_012_alphafold2_model_1_seed_000.pdb
1101,I,Chemokine,0.76351,anc2a_I_unrelaxed_rank_013_alphafold2_model_1_seed_003.pdb
1102,I,Chemokine,0.76182,anc2a_I_unrelaxed_rank_014_alphafold2_model_2_seed_000.pdb
1103,I,Chemokine,0.76711,anc2a_I_unrelaxed_rank_015_alphafold2_model_2_seed_004.pdb
1104,I,Chemokine,0.77167,anc2a_I_unrelaxed_rank_016_alphafold2_model_4_seed_003.pdb
1105,I,Chemokine,0.77256,anc2a_I_unrelaxed_rank_017_alphafold2_model_4_seed_002.pdb
1106,I,Chemokine,0.77051,anc2a_I_unrelaxed_rank_018_alphafold2_model_4_seed_001.pdb
1107,I,Chemokine,0.77768,anc2a_I_unrelaxed_rank_019_alphafold2_model_4_seed_004.pdb
1108,I,Chemokine,0.77104,anc2a_I_unrelaxed_rank_020_alphafold2_model_4_seed_000.pdb
1109,I,Chemokine,0.76768,anc2a_I_unrelaxed_rank_021_alphafold2_model_5_seed_002.pdb
1110,I,Chemokine,0.76181,anc2a_I_unrelaxed_rank_022_alphafold2_model_5_seed_004.pdb
1111,I,Chemokine,0.76474,anc2a_I_unrelaxed_rank_023_alphafold2_model_5_seed_003.pdb
1112,I,Chemokine,0.76334,anc2a_I_unrelaxed_rank_024_alphafold2_model_5_seed_001.pdb
1113,I,Chemokine,0.76087,anc2a_I_unrelaxed_rank_025_alphafold2_model_5_seed_000.pdb
1114,L,Chemokine,0.76554,anc2a_L_unrelaxed_rank_001_alphafold2_model_3_seed_002.pdb
1115,L,Chemokine,0.76496,anc2a_L_unrelaxed_rank_002_alphafold2_model_3_seed_004.pdb
1116,L,Chemokine,0.76227,anc2a_L_unrelaxed_rank_003_alphafold2_model_3_seed_001.pdb
1117,L,Chemokine,0.76778,anc2a_L_unrelaxed_rank_004_alphafold2_model_2_seed_004.pdb
1118,L,Chemokine,0.77517,anc2a_L_unrelaxed_rank_005_alphafold2_model_3_seed_003.pdb
1119,L,Chemokine,0.76421,anc2a_L_unrelaxed_rank_006_alphafold2_model_3_seed_000.pdb
1120,L,Chemokine,0.76921,anc2a_L_unrelaxed_rank_007_alphafold2_model_2_seed_002.pdb
1121,L,Chemokine,0.7672,anc2a_L_unrelaxed_rank_008_alphafold2_model_2_seed_003.pdb
1122,L,Chemokine,0.76862,anc2a_L_unrelaxed_rank_009_alphafold2_model_2_seed_000.pdb
1123,L,Chemokine,0.76734,anc2a_L_unrelaxed_rank_010_alphafold2_model_2_seed_001.pdb
1124,L,Chemokine,0.76387,anc2a_L_unrelaxed_rank_011_alphafold2_model_1_seed_001.pdb
1125,L,Chemokine,0.76899,anc2a_L_unrelaxed_rank_012_alphafold2_model_1_seed_002.pdb
1126,L,Chemokine,0.76283,anc2a_L_unrelaxed_rank_013_alphafold2_model_1_seed_000.pdb
1127,L,Chemokine,0.76819,anc2a_L_unrelaxed_rank_014_alphafold2_model_1_seed_004.pdb
1128,L,Chemokine,0.76452,anc2a_L_unrelaxed_rank_015_alphafold2_model_1_seed_003.pdb
1129,L,Chemokine,0.78415,anc2a_L_unrelaxed_rank_016_alphafold2_model_4_seed_003.pdb
1130,L,Chemokine,0.7945,anc2a_L_unrelaxed_rank_017_alphafold2_model_4_seed_002.pdb
1131,L,Chemokine,0.78527,anc2a_L_unrelaxed_rank_018_alphafold2_model_4_seed_001.pdb
1132,L,Chemokine,0.78322,anc2a_L_unrelaxed_rank_019_alphafold2_model_4_seed_000.pdb
1133,L,Chemokine,0.7919,anc2a_L_unrelaxed_rank_020_alphafold2_model_4_seed_004.pdb
1134,L,Chemokine,0.77156,anc2a_L_unrelaxed_rank_021_alphafold2_model_5_seed_002.pdb
1135,L,Chemokine,0.77247,anc2a_L_unrelaxed_rank_022_alphafold2_model_5_seed_003.pdb
1136,L,Chemokine,0.76826,anc2a_L_unrelaxed_rank_023_alphafold2_model_5_seed_004.pdb
1137,L,Chemokine,0.77107,anc2a_L_unrelaxed_rank_024_alphafold2_model_5_seed_001.pdb
1138,L,Chemokine,0.77017,anc2a_L_unrelaxed_rank_025_alphafold2_model_5_seed_000.pdb
1139,V,Chemokine,0.78407,anc2a_V_unrelaxed_rank_001_alphafold2_model_2_seed_003.pdb
1140,V,Chemokine,0.78666,anc2a_V_unrelaxed_rank_002_alphafold2_model_2_seed_004.pdb
1141,V,Chemokine,0.74968,anc2a_V_unrelaxed_rank_003_alphafold2_model_3_seed_002.pdb
1142,V,Chemokine,0.74713,anc2a_V_unrelaxed_rank_004_alphafold2_model_3_seed_004.pdb
1143,V,Chemokine,0.74956,anc2a_V_unrelaxed_rank_005_alphafold2_model_3_seed_003.pdb
1144,V,Chemokine,0.74766,anc2a_V_unrelaxed_rank_006_alphafold2_model_3_seed_000.pdb
1145,V,Chemokine,0.74727,anc2a_V_unrelaxed_rank_007_alphafold2_model_3_seed_001.pdb
1146,V,Chemokine,0.7598,anc2a_V_unrelaxed_rank_008_alphafold2_model_1_seed_002.pdb
1147,V,Chemokine,0.76266,anc2a_V_unrelaxed_rank_009_alphafold2_model_1_seed_004.pdb
1148,V,Chemokine,0.7631,anc2a_V_unrelaxed_rank_010_alphafold2_model_1_seed_001.pdb
1149,V,Chemokine,0.75941,anc2a_V_unrelaxed_rank_011_alphafold2_model_1_seed_003.pdb
1150,V,Chemokine,0.7613,anc2a_V_unrelaxed_rank_012_alphafold2_model_1_seed_000.pdb
1151,V,Chemokine,0.75864,anc2a_V_unrelaxed_rank_013_alphafold2_model_2_seed_002.pdb
1152,V,Chemokine,0.77058,anc2a_V_unrelaxed_rank_014_alphafold2_model_4_seed_002.pdb
1153,V,Chemokine,0.7629,anc2a_V_unrelaxed_rank_015_alphafold2_model_2_seed_001.pdb
1154,V,Chemokine,0.7575,anc2a_V_unrelaxed_rank_016_alphafold2_model_2_seed_000.pdb
1155,V,Chemokine,0.76879,anc2a_V_unrelaxed_rank_017_alphafold2_model_4_seed_003.pdb
1156,V,Chemokine,0.76878,anc2a_V_unrelaxed_rank_018_alphafold2_model_4_seed_001.pdb
1157,V,Chemokine,0.76547,anc2a_V_unrelaxed_rank_019_alphafold2_model_4_seed_004.pdb
1158,V,Chemokine,0.76737,anc2a_V_unrelaxed_rank_020_alphafold2_model_4_seed_000.pdb
1159,V,Chemokine,0.75589,anc2a_V_unrelaxed_rank_021_alphafold2_model_5_seed_002.pdb
1160,V,Chemokine,0.74977,anc2a_V_unrelaxed_rank_022_alphafold2_model_5_seed_004.pdb
1161,V,Chemokine,0.75177,anc2a_V_unrelaxed_rank_023_alphafold2_model_5_seed_003.pdb
1162,V,Chemokine,0.75059,anc2a_V_unrelaxed_rank_024_alphafold2_model_5_seed_000.pdb
1163,V,Chemokine,0.75018,anc2a_V_unrelaxed_rank_025_alphafold2_model_5_seed_001.pdb
1164,36,Chemokine,0.76005,anc2b_36_A_unrelaxed_rank_001_alphafold2_model_2_seed_002.pdb
1165,36,Chemokine,0.75125,anc2b_36_A_unrelaxed_rank_002_alphafold2_model_3_seed_002.pdb
1166,36,Chemokine,0.76,anc2b_36_A_unrelaxed_rank_003_alphafold2_model_2_seed_004.pdb
1167,36,Chemokine,0.7622,anc2b_36_A_unrelaxed_rank_004_alphafold2_model_2_seed_003.pdb
1168,36,Chemokine,0.75986,anc2b_36_A_unrelaxed_rank_005_alphafold2_model_2_seed_001.pdb
1169,36,Chemokine,0.75093,anc2b_36_A_unrelaxed_rank_006_alphafold2_model_3_seed_004.pdb
1170,36,Chemokine,0.7519,anc2b_36_A_unrelaxed_rank_007_alphafold2_model_3_seed_003.pdb
1171,36,Chemokine,0.75227,anc2b_36_A_unrelaxed_rank_008_alphafold2_model_3_seed_001.pdb
1172,36,Chemokine,0.76047,anc2b_36_A_unrelaxed_rank_009_alphafold2_model_2_seed_000.pdb
1173,36,Chemokine,0.75121,anc2b_36_A_unrelaxed_rank_010_alphafold2_model_3_seed_000.pdb
1174,36,Chemokine,0.75668,anc2b_36_A_unrelaxed_rank_011_alphafold2_model_1_seed_004.pdb
1175,36,Chemokine,0.7561,anc2b_36_A_unrelaxed_rank_012_alphafold2_model_1_seed_003.pdb
1176,36,Chemokine,0.76134,anc2b_36_A_unrelaxed_rank_013_alphafold2_model_1_seed_001.pdb
1177,36,Chemokine,0.76017,anc2b_36_A_unrelaxed_rank_014_alphafold2_model_1_seed_002.pdb
1178,36,Chemokine,0.758,anc2b_36_A_unrelaxed_rank_015_alphafold2_model_1_seed_000.pdb
1179,36,Chemokine,0.76974,anc2b_36_A_unrelaxed_rank_016_alphafold2_model_4_seed_002.pdb
1180,36,Chemokine,0.76773,anc2b_36_A_unrelaxed_rank_017_alphafold2_model_4_seed_004.pdb
1181,36,Chemokine,0.76745,anc2b_36_A_unrelaxed_rank_018_alphafold2_model_4_seed_001.pdb
1182,36,Chemokine,0.76681,anc2b_36_A_unrelaxed_rank_019_alphafold2_model_4_seed_000.pdb
1183,36,Chemokine,0.76504,anc2b_36_A_unrelaxed_rank_020_alphafold2_model_4_seed_003.pdb
1184,36,Chemokine,0.74732,anc2b_36_A_unrelaxed_rank_021_alphafold2_model_5_seed_003.pdb
1185,36,Chemokine,0.74962,anc2b_36_A_unrelaxed_rank_022_alphafold2_model_5_seed_004.pdb
1186,36,Chemokine,0.74768,anc2b_36_A_unrelaxed_rank_023_alphafold2_model_5_seed_001.pdb
1187,36,Chemokine,0.75304,anc2b_36_A_unrelaxed_rank_024_alphafold2_model_5_seed_002.pdb
1188,36,Chemokine,0.74609,anc2b_36_A_unrelaxed_rank_025_alphafold2_model_5_seed_000.pdb
1189,36,Chemokine,0.76408,anc2b_36_G_unrelaxed_rank_001_alphafold2_model_1_seed_003.pdb
1190,36,Chemokine,0.76495,anc2b_36_G_unrelaxed_rank_002_alphafold2_model_1_seed_001.pdb
1191,36,Chemokine,0.76549,anc2b_36_G_unrelaxed_rank_003_alphafold2_model_1_seed_004.pdb
1192,36,Chemokine,0.76813,anc2b_36_G_unrelaxed_rank_004_alphafold2_model_1_seed_002.pdb
1193,36,Chemokine,0.76693,anc2b_36_G_unrelaxed_rank_005_alphafold2_model_4_seed_002.pdb
1194,36,Chemokine,0.76457,anc2b_36_G_unrelaxed_rank_006_alphafold2_model_1_seed_000.pdb
1195,36,Chemokine,0.73582,anc2b_36_G_unrelaxed_rank_007_alphafold2_model_3_seed_001.pdb
1196,36,Chemokine,0.735,anc2b_36_G_unrelaxed_rank_008_alphafold2_model_3_seed_002.pdb
1197,36,Chemokine,0.73577,anc2b_36_G_unrelaxed_rank_009_alphafold2_model_3_seed_004.pdb
1198,36,Chemokine,0.73641,anc2b_36_G_unrelaxed_rank_010_alphafold2_model_3_seed_003.pdb
1199,36,Chemokine,0.76746,anc2b_36_G_unrelaxed_rank_011_alphafold2_model_4_seed_003.pdb
1200,36,Chemokine,0.76712,anc2b_36_G_unrelaxed_rank_012_alphafold2_model_4_seed_004.pdb
1201,36,Chemokine,0.73647,anc2b_36_G_unrelaxed_rank_013_alphafold2_model_3_seed_000.pdb
1202,36,Chemokine,0.77262,anc2b_36_G_unrelaxed_rank_014_alphafold2_model_2_seed_003.pdb
1203,36,Chemokine,0.76507,anc2b_36_G_unrelaxed_rank_015_alphafold2_model_2_seed_001.pdb
1204,36,Chemokine,0.77188,anc2b_36_G_unrelaxed_rank_016_alphafold2_model_2_seed_000.pdb
1205,36,Chemokine,0.76783,anc2b_36_G_unrelaxed_rank_017_alphafold2_model_2_seed_002.pdb
1206,36,Chemokine,0.75949,anc2b_36_G_unrelaxed_rank_018_alphafold2_model_2_seed_004.pdb
1207,36,Chemokine,0.76626,anc2b_36_G_unrelaxed_rank_019_alphafold2_model_4_seed_001.pdb
1208,36,Chemokine,0.76608,anc2b_36_G_unrelaxed_rank_020_alphafold2_model_4_seed_000.pdb
1209,36,Chemokine,0.73625,anc2b_36_G_unrelaxed_rank_021_alphafold2_model_5_seed_002.pdb
1210,36,Chemokine,0.73838,anc2b_36_G_unrelaxed_rank_022_alphafold2_model_5_seed_003.pdb
1211,36,Chemokine,0.73278,anc2b_36_G_unrelaxed_rank_023_alphafold2_model_5_seed_004.pdb
1212,36,Chemokine,0.73524,anc2b_36_G_unrelaxed_rank_024_alphafold2_model_5_seed_001.pdb
1213,36,Chemokine,0.73096,anc2b_36_G_unrelaxed_rank_025_alphafold2_model_5_seed_000.pdb
1214,36,Chemokine,0.75748,anc2b_36_I_unrelaxed_rank_001_alphafold2_model_3_seed_002.pdb
1215,36,Chemokine,0.75748,anc2b_36_I_unrelaxed_rank_002_alphafold2_model_3_seed_004.pdb
1216,36,Chemokine,0.75664,anc2b_36_I_unrelaxed_rank_003_alphafold2_model_3_seed_000.pdb
1217,36,Chemokine,0.75682,anc2b_36_I_unrelaxed_rank_004_alphafold2_model_3_seed_001.pdb
1218,36,Chemokine,0.75748,anc2b_36_I_unrelaxed_rank_005_alphafold2_model_3_seed_003.pdb
1219,36,Chemokine,0.75594,anc2b_36_I_unrelaxed_rank_006_alphafold2_model_2_seed_002.pdb
1220,36,Chemokine,0.74969,anc2b_36_I_unrelaxed_rank_007_alphafold2_model_1_seed_002.pdb
1221,36,Chemokine,0.75724,anc2b_36_I_unrelaxed_rank_008_alphafold2_model_1_seed_004.pdb
1222,36,Chemokine,0.75805,anc2b_36_I_unrelaxed_rank_009_alphafold2_model_2_seed_004.pdb
1223,36,Chemokine,0.7575,anc2b_36_I_unrelaxed_rank_010_alphafold2_model_2_seed_003.pdb
1224,36,Chemokine,0.75377,anc2b_36_I_unrelaxed_rank_011_alphafold2_model_2_seed_001.pdb
1225,36,Chemokine,0.75633,anc2b_36_I_unrelaxed_rank_012_alphafold2_model_2_seed_000.pdb
1226,36,Chemokine,0.75657,anc2b_36_I_unrelaxed_rank_013_alphafold2_model_1_seed_003.pdb
1227,36,Chemokine,0.75406,anc2b_36_I_unrelaxed_rank_014_alphafold2_model_4_seed_001.pdb
1228,36,Chemokine,0.76064,anc2b_36_I_unrelaxed_rank_015_alphafold2_model_1_seed_000.pdb
1229,36,Chemokine,0.7549,anc2b_36_I_unrelaxed_rank_016_alphafold2_model_4_seed_004.pdb
1230,36,Chemokine,0.75493,anc2b_36_I_unrelaxed_rank_017_alphafold2_model_4_seed_000.pdb
1231,36,Chemokine,0.75581,anc2b_36_I_unrelaxed_rank_018_alphafold2_model_4_seed_003.pdb
1232,36,Chemokine,0.76679,anc2b_36_I_unrelaxed_rank_019_alphafold2_model_1_seed_001.pdb
1233,36,Chemokine,0.76109,anc2b_36_I_unrelaxed_rank_020_alphafold2_model_4_seed_002.pdb
1234,36,Chemokine,0.75464,anc2b_36_I_unrelaxed_rank_021_alphafold2_model_5_seed_004.pdb
1235,36,Chemokine,0.75714,anc2b_36_I_unrelaxed_rank_022_alphafold2_model_5_seed_002.pdb
1236,36,Chemokine,0.75392,anc2b_36_I_unrelaxed_rank_023_alphafold2_model_5_seed_003.pdb
1237,36,Chemokine,0.75419,anc2b_36_I_unrelaxed_rank_024_alphafold2_model_5_seed_001.pdb
1238,36,Chemokine,0.75478,anc2b_36_I_unrelaxed_rank_025_alphafold2_model_5_seed_000.pdb
1239,38,Chemokine,0.76005,anc2b_38_I_unrelaxed_rank_001_alphafold2_model_2_seed_002.pdb
1240,38,Chemokine,0.75125,anc2b_38_I_unrelaxed_rank_002_alphafold2_model_3_seed_002.pdb
1241,38,Chemokine,0.76,anc2b_38_I_unrelaxed_rank_003_alphafold2_model_2_seed_004.pdb
1242,38,Chemokine,0.7622,anc2b_38_I_unrelaxed_rank_004_alphafold2_model_2_seed_003.pdb
1243,38,Chemokine,0.75986,anc2b_38_I_unrelaxed_rank_005_alphafold2_model_2_seed_001.pdb
1244,38,Chemokine,0.75093,anc2b_38_I_unrelaxed_rank_006_alphafold2_model_3_seed_004.pdb
1245,38,Chemokine,0.7519,anc2b_38_I_unrelaxed_rank_007_alphafold2_model_3_seed_003.pdb
1246,38,Chemokine,0.75227,anc2b_38_I_unrelaxed_rank_008_alphafold2_model_3_seed_001.pdb
1247,38,Chemokine,0.76047,anc2b_38_I_unrelaxed_rank_009_alphafold2_model_2_seed_000.pdb
1248,38,Chemokine,0.75121,anc2b_38_I_unrelaxed_rank_010_alphafold2_model_3_seed_000.pdb
1249,38,Chemokine,0.75668,anc2b_38_I_unrelaxed_rank_011_alphafold2_model_1_seed_004.pdb
1250,38,Chemokine,0.7561,anc2b_38_I_unrelaxed_rank_012_alphafold2_model_1_seed_003.pdb
1251,38,Chemokine,0.76134,anc2b_38_I_unrelaxed_rank_013_alphafold2_model_1_seed_001.pdb
1252,38,Chemokine,0.76017,anc2b_38_I_unrelaxed_rank_014_alphafold2_model_1_seed_002.pdb
1253,38,Chemokine,0.758,anc2b_38_I_unrelaxed_rank_015_alphafold2_model_1_seed_000.pdb
1254,38,Chemokine,0.76974,anc2b_38_I_unrelaxed_rank_016_alphafold2_model_4_seed_002.pdb
1255,38,Chemokine,0.76773,anc2b_38_I_unrelaxed_rank_017_alphafold2_model_4_seed_004.pdb
1256,38,Chemokine,0.76745,anc2b_38_I_unrelaxed_rank_018_alphafold2_model_4_seed_001.pdb
1257,38,Chemokine,0.76681,anc2b_38_I_unrelaxed_rank_019_alphafold2_model_4_seed_000.pdb
1258,38,Chemokine,0.76504,anc2b_38_I_unrelaxed_rank_020_alphafold2_model_4_seed_003.pdb
1259,38,Chemokine,0.74732,anc2b_38_I_unrelaxed_rank_021_alphafold2_model_5_seed_003.pdb
1260,38,Chemokine,0.74962,anc2b_38_I_unrelaxed_rank_022_alphafold2_model_5_seed_004.pdb
1261,38,Chemokine,0.74768,anc2b_38_I_unrelaxed_rank_023_alphafold2_model_5_seed_001.pdb
1262,38,Chemokine,0.75304,anc2b_38_I_unrelaxed_rank_024_alphafold2_model_5_seed_002.pdb
1263,38,Chemokine,0.74609,anc2b_38_I_unrelaxed_rank_025_alphafold2_model_5_seed_000.pdb
1264,38,Chemokine,0.78478,anc2b_38_L_unrelaxed_rank_001_alphafold2_model_3_seed_002.pdb
1265,38,Chemokine,0.77832,anc2b_38_L_unrelaxed_rank_002_alphafold2_model_3_seed_004.pdb
1266,38,Chemokine,0.77482,anc2b_38_L_unrelaxed_rank_003_alphafold2_model_3_seed_001.pdb
1267,38,Chemokine,0.77147,anc2b_38_L_unrelaxed_rank_004_alphafold2_model_3_seed_000.pdb
1268,38,Chemokine,0.77286,anc2b_38_L_unrelaxed_rank_005_alphafold2_model_3_seed_003.pdb
1269,38,Chemokine,0.77917,anc2b_38_L_unrelaxed_rank_006_alphafold2_model_1_seed_002.pdb
1270,38,Chemokine,0.78026,anc2b_38_L_unrelaxed_rank_007_alphafold2_model_1_seed_001.pdb
1271,38,Chemokine,0.77463,anc2b_38_L_unrelaxed_rank_008_alphafold2_model_1_seed_003.pdb
1272,38,Chemokine,0.78301,anc2b_38_L_unrelaxed_rank_009_alphafold2_model_2_seed_002.pdb
1273,38,Chemokine,0.7758,anc2b_38_L_unrelaxed_rank_010_alphafold2_model_1_seed_000.pdb
1274,38,Chemokine,0.77786,anc2b_38_L_unrelaxed_rank_011_alphafold2_model_1_seed_004.pdb
1275,38,Chemokine,0.78215,anc2b_38_L_unrelaxed_rank_012_alphafold2_model_2_seed_001.pdb
1276,38,Chemokine,0.78292,anc2b_38_L_unrelaxed_rank_013_alphafold2_model_2_seed_004.pdb
1277,38,Chemokine,0.78348,anc2b_38_L_unrelaxed_rank_014_alphafold2_model_4_seed_003.pdb
1278,38,Chemokine,0.78362,anc2b_38_L_unrelaxed_rank_015_alphafold2_model_4_seed_001.pdb
1279,38,Chemokine,0.78363,anc2b_38_L_unrelaxed_rank_016_alphafold2_model_4_seed_000.pdb
1280,38,Chemokine,0.78134,anc2b_38_L_unrelaxed_rank_017_alphafold2_model_2_seed_003.pdb
1281,38,Chemokine,0.78262,anc2b_38_L_unrelaxed_rank_018_alphafold2_model_2_seed_000.pdb
1282,38,Chemokine,0.78112,anc2b_38_L_unrelaxed_rank_019_alphafold2_model_4_seed_002.pdb
1283,38,Chemokine,0.78089,anc2b_38_L_unrelaxed_rank_020_alphafold2_model_4_seed_004.pdb
1284,38,Chemokine,0.76157,anc2b_38_L_unrelaxed_rank_021_alphafold2_model_5_seed_002.pdb
1285,38,Chemokine,0.7589,anc2b_38_L_unrelaxed_rank_022_alphafold2_model_5_seed_004.pdb
1286,38,Chemokine,0.75758,anc2b_38_L_unrelaxed_rank_023_alphafold2_model_5_seed_001.pdb
1287,38,Chemokine,0.75686,anc2b_38_L_unrelaxed_rank_024_alphafold2_model_5_seed_003.pdb
1288,38,Chemokine,0.75832,anc2b_38_L_unrelaxed_rank_025_alphafold2_model_5_seed_000.pdb
1289,38,Chemokine,0.76882,anc2b_38_V_unrelaxed_rank_001_alphafold2_model_1_seed_003.pdb
1290,38,Chemokine,0.76065,anc2b_38_V_unrelaxed_rank_002_alphafold2_model_3_seed_004.pdb
1291,38,Chemokine,0.76666,anc2b_38_V_unrelaxed_rank_003_alphafold2_model_1_seed_004.pdb
1292,38,Chemokine,0.76073,anc2b_38_V_unrelaxed_rank_004_alphafold2_model_3_seed_001.pdb
1293,38,Chemokine,0.75947,anc2b_38_V_unrelaxed_rank_005_alphafold2_model_3_seed_003.pdb
1294,38,Chemokine,0.76155,anc2b_38_V_unrelaxed_rank_006_alphafold2_model_3_seed_002.pdb
1295,38,Chemokine,0.76919,anc2b_38_V_unrelaxed_rank_007_alphafold2_model_1_seed_001.pdb
1296,38,Chemokine,0.76884,anc2b_38_V_unrelaxed_rank_008_alphafold2_model_1_seed_002.pdb
1297,38,Chemokine,0.7605,anc2b_38_V_unrelaxed_rank_009_alphafold2_model_3_seed_000.pdb
1298,38,Chemokine,0.76861,anc2b_38_V_unrelaxed_rank_010_alphafold2_model_1_seed_000.pdb
1299,38,Chemokine,0.77235,anc2b_38_V_unrelaxed_rank_011_alphafold2_model_2_seed_002.pdb
1300,38,Chemokine,0.77219,anc2b_38_V_unrelaxed_rank_012_alphafold2_model_2_seed_001.pdb
1301,38,Chemokine,0.77316,anc2b_38_V_unrelaxed_rank_013_alphafold2_model_2_seed_004.pdb
1302,38,Chemokine,0.7725,anc2b_38_V_unrelaxed_rank_014_alphafold2_model_2_seed_003.pdb
1303,38,Chemokine,0.77701,anc2b_38_V_unrelaxed_rank_015_alphafold2_model_4_seed_002.pdb
1304,38,Chemokine,0.77173,anc2b_38_V_unrelaxed_rank_016_alphafold2_model_2_seed_000.pdb
1305,38,Chemokine,0.77547,anc2b_38_V_unrelaxed_rank_017_alphafold2_model_4_seed_004.pdb
1306,38,Chemokine,0.77601,anc2b_38_V_unrelaxed_rank_018_alphafold2_model_4_seed_001.pdb
1307,38,Chemokine,0.7747,anc2b_38_V_unrelaxed_rank_019_alphafold2_model_4_seed_000.pdb
1308,38,Chemokine,0.77486,anc2b_38_V_unrelaxed_rank_020_alphafold2_model_4_seed_003.pdb
1309,38,Chemokine,0.75333,anc2b_38_V_unrelaxed_rank_021_alphafold2_model_5_seed_003.pdb
1310,38,Chemokine,0.75397,anc2b_38_V_unrelaxed_rank_022_alphafold2_model_5_seed_004.pdb
1311,38,Chemokine,0.75607,anc2b_38_V_unrelaxed_rank_023_alphafold2_model_5_seed_002.pdb
1312,38,Chemokine,0.75166,anc2b_38_V_unrelaxed_rank_024_alphafold2_model_5_seed_001.pdb
1313,38,Chemokine,0.75123,anc2b_38_V_unrelaxed_rank_025_alphafold2_model_5_seed_000.pdb
1314,40,Dimer,0.52646,anc2b_40_G_unrelaxed_rank_001_alphafold2_model_2_seed_001.pdb
1315,40,Dimer,0.53041,anc2b_40_G_unrelaxed_rank_002_alphafold2_model_3_seed_003.pdb
1316,40,Dimer,0.53103,anc2b_40_G_unrelaxed_rank_003_alphafold2_model_3_seed_001.pdb
1317,40,Dimer,0.52913,anc2b_40_G_unrelaxed_rank_004_alphafold2_model_3_seed_000.pdb
1318,40,Chemokine,0.78135,anc2b_40_G_unrelaxed_rank_005_alphafold2_model_1_seed_002.pdb
1319,40,Dimer,0.53704,anc2b_40_G_unrelaxed_rank_006_alphafold2_model_4_seed_001.pdb
1320,40,Dimer,0.53661,anc2b_40_G_unrelaxed_rank_007_alphafold2_model_4_seed_003.pdb
1321,40,Chemokine,0.76186,anc2b_40_G_unrelaxed_rank_008_alphafold2_model_5_seed_002.pdb
1322,40,Dimer,0.53676,anc2b_40_G_unrelaxed_rank_009_alphafold2_model_4_seed_004.pdb
1323,40,Dimer,0.53355,anc2b_40_G_unrelaxed_rank_010_alphafold2_model_4_seed_000.pdb
1324,40,Dimer,0.53552,anc2b_40_G_unrelaxed_rank_011_alphafold2_model_4_seed_002.pdb
1325,40,Dimer,0.55932,anc2b_40_G_unrelaxed_rank_012_alphafold2_model_2_seed_003.pdb
1326,40,Chemokine,0.77838,anc2b_40_G_unrelaxed_rank_013_alphafold2_model_1_seed_004.pdb
1327,40,Chemokine,0.68211,anc2b_40_G_unrelaxed_rank_014_alphafold2_model_5_seed_004.pdb
1328,40,Chemokine,0.75359,anc2b_40_I_unrelaxed_rank_001_alphafold2_model_1_seed_003.pdb
1329,40,Chemokine,0.75481,anc2b_40_I_unrelaxed_rank_002_alphafold2_model_1_seed_004.pdb
1330,40,Chemokine,0.75258,anc2b_40_I_unrelaxed_rank_003_alphafold2_model_1_seed_002.pdb
1331,40,Chemokine,0.75597,anc2b_40_I_unrelaxed_rank_004_alphafold2_model_1_seed_000.pdb
1332,40,Chemokine,0.7554,anc2b_40_I_unrelaxed_rank_005_alphafold2_model_1_seed_001.pdb
1333,40,Chemokine,0.75694,anc2b_40_I_unrelaxed_rank_006_alphafold2_model_2_seed_001.pdb
1334,40,Chemokine,0.75699,anc2b_40_I_unrelaxed_rank_007_alphafold2_model_2_seed_003.pdb
1335,40,Chemokine,0.7564,anc2b_40_I_unrelaxed_rank_008_alphafold2_model_2_seed_002.pdb
1336,40,Chemokine,0.75585,anc2b_40_I_unrelaxed_rank_009_alphafold2_model_2_seed_000.pdb
1337,40,Chemokine,0.7584,anc2b_40_I_unrelaxed_rank_010_alphafold2_model_2_seed_004.pdb
1338,40,Chemokine,0.76982,anc2b_40_I_unrelaxed_rank_011_alphafold2_model_4_seed_002.pdb
1339,40,Chemokine,0.74991,anc2b_40_I_unrelaxed_rank_012_alphafold2_model_5_seed_004.pdb
1340,40,Chemokine,0.75079,anc2b_40_I_unrelaxed_rank_013_alphafold2_model_5_seed_001.pdb
1341,40,Chemokine,0.7513,anc2b_40_I_unrelaxed_rank_014_alphafold2_model_5_seed_003.pdb
1342,40,Chemokine,0.74995,anc2b_40_I_unrelaxed_rank_015_alphafold2_model_5_seed_000.pdb
1343,40,Chemokine,0.75117,anc2b_40_I_unrelaxed_rank_016_alphafold2_model_5_seed_002.pdb
1344,40,Chemokine,0.66159,anc2b_40_I_unrelaxed_rank_017_alphafold2_model_3_seed_000.pdb
1345,40,Chemokine,0.69221,anc2b_40_I_unrelaxed_rank_018_alphafold2_model_4_seed_003.pdb
1346,40,Chemokine,0.69193,anc2b_40_I_unrelaxed_rank_019_alphafold2_model_4_seed_004.pdb
1347,40,Chemokine,0.66846,anc2b_40_I_unrelaxed_rank_020_alphafold2_model_3_seed_002.pdb
1348,40,Chemokine,0.66759,anc2b_40_I_unrelaxed_rank_021_alphafold2_model_3_seed_001.pdb
1349,40,Chemokine,0.67357,anc2b_40_I_unrelaxed_rank_022_alphafold2_model_3_seed_003.pdb
1350,40,Chemokine,0.66997,anc2b_40_I_unrelaxed_rank_023_alphafold2_model_3_seed_004.pdb
1351,40,Chemokine,0.69219,anc2b_40_I_unrelaxed_rank_024_alphafold2_model_4_seed_000.pdb
1352,40,Chemokine,0.70022,anc2b_40_I_unrelaxed_rank_025_alphafold2_model_4_seed_001.pdb
1353,40,Chemokine,0.76004,anc2b_40_V_unrelaxed_rank_001_alphafold2_model_1_seed_004.pdb
1354,40,Chemokine,0.75903,anc2b_40_V_unrelaxed_rank_002_alphafold2_model_1_seed_003.pdb
1355,40,Chemokine,0.75804,anc2b_40_V_unrelaxed_rank_003_alphafold2_model_1_seed_002.pdb
1356,40,Chemokine,0.75912,anc2b_40_V_unrelaxed_rank_004_alphafold2_model_1_seed_000.pdb
1357,40,Chemokine,0.76024,anc2b_40_V_unrelaxed_rank_005_alphafold2_model_1_seed_001.pdb
1358,40,Chemokine,0.7619,anc2b_40_V_unrelaxed_rank_006_alphafold2_model_2_seed_003.pdb
1359,40,Chemokine,0.76273,anc2b_40_V_unrelaxed_rank_007_alphafold2_model_2_seed_002.pdb
1360,40,Chemokine,0.76272,anc2b_40_V_unrelaxed_rank_008_alphafold2_model_2_seed_001.pdb
1361,40,Chemokine,0.76268,anc2b_40_V_unrelaxed_rank_009_alphafold2_model_2_seed_000.pdb
1362,40,Chemokine,0.76443,anc2b_40_V_unrelaxed_rank_010_alphafold2_model_2_seed_004.pdb
1363,40,Chemokine,0.77063,anc2b_40_V_unrelaxed_rank_011_alphafold2_model_4_seed_002.pdb
1364,40,Chemokine,0.75496,anc2b_40_V_unrelaxed_rank_012_alphafold2_model_5_seed_004.pdb
1365,40,Chemokine,0.75624,anc2b_40_V_unrelaxed_rank_013_alphafold2_model_5_seed_003.pdb
1366,40,Chemokine,0.75735,anc2b_40_V_unrelaxed_rank_014_alphafold2_model_5_seed_002.pdb
1367,40,Chemokine,0.75637,anc2b_40_V_unrelaxed_rank_015_alphafold2_model_5_seed_001.pdb
1368,40,Chemokine,0.75502,anc2b_40_V_unrelaxed_rank_016_alphafold2_model_5_seed_000.pdb
1369,40,Chemokine,0.68892,anc2b_40_V_unrelaxed_rank_017_alphafold2_model_4_seed_003.pdb
1370,40,Chemokine,0.66524,anc2b_40_V_unrelaxed_rank_018_alphafold2_model_3_seed_001.pdb
1371,40,Chemokine,0.68996,anc2b_40_V_unrelaxed_rank_019_alphafold2_model_4_seed_004.pdb
1372,40,Chemokine,0.69123,anc2b_40_V_unrelaxed_rank_020_alphafold2_model_4_seed_001.pdb
1373,40,Chemokine,0.68658,anc2b_40_V_unrelaxed_rank_021_alphafold2_model_4_seed_000.pdb
1374,40,Chemokine,0.66327,anc2b_40_V_unrelaxed_rank_022_alphafold2_model_3_seed_002.pdb
1375,40,Chemokine,0.66113,anc2b_40_V_unrelaxed_rank_023_alphafold2_model_3_seed_000.pdb
1376,40,Chemokine,0.67008,anc2b_40_V_unrelaxed_rank_024_alphafold2_model_3_seed_003.pdb
1377,40,Chemokine,0.65964,anc2b_40_V_unrelaxed_rank_025_alphafold2_model_3_seed_004.pdb
1378,45,Dimer,0.53362,anc2b_45_I_unrelaxed_rank_001_alphafold2_model_2_seed_002.pdb
1379,45,Dimer,0.52727,anc2b_45_I_unrelaxed_rank_002_alphafold2_model_2_seed_000.pdb
1380,45,Dimer,0.52768,anc2b_45_I_unrelaxed_rank_003_alphafold2_model_2_seed_004.pdb
1381,45,Dimer,0.52935,anc2b_45_I_unrelaxed_rank_004_alphafold2_model_2_seed_001.pdb
1382,45,Chemokine,0.76101,anc2b_45_I_unrelaxed_rank_005_alphafold2_model_3_seed_004.pdb
1383,45,Chemokine,0.75476,anc2b_45_I_unrelaxed_rank_006_alphafold2_model_3_seed_002.pdb
1384,45,Dimer,0.51808,anc2b_45_I_unrelaxed_rank_007_alphafold2_model_2_seed_003.pdb
1385,45,Chemokine,0.76915,anc2b_45_I_unrelaxed_rank_008_alphafold2_model_1_seed_004.pdb
1386,45,Chemokine,0.7367,anc2b_45_I_unrelaxed_rank_009_alphafold2_model_1_seed_003.pdb
1387,45,Dimer,0.53506,anc2b_45_I_unrelaxed_rank_010_alphafold2_model_3_seed_000.pdb
1388,45,Chemokine,0.73811,anc2b_45_I_unrelaxed_rank_011_alphafold2_model_1_seed_002.pdb
1389,45,Chemokine,0.76158,anc2b_45_I_unrelaxed_rank_012_alphafold2_model_1_seed_000.pdb
1390,45,Dimer,0.53863,anc2b_45_I_unrelaxed_rank_013_alphafold2_model_3_seed_001.pdb
1391,45,Dimer,0.54236,anc2b_45_I_unrelaxed_rank_014_alphafold2_model_4_seed_002.pdb
1392,45,Dimer,0.54145,anc2b_45_I_unrelaxed_rank_015_alphafold2_model_4_seed_004.pdb
1393,45,Dimer,0.5336,anc2b_45_I_unrelaxed_rank_016_alphafold2_model_4_seed_001.pdb
1394,45,Chemokine,0.66986,anc2b_45_I_unrelaxed_rank_017_alphafold2_model_5_seed_003.pdb
1395,45,Chemokine,0.66951,anc2b_45_I_unrelaxed_rank_018_alphafold2_model_5_seed_004.pdb
1396,45,Chemokine,0.66877,anc2b_45_I_unrelaxed_rank_019_alphafold2_model_5_seed_001.pdb
1397,45,Chemokine,0.67083,anc2b_45_I_unrelaxed_rank_020_alphafold2_model_5_seed_002.pdb
1398,45,Chemokine,0.68178,anc2b_45_I_unrelaxed_rank_021_alphafold2_model_1_seed_001.pdb
1399,45,Chemokine,0.66837,anc2b_45_I_unrelaxed_rank_022_alphafold2_model_5_seed_000.pdb
1400,45,Chemokine,0.75504,anc2b_45_L_unrelaxed_rank_001_alphafold2_model_3_seed_002.pdb
1401,45,Chemokine,0.75539,anc2b_45_L_unrelaxed_rank_002_alphafold2_model_3_seed_003.pdb
1402,45,Chemokine,0.75423,anc2b_45_L_unrelaxed_rank_003_alphafold2_model_3_seed_004.pdb
1403,45,Chemokine,0.76156,anc2b_45_L_unrelaxed_rank_004_alphafold2_model_1_seed_002.pdb
1404,45,Dimer,0.50657,anc2b_45_L_unrelaxed_rank_005_alphafold2_model_2_seed_000.pdb
1405,45,Chemokine,0.76479,anc2b_45_L_unrelaxed_rank_006_alphafold2_model_2_seed_002.pdb
1406,45,Dimer,0.51603,anc2b_45_L_unrelaxed_rank_007_alphafold2_model_2_seed_001.pdb
1407,45,Chemokine,0.76316,anc2b_45_L_unrelaxed_rank_008_alphafold2_model_1_seed_003.pdb
1408,45,Chemokine,0.73783,anc2b_45_L_unrelaxed_rank_009_alphafold2_model_1_seed_001.pdb
1409,45,Chemokine,0.76379,anc2b_45_L_unrelaxed_rank_010_alphafold2_model_1_seed_000.pdb
1410,45,Dimer,0.50647,anc2b_45_L_unrelaxed_rank_011_alphafold2_model_2_seed_004.pdb
1411,45,Chemokine,0.73572,anc2b_45_L_unrelaxed_rank_012_alphafold2_model_2_seed_003.pdb
1412,45,Chemokine,0.76103,anc2b_45_L_unrelaxed_rank_013_alphafold2_model_1_seed_004.pdb
1413,45,Chemokine,0.73267,anc2b_45_L_unrelaxed_rank_014_alphafold2_model_4_seed_000.pdb
1414,45,Dimer,0.51368,anc2b_45_L_unrelaxed_rank_015_alphafold2_model_3_seed_001.pdb
1415,45,Chemokine,0.74633,anc2b_45_L_unrelaxed_rank_016_alphafold2_model_5_seed_002.pdb
1416,45,Chemokine,0.7491,anc2b_45_L_unrelaxed_rank_017_alphafold2_model_5_seed_003.pdb
1417,45,Chemokine,0.75715,anc2b_45_L_unrelaxed_rank_018_alphafold2_model_5_seed_000.pdb
1418,45,Chemokine,0.743,anc2b_45_L_unrelaxed_rank_019_alphafold2_model_5_seed_004.pdb
1419,45,Chemokine,0.7442,anc2b_45_L_unrelaxed_rank_020_alphafold2_model_5_seed_001.pdb
1420,45,Dimer,0.50933,anc2b_45_L_unrelaxed_rank_021_alphafold2_model_4_seed_004.pdb
1421,45,Dimer,0.50894,anc2b_45_L_unrelaxed_rank_022_alphafold2_model_4_seed_001.pdb
1422,45,Chemokine,0.75472,anc2b_45_V_unrelaxed_rank_001_alphafold2_model_3_seed_002.pdb
1423,45,Chemokine,0.75428,anc2b_45_V_unrelaxed_rank_002_alphafold2_model_3_seed_004.pdb
1424,45,Chemokine,0.76039,anc2b_45_V_unrelaxed_rank_003_alphafold2_model_3_seed_003.pdb
1425,45,Dimer,0.5241,anc2b_45_V_unrelaxed_rank_004_alphafold2_model_2_seed_004.pdb
1426,45,Chemokine,0.76702,anc2b_45_V_unrelaxed_rank_005_alphafold2_model_2_seed_002.pdb
1427,45,Chemokine,0.76335,anc2b_45_V_unrelaxed_rank_006_alphafold2_model_1_seed_000.pdb
1428,45,Chemokine,0.76841,anc2b_45_V_unrelaxed_rank_007_alphafold2_model_2_seed_003.pdb
1429,45,Chemokine,0.76322,anc2b_45_V_unrelaxed_rank_008_alphafold2_model_1_seed_002.pdb
1430,45,Chemokine,0.77283,anc2b_45_V_unrelaxed_rank_009_alphafold2_model_4_seed_001.pdb
1431,45,Chemokine,0.7384,anc2b_45_V_unrelaxed_rank_010_alphafold2_model_1_seed_003.pdb
1432,45,Chemokine,0.76864,anc2b_45_V_unrelaxed_rank_011_alphafold2_model_1_seed_001.pdb
1433,45,Chemokine,0.76947,anc2b_45_V_unrelaxed_rank_012_alphafold2_model_4_seed_000.pdb
1434,45,Chemokine,0.73167,anc2b_45_V_unrelaxed_rank_013_alphafold2_model_4_seed_002.pdb
1435,45,Chemokine,0.7554,anc2b_45_V_unrelaxed_rank_014_alphafold2_model_1_seed_004.pdb
1436,45,Chemokine,0.7331,anc2b_45_V_unrelaxed_rank_015_alphafold2_model_4_seed_003.pdb
1437,45,Dimer,0.53755,anc2b_45_V_unrelaxed_rank_016_alphafold2_model_3_seed_001.pdb
1438,45,Chemokine,0.66975,anc2b_45_V_unrelaxed_rank_017_alphafold2_model_5_seed_002.pdb
1439,45,Chemokine,0.66943,anc2b_45_V_unrelaxed_rank_018_alphafold2_model_5_seed_003.pdb
1440,45,Chemokine,0.68879,anc2b_45_V_unrelaxed_rank_019_alphafold2_model_5_seed_001.pdb
1441,45,Chemokine,0.66846,anc2b_45_V_unrelaxed_rank_020_alphafold2_model_5_seed_004.pdb
1442,47,Chemokine,0.76005,anc2b_47_I_unrelaxed_rank_001_alphafold2_model_2_seed_002.pdb
1443,47,Chemokine,0.75125,anc2b_47_I_unrelaxed_rank_002_alphafold2_model_3_seed_002.pdb
1444,47,Chemokine,0.76,anc2b_47_I_unrelaxed_rank_003_alphafold2_model_2_seed_004.pdb
1445,47,Chemokine,0.7622,anc2b_47_I_unrelaxed_rank_004_alphafold2_model_2_seed_003.pdb
1446,47,Chemokine,0.75986,anc2b_47_I_unrelaxed_rank_005_alphafold2_model_2_seed_001.pdb
1447,47,Chemokine,0.75093,anc2b_47_I_unrelaxed_rank_006_alphafold2_model_3_seed_004.pdb
1448,47,Chemokine,0.7519,anc2b_47_I_unrelaxed_rank_007_alphafold2_model_3_seed_003.pdb
1449,47,Chemokine,0.75227,anc2b_47_I_unrelaxed_rank_008_alphafold2_model_3_seed_001.pdb
1450,47,Chemokine,0.76047,anc2b_47_I_unrelaxed_rank_009_alphafold2_model_2_seed_000.pdb
1451,47,Chemokine,0.75121,anc2b_47_I_unrelaxed_rank_010_alphafold2_model_3_seed_000.pdb
1452,47,Chemokine,0.75668,anc2b_47_I_unrelaxed_rank_011_alphafold2_model_1_seed_004.pdb
1453,47,Chemokine,0.7561,anc2b_47_I_unrelaxed_rank_012_alphafold2_model_1_seed_003.pdb
1454,47,Chemokine,0.76134,anc2b_47_I_unrelaxed_rank_013_alphafold2_model_1_seed_001.pdb
1455,47,Chemokine,0.76017,anc2b_47_I_unrelaxed_rank_014_alphafold2_model_1_seed_002.pdb
1456,47,Chemokine,0.758,anc2b_47_I_unrelaxed_rank_015_alphafold2_model_1_seed_000.pdb
1457,47,Chemokine,0.76974,anc2b_47_I_unrelaxed_rank_016_alphafold2_model_4_seed_002.pdb
1458,47,Chemokine,0.76773,anc2b_47_I_unrelaxed_rank_017_alphafold2_model_4_seed_004.pdb
1459,47,Chemokine,0.76745,anc2b_47_I_unrelaxed_rank_018_alphafold2_model_4_seed_001.pdb
1460,47,Chemokine,0.76681,anc2b_47_I_unrelaxed_rank_019_alphafold2_model_4_seed_000.pdb
1461,47,Chemokine,0.76504,anc2b_47_I_unrelaxed_rank_020_alphafold2_model_4_seed_003.pdb
1462,47,Chemokine,0.74732,anc2b_47_I_unrelaxed_rank_021_alphafold2_model_5_seed_003.pdb
1463,47,Chemokine,0.74962,anc2b_47_I_unrelaxed_rank_022_alphafold2_model_5_seed_004.pdb
1464,47,Chemokine,0.74768,anc2b_47_I_unrelaxed_rank_023_alphafold2_model_5_seed_001.pdb
1465,47,Chemokine,0.75304,anc2b_47_I_unrelaxed_rank_024_alphafold2_model_5_seed_002.pdb
1466,47,Chemokine,0.74609,anc2b_47_I_unrelaxed_rank_025_alphafold2_model_5_seed_000.pdb
1467,47,Chemokine,0.75625,anc2b_47_L_unrelaxed_rank_001_alphafold2_model_3_seed_002.pdb
1468,47,Chemokine,0.75646,anc2b_47_L_unrelaxed_rank_002_alphafold2_model_3_seed_004.pdb
1469,47,Chemokine,0.75764,anc2b_47_L_unrelaxed_rank_003_alphafold2_model_2_seed_004.pdb
1470,47,Chemokine,0.75755,anc2b_47_L_unrelaxed_rank_004_alphafold2_model_2_seed_001.pdb
1471,47,Chemokine,0.75621,anc2b_47_L_unrelaxed_rank_005_alphafold2_model_3_seed_001.pdb
1472,47,Chemokine,0.75494,anc2b_47_L_unrelaxed_rank_006_alphafold2_model_3_seed_003.pdb
1473,47,Chemokine,0.7536,anc2b_47_L_unrelaxed_rank_007_alphafold2_model_3_seed_000.pdb
1474,47,Chemokine,0.75101,anc2b_47_L_unrelaxed_rank_008_alphafold2_model_1_seed_001.pdb
1475,47,Chemokine,0.75558,anc2b_47_L_unrelaxed_rank_009_alphafold2_model_1_seed_004.pdb
1476,47,Chemokine,0.7542,anc2b_47_L_unrelaxed_rank_010_alphafold2_model_1_seed_002.pdb
1477,47,Chemokine,0.7554,anc2b_47_L_unrelaxed_rank_011_alphafold2_model_1_seed_000.pdb
1478,47,Chemokine,0.76481,anc2b_47_L_unrelaxed_rank_012_alphafold2_model_4_seed_002.pdb
1479,47,Chemokine,0.76375,anc2b_47_L_unrelaxed_rank_013_alphafold2_model_4_seed_004.pdb
1480,47,Chemokine,0.76358,anc2b_47_L_unrelaxed_rank_014_alphafold2_model_2_seed_002.pdb
1481,47,Chemokine,0.76256,anc2b_47_L_unrelaxed_rank_015_alphafold2_model_4_seed_003.pdb
1482,47,Chemokine,0.76169,anc2b_47_L_unrelaxed_rank_016_alphafold2_model_4_seed_000.pdb
1483,47,Chemokine,0.76305,anc2b_47_L_unrelaxed_rank_017_alphafold2_model_4_seed_001.pdb
1484,47,Chemokine,0.76224,anc2b_47_L_unrelaxed_rank_018_alphafold2_model_1_seed_003.pdb
1485,47,Chemokine,0.76172,anc2b_47_L_unrelaxed_rank_019_alphafold2_model_2_seed_000.pdb
1486,47,Chemokine,0.76511,anc2b_47_L_unrelaxed_rank_020_alphafold2_model_2_seed_003.pdb
1487,47,Chemokine,0.74816,anc2b_47_L_unrelaxed_rank_021_alphafold2_model_5_seed_002.pdb
1488,47,Chemokine,0.74377,anc2b_47_L_unrelaxed_rank_022_alphafold2_model_5_seed_004.pdb
1489,47,Chemokine,0.74677,anc2b_47_L_unrelaxed_rank_023_alphafold2_model_5_seed_003.pdb
1490,47,Chemokine,0.74496,anc2b_47_L_unrelaxed_rank_024_alphafold2_model_5_seed_001.pdb
1491,47,Chemokine,0.74408,anc2b_47_L_unrelaxed_rank_025_alphafold2_model_5_seed_000.pdb
1492,47,Chemokine,0.76061,anc2b_47_M_unrelaxed_rank_001_alphafold2_model_3_seed_002.pdb
1493,47,Chemokine,0.76138,anc2b_47_M_unrelaxed_rank_002_alphafold2_model_3_seed_001.pdb
1494,47,Chemokine,0.75768,anc2b_47_M_unrelaxed_rank_003_alphafold2_model_3_seed_004.pdb
1495,47,Chemokine,0.75765,anc2b_47_M_unrelaxed_rank_004_alphafold2_model_3_seed_003.pdb
1496,47,Chemokine,0.75925,anc2b_47_M_unrelaxed_rank_005_alphafold2_model_3_seed_000.pdb
1497,47,Chemokine,0.76368,anc2b_47_M_unrelaxed_rank_006_alphafold2_model_1_seed_004.pdb
1498,47,Chemokine,0.77482,anc2b_47_M_unrelaxed_rank_007_alphafold2_model_4_seed_001.pdb
1499,47,Chemokine,0.77547,anc2b_47_M_unrelaxed_rank_008_alphafold2_model_4_seed_003.pdb
1500,47,Chemokine,0.77825,anc2b_47_M_unrelaxed_rank_009_alphafold2_model_4_seed_002.pdb
1501,47,Chemokine,0.77414,anc2b_47_M_unrelaxed_rank_010_alphafold2_model_4_seed_004.pdb
1502,47,Chemokine,0.77386,anc2b_47_M_unrelaxed_rank_011_alphafold2_model_4_seed_000.pdb
1503,47,Chemokine,0.76142,anc2b_47_M_unrelaxed_rank_012_alphafold2_model_1_seed_003.pdb
1504,47,Chemokine,0.77019,anc2b_47_M_unrelaxed_rank_013_alphafold2_model_2_seed_002.pdb
1505,47,Chemokine,0.76344,anc2b_47_M_unrelaxed_rank_014_alphafold2_model_1_seed_001.pdb
1506,47,Chemokine,0.76401,anc2b_47_M_unrelaxed_rank_015_alphafold2_model_1_seed_002.pdb
1507,47,Chemokine,0.76746,anc2b_47_M_unrelaxed_rank_016_alphafold2_model_2_seed_003.pdb
1508,47,Chemokine,0.76615,anc2b_47_M_unrelaxed_rank_017_alphafold2_model_2_seed_001.pdb
1509,47,Chemokine,0.76189,anc2b_47_M_unrelaxed_rank_018_alphafold2_model_1_seed_000.pdb
1510,47,Chemokine,0.77033,anc2b_47_M_unrelaxed_rank_019_alphafold2_model_2_seed_004.pdb
1511,47,Chemokine,0.76631,anc2b_47_M_unrelaxed_rank_020_alphafold2_model_2_seed_000.pdb
1512,47,Chemokine,0.75754,anc2b_47_M_unrelaxed_rank_021_alphafold2_model_5_seed_002.pdb
1513,47,Chemokine,0.7574,anc2b_47_M_unrelaxed_rank_022_alphafold2_model_5_seed_004.pdb
1514,47,Chemokine,0.75844,anc2b_47_M_unrelaxed_rank_023_alphafold2_model_5_seed_003.pdb
1515,47,Chemokine,0.75749,anc2b_47_M_unrelaxed_rank_024_alphafold2_model_5_seed_001.pdb
1516,47,Chemokine,0.75792,anc2b_47_M_unrelaxed_rank_025_alphafold2_model_5_seed_000.pdb
1517,I,Chemokine,0.76147,anc2b_I_unrelaxed_rank_001_alphafold2_model_3_seed_001.pdb
1518,I,Chemokine,0.75819,anc2b_I_unrelaxed_rank_002_alphafold2_model_3_seed_002.pdb
1519,I,Chemokine,0.7605,anc2b_I_unrelaxed_rank_003_alphafold2_model_3_seed_004.pdb
1520,I,Chemokine,0.76743,anc2b_I_unrelaxed_rank_004_alphafold2_model_1_seed_001.pdb
1521,I,Chemokine,0.76608,anc2b_I_unrelaxed_rank_005_alphafold2_model_1_seed_003.pdb
1522,I,Chemokine,0.75804,anc2b_I_unrelaxed_rank_006_alphafold2_model_3_seed_003.pdb
1523,I,Chemokine,0.75923,anc2b_I_unrelaxed_rank_007_alphafold2_model_3_seed_000.pdb
1524,I,Chemokine,0.76597,anc2b_I_unrelaxed_rank_008_alphafold2_model_1_seed_004.pdb
1525,I,Chemokine,0.76722,anc2b_I_unrelaxed_rank_009_alphafold2_model_1_seed_002.pdb
1526,I,Chemokine,0.76776,anc2b_I_unrelaxed_rank_010_alphafold2_model_1_seed_000.pdb
1527,I,Chemokine,0.76838,anc2b_I_unrelaxed_rank_011_alphafold2_model_2_seed_002.pdb
1528,I,Chemokine,0.7671,anc2b_I_unrelaxed_rank_012_alphafold2_model_2_seed_003.pdb
1529,I,Chemokine,0.76918,anc2b_I_unrelaxed_rank_013_alphafold2_model_2_seed_001.pdb
1530,I,Chemokine,0.76889,anc2b_I_unrelaxed_rank_014_alphafold2_model_2_seed_004.pdb
1531,I,Chemokine,0.76838,anc2b_I_unrelaxed_rank_015_alphafold2_model_2_seed_000.pdb
1532,I,Chemokine,0.77262,anc2b_I_unrelaxed_rank_016_alphafold2_model_4_seed_002.pdb
1533,I,Chemokine,0.77374,anc2b_I_unrelaxed_rank_017_alphafold2_model_4_seed_004.pdb
1534,I,Chemokine,0.77406,anc2b_I_unrelaxed_rank_018_alphafold2_model_4_seed_003.pdb
1535,I,Chemokine,0.77342,anc2b_I_unrelaxed_rank_019_alphafold2_model_4_seed_001.pdb
1536,I,Chemokine,0.77279,anc2b_I_unrelaxed_rank_020_alphafold2_model_4_seed_000.pdb
1537,I,Chemokine,0.76419,anc2b_I_unrelaxed_rank_021_alphafold2_model_5_seed_002.pdb
1538,I,Chemokine,0.75807,anc2b_I_unrelaxed_rank_022_alphafold2_model_5_seed_003.pdb
1539,I,Chemokine,0.75706,anc2b_I_unrelaxed_rank_023_alphafold2_model_5_seed_004.pdb
1540,I,Chemokine,0.75773,anc2b_I_unrelaxed_rank_024_alphafold2_model_5_seed_001.pdb
1541,I,Chemokine,0.75708,anc2b_I_unrelaxed_rank_025_alphafold2_model_5_seed_000.pdb
1542,L,Chemokine,0.76493,anc2b_L_unrelaxed_rank_001_alphafold2_model_3_seed_002.pdb
1543,L,Chemokine,0.76452,anc2b_L_unrelaxed_rank_002_alphafold2_model_3_seed_004.pdb
1544,L,Chemokine,0.76369,anc2b_L_unrelaxed_rank_003_alphafold2_model_3_seed_003.pdb
1545,L,Chemokine,0.7646,anc2b_L_unrelaxed_rank_004_alphafold2_model_3_seed_001.pdb
1546,L,Chemokine,0.76416,anc2b_L_unrelaxed_rank_005_alphafold2_model_3_seed_000.pdb
1547,L,Chemokine,0.76966,anc2b_L_unrelaxed_rank_006_alphafold2_model_1_seed_004.pdb
1548,L,Chemokine,0.77239,anc2b_L_unrelaxed_rank_007_alphafold2_model_1_seed_002.pdb
1549,L,Chemokine,0.76804,anc2b_L_unrelaxed_rank_008_alphafold2_model_1_seed_000.pdb
1550,L,Chemokine,0.76854,anc2b_L_unrelaxed_rank_009_alphafold2_model_1_seed_001.pdb
1551,L,Chemokine,0.78112,anc2b_L_unrelaxed_rank_010_alphafold2_model_2_seed_002.pdb
1552,L,Chemokine,0.775,anc2b_L_unrelaxed_rank_011_alphafold2_model_1_seed_003.pdb
1553,L,Chemokine,0.78256,anc2b_L_unrelaxed_rank_012_alphafold2_model_2_seed_004.pdb
1554,L,Chemokine,0.77984,anc2b_L_unrelaxed_rank_013_alphafold2_model_2_seed_003.pdb
1555,L,Chemokine,0.7815,anc2b_L_unrelaxed_rank_014_alphafold2_model_2_seed_000.pdb
1556,L,Chemokine,0.78102,anc2b_L_unrelaxed_rank_015_alphafold2_model_2_seed_001.pdb
1557,L,Chemokine,0.78242,anc2b_L_unrelaxed_rank_016_alphafold2_model_4_seed_001.pdb
1558,L,Chemokine,0.78147,anc2b_L_unrelaxed_rank_017_alphafold2_model_4_seed_000.pdb
1559,L,Chemokine,0.78266,anc2b_L_unrelaxed_rank_018_alphafold2_model_4_seed_004.pdb
1560,L,Chemokine,0.78427,anc2b_L_unrelaxed_rank_019_alphafold2_model_4_seed_002.pdb
1561,L,Chemokine,0.78459,anc2b_L_unrelaxed_rank_020_alphafold2_model_4_seed_003.pdb
1562,L,Chemokine,0.77205,anc2b_L_unrelaxed_rank_021_alphafold2_model_5_seed_002.pdb
1563,L,Chemokine,0.76324,anc2b_L_unrelaxed_rank_022_alphafold2_model_5_seed_004.pdb
1564,L,Chemokine,0.76199,anc2b_L_unrelaxed_rank_023_alphafold2_model_5_seed_003.pdb
1565,L,Chemokine,0.76176,anc2b_L_unrelaxed_rank_024_alphafold2_model_5_seed_001.pdb
1566,L,Chemokine,0.76495,anc2b_L_unrelaxed_rank_025_alphafold2_model_5_seed_000.pdb
1567,V,Chemokine,0.76005,anc2b_V_unrelaxed_rank_001_alphafold2_model_2_seed_002.pdb
1568,V,Chemokine,0.75125,anc2b_V_unrelaxed_rank_002_alphafold2_model_3_seed_002.pdb
1569,V,Chemokine,0.76,anc2b_V_unrelaxed_rank_003_alphafold2_model_2_seed_004.pdb
1570,V,Chemokine,0.7622,anc2b_V_unrelaxed_rank_004_alphafold2_model_2_seed_003.pdb
1571,V,Chemokine,0.75986,anc2b_V_unrelaxed_rank_005_alphafold2_model_2_seed_001.pdb
1572,V,Chemokine,0.75093,anc2b_V_unrelaxed_rank_006_alphafold2_model_3_seed_004.pdb
1573,V,Chemokine,0.7519,anc2b_V_unrelaxed_rank_007_alphafold2_model_3_seed_003.pdb
1574,V,Chemokine,0.75227,anc2b_V_unrelaxed_rank_008_alphafold2_model_3_seed_001.pdb
1575,V,Chemokine,0.76047,anc2b_V_unrelaxed_rank_009_alphafold2_model_2_seed_000.pdb
1576,V,Chemokine,0.75121,anc2b_V_unrelaxed_rank_010_alphafold2_model_3_seed_000.pdb
1577,V,Chemokine,0.75668,anc2b_V_unrelaxed_rank_011_alphafold2_model_1_seed_004.pdb
1578,V,Chemokine,0.7561,anc2b_V_unrelaxed_rank_012_alphafold2_model_1_seed_003.pdb
1579,V,Chemokine,0.76134,anc2b_V_unrelaxed_rank_013_alphafold2_model_1_seed_001.pdb
1580,V,Chemokine,0.76017,anc2b_V_unrelaxed_rank_014_alphafold2_model_1_seed_002.pdb
1581,V,Chemokine,0.758,anc2b_V_unrelaxed_rank_015_alphafold2_model_1_seed_000.pdb
1582,V,Chemokine,0.76974,anc2b_V_unrelaxed_rank_016_alphafold2_model_4_seed_002.pdb
1583,V,Chemokine,0.76773,anc2b_V_unrelaxed_rank_017_alphafold2_model_4_seed_004.pdb
1584,V,Chemokine,0.76745,anc2b_V_unrelaxed_rank_018_alphafold2_model_4_seed_001.pdb
1585,V,Chemokine,0.76681,anc2b_V_unrelaxed_rank_019_alphafold2_model_4_seed_000.pdb
1586,V,Chemokine,0.76504,anc2b_V_unrelaxed_rank_020_alphafold2_model_4_seed_003.pdb
1587,V,Chemokine,0.74732,anc2b_V_unrelaxed_rank_021_alphafold2_model_5_seed_003.pdb
1588,V,Chemokine,0.74962,anc2b_V_unrelaxed_rank_022_alphafold2_model_5_seed_004.pdb
1589,V,Chemokine,0.74768,anc2b_V_unrelaxed_rank_023_alphafold2_model_5_seed_001.pdb
1590,V,Chemokine,0.75304,anc2b_V_unrelaxed_rank_024_alphafold2_model_5_seed_002.pdb
1591,V,Chemokine,0.74609,anc2b_V_unrelaxed_rank_025_alphafold2_model_5_seed_000.pdb
1592,36,Chemokine,0.50562,anc2c_36_A_unrelaxed_rank_001_alphafold2_model_2_seed_004.pdb
1593,36,Chemokine,0.5075,anc2c_36_A_unrelaxed_rank_002_alphafold2_model_2_seed_002.pdb
1594,36,Chemokine,0.51069,anc2c_36_A_unrelaxed_rank_003_alphafold2_model_2_seed_003.pdb
1595,36,Chemokine,0.5046,anc2c_36_A_unrelaxed_rank_004_alphafold2_model_2_seed_001.pdb
1596,36,Chemokine,0.7694,anc2c_36_A_unrelaxed_rank_005_alphafold2_model_3_seed_004.pdb
1597,36,Chemokine,0.50949,anc2c_36_A_unrelaxed_rank_006_alphafold2_model_2_seed_000.pdb
1598,36,Chemokine,0.77479,anc2c_36_A_unrelaxed_rank_007_alphafold2_model_3_seed_002.pdb
1599,36,Chemokine,0.52538,anc2c_36_A_unrelaxed_rank_008_alphafold2_model_4_seed_000.pdb
1600,36,Chemokine,0.55426,anc2c_36_A_unrelaxed_rank_009_alphafold2_model_1_seed_004.pdb
1601,36,Chemokine,0.52259,anc2c_36_A_unrelaxed_rank_010_alphafold2_model_4_seed_003.pdb
1602,36,Chemokine,0.52136,anc2c_36_A_unrelaxed_rank_011_alphafold2_model_5_seed_002.pdb
1603,36,Chemokine,0.53689,anc2c_36_A_unrelaxed_rank_012_alphafold2_model_4_seed_002.pdb
1604,36,Chemokine,0.53321,anc2c_36_A_unrelaxed_rank_013_alphafold2_model_4_seed_004.pdb
1605,36,Chemokine,0.54656,anc2c_36_A_unrelaxed_rank_014_alphafold2_model_4_seed_001.pdb
1606,36,Chemokine,0.58492,anc2c_36_A_unrelaxed_rank_015_alphafold2_model_1_seed_003.pdb
1607,36,Chemokine,0.53712,anc2c_36_A_unrelaxed_rank_016_alphafold2_model_5_seed_004.pdb
1608,36,Chemokine,0.54221,anc2c_36_A_unrelaxed_rank_017_alphafold2_model_5_seed_001.pdb
1609,36,Chemokine,0.55456,anc2c_36_A_unrelaxed_rank_018_alphafold2_model_5_seed_003.pdb
1610,36,Chemokine,0.54245,anc2c_36_A_unrelaxed_rank_019_alphafold2_model_5_seed_000.pdb
1611,36,Chemokine,0.63676,anc2c_36_A_unrelaxed_rank_020_alphafold2_model_1_seed_002.pdb
1612,36,Chemokine,0.62893,anc2c_36_A_unrelaxed_rank_021_alphafold2_model_1_seed_000.pdb
1613,36,Chemokine,0.50072,anc2c_36_G_unrelaxed_rank_001_alphafold2_model_2_seed_004.pdb
1614,36,Chemokine,0.51023,anc2c_36_G_unrelaxed_rank_002_alphafold2_model_1_seed_000.pdb
1615,36,Chemokine,0.51261,anc2c_36_G_unrelaxed_rank_003_alphafold2_model_4_seed_000.pdb
1616,36,Chemokine,0.51068,anc2c_36_G_unrelaxed_rank_004_alphafold2_model_1_seed_004.pdb
1617,36,Chemokine,0.51002,anc2c_36_G_unrelaxed_rank_005_alphafold2_model_1_seed_002.pdb
1618,36,Chemokine,0.50291,anc2c_36_G_unrelaxed_rank_006_alphafold2_model_2_seed_000.pdb
1619,36,Chemokine,0.51461,anc2c_36_G_unrelaxed_rank_007_alphafold2_model_4_seed_002.pdb
1620,36,Chemokine,0.51094,anc2c_36_G_unrelaxed_rank_008_alphafold2_model_4_seed_001.pdb
1621,36,Chemokine,0.51075,anc2c_36_G_unrelaxed_rank_009_alphafold2_model_1_seed_001.pdb
1622,36,Chemokine,0.51148,anc2c_36_G_unrelaxed_rank_010_alphafold2_model_4_seed_003.pdb
1623,36,Chemokine,0.51556,anc2c_36_G_unrelaxed_rank_011_alphafold2_model_1_seed_003.pdb
1624,36,Chemokine,0.5157,anc2c_36_G_unrelaxed_rank_012_alphafold2_model_4_seed_004.pdb
1625,36,Chemokine,0.50519,anc2c_36_G_unrelaxed_rank_013_alphafold2_model_2_seed_003.pdb
1626,36,Chemokine,0.50355,anc2c_36_G_unrelaxed_rank_014_alphafold2_model_2_seed_001.pdb
1627,36,Chemokine,0.50338,anc2c_36_G_unrelaxed_rank_015_alphafold2_model_2_seed_002.pdb
1628,36,Chemokine,0.52024,anc2c_36_G_unrelaxed_rank_016_alphafold2_model_5_seed_004.pdb
1629,36,Chemokine,0.53171,anc2c_36_G_unrelaxed_rank_017_alphafold2_model_5_seed_002.pdb
1630,36,Chemokine,0.54646,anc2c_36_G_unrelaxed_rank_018_alphafold2_model_5_seed_003.pdb
1631,36,Chemokine,0.55196,anc2c_36_G_unrelaxed_rank_019_alphafold2_model_5_seed_001.pdb
1632,36,Chemokine,0.55503,anc2c_36_G_unrelaxed_rank_020_alphafold2_model_5_seed_000.pdb
1633,36,Chemokine,0.76495,anc2c_36_I_unrelaxed_rank_001_alphafold2_model_4_seed_003.pdb
1634,36,Chemokine,0.76369,anc2c_36_I_unrelaxed_rank_002_alphafold2_model_4_seed_000.pdb
1635,36,Chemokine,0.78472,anc2c_36_I_unrelaxed_rank_003_alphafold2_model_2_seed_002.pdb
1636,36,Chemokine,0.75884,anc2c_36_I_unrelaxed_rank_004_alphafold2_model_4_seed_004.pdb
1637,36,Chemokine,0.75844,anc2c_36_I_unrelaxed_rank_005_alphafold2_model_4_seed_001.pdb
1638,36,Chemokine,0.78133,anc2c_36_I_unrelaxed_rank_006_alphafold2_model_1_seed_000.pdb
1639,36,Chemokine,0.72337,anc2c_36_I_unrelaxed_rank_007_alphafold2_model_2_seed_000.pdb
1640,36,Chemokine,0.697,anc2c_36_I_unrelaxed_rank_008_alphafold2_model_2_seed_004.pdb
1641,36,Chemokine,0.58332,anc2c_36_I_unrelaxed_rank_009_alphafold2_model_4_seed_002.pdb
1642,36,Chemokine,0.73784,anc2c_36_I_unrelaxed_rank_010_alphafold2_model_2_seed_003.pdb
1643,36,Dimer,0.56319,anc2c_36_I_unrelaxed_rank_011_alphafold2_model_5_seed_000.pdb
1644,36,Chemokine,0.67083,anc2c_36_I_unrelaxed_rank_012_alphafold2_model_3_seed_001.pdb
1645,36,Chemokine,0.67028,anc2c_36_I_unrelaxed_rank_013_alphafold2_model_3_seed_000.pdb
1646,36,Chemokine,0.66743,anc2c_36_I_unrelaxed_rank_014_alphafold2_model_3_seed_003.pdb
1647,36,Dimer,0.60214,anc2c_36_I_unrelaxed_rank_015_alphafold2_model_1_seed_001.pdb
1648,36,Chemokine,0.6742,anc2c_36_I_unrelaxed_rank_016_alphafold2_model_3_seed_004.pdb
1649,38,Chemokine,0.50562,anc2c_38_I_unrelaxed_rank_001_alphafold2_model_2_seed_004.pdb
1650,38,Chemokine,0.5075,anc2c_38_I_unrelaxed_rank_002_alphafold2_model_2_seed_002.pdb
1651,38,Chemokine,0.51069,anc2c_38_I_unrelaxed_rank_003_alphafold2_model_2_seed_003.pdb
1652,38,Chemokine,0.5046,anc2c_38_I_unrelaxed_rank_004_alphafold2_model_2_seed_001.pdb
1653,38,Chemokine,0.7694,anc2c_38_I_unrelaxed_rank_005_alphafold2_model_3_seed_004.pdb
1654,38,Chemokine,0.50949,anc2c_38_I_unrelaxed_rank_006_alphafold2_model_2_seed_000.pdb
1655,38,Chemokine,0.77479,anc2c_38_I_unrelaxed_rank_007_alphafold2_model_3_seed_002.pdb
1656,38,Chemokine,0.52538,anc2c_38_I_unrelaxed_rank_008_alphafold2_model_4_seed_000.pdb
1657,38,Chemokine,0.55426,anc2c_38_I_unrelaxed_rank_009_alphafold2_model_1_seed_004.pdb
1658,38,Chemokine,0.52259,anc2c_38_I_unrelaxed_rank_010_alphafold2_model_4_seed_003.pdb
1659,38,Chemokine,0.52136,anc2c_38_I_unrelaxed_rank_011_alphafold2_model_5_seed_002.pdb
1660,38,Chemokine,0.53689,anc2c_38_I_unrelaxed_rank_012_alphafold2_model_4_seed_002.pdb
1661,38,Chemokine,0.53321,anc2c_38_I_unrelaxed_rank_013_alphafold2_model_4_seed_004.pdb
1662,38,Chemokine,0.54656,anc2c_38_I_unrelaxed_rank_014_alphafold2_model_4_seed_001.pdb
1663,38,Chemokine,0.58492,anc2c_38_I_unrelaxed_rank_015_alphafold2_model_1_seed_003.pdb
1664,38,Chemokine,0.53712,anc2c_38_I_unrelaxed_rank_016_alphafold2_model_5_seed_004.pdb
1665,38,Chemokine,0.54221,anc2c_38_I_unrelaxed_rank_017_alphafold2_model_5_seed_001.pdb
1666,38,Chemokine,0.55456,anc2c_38_I_unrelaxed_rank_018_alphafold2_model_5_seed_003.pdb
1667,38,Chemokine,0.54245,anc2c_38_I_unrelaxed_rank_019_alphafold2_model_5_seed_000.pdb
1668,38,Chemokine,0.63676,anc2c_38_I_unrelaxed_rank_020_alphafold2_model_1_seed_002.pdb
1669,38,Chemokine,0.62893,anc2c_38_I_unrelaxed_rank_021_alphafold2_model_1_seed_000.pdb
1670,38,Chemokine,0.802,anc2c_38_L_unrelaxed_rank_001_alphafold2_model_1_seed_001.pdb
1671,38,Chemokine,0.80549,anc2c_38_L_unrelaxed_rank_002_alphafold2_model_1_seed_000.pdb
1672,38,Chemokine,0.50412,anc2c_38_L_unrelaxed_rank_003_alphafold2_model_2_seed_000.pdb
1673,38,Chemokine,0.50376,anc2c_38_L_unrelaxed_rank_005_alphafold2_model_2_seed_004.pdb
1674,38,Chemokine,0.5042,anc2c_38_L_unrelaxed_rank_006_alphafold2_model_2_seed_003.pdb
1675,38,Chemokine,0.50617,anc2c_38_L_unrelaxed_rank_007_alphafold2_model_2_seed_002.pdb
1676,38,Chemokine,0.53608,anc2c_38_L_unrelaxed_rank_008_alphafold2_model_4_seed_003.pdb
1677,38,Chemokine,0.53239,anc2c_38_L_unrelaxed_rank_009_alphafold2_model_4_seed_000.pdb
1678,38,Chemokine,0.52949,anc2c_38_L_unrelaxed_rank_010_alphafold2_model_4_seed_004.pdb
1679,38,Chemokine,0.55193,anc2c_38_L_unrelaxed_rank_011_alphafold2_model_4_seed_002.pdb
1680,38,Chemokine,0.5286,anc2c_38_L_unrelaxed_rank_012_alphafold2_model_5_seed_004.pdb
1681,38,Chemokine,0.55681,anc2c_38_L_unrelaxed_rank_013_alphafold2_model_4_seed_001.pdb
1682,38,Chemokine,0.52419,anc2c_38_L_unrelaxed_rank_014_alphafold2_model_1_seed_003.pdb
1683,38,Chemokine,0.75831,anc2c_38_L_unrelaxed_rank_015_alphafold2_model_3_seed_001.pdb
1684,38,Chemokine,0.568,anc2c_38_L_unrelaxed_rank_016_alphafold2_model_1_seed_004.pdb
1685,38,Chemokine,0.54651,anc2c_38_L_unrelaxed_rank_017_alphafold2_model_5_seed_000.pdb
1686,38,Chemokine,0.54998,anc2c_38_L_unrelaxed_rank_018_alphafold2_model_5_seed_002.pdb
1687,38,Chemokine,0.56227,anc2c_38_L_unrelaxed_rank_019_alphafold2_model_5_seed_003.pdb
1688,38,Chemokine,0.57332,anc2c_38_L_unrelaxed_rank_020_alphafold2_model_5_seed_001.pdb
1689,38,Chemokine,0.5046,anc2c_38_V_unrelaxed_rank_001_alphafold2_model_2_seed_004.pdb
1690,38,Chemokine,0.50175,anc2c_38_V_unrelaxed_rank_002_alphafold2_model_2_seed_000.pdb
1691,38,Chemokine,0.787,anc2c_38_V_unrelaxed_rank_004_alphafold2_model_3_seed_004.pdb
1692,38,Chemokine,0.50318,anc2c_38_V_unrelaxed_rank_005_alphafold2_model_2_seed_003.pdb
1693,38,Chemokine,0.50396,anc2c_38_V_unrelaxed_rank_006_alphafold2_model_2_seed_002.pdb
1694,38,Chemokine,0.78599,anc2c_38_V_unrelaxed_rank_007_alphafold2_model_3_seed_002.pdb
1695,38,Chemokine,0.51587,anc2c_38_V_unrelaxed_rank_008_alphafold2_model_4_seed_000.pdb
1696,38,Chemokine,0.7866,anc2c_38_V_unrelaxed_rank_009_alphafold2_model_3_seed_001.pdb
1697,38,Chemokine,0.51785,anc2c_38_V_unrelaxed_rank_010_alphafold2_model_5_seed_002.pdb
1698,38,Chemokine,0.52727,anc2c_38_V_unrelaxed_rank_011_alphafold2_model_5_seed_000.pdb
1699,38,Chemokine,0.528,anc2c_38_V_unrelaxed_rank_012_alphafold2_model_5_seed_003.pdb
1700,38,Chemokine,0.52451,anc2c_38_V_unrelaxed_rank_013_alphafold2_model_4_seed_004.pdb
1701,38,Chemokine,0.52166,anc2c_38_V_unrelaxed_rank_014_alphafold2_model_4_seed_003.pdb
1702,38,Chemokine,0.51276,anc2c_38_V_unrelaxed_rank_015_alphafold2_model_1_seed_004.pdb
1703,38,Chemokine,0.53374,anc2c_38_V_unrelaxed_rank_016_alphafold2_model_5_seed_004.pdb
1704,38,Chemokine,0.53359,anc2c_38_V_unrelaxed_rank_017_alphafold2_model_4_seed_002.pdb
1705,38,Chemokine,0.5371,anc2c_38_V_unrelaxed_rank_018_alphafold2_model_4_seed_001.pdb
1706,38,Chemokine,0.54472,anc2c_38_V_unrelaxed_rank_019_alphafold2_model_5_seed_001.pdb
1707,38,Chemokine,0.57872,anc2c_38_V_unrelaxed_rank_020_alphafold2_model_1_seed_003.pdb
1708,38,Chemokine,0.68333,anc2c_38_V_unrelaxed_rank_021_alphafold2_model_1_seed_000.pdb
1709,40,Chemokine,0.5043,anc2c_40_G_unrelaxed_rank_001_alphafold2_model_2_seed_002.pdb
1710,40,Chemokine,0.51077,anc2c_40_G_unrelaxed_rank_002_alphafold2_model_4_seed_002.pdb
1711,40,Chemokine,0.50478,anc2c_40_G_unrelaxed_rank_003_alphafold2_model_2_seed_000.pdb
1712,40,Chemokine,0.51256,anc2c_40_G_unrelaxed_rank_004_alphafold2_model_4_seed_000.pdb
1713,40,Chemokine,0.51269,anc2c_40_G_unrelaxed_rank_005_alphafold2_model_4_seed_004.pdb
1714,40,Chemokine,0.51286,anc2c_40_G_unrelaxed_rank_006_alphafold2_model_4_seed_003.pdb
1715,40,Chemokine,0.51266,anc2c_40_G_unrelaxed_rank_007_alphafold2_model_4_seed_001.pdb
1716,40,Chemokine,0.50911,anc2c_40_G_unrelaxed_rank_008_alphafold2_model_2_seed_003.pdb
1717,40,Chemokine,0.50455,anc2c_40_G_unrelaxed_rank_009_alphafold2_model_2_seed_001.pdb
1718,40,Chemokine,0.50552,anc2c_40_G_unrelaxed_rank_010_alphafold2_model_2_seed_004.pdb
1719,40,Chemokine,0.54024,anc2c_40_G_unrelaxed_rank_011_alphafold2_model_5_seed_004.pdb
1720,40,Chemokine,0.51738,anc2c_40_G_unrelaxed_rank_012_alphafold2_model_5_seed_003.pdb
1721,40,Chemokine,0.78253,anc2c_40_I_unrelaxed_rank_001_alphafold2_model_1_seed_000.pdb
1722,40,Chemokine,0.78489,anc2c_40_I_unrelaxed_rank_002_alphafold2_model_1_seed_004.pdb
1723,40,Chemokine,0.78764,anc2c_40_I_unrelaxed_rank_003_alphafold2_model_1_seed_002.pdb
1724,40,Chemokine,0.51866,anc2c_40_I_unrelaxed_rank_004_alphafold2_model_4_seed_004.pdb
1725,40,Chemokine,0.51518,anc2c_40_I_unrelaxed_rank_005_alphafold2_model_4_seed_002.pdb
1726,40,Chemokine,0.52934,anc2c_40_I_unrelaxed_rank_006_alphafold2_model_2_seed_003.pdb
1727,40,Chemokine,0.52655,anc2c_40_I_unrelaxed_rank_007_alphafold2_model_4_seed_001.pdb
1728,40,Chemokine,0.52882,anc2c_40_I_unrelaxed_rank_008_alphafold2_model_4_seed_000.pdb
1729,40,Chemokine,0.76466,anc2c_40_I_unrelaxed_rank_009_alphafold2_model_5_seed_001.pdb
1730,40,Chemokine,0.7707,anc2c_40_I_unrelaxed_rank_010_alphafold2_model_5_seed_000.pdb
1731,40,Chemokine,0.54636,anc2c_40_I_unrelaxed_rank_011_alphafold2_model_2_seed_004.pdb
1732,40,Chemokine,0.52925,anc2c_40_I_unrelaxed_rank_012_alphafold2_model_4_seed_003.pdb
1733,40,Chemokine,0.54918,anc2c_40_I_unrelaxed_rank_013_alphafold2_model_2_seed_002.pdb
1734,40,Chemokine,0.59254,anc2c_40_I_unrelaxed_rank_014_alphafold2_model_2_seed_000.pdb
1735,40,Chemokine,0.59622,anc2c_40_I_unrelaxed_rank_015_alphafold2_model_2_seed_001.pdb
1736,40,Chemokine,0.71336,anc2c_40_I_unrelaxed_rank_016_alphafold2_model_1_seed_003.pdb
1737,40,Chemokine,0.71421,anc2c_40_I_unrelaxed_rank_017_alphafold2_model_1_seed_001.pdb
1738,40,Chemokine,0.5441,anc2c_40_I_unrelaxed_rank_018_alphafold2_model_5_seed_002.pdb
1739,40,Chemokine,0.55126,anc2c_40_I_unrelaxed_rank_019_alphafold2_model_5_seed_004.pdb
1740,40,Chemokine,0.56937,anc2c_40_I_unrelaxed_rank_020_alphafold2_model_5_seed_003.pdb
1741,40,Chemokine,0.78683,anc2c_40_V_unrelaxed_rank_001_alphafold2_model_1_seed_000.pdb
1742,40,Chemokine,0.78913,anc2c_40_V_unrelaxed_rank_002_alphafold2_model_1_seed_002.pdb
1743,40,Chemokine,0.76717,anc2c_40_V_unrelaxed_rank_003_alphafold2_model_3_seed_000.pdb
1744,40,Chemokine,0.51495,anc2c_40_V_unrelaxed_rank_004_alphafold2_model_4_seed_002.pdb
1745,40,Chemokine,0.51826,anc2c_40_V_unrelaxed_rank_005_alphafold2_model_4_seed_001.pdb
1746,40,Chemokine,0.52073,anc2c_40_V_unrelaxed_rank_006_alphafold2_model_4_seed_000.pdb
1747,40,Chemokine,0.76971,anc2c_40_V_unrelaxed_rank_007_alphafold2_model_5_seed_001.pdb
1748,40,Chemokine,0.50855,anc2c_40_V_unrelaxed_rank_008_alphafold2_model_4_seed_003.pdb
1749,40,Chemokine,0.51045,anc2c_40_V_unrelaxed_rank_009_alphafold2_model_4_seed_004.pdb
1750,40,Chemokine,0.55169,anc2c_40_V_unrelaxed_rank_010_alphafold2_model_2_seed_004.pdb
1751,40,Chemokine,0.53366,anc2c_40_V_unrelaxed_rank_011_alphafold2_model_5_seed_000.pdb
1752,40,Chemokine,0.52675,anc2c_40_V_unrelaxed_rank_012_alphafold2_model_2_seed_002.pdb
1753,40,Chemokine,0.57466,anc2c_40_V_unrelaxed_rank_013_alphafold2_model_2_seed_003.pdb
1754,40,Chemokine,0.58761,anc2c_40_V_unrelaxed_rank_014_alphafold2_model_2_seed_000.pdb
1755,40,Chemokine,0.53135,anc2c_40_V_unrelaxed_rank_015_alphafold2_model_5_seed_002.pdb
1756,40,Chemokine,0.53271,anc2c_40_V_unrelaxed_rank_016_alphafold2_model_5_seed_004.pdb
1757,40,Chemokine,0.53851,anc2c_40_V_unrelaxed_rank_017_alphafold2_model_5_seed_003.pdb
1758,40,Chemokine,0.60419,anc2c_40_V_unrelaxed_rank_018_alphafold2_model_2_seed_001.pdb
1759,40,Chemokine,0.70356,anc2c_40_V_unrelaxed_rank_019_alphafold2_model_1_seed_003.pdb
1760,40,Chemokine,0.71304,anc2c_40_V_unrelaxed_rank_020_alphafold2_model_1_seed_001.pdb
1761,40,Chemokine,0.73779,anc2c_40_V_unrelaxed_rank_021_alphafold2_model_1_seed_004.pdb
1762,40,Chemokine,0.60106,anc2c_40_V_unrelaxed_rank_022_alphafold2_model_3_seed_002.pdb
1763,45,Dimer,0.57684,anc2c_45_I_unrelaxed_rank_003_alphafold2_model_1_seed_000.pdb
1764,45,Dimer,0.57241,anc2c_45_I_unrelaxed_rank_004_alphafold2_model_1_seed_003.pdb
1765,45,Dimer,0.57462,anc2c_45_I_unrelaxed_rank_006_alphafold2_model_1_seed_001.pdb
1766,45,Dimer,0.57557,anc2c_45_I_unrelaxed_rank_007_alphafold2_model_1_seed_002.pdb
1767,45,Dimer,0.57312,anc2c_45_I_unrelaxed_rank_008_alphafold2_model_1_seed_004.pdb
1768,45,Dimer,0.5647,anc2c_45_I_unrelaxed_rank_011_alphafold2_model_3_seed_001.pdb
1769,45,Dimer,0.56202,anc2c_45_I_unrelaxed_rank_012_alphafold2_model_5_seed_000.pdb
1770,45,Dimer,0.56685,anc2c_45_L_unrelaxed_rank_005_alphafold2_model_1_seed_001.pdb
1771,45,Dimer,0.56305,anc2c_45_L_unrelaxed_rank_006_alphafold2_model_1_seed_004.pdb
1772,45,Dimer,0.56478,anc2c_45_L_unrelaxed_rank_007_alphafold2_model_1_seed_000.pdb
1773,45,Dimer,0.56322,anc2c_45_L_unrelaxed_rank_008_alphafold2_model_1_seed_002.pdb
1774,45,Dimer,0.56741,anc2c_45_L_unrelaxed_rank_009_alphafold2_model_1_seed_003.pdb
1775,45,Chemokine,0.53374,anc2c_45_L_unrelaxed_rank_010_alphafold2_model_4_seed_003.pdb
1776,45,Chemokine,0.54856,anc2c_45_L_unrelaxed_rank_011_alphafold2_model_4_seed_002.pdb
1777,45,Dimer,0.57413,anc2c_45_V_unrelaxed_rank_001_alphafold2_model_1_seed_001.pdb
1778,45,Chemokine,0.51181,anc2c_45_V_unrelaxed_rank_002_alphafold2_model_4_seed_002.pdb
1779,45,Chemokine,0.51202,anc2c_45_V_unrelaxed_rank_003_alphafold2_model_4_seed_003.pdb
1780,45,Dimer,0.57167,anc2c_45_V_unrelaxed_rank_005_alphafold2_model_1_seed_003.pdb
1781,45,Dimer,0.5762,anc2c_45_V_unrelaxed_rank_010_alphafold2_model_1_seed_002.pdb
1782,45,Dimer,0.57556,anc2c_45_V_unrelaxed_rank_011_alphafold2_model_1_seed_000.pdb
1783,45,Dimer,0.57412,anc2c_45_V_unrelaxed_rank_012_alphafold2_model_1_seed_004.pdb
1784,45,Chemokine,0.54383,anc2c_45_V_unrelaxed_rank_013_alphafold2_model_4_seed_000.pdb
1785,45,Chemokine,0.5218,anc2c_45_V_unrelaxed_rank_014_alphafold2_model_4_seed_001.pdb
1786,47,Chemokine,0.50562,anc2c_47_I_unrelaxed_rank_001_alphafold2_model_2_seed_004.pdb
1787,47,Chemokine,0.5075,anc2c_47_I_unrelaxed_rank_002_alphafold2_model_2_seed_002.pdb
1788,47,Chemokine,0.51069,anc2c_47_I_unrelaxed_rank_003_alphafold2_model_2_seed_003.pdb
1789,47,Chemokine,0.5046,anc2c_47_I_unrelaxed_rank_004_alphafold2_model_2_seed_001.pdb
1790,47,Chemokine,0.7694,anc2c_47_I_unrelaxed_rank_005_alphafold2_model_3_seed_004.pdb
1791,47,Chemokine,0.50949,anc2c_47_I_unrelaxed_rank_006_alphafold2_model_2_seed_000.pdb
1792,47,Chemokine,0.77479,anc2c_47_I_unrelaxed_rank_007_alphafold2_model_3_seed_002.pdb
1793,47,Chemokine,0.52538,anc2c_47_I_unrelaxed_rank_008_alphafold2_model_4_seed_000.pdb
1794,47,Chemokine,0.55426,anc2c_47_I_unrelaxed_rank_009_alphafold2_model_1_seed_004.pdb
1795,47,Chemokine,0.52259,anc2c_47_I_unrelaxed_rank_010_alphafold2_model_4_seed_003.pdb
1796,47,Chemokine,0.52136,anc2c_47_I_unrelaxed_rank_011_alphafold2_model_5_seed_002.pdb
1797,47,Chemokine,0.53689,anc2c_47_I_unrelaxed_rank_012_alphafold2_model_4_seed_002.pdb
1798,47,Chemokine,0.53321,anc2c_47_I_unrelaxed_rank_013_alphafold2_model_4_seed_004.pdb
1799,47,Chemokine,0.54656,anc2c_47_I_unrelaxed_rank_014_alphafold2_model_4_seed_001.pdb
1800,47,Chemokine,0.58492,anc2c_47_I_unrelaxed_rank_015_alphafold2_model_1_seed_003.pdb
1801,47,Chemokine,0.53712,anc2c_47_I_unrelaxed_rank_016_alphafold2_model_5_seed_004.pdb
1802,47,Chemokine,0.54221,anc2c_47_I_unrelaxed_rank_017_alphafold2_model_5_seed_001.pdb
1803,47,Chemokine,0.55456,anc2c_47_I_unrelaxed_rank_018_alphafold2_model_5_seed_003.pdb
1804,47,Chemokine,0.54245,anc2c_47_I_unrelaxed_rank_019_alphafold2_model_5_seed_000.pdb
1805,47,Chemokine,0.63676,anc2c_47_I_unrelaxed_rank_020_alphafold2_model_1_seed_002.pdb
1806,47,Chemokine,0.62893,anc2c_47_I_unrelaxed_rank_021_alphafold2_model_1_seed_000.pdb
1807,47,Chemokine,0.50343,anc2c_47_L_unrelaxed_rank_001_alphafold2_model_2_seed_001.pdb
1808,47,Chemokine,0.50506,anc2c_47_L_unrelaxed_rank_002_alphafold2_model_2_seed_004.pdb
1809,47,Chemokine,0.50469,anc2c_47_L_unrelaxed_rank_003_alphafold2_model_2_seed_003.pdb
1810,47,Chemokine,0.50725,anc2c_47_L_unrelaxed_rank_004_alphafold2_model_2_seed_002.pdb
1811,47,Chemokine,0.5228,anc2c_47_L_unrelaxed_rank_005_alphafold2_model_4_seed_002.pdb
1812,47,Chemokine,0.53712,anc2c_47_L_unrelaxed_rank_006_alphafold2_model_2_seed_000.pdb
1813,47,Chemokine,0.53442,anc2c_47_L_unrelaxed_rank_007_alphafold2_model_1_seed_004.pdb
1814,47,Chemokine,0.51849,anc2c_47_L_unrelaxed_rank_008_alphafold2_model_4_seed_004.pdb
1815,47,Chemokine,0.54208,anc2c_47_L_unrelaxed_rank_009_alphafold2_model_1_seed_002.pdb
1816,47,Chemokine,0.51562,anc2c_47_L_unrelaxed_rank_010_alphafold2_model_5_seed_004.pdb
1817,47,Chemokine,0.53149,anc2c_47_L_unrelaxed_rank_011_alphafold2_model_4_seed_003.pdb
1818,47,Chemokine,0.52569,anc2c_47_L_unrelaxed_rank_012_alphafold2_model_5_seed_000.pdb
1819,47,Chemokine,0.53003,anc2c_47_L_unrelaxed_rank_013_alphafold2_model_4_seed_000.pdb
1820,47,Chemokine,0.52636,anc2c_47_L_unrelaxed_rank_014_alphafold2_model_5_seed_001.pdb
1821,47,Chemokine,0.52714,anc2c_47_L_unrelaxed_rank_015_alphafold2_model_4_seed_001.pdb
1822,47,Chemokine,0.52965,anc2c_47_L_unrelaxed_rank_016_alphafold2_model_5_seed_003.pdb
1823,47,Chemokine,0.5502,anc2c_47_L_unrelaxed_rank_017_alphafold2_model_5_seed_002.pdb
1824,47,Chemokine,0.55518,anc2c_47_L_unrelaxed_rank_018_alphafold2_model_1_seed_000.pdb
1825,47,Chemokine,0.55031,anc2c_47_L_unrelaxed_rank_019_alphafold2_model_1_seed_003.pdb
1826,47,Chemokine,0.50414,anc2c_47_M_unrelaxed_rank_001_alphafold2_model_2_seed_004.pdb
1827,47,Chemokine,0.50354,anc2c_47_M_unrelaxed_rank_003_alphafold2_model_2_seed_001.pdb
1828,47,Chemokine,0.50905,anc2c_47_M_unrelaxed_rank_004_alphafold2_model_2_seed_002.pdb
1829,47,Chemokine,0.51325,anc2c_47_M_unrelaxed_rank_005_alphafold2_model_2_seed_003.pdb
1830,47,Chemokine,0.51839,anc2c_47_M_unrelaxed_rank_006_alphafold2_model_5_seed_004.pdb
1831,47,Chemokine,0.51781,anc2c_47_M_unrelaxed_rank_007_alphafold2_model_5_seed_000.pdb
1832,47,Chemokine,0.5188,anc2c_47_M_unrelaxed_rank_008_alphafold2_model_5_seed_001.pdb
1833,47,Chemokine,0.52193,anc2c_47_M_unrelaxed_rank_009_alphafold2_model_5_seed_003.pdb
1834,47,Chemokine,0.54066,anc2c_47_M_unrelaxed_rank_010_alphafold2_model_1_seed_003.pdb
1835,47,Chemokine,0.5446,anc2c_47_M_unrelaxed_rank_011_alphafold2_model_1_seed_000.pdb
1836,47,Chemokine,0.51844,anc2c_47_M_unrelaxed_rank_012_alphafold2_model_5_seed_002.pdb
1837,47,Chemokine,0.5413,anc2c_47_M_unrelaxed_rank_013_alphafold2_model_1_seed_002.pdb
1838,47,Chemokine,0.53681,anc2c_47_M_unrelaxed_rank_014_alphafold2_model_1_seed_004.pdb
1839,47,Chemokine,0.54294,anc2c_47_M_unrelaxed_rank_015_alphafold2_model_1_seed_001.pdb
1840,47,Chemokine,0.55828,anc2c_47_M_unrelaxed_rank_016_alphafold2_model_4_seed_001.pdb
1841,47,Chemokine,0.5491,anc2c_47_M_unrelaxed_rank_017_alphafold2_model_4_seed_002.pdb
1842,47,Chemokine,0.55287,anc2c_47_M_unrelaxed_rank_018_alphafold2_model_4_seed_003.pdb
1843,47,Chemokine,0.56018,anc2c_47_M_unrelaxed_rank_019_alphafold2_model_4_seed_000.pdb
1844,47,Chemokine,0.55645,anc2c_47_M_unrelaxed_rank_020_alphafold2_model_4_seed_004.pdb
1845,47,Chemokine,0.59187,anc2c_47_M_unrelaxed_rank_021_alphafold2_model_3_seed_002.pdb
1846,47,Chemokine,0.60383,anc2c_47_M_unrelaxed_rank_022_alphafold2_model_3_seed_001.pdb
1847,I,Chemokine,0.50781,anc2c_I_unrelaxed_rank_001_alphafold2_model_2_seed_000.pdb
1848,I,Chemokine,0.50826,anc2c_I_unrelaxed_rank_002_alphafold2_model_2_seed_001.pdb
1849,I,Chemokine,0.50969,anc2c_I_unrelaxed_rank_003_alphafold2_model_2_seed_004.pdb
1850,I,Chemokine,0.7844,anc2c_I_unrelaxed_rank_004_alphafold2_model_3_seed_002.pdb
1851,I,Chemokine,0.5086,anc2c_I_unrelaxed_rank_005_alphafold2_model_2_seed_002.pdb
1852,I,Chemokine,0.5121,anc2c_I_unrelaxed_rank_006_alphafold2_model_2_seed_003.pdb
1853,I,Dimer,0.57331,anc2c_I_unrelaxed_rank_007_alphafold2_model_1_seed_001.pdb
1854,I,Chemokine,0.53219,anc2c_I_unrelaxed_rank_008_alphafold2_model_4_seed_000.pdb
1855,I,Chemokine,0.53832,anc2c_I_unrelaxed_rank_009_alphafold2_model_4_seed_003.pdb
1856,I,Chemokine,0.7842,anc2c_I_unrelaxed_rank_010_alphafold2_model_3_seed_000.pdb
1857,I,Chemokine,0.54634,anc2c_I_unrelaxed_rank_011_alphafold2_model_4_seed_004.pdb
1858,I,Chemokine,0.56071,anc2c_I_unrelaxed_rank_012_alphafold2_model_4_seed_002.pdb
1859,I,Chemokine,0.56671,anc2c_I_unrelaxed_rank_013_alphafold2_model_4_seed_001.pdb
1860,I,Chemokine,0.62085,anc2c_I_unrelaxed_rank_014_alphafold2_model_1_seed_004.pdb
1861,I,Chemokine,0.55035,anc2c_I_unrelaxed_rank_015_alphafold2_model_5_seed_004.pdb
1862,I,Chemokine,0.63391,anc2c_I_unrelaxed_rank_016_alphafold2_model_1_seed_002.pdb
1863,I,Chemokine,0.57099,anc2c_I_unrelaxed_rank_017_alphafold2_model_1_seed_003.pdb
1864,I,Chemokine,0.57291,anc2c_I_unrelaxed_rank_018_alphafold2_model_1_seed_000.pdb
1865,I,Chemokine,0.57601,anc2c_I_unrelaxed_rank_019_alphafold2_model_5_seed_002.pdb
1866,L,Chemokine,0.79234,anc2c_L_unrelaxed_rank_001_alphafold2_model_3_seed_004.pdb
1867,L,Chemokine,0.59979,anc2c_L_unrelaxed_rank_002_alphafold2_model_1_seed_002.pdb
1868,L,Chemokine,0.61086,anc2c_L_unrelaxed_rank_003_alphafold2_model_1_seed_000.pdb
1869,L,Chemokine,0.61264,anc2c_L_unrelaxed_rank_004_alphafold2_model_1_seed_003.pdb
1870,L,Chemokine,0.6054,anc2c_L_unrelaxed_rank_005_alphafold2_model_1_seed_004.pdb
1871,L,Chemokine,0.60651,anc2c_L_unrelaxed_rank_006_alphafold2_model_2_seed_000.pdb
1872,L,Chemokine,0.56911,anc2c_L_unrelaxed_rank_007_alphafold2_model_4_seed_003.pdb
1873,L,Chemokine,0.60767,anc2c_L_unrelaxed_rank_008_alphafold2_model_2_seed_003.pdb
1874,L,Chemokine,0.59839,anc2c_L_unrelaxed_rank_009_alphafold2_model_2_seed_002.pdb
1875,L,Chemokine,0.57477,anc2c_L_unrelaxed_rank_010_alphafold2_model_4_seed_000.pdb
1876,L,Chemokine,0.58149,anc2c_L_unrelaxed_rank_011_alphafold2_model_4_seed_001.pdb
1877,L,Chemokine,0.57323,anc2c_L_unrelaxed_rank_012_alphafold2_model_4_seed_002.pdb
1878,L,Chemokine,0.58181,anc2c_L_unrelaxed_rank_013_alphafold2_model_4_seed_004.pdb
1879,L,Chemokine,0.62177,anc2c_L_unrelaxed_rank_014_alphafold2_model_2_seed_001.pdb
1880,L,Chemokine,0.62043,anc2c_L_unrelaxed_rank_015_alphafold2_model_2_seed_004.pdb
1881,L,Chemokine,0.57266,anc2c_L_unrelaxed_rank_016_alphafold2_model_5_seed_002.pdb
1882,L,Chemokine,0.60394,anc2c_L_unrelaxed_rank_017_alphafold2_model_1_seed_001.pdb
1883,L,Chemokine,0.57667,anc2c_L_unrelaxed_rank_018_alphafold2_model_5_seed_003.pdb
1884,L,Chemokine,0.56748,anc2c_L_unrelaxed_rank_019_alphafold2_model_5_seed_004.pdb
1885,L,Chemokine,0.56848,anc2c_L_unrelaxed_rank_020_alphafold2_model_5_seed_001.pdb
1886,L,Chemokine,0.57202,anc2c_L_unrelaxed_rank_021_alphafold2_model_5_seed_000.pdb
1887,L,Chemokine,0.62608,anc2c_L_unrelaxed_rank_022_alphafold2_model_3_seed_003.pdb
1888,V,Chemokine,0.50562,anc2c_V_unrelaxed_rank_001_alphafold2_model_2_seed_004.pdb
1889,V,Chemokine,0.5075,anc2c_V_unrelaxed_rank_002_alphafold2_model_2_seed_002.pdb
1890,V,Chemokine,0.51069,anc2c_V_unrelaxed_rank_003_alphafold2_model_2_seed_003.pdb
1891,V,Chemokine,0.5046,anc2c_V_unrelaxed_rank_004_alphafold2_model_2_seed_001.pdb
1892,V,Chemokine,0.7694,anc2c_V_unrelaxed_rank_005_alphafold2_model_3_seed_004.pdb
1893,V,Chemokine,0.50949,anc2c_V_unrelaxed_rank_006_alphafold2_model_2_seed_000.pdb
1894,V,Chemokine,0.77479,anc2c_V_unrelaxed_rank_007_alphafold2_model_3_seed_002.pdb
1895,V,Chemokine,0.52538,anc2c_V_unrelaxed_rank_008_alphafold2_model_4_seed_000.pdb
1896,V,Chemokine,0.55426,anc2c_V_unrelaxed_rank_009_alphafold2_model_1_seed_004.pdb
1897,V,Chemokine,0.52259,anc2c_V_unrelaxed_rank_010_alphafold2_model_4_seed_003.pdb
1898,V,Chemokine,0.52136,anc2c_V_unrelaxed_rank_011_alphafold2_model_5_seed_002.pdb
1899,V,Chemokine,0.53689,anc2c_V_unrelaxed_rank_012_alphafold2_model_4_seed_002.pdb
1900,V,Chemokine,0.53321,anc2c_V_unrelaxed_rank_013_alphafold2_model_4_seed_004.pdb
1901,V,Chemokine,0.54656,anc2c_V_unrelaxed_rank_014_alphafold2_model_4_seed_001.pdb
1902,V,Chemokine,0.58492,anc2c_V_unrelaxed_rank_015_alphafold2_model_1_seed_003.pdb
1903,V,Chemokine,0.53712,anc2c_V_unrelaxed_rank_016_alphafold2_model_5_seed_004.pdb
1904,V,Chemokine,0.54221,anc2c_V_unrelaxed_rank_017_alphafold2_model_5_seed_001.pdb
1905,V,Chemokine,0.55456,anc2c_V_unrelaxed_rank_018_alphafold2_model_5_seed_003.pdb
1906,V,Chemokine,0.54245,anc2c_V_unrelaxed_rank_019_alphafold2_model_5_seed_000.pdb
1907,V,Chemokine,0.63676,anc2c_V_unrelaxed_rank_020_alphafold2_model_1_seed_002.pdb
1908,V,Chemokine,0.62893,anc2c_V_unrelaxed_rank_021_alphafold2_model_1_seed_000.pdb
1909,36,Chemokine,0.77534,anc2d_36_A_unrelaxed_rank_001_alphafold2_model_2_seed_004.pdb
1910,36,Chemokine,0.747,anc2d_36_A_unrelaxed_rank_002_alphafold2_model_3_seed_002.pdb
1911,36,Chemokine,0.74921,anc2d_36_A_unrelaxed_rank_003_alphafold2_model_3_seed_000.pdb
1912,36,Chemokine,0.74914,anc2d_36_A_unrelaxed_rank_004_alphafold2_model_3_seed_001.pdb
1913,36,Chemokine,0.75183,anc2d_36_A_unrelaxed_rank_005_alphafold2_model_3_seed_003.pdb
1914,36,Chemokine,0.75373,anc2d_36_A_unrelaxed_rank_006_alphafold2_model_1_seed_002.pdb
1915,36,Chemokine,0.75253,anc2d_36_A_unrelaxed_rank_007_alphafold2_model_1_seed_003.pdb
1916,36,Chemokine,0.75657,anc2d_36_A_unrelaxed_rank_008_alphafold2_model_1_seed_004.pdb
1917,36,Chemokine,0.76181,anc2d_36_A_unrelaxed_rank_009_alphafold2_model_2_seed_002.pdb
1918,36,Chemokine,0.75556,anc2d_36_A_unrelaxed_rank_010_alphafold2_model_1_seed_001.pdb
1919,36,Chemokine,0.75404,anc2d_36_A_unrelaxed_rank_011_alphafold2_model_1_seed_000.pdb
1920,36,Chemokine,0.75755,anc2d_36_A_unrelaxed_rank_012_alphafold2_model_2_seed_003.pdb
1921,36,Chemokine,0.75664,anc2d_36_A_unrelaxed_rank_013_alphafold2_model_2_seed_001.pdb
1922,36,Chemokine,0.75598,anc2d_36_A_unrelaxed_rank_014_alphafold2_model_2_seed_000.pdb
1923,36,Chemokine,0.75062,anc2d_36_A_unrelaxed_rank_015_alphafold2_model_5_seed_004.pdb
1924,36,Chemokine,0.7543,anc2d_36_A_unrelaxed_rank_016_alphafold2_model_5_seed_003.pdb
1925,36,Chemokine,0.75187,anc2d_36_A_unrelaxed_rank_017_alphafold2_model_5_seed_001.pdb
1926,36,Chemokine,0.7507,anc2d_36_A_unrelaxed_rank_018_alphafold2_model_5_seed_000.pdb
1927,36,Chemokine,0.76172,anc2d_36_A_unrelaxed_rank_019_alphafold2_model_5_seed_002.pdb
1928,36,Chemokine,0.68399,anc2d_36_A_unrelaxed_rank_020_alphafold2_model_4_seed_004.pdb
1929,36,Chemokine,0.68732,anc2d_36_A_unrelaxed_rank_021_alphafold2_model_4_seed_003.pdb
1930,36,Chemokine,0.68596,anc2d_36_A_unrelaxed_rank_022_alphafold2_model_4_seed_001.pdb
1931,36,Chemokine,0.68366,anc2d_36_A_unrelaxed_rank_023_alphafold2_model_4_seed_002.pdb
1932,36,Chemokine,0.68199,anc2d_36_A_unrelaxed_rank_024_alphafold2_model_4_seed_000.pdb
1933,36,Chemokine,0.7633,anc2d_36_G_unrelaxed_rank_001_alphafold2_model_1_seed_002.pdb
1934,36,Chemokine,0.76211,anc2d_36_G_unrelaxed_rank_002_alphafold2_model_2_seed_003.pdb
1935,36,Chemokine,0.76281,anc2d_36_G_unrelaxed_rank_003_alphafold2_model_1_seed_004.pdb
1936,36,Chemokine,0.76372,anc2d_36_G_unrelaxed_rank_004_alphafold2_model_1_seed_000.pdb
1937,36,Chemokine,0.74214,anc2d_36_G_unrelaxed_rank_005_alphafold2_model_3_seed_001.pdb
1938,36,Chemokine,0.76168,anc2d_36_G_unrelaxed_rank_006_alphafold2_model_2_seed_002.pdb
1939,36,Chemokine,0.76735,anc2d_36_G_unrelaxed_rank_007_alphafold2_model_1_seed_003.pdb
1940,36,Chemokine,0.74034,anc2d_36_G_unrelaxed_rank_008_alphafold2_model_3_seed_003.pdb
1941,36,Chemokine,0.74528,anc2d_36_G_unrelaxed_rank_009_alphafold2_model_3_seed_002.pdb
1942,36,Chemokine,0.76197,anc2d_36_G_unrelaxed_rank_010_alphafold2_model_2_seed_001.pdb
1943,36,Chemokine,0.75956,anc2d_36_G_unrelaxed_rank_011_alphafold2_model_2_seed_000.pdb
1944,36,Chemokine,0.74519,anc2d_36_G_unrelaxed_rank_012_alphafold2_model_3_seed_004.pdb
1945,36,Chemokine,0.76389,anc2d_36_G_unrelaxed_rank_013_alphafold2_model_2_seed_004.pdb
1946,36,Chemokine,0.74532,anc2d_36_G_unrelaxed_rank_014_alphafold2_model_3_seed_000.pdb
1947,36,Chemokine,0.77413,anc2d_36_G_unrelaxed_rank_015_alphafold2_model_4_seed_004.pdb
1948,36,Chemokine,0.77219,anc2d_36_G_unrelaxed_rank_016_alphafold2_model_4_seed_002.pdb
1949,36,Chemokine,0.77596,anc2d_36_G_unrelaxed_rank_017_alphafold2_model_4_seed_003.pdb
1950,36,Chemokine,0.73124,anc2d_36_G_unrelaxed_rank_018_alphafold2_model_5_seed_004.pdb
1951,36,Chemokine,0.73762,anc2d_36_G_unrelaxed_rank_019_alphafold2_model_5_seed_003.pdb
1952,36,Chemokine,0.70609,anc2d_36_G_unrelaxed_rank_020_alphafold2_model_4_seed_001.pdb
1953,36,Chemokine,0.70654,anc2d_36_G_unrelaxed_rank_021_alphafold2_model_4_seed_000.pdb
1954,36,Chemokine,0.70403,anc2d_36_G_unrelaxed_rank_022_alphafold2_model_1_seed_001.pdb
1955,36,Chemokine,0.7513,anc2d_36_I_unrelaxed_rank_001_alphafold2_model_3_seed_002.pdb
1956,36,Chemokine,0.75101,anc2d_36_I_unrelaxed_rank_002_alphafold2_model_3_seed_000.pdb
1957,36,Chemokine,0.75174,anc2d_36_I_unrelaxed_rank_003_alphafold2_model_3_seed_001.pdb
1958,36,Chemokine,0.75185,anc2d_36_I_unrelaxed_rank_004_alphafold2_model_3_seed_004.pdb
1959,36,Chemokine,0.75459,anc2d_36_I_unrelaxed_rank_005_alphafold2_model_3_seed_003.pdb
1960,36,Chemokine,0.75594,anc2d_36_I_unrelaxed_rank_006_alphafold2_model_1_seed_003.pdb
1961,36,Chemokine,0.75431,anc2d_36_I_unrelaxed_rank_007_alphafold2_model_1_seed_002.pdb
1962,36,Chemokine,0.75428,anc2d_36_I_unrelaxed_rank_008_alphafold2_model_2_seed_002.pdb
1963,36,Chemokine,0.75568,anc2d_36_I_unrelaxed_rank_009_alphafold2_model_2_seed_003.pdb
1964,36,Chemokine,0.75461,anc2d_36_I_unrelaxed_rank_010_alphafold2_model_1_seed_004.pdb
1965,36,Chemokine,0.75325,anc2d_36_I_unrelaxed_rank_011_alphafold2_model_1_seed_001.pdb
1966,36,Chemokine,0.75383,anc2d_36_I_unrelaxed_rank_012_alphafold2_model_1_seed_000.pdb
1967,36,Chemokine,0.76,anc2d_36_I_unrelaxed_rank_013_alphafold2_model_2_seed_001.pdb
1968,36,Chemokine,0.7537,anc2d_36_I_unrelaxed_rank_014_alphafold2_model_4_seed_002.pdb
1969,36,Chemokine,0.75628,anc2d_36_I_unrelaxed_rank_015_alphafold2_model_4_seed_001.pdb
1970,36,Chemokine,0.7558,anc2d_36_I_unrelaxed_rank_016_alphafold2_model_4_seed_004.pdb
1971,36,Chemokine,0.75391,anc2d_36_I_unrelaxed_rank_017_alphafold2_model_4_seed_003.pdb
1972,36,Chemokine,0.75516,anc2d_36_I_unrelaxed_rank_018_alphafold2_model_4_seed_000.pdb
1973,38,Chemokine,0.77534,anc2d_38_I_unrelaxed_rank_001_alphafold2_model_2_seed_004.pdb
1974,38,Chemokine,0.747,anc2d_38_I_unrelaxed_rank_002_alphafold2_model_3_seed_002.pdb
1975,38,Chemokine,0.74921,anc2d_38_I_unrelaxed_rank_003_alphafold2_model_3_seed_000.pdb
1976,38,Chemokine,0.74914,anc2d_38_I_unrelaxed_rank_004_alphafold2_model_3_seed_001.pdb
1977,38,Chemokine,0.75183,anc2d_38_I_unrelaxed_rank_005_alphafold2_model_3_seed_003.pdb
1978,38,Chemokine,0.75373,anc2d_38_I_unrelaxed_rank_006_alphafold2_model_1_seed_002.pdb
1979,38,Chemokine,0.75253,anc2d_38_I_unrelaxed_rank_007_alphafold2_model_1_seed_003.pdb
1980,38,Chemokine,0.75657,anc2d_38_I_unrelaxed_rank_008_alphafold2_model_1_seed_004.pdb
1981,38,Chemokine,0.76181,anc2d_38_I_unrelaxed_rank_009_alphafold2_model_2_seed_002.pdb
1982,38,Chemokine,0.75556,anc2d_38_I_unrelaxed_rank_010_alphafold2_model_1_seed_001.pdb
1983,38,Chemokine,0.75404,anc2d_38_I_unrelaxed_rank_011_alphafold2_model_1_seed_000.pdb
1984,38,Chemokine,0.75755,anc2d_38_I_unrelaxed_rank_012_alphafold2_model_2_seed_003.pdb
1985,38,Chemokine,0.75664,anc2d_38_I_unrelaxed_rank_013_alphafold2_model_2_seed_001.pdb
1986,38,Chemokine,0.75598,anc2d_38_I_unrelaxed_rank_014_alphafold2_model_2_seed_000.pdb
1987,38,Chemokine,0.75062,anc2d_38_I_unrelaxed_rank_015_alphafold2_model_5_seed_004.pdb
1988,38,Chemokine,0.7543,anc2d_38_I_unrelaxed_rank_016_alphafold2_model_5_seed_003.pdb
1989,38,Chemokine,0.75187,anc2d_38_I_unrelaxed_rank_017_alphafold2_model_5_seed_001.pdb
1990,38,Chemokine,0.7507,anc2d_38_I_unrelaxed_rank_018_alphafold2_model_5_seed_000.pdb
1991,38,Chemokine,0.76172,anc2d_38_I_unrelaxed_rank_019_alphafold2_model_5_seed_002.pdb
1992,38,Chemokine,0.68399,anc2d_38_I_unrelaxed_rank_020_alphafold2_model_4_seed_004.pdb
1993,38,Chemokine,0.68732,anc2d_38_I_unrelaxed_rank_021_alphafold2_model_4_seed_003.pdb
1994,38,Chemokine,0.68596,anc2d_38_I_unrelaxed_rank_022_alphafold2_model_4_seed_001.pdb
1995,38,Chemokine,0.68366,anc2d_38_I_unrelaxed_rank_023_alphafold2_model_4_seed_002.pdb
1996,38,Chemokine,0.68199,anc2d_38_I_unrelaxed_rank_024_alphafold2_model_4_seed_000.pdb
1997,38,Chemokine,0.76598,anc2d_38_L_unrelaxed_rank_001_alphafold2_model_3_seed_004.pdb
1998,38,Chemokine,0.76307,anc2d_38_L_unrelaxed_rank_002_alphafold2_model_3_seed_003.pdb
1999,38,Chemokine,0.78018,anc2d_38_L_unrelaxed_rank_003_alphafold2_model_2_seed_004.pdb
2000,38,Chemokine,0.77412,anc2d_38_L_unrelaxed_rank_004_alphafold2_model_1_seed_004.pdb
2001,38,Chemokine,0.77936,anc2d_38_L_unrelaxed_rank_005_alphafold2_model_2_seed_003.pdb
2002,38,Chemokine,0.77846,anc2d_38_L_unrelaxed_rank_006_alphafold2_model_2_seed_002.pdb
2003,38,Chemokine,0.77289,anc2d_38_L_unrelaxed_rank_007_alphafold2_model_1_seed_001.pdb
2004,38,Chemokine,0.77264,anc2d_38_L_unrelaxed_rank_008_alphafold2_model_1_seed_002.pdb
2005,38,Chemokine,0.7719,anc2d_38_L_unrelaxed_rank_009_alphafold2_model_1_seed_000.pdb
2006,38,Chemokine,0.77895,anc2d_38_L_unrelaxed_rank_010_alphafold2_model_2_seed_000.pdb
2007,38,Chemokine,0.77356,anc2d_38_L_unrelaxed_rank_011_alphafold2_model_1_seed_003.pdb
2008,38,Chemokine,0.77819,anc2d_38_L_unrelaxed_rank_012_alphafold2_model_2_seed_001.pdb
2009,38,Chemokine,0.76846,anc2d_38_L_unrelaxed_rank_013_alphafold2_model_5_seed_004.pdb
2010,38,Chemokine,0.76749,anc2d_38_L_unrelaxed_rank_014_alphafold2_model_5_seed_003.pdb
2011,38,Chemokine,0.76848,anc2d_38_L_unrelaxed_rank_015_alphafold2_model_5_seed_001.pdb
2012,38,Chemokine,0.76817,anc2d_38_L_unrelaxed_rank_016_alphafold2_model_5_seed_000.pdb
2013,38,Chemokine,0.76955,anc2d_38_L_unrelaxed_rank_017_alphafold2_model_5_seed_002.pdb
2014,38,Chemokine,0.76946,anc2d_38_L_unrelaxed_rank_018_alphafold2_model_4_seed_002.pdb
2015,38,Chemokine,0.70791,anc2d_38_L_unrelaxed_rank_019_alphafold2_model_4_seed_001.pdb
2016,38,Chemokine,0.70602,anc2d_38_L_unrelaxed_rank_020_alphafold2_model_4_seed_000.pdb
2017,38,Chemokine,0.70796,anc2d_38_L_unrelaxed_rank_021_alphafold2_model_4_seed_003.pdb
2018,38,Chemokine,0.71695,anc2d_38_L_unrelaxed_rank_022_alphafold2_model_4_seed_004.pdb
2019,38,Chemokine,0.76115,anc2d_38_V_unrelaxed_rank_001_alphafold2_model_1_seed_004.pdb
2020,38,Chemokine,0.75675,anc2d_38_V_unrelaxed_rank_002_alphafold2_model_1_seed_000.pdb
2021,38,Chemokine,0.7578,anc2d_38_V_unrelaxed_rank_003_alphafold2_model_1_seed_002.pdb
2022,38,Chemokine,0.76565,anc2d_38_V_unrelaxed_rank_004_alphafold2_model_2_seed_004.pdb
2023,38,Chemokine,0.76566,anc2d_38_V_unrelaxed_rank_005_alphafold2_model_2_seed_002.pdb
2024,38,Chemokine,0.76555,anc2d_38_V_unrelaxed_rank_006_alphafold2_model_2_seed_000.pdb
2025,38,Chemokine,0.76435,anc2d_38_V_unrelaxed_rank_007_alphafold2_model_2_seed_003.pdb
2026,38,Chemokine,0.76426,anc2d_38_V_unrelaxed_rank_008_alphafold2_model_2_seed_001.pdb
2027,38,Chemokine,0.75867,anc2d_38_V_unrelaxed_rank_009_alphafold2_model_5_seed_004.pdb
2028,38,Chemokine,0.75976,anc2d_38_V_unrelaxed_rank_010_alphafold2_model_5_seed_003.pdb
2029,38,Chemokine,0.75928,anc2d_38_V_unrelaxed_rank_011_alphafold2_model_5_seed_001.pdb
2030,38,Chemokine,0.75932,anc2d_38_V_unrelaxed_rank_012_alphafold2_model_5_seed_000.pdb
2031,38,Chemokine,0.75416,anc2d_38_V_unrelaxed_rank_013_alphafold2_model_5_seed_002.pdb
2032,38,Chemokine,0.70115,anc2d_38_V_unrelaxed_rank_014_alphafold2_model_1_seed_003.pdb
2033,38,Chemokine,0.70508,anc2d_38_V_unrelaxed_rank_015_alphafold2_model_1_seed_001.pdb
2034,38,Chemokine,0.65669,anc2d_38_V_unrelaxed_rank_016_alphafold2_model_3_seed_003.pdb
2035,38,Chemokine,0.6954,anc2d_38_V_unrelaxed_rank_017_alphafold2_model_4_seed_003.pdb
2036,38,Chemokine,0.66328,anc2d_38_V_unrelaxed_rank_018_alphafold2_model_3_seed_001.pdb
2037,38,Chemokine,0.65952,anc2d_38_V_unrelaxed_rank_019_alphafold2_model_3_seed_000.pdb
2038,38,Chemokine,0.66888,anc2d_38_V_unrelaxed_rank_020_alphafold2_model_3_seed_002.pdb
2039,38,Chemokine,0.69526,anc2d_38_V_unrelaxed_rank_021_alphafold2_model_4_seed_002.pdb
2040,38,Chemokine,0.66306,anc2d_38_V_unrelaxed_rank_022_alphafold2_model_3_seed_004.pdb
2041,38,Chemokine,0.69827,anc2d_38_V_unrelaxed_rank_023_alphafold2_model_4_seed_004.pdb
2042,38,Chemokine,0.69608,anc2d_38_V_unrelaxed_rank_024_alphafold2_model_4_seed_000.pdb
2043,38,Chemokine,0.70037,anc2d_38_V_unrelaxed_rank_025_alphafold2_model_4_seed_001.pdb
2044,40,Dimer,0.52475,anc2d_40_G_unrelaxed_rank_001_alphafold2_model_2_seed_000.pdb
2045,40,Dimer,0.52446,anc2d_40_G_unrelaxed_rank_002_alphafold2_model_2_seed_001.pdb
2046,40,Dimer,0.52592,anc2d_40_G_unrelaxed_rank_003_alphafold2_model_2_seed_004.pdb
2047,40,Dimer,0.53995,anc2d_40_G_unrelaxed_rank_004_alphafold2_model_1_seed_003.pdb
2048,40,Dimer,0.53822,anc2d_40_G_unrelaxed_rank_005_alphafold2_model_1_seed_000.pdb
2049,40,Dimer,0.50504,anc2d_40_G_unrelaxed_rank_006_alphafold2_model_2_seed_002.pdb
2050,40,Dimer,0.53504,anc2d_40_G_unrelaxed_rank_007_alphafold2_model_1_seed_001.pdb
2051,40,Dimer,0.53972,anc2d_40_G_unrelaxed_rank_008_alphafold2_model_4_seed_001.pdb
2052,40,Dimer,0.53919,anc2d_40_G_unrelaxed_rank_009_alphafold2_model_4_seed_000.pdb
2053,40,Dimer,0.53872,anc2d_40_G_unrelaxed_rank_010_alphafold2_model_4_seed_002.pdb
2054,40,Dimer,0.53932,anc2d_40_G_unrelaxed_rank_011_alphafold2_model_4_seed_004.pdb
2055,40,Dimer,0.53833,anc2d_40_G_unrelaxed_rank_012_alphafold2_model_4_seed_003.pdb
2056,40,Chemokine,0.77534,anc2d_40_I_unrelaxed_rank_001_alphafold2_model_2_seed_004.pdb
2057,40,Chemokine,0.747,anc2d_40_I_unrelaxed_rank_002_alphafold2_model_3_seed_002.pdb
2058,40,Chemokine,0.74921,anc2d_40_I_unrelaxed_rank_003_alphafold2_model_3_seed_000.pdb
2059,40,Chemokine,0.74914,anc2d_40_I_unrelaxed_rank_004_alphafold2_model_3_seed_001.pdb
2060,40,Chemokine,0.75183,anc2d_40_I_unrelaxed_rank_005_alphafold2_model_3_seed_003.pdb
2061,40,Chemokine,0.75373,anc2d_40_I_unrelaxed_rank_006_alphafold2_model_1_seed_002.pdb
2062,40,Chemokine,0.75253,anc2d_40_I_unrelaxed_rank_007_alphafold2_model_1_seed_003.pdb
2063,40,Chemokine,0.75657,anc2d_40_I_unrelaxed_rank_008_alphafold2_model_1_seed_004.pdb
2064,40,Chemokine,0.76181,anc2d_40_I_unrelaxed_rank_009_alphafold2_model_2_seed_002.pdb
2065,40,Chemokine,0.75556,anc2d_40_I_unrelaxed_rank_010_alphafold2_model_1_seed_001.pdb
2066,40,Chemokine,0.75404,anc2d_40_I_unrelaxed_rank_011_alphafold2_model_1_seed_000.pdb
2067,40,Chemokine,0.75755,anc2d_40_I_unrelaxed_rank_012_alphafold2_model_2_seed_003.pdb
2068,40,Chemokine,0.75664,anc2d_40_I_unrelaxed_rank_013_alphafold2_model_2_seed_001.pdb
2069,40,Chemokine,0.75598,anc2d_40_I_unrelaxed_rank_014_alphafold2_model_2_seed_000.pdb
2070,40,Chemokine,0.75062,anc2d_40_I_unrelaxed_rank_015_alphafold2_model_5_seed_004.pdb
2071,40,Chemokine,0.7543,anc2d_40_I_unrelaxed_rank_016_alphafold2_model_5_seed_003.pdb
2072,40,Chemokine,0.75187,anc2d_40_I_unrelaxed_rank_017_alphafold2_model_5_seed_001.pdb
2073,40,Chemokine,0.7507,anc2d_40_I_unrelaxed_rank_018_alphafold2_model_5_seed_000.pdb
2074,40,Chemokine,0.76172,anc2d_40_I_unrelaxed_rank_019_alphafold2_model_5_seed_002.pdb
2075,40,Chemokine,0.68399,anc2d_40_I_unrelaxed_rank_020_alphafold2_model_4_seed_004.pdb
2076,40,Chemokine,0.68732,anc2d_40_I_unrelaxed_rank_021_alphafold2_model_4_seed_003.pdb
2077,40,Chemokine,0.68596,anc2d_40_I_unrelaxed_rank_022_alphafold2_model_4_seed_001.pdb
2078,40,Chemokine,0.68366,anc2d_40_I_unrelaxed_rank_023_alphafold2_model_4_seed_002.pdb
2079,40,Chemokine,0.68199,anc2d_40_I_unrelaxed_rank_024_alphafold2_model_4_seed_000.pdb
2080,40,Chemokine,0.76487,anc2d_40_V_unrelaxed_rank_001_alphafold2_model_1_seed_002.pdb
2081,40,Chemokine,0.75131,anc2d_40_V_unrelaxed_rank_002_alphafold2_model_3_seed_001.pdb
2082,40,Chemokine,0.75347,anc2d_40_V_unrelaxed_rank_003_alphafold2_model_3_seed_002.pdb
2083,40,Chemokine,0.76365,anc2d_40_V_unrelaxed_rank_004_alphafold2_model_1_seed_004.pdb
2084,40,Chemokine,0.75812,anc2d_40_V_unrelaxed_rank_005_alphafold2_model_1_seed_000.pdb
2085,40,Chemokine,0.76109,anc2d_40_V_unrelaxed_rank_006_alphafold2_model_1_seed_001.pdb
2086,40,Chemokine,0.75596,anc2d_40_V_unrelaxed_rank_007_alphafold2_model_1_seed_003.pdb
2087,40,Chemokine,0.74992,anc2d_40_V_unrelaxed_rank_008_alphafold2_model_3_seed_003.pdb
2088,40,Chemokine,0.76645,anc2d_40_V_unrelaxed_rank_009_alphafold2_model_2_seed_002.pdb
2089,40,Chemokine,0.76314,anc2d_40_V_unrelaxed_rank_010_alphafold2_model_2_seed_003.pdb
2090,40,Chemokine,0.7624,anc2d_40_V_unrelaxed_rank_011_alphafold2_model_2_seed_004.pdb
2091,40,Chemokine,0.76158,anc2d_40_V_unrelaxed_rank_012_alphafold2_model_2_seed_001.pdb
2092,40,Chemokine,0.76247,anc2d_40_V_unrelaxed_rank_013_alphafold2_model_2_seed_000.pdb
2093,40,Chemokine,0.76175,anc2d_40_V_unrelaxed_rank_014_alphafold2_model_3_seed_000.pdb
2094,40,Chemokine,0.7586,anc2d_40_V_unrelaxed_rank_015_alphafold2_model_5_seed_003.pdb
2095,40,Chemokine,0.75689,anc2d_40_V_unrelaxed_rank_016_alphafold2_model_5_seed_004.pdb
2096,40,Chemokine,0.75708,anc2d_40_V_unrelaxed_rank_017_alphafold2_model_5_seed_002.pdb
2097,40,Chemokine,0.75765,anc2d_40_V_unrelaxed_rank_018_alphafold2_model_5_seed_001.pdb
2098,40,Chemokine,0.75637,anc2d_40_V_unrelaxed_rank_019_alphafold2_model_5_seed_000.pdb
2099,40,Chemokine,0.68898,anc2d_40_V_unrelaxed_rank_020_alphafold2_model_4_seed_003.pdb
2100,40,Chemokine,0.68569,anc2d_40_V_unrelaxed_rank_021_alphafold2_model_4_seed_004.pdb
2101,40,Chemokine,0.69342,anc2d_40_V_unrelaxed_rank_022_alphafold2_model_4_seed_001.pdb
2102,40,Chemokine,0.68996,anc2d_40_V_unrelaxed_rank_023_alphafold2_model_4_seed_002.pdb
2103,40,Chemokine,0.69045,anc2d_40_V_unrelaxed_rank_024_alphafold2_model_4_seed_000.pdb
2104,45,Dimer,0.56974,anc2d_45_I_unrelaxed_rank_001_alphafold2_model_2_seed_002.pdb
2105,45,Dimer,0.57054,anc2d_45_I_unrelaxed_rank_002_alphafold2_model_2_seed_003.pdb
2106,45,Dimer,0.56531,anc2d_45_I_unrelaxed_rank_003_alphafold2_model_2_seed_004.pdb
2107,45,Dimer,0.56843,anc2d_45_I_unrelaxed_rank_004_alphafold2_model_2_seed_001.pdb
2108,45,Dimer,0.56043,anc2d_45_I_unrelaxed_rank_005_alphafold2_model_2_seed_000.pdb
2109,45,Dimer,0.53736,anc2d_45_I_unrelaxed_rank_006_alphafold2_model_1_seed_003.pdb
2110,45,Dimer,0.53574,anc2d_45_I_unrelaxed_rank_007_alphafold2_model_1_seed_000.pdb
2111,45,Dimer,0.57146,anc2d_45_I_unrelaxed_rank_008_alphafold2_model_3_seed_003.pdb
2112,45,Dimer,0.56772,anc2d_45_I_unrelaxed_rank_009_alphafold2_model_1_seed_001.pdb
2113,45,Dimer,0.56679,anc2d_45_I_unrelaxed_rank_010_alphafold2_model_1_seed_004.pdb
2114,45,Dimer,0.53689,anc2d_45_I_unrelaxed_rank_011_alphafold2_model_1_seed_002.pdb
2115,45,Dimer,0.54269,anc2d_45_I_unrelaxed_rank_012_alphafold2_model_3_seed_002.pdb
2116,45,Dimer,0.54372,anc2d_45_I_unrelaxed_rank_013_alphafold2_model_5_seed_002.pdb
2117,45,Dimer,0.54304,anc2d_45_I_unrelaxed_rank_014_alphafold2_model_3_seed_000.pdb
2118,45,Dimer,0.545,anc2d_45_I_unrelaxed_rank_015_alphafold2_model_3_seed_004.pdb
2119,45,Dimer,0.58121,anc2d_45_I_unrelaxed_rank_016_alphafold2_model_4_seed_003.pdb
2120,45,Dimer,0.58238,anc2d_45_I_unrelaxed_rank_017_alphafold2_model_4_seed_002.pdb
2121,45,Dimer,0.5772,anc2d_45_I_unrelaxed_rank_018_alphafold2_model_5_seed_001.pdb
2122,45,Dimer,0.54168,anc2d_45_I_unrelaxed_rank_019_alphafold2_model_3_seed_001.pdb
2123,45,Dimer,0.54412,anc2d_45_I_unrelaxed_rank_020_alphafold2_model_5_seed_003.pdb
2124,45,Dimer,0.58348,anc2d_45_I_unrelaxed_rank_021_alphafold2_model_4_seed_004.pdb
2125,45,Dimer,0.58208,anc2d_45_I_unrelaxed_rank_022_alphafold2_model_4_seed_001.pdb
2126,45,Dimer,0.5447,anc2d_45_I_unrelaxed_rank_023_alphafold2_model_5_seed_000.pdb
2127,45,Dimer,0.58203,anc2d_45_I_unrelaxed_rank_024_alphafold2_model_4_seed_000.pdb
2128,45,Dimer,0.57926,anc2d_45_I_unrelaxed_rank_025_alphafold2_model_5_seed_004.pdb
2129,45,Dimer,0.52707,anc2d_45_L_unrelaxed_rank_001_alphafold2_model_2_seed_002.pdb
2130,45,Dimer,0.57362,anc2d_45_L_unrelaxed_rank_002_alphafold2_model_3_seed_002.pdb
2131,45,Dimer,0.57677,anc2d_45_L_unrelaxed_rank_003_alphafold2_model_3_seed_004.pdb
2132,45,Dimer,0.52811,anc2d_45_L_unrelaxed_rank_004_alphafold2_model_2_seed_001.pdb
2133,45,Dimer,0.57109,anc2d_45_L_unrelaxed_rank_005_alphafold2_model_3_seed_001.pdb
2134,45,Dimer,0.55928,anc2d_45_L_unrelaxed_rank_006_alphafold2_model_2_seed_004.pdb
2135,45,Dimer,0.57505,anc2d_45_L_unrelaxed_rank_007_alphafold2_model_3_seed_000.pdb
2136,45,Dimer,0.57054,anc2d_45_L_unrelaxed_rank_008_alphafold2_model_2_seed_000.pdb
2137,45,Dimer,0.57823,anc2d_45_L_unrelaxed_rank_009_alphafold2_model_3_seed_003.pdb
2138,45,Dimer,0.56503,anc2d_45_L_unrelaxed_rank_010_alphafold2_model_2_seed_003.pdb
2139,45,Dimer,0.56303,anc2d_45_L_unrelaxed_rank_011_alphafold2_model_1_seed_003.pdb
2140,45,Dimer,0.56536,anc2d_45_L_unrelaxed_rank_012_alphafold2_model_1_seed_001.pdb
2141,45,Dimer,0.56122,anc2d_45_L_unrelaxed_rank_013_alphafold2_model_1_seed_004.pdb
2142,45,Dimer,0.53804,anc2d_45_L_unrelaxed_rank_014_alphafold2_model_5_seed_002.pdb
2143,45,Dimer,0.56142,anc2d_45_L_unrelaxed_rank_015_alphafold2_model_1_seed_000.pdb
2144,45,Dimer,0.57441,anc2d_45_L_unrelaxed_rank_016_alphafold2_model_5_seed_004.pdb
2145,45,Dimer,0.55753,anc2d_45_L_unrelaxed_rank_017_alphafold2_model_1_seed_002.pdb
2146,45,Dimer,0.53881,anc2d_45_L_unrelaxed_rank_018_alphafold2_model_5_seed_000.pdb
2147,45,Dimer,0.54032,anc2d_45_L_unrelaxed_rank_019_alphafold2_model_5_seed_003.pdb
2148,45,Dimer,0.57182,anc2d_45_L_unrelaxed_rank_020_alphafold2_model_4_seed_003.pdb
2149,45,Dimer,0.57462,anc2d_45_L_unrelaxed_rank_021_alphafold2_model_4_seed_004.pdb
2150,45,Dimer,0.57497,anc2d_45_L_unrelaxed_rank_022_alphafold2_model_4_seed_001.pdb
2151,45,Dimer,0.57421,anc2d_45_L_unrelaxed_rank_023_alphafold2_model_4_seed_002.pdb
2152,45,Dimer,0.57588,anc2d_45_L_unrelaxed_rank_024_alphafold2_model_4_seed_000.pdb
2153,45,Dimer,0.54391,anc2d_45_L_unrelaxed_rank_025_alphafold2_model_5_seed_001.pdb
2154,45,Dimer,0.54437,anc2d_45_V_unrelaxed_rank_001_alphafold2_model_2_seed_004.pdb
2155,45,Dimer,0.54381,anc2d_45_V_unrelaxed_rank_002_alphafold2_model_2_seed_001.pdb
2156,45,Dimer,0.56323,anc2d_45_V_unrelaxed_rank_003_alphafold2_model_2_seed_003.pdb
2157,45,Dimer,0.5431,anc2d_45_V_unrelaxed_rank_004_alphafold2_model_2_seed_000.pdb
2158,45,Dimer,0.53772,anc2d_45_V_unrelaxed_rank_005_alphafold2_model_2_seed_002.pdb
2159,45,Dimer,0.57737,anc2d_45_V_unrelaxed_rank_006_alphafold2_model_3_seed_001.pdb
2160,45,Dimer,0.57766,anc2d_45_V_unrelaxed_rank_007_alphafold2_model_3_seed_004.pdb
2161,45,Dimer,0.53681,anc2d_45_V_unrelaxed_rank_008_alphafold2_model_1_seed_003.pdb
2162,45,Dimer,0.53526,anc2d_45_V_unrelaxed_rank_009_alphafold2_model_1_seed_004.pdb
2163,45,Dimer,0.57795,anc2d_45_V_unrelaxed_rank_010_alphafold2_model_3_seed_003.pdb
2164,45,Dimer,0.53612,anc2d_45_V_unrelaxed_rank_011_alphafold2_model_1_seed_000.pdb
2165,45,Dimer,0.53595,anc2d_45_V_unrelaxed_rank_012_alphafold2_model_1_seed_002.pdb
2166,45,Dimer,0.54163,anc2d_45_V_unrelaxed_rank_013_alphafold2_model_3_seed_002.pdb
2167,45,Dimer,0.56792,anc2d_45_V_unrelaxed_rank_014_alphafold2_model_1_seed_001.pdb
2168,45,Dimer,0.56446,anc2d_45_V_unrelaxed_rank_015_alphafold2_model_3_seed_000.pdb
2169,45,Dimer,0.5782,anc2d_45_V_unrelaxed_rank_016_alphafold2_model_4_seed_003.pdb
2170,45,Dimer,0.58043,anc2d_45_V_unrelaxed_rank_017_alphafold2_model_4_seed_001.pdb
2171,45,Dimer,0.58013,anc2d_45_V_unrelaxed_rank_018_alphafold2_model_4_seed_004.pdb
2172,45,Dimer,0.54351,anc2d_45_V_unrelaxed_rank_019_alphafold2_model_5_seed_002.pdb
2173,45,Dimer,0.5445,anc2d_45_V_unrelaxed_rank_020_alphafold2_model_5_seed_003.pdb
2174,45,Dimer,0.58388,anc2d_45_V_unrelaxed_rank_021_alphafold2_model_4_seed_002.pdb
2175,45,Dimer,0.56888,anc2d_45_V_unrelaxed_rank_022_alphafold2_model_5_seed_001.pdb
2176,45,Dimer,0.54346,anc2d_45_V_unrelaxed_rank_023_alphafold2_model_5_seed_000.pdb
2177,45,Dimer,0.58275,anc2d_45_V_unrelaxed_rank_024_alphafold2_model_4_seed_000.pdb
2178,45,Dimer,0.5661,anc2d_45_V_unrelaxed_rank_025_alphafold2_model_5_seed_004.pdb
2179,47,Chemokine,0.77534,anc2d_47_I_unrelaxed_rank_001_alphafold2_model_2_seed_004.pdb
2180,47,Chemokine,0.747,anc2d_47_I_unrelaxed_rank_002_alphafold2_model_3_seed_002.pdb
2181,47,Chemokine,0.74921,anc2d_47_I_unrelaxed_rank_003_alphafold2_model_3_seed_000.pdb
2182,47,Chemokine,0.74914,anc2d_47_I_unrelaxed_rank_004_alphafold2_model_3_seed_001.pdb
2183,47,Chemokine,0.75183,anc2d_47_I_unrelaxed_rank_005_alphafold2_model_3_seed_003.pdb
2184,47,Chemokine,0.75373,anc2d_47_I_unrelaxed_rank_006_alphafold2_model_1_seed_002.pdb
2185,47,Chemokine,0.75253,anc2d_47_I_unrelaxed_rank_007_alphafold2_model_1_seed_003.pdb
2186,47,Chemokine,0.75657,anc2d_47_I_unrelaxed_rank_008_alphafold2_model_1_seed_004.pdb
2187,47,Chemokine,0.76181,anc2d_47_I_unrelaxed_rank_009_alphafold2_model_2_seed_002.pdb
2188,47,Chemokine,0.75556,anc2d_47_I_unrelaxed_rank_010_alphafold2_model_1_seed_001.pdb
2189,47,Chemokine,0.75404,anc2d_47_I_unrelaxed_rank_011_alphafold2_model_1_seed_000.pdb
2190,47,Chemokine,0.75755,anc2d_47_I_unrelaxed_rank_012_alphafold2_model_2_seed_003.pdb
2191,47,Chemokine,0.75664,anc2d_47_I_unrelaxed_rank_013_alphafold2_model_2_seed_001.pdb
2192,47,Chemokine,0.75598,anc2d_47_I_unrelaxed_rank_014_alphafold2_model_2_seed_000.pdb
2193,47,Chemokine,0.75062,anc2d_47_I_unrelaxed_rank_015_alphafold2_model_5_seed_004.pdb
2194,47,Chemokine,0.7543,anc2d_47_I_unrelaxed_rank_016_alphafold2_model_5_seed_003.pdb
2195,47,Chemokine,0.75187,anc2d_47_I_unrelaxed_rank_017_alphafold2_model_5_seed_001.pdb
2196,47,Chemokine,0.7507,anc2d_47_I_unrelaxed_rank_018_alphafold2_model_5_seed_000.pdb
2197,47,Chemokine,0.76172,anc2d_47_I_unrelaxed_rank_019_alphafold2_model_5_seed_002.pdb
2198,47,Chemokine,0.68399,anc2d_47_I_unrelaxed_rank_020_alphafold2_model_4_seed_004.pdb
2199,47,Chemokine,0.68732,anc2d_47_I_unrelaxed_rank_021_alphafold2_model_4_seed_003.pdb
2200,47,Chemokine,0.68596,anc2d_47_I_unrelaxed_rank_022_alphafold2_model_4_seed_001.pdb
2201,47,Chemokine,0.68366,anc2d_47_I_unrelaxed_rank_023_alphafold2_model_4_seed_002.pdb
2202,47,Chemokine,0.68199,anc2d_47_I_unrelaxed_rank_024_alphafold2_model_4_seed_000.pdb
2203,47,Chemokine,0.78248,anc2d_47_L_unrelaxed_rank_001_alphafold2_model_2_seed_001.pdb
2204,47,Chemokine,0.74297,anc2d_47_L_unrelaxed_rank_002_alphafold2_model_3_seed_002.pdb
2205,47,Chemokine,0.74606,anc2d_47_L_unrelaxed_rank_003_alphafold2_model_3_seed_001.pdb
2206,47,Chemokine,0.74399,anc2d_47_L_unrelaxed_rank_004_alphafold2_model_3_seed_003.pdb
2207,47,Chemokine,0.75064,anc2d_47_L_unrelaxed_rank_005_alphafold2_model_3_seed_004.pdb
2208,47,Chemokine,0.76396,anc2d_47_L_unrelaxed_rank_006_alphafold2_model_2_seed_002.pdb
2209,47,Chemokine,0.74613,anc2d_47_L_unrelaxed_rank_007_alphafold2_model_3_seed_000.pdb
2210,47,Chemokine,0.75459,anc2d_47_L_unrelaxed_rank_008_alphafold2_model_1_seed_002.pdb
2211,47,Chemokine,0.7609,anc2d_47_L_unrelaxed_rank_009_alphafold2_model_2_seed_004.pdb
2212,47,Chemokine,0.76145,anc2d_47_L_unrelaxed_rank_010_alphafold2_model_2_seed_003.pdb
2213,47,Chemokine,0.75882,anc2d_47_L_unrelaxed_rank_011_alphafold2_model_2_seed_000.pdb
2214,47,Chemokine,0.74965,anc2d_47_L_unrelaxed_rank_012_alphafold2_model_5_seed_003.pdb
2215,47,Chemokine,0.75258,anc2d_47_L_unrelaxed_rank_013_alphafold2_model_4_seed_002.pdb
2216,47,Chemokine,0.74495,anc2d_47_L_unrelaxed_rank_014_alphafold2_model_5_seed_004.pdb
2217,47,Chemokine,0.76198,anc2d_47_L_unrelaxed_rank_015_alphafold2_model_5_seed_001.pdb
2218,47,Chemokine,0.75821,anc2d_47_L_unrelaxed_rank_016_alphafold2_model_5_seed_002.pdb
2219,47,Chemokine,0.75499,anc2d_47_L_unrelaxed_rank_017_alphafold2_model_5_seed_000.pdb
2220,47,Dimer,0.5456,anc2d_47_L_unrelaxed_rank_018_alphafold2_model_1_seed_001.pdb
2221,47,Chemokine,0.75843,anc2d_47_M_unrelaxed_rank_001_alphafold2_model_3_seed_001.pdb
2222,47,Chemokine,0.75442,anc2d_47_M_unrelaxed_rank_002_alphafold2_model_3_seed_003.pdb
2223,47,Chemokine,0.75584,anc2d_47_M_unrelaxed_rank_003_alphafold2_model_3_seed_004.pdb
2224,47,Chemokine,0.75376,anc2d_47_M_unrelaxed_rank_004_alphafold2_model_3_seed_000.pdb
2225,47,Chemokine,0.77113,anc2d_47_M_unrelaxed_rank_005_alphafold2_model_2_seed_002.pdb
2226,47,Chemokine,0.76394,anc2d_47_M_unrelaxed_rank_006_alphafold2_model_1_seed_000.pdb
2227,47,Chemokine,0.77911,anc2d_47_M_unrelaxed_rank_007_alphafold2_model_4_seed_002.pdb
2228,47,Chemokine,0.76908,anc2d_47_M_unrelaxed_rank_008_alphafold2_model_2_seed_001.pdb
2229,47,Chemokine,0.75911,anc2d_47_M_unrelaxed_rank_009_alphafold2_model_1_seed_003.pdb
2230,47,Chemokine,0.76145,anc2d_47_M_unrelaxed_rank_010_alphafold2_model_1_seed_004.pdb
2231,47,Chemokine,0.76906,anc2d_47_M_unrelaxed_rank_011_alphafold2_model_2_seed_004.pdb
2232,47,Chemokine,0.7611,anc2d_47_M_unrelaxed_rank_012_alphafold2_model_1_seed_002.pdb
2233,47,Chemokine,0.76143,anc2d_47_M_unrelaxed_rank_013_alphafold2_model_1_seed_001.pdb
2234,47,Chemokine,0.76189,anc2d_47_M_unrelaxed_rank_014_alphafold2_model_2_seed_003.pdb
2235,47,Chemokine,0.76547,anc2d_47_M_unrelaxed_rank_015_alphafold2_model_2_seed_000.pdb
2236,47,Chemokine,0.77232,anc2d_47_M_unrelaxed_rank_016_alphafold2_model_4_seed_004.pdb
2237,47,Chemokine,0.75717,anc2d_47_M_unrelaxed_rank_017_alphafold2_model_5_seed_003.pdb
2238,47,Chemokine,0.75549,anc2d_47_M_unrelaxed_rank_018_alphafold2_model_5_seed_004.pdb
2239,47,Chemokine,0.76803,anc2d_47_M_unrelaxed_rank_019_alphafold2_model_5_seed_001.pdb
2240,47,Chemokine,0.76066,anc2d_47_M_unrelaxed_rank_020_alphafold2_model_5_seed_000.pdb
2241,47,Chemokine,0.68503,anc2d_47_M_unrelaxed_rank_021_alphafold2_model_4_seed_001.pdb
2242,47,Chemokine,0.681,anc2d_47_M_unrelaxed_rank_022_alphafold2_model_4_seed_000.pdb
2243,47,Chemokine,0.6899,anc2d_47_M_unrelaxed_rank_023_alphafold2_model_4_seed_003.pdb
2244,I,Chemokine,0.75058,anc2d_I_unrelaxed_rank_001_alphafold2_model_3_seed_003.pdb
2245,I,Chemokine,0.74909,anc2d_I_unrelaxed_rank_002_alphafold2_model_3_seed_002.pdb
2246,I,Chemokine,0.74974,anc2d_I_unrelaxed_rank_003_alphafold2_model_3_seed_000.pdb
2247,I,Chemokine,0.76171,anc2d_I_unrelaxed_rank_004_alphafold2_model_2_seed_003.pdb
2248,I,Chemokine,0.75035,anc2d_I_unrelaxed_rank_005_alphafold2_model_3_seed_001.pdb
2249,I,Chemokine,0.74862,anc2d_I_unrelaxed_rank_006_alphafold2_model_3_seed_004.pdb
2250,I,Chemokine,0.76561,anc2d_I_unrelaxed_rank_007_alphafold2_model_1_seed_004.pdb
2251,I,Chemokine,0.75674,anc2d_I_unrelaxed_rank_008_alphafold2_model_2_seed_004.pdb
2252,I,Chemokine,0.75873,anc2d_I_unrelaxed_rank_009_alphafold2_model_1_seed_003.pdb
2253,I,Chemokine,0.76377,anc2d_I_unrelaxed_rank_010_alphafold2_model_1_seed_001.pdb
2254,I,Chemokine,0.76009,anc2d_I_unrelaxed_rank_011_alphafold2_model_1_seed_002.pdb
2255,I,Chemokine,0.75619,anc2d_I_unrelaxed_rank_012_alphafold2_model_2_seed_000.pdb
2256,I,Chemokine,0.75683,anc2d_I_unrelaxed_rank_013_alphafold2_model_2_seed_001.pdb
2257,I,Chemokine,0.76329,anc2d_I_unrelaxed_rank_014_alphafold2_model_1_seed_000.pdb
2258,I,Chemokine,0.76503,anc2d_I_unrelaxed_rank_015_alphafold2_model_2_seed_002.pdb
2259,I,Chemokine,0.76066,anc2d_I_unrelaxed_rank_016_alphafold2_model_5_seed_004.pdb
2260,I,Chemokine,0.7643,anc2d_I_unrelaxed_rank_017_alphafold2_model_5_seed_003.pdb
2261,I,Chemokine,0.76125,anc2d_I_unrelaxed_rank_018_alphafold2_model_5_seed_001.pdb
2262,I,Chemokine,0.76139,anc2d_I_unrelaxed_rank_019_alphafold2_model_5_seed_000.pdb
2263,I,Chemokine,0.69226,anc2d_I_unrelaxed_rank_020_alphafold2_model_4_seed_003.pdb
2264,I,Chemokine,0.69087,anc2d_I_unrelaxed_rank_021_alphafold2_model_4_seed_004.pdb
2265,I,Chemokine,0.69279,anc2d_I_unrelaxed_rank_022_alphafold2_model_4_seed_001.pdb
2266,I,Chemokine,0.68896,anc2d_I_unrelaxed_rank_023_alphafold2_model_4_seed_000.pdb
2267,I,Chemokine,0.69319,anc2d_I_unrelaxed_rank_024_alphafold2_model_4_seed_002.pdb
2268,L,Chemokine,0.76279,anc2d_L_unrelaxed_rank_001_alphafold2_model_1_seed_001.pdb
2269,L,Chemokine,0.76932,anc2d_L_unrelaxed_rank_002_alphafold2_model_2_seed_004.pdb
2270,L,Chemokine,0.76933,anc2d_L_unrelaxed_rank_003_alphafold2_model_2_seed_003.pdb
2271,L,Chemokine,0.76225,anc2d_L_unrelaxed_rank_004_alphafold2_model_1_seed_004.pdb
2272,L,Chemokine,0.76832,anc2d_L_unrelaxed_rank_005_alphafold2_model_2_seed_000.pdb
2273,L,Chemokine,0.76938,anc2d_L_unrelaxed_rank_006_alphafold2_model_2_seed_002.pdb
2274,L,Chemokine,0.76147,anc2d_L_unrelaxed_rank_007_alphafold2_model_3_seed_004.pdb
2275,L,Chemokine,0.75578,anc2d_L_unrelaxed_rank_008_alphafold2_model_3_seed_000.pdb
2276,L,Chemokine,0.76805,anc2d_L_unrelaxed_rank_009_alphafold2_model_2_seed_001.pdb
2277,L,Chemokine,0.74831,anc2d_L_unrelaxed_rank_010_alphafold2_model_3_seed_002.pdb
2278,L,Chemokine,0.76022,anc2d_L_unrelaxed_rank_011_alphafold2_model_3_seed_001.pdb
2279,L,Chemokine,0.76835,anc2d_L_unrelaxed_rank_012_alphafold2_model_1_seed_000.pdb
2280,L,Chemokine,0.75874,anc2d_L_unrelaxed_rank_013_alphafold2_model_1_seed_003.pdb
2281,L,Chemokine,0.76215,anc2d_L_unrelaxed_rank_014_alphafold2_model_3_seed_003.pdb
2282,L,Chemokine,0.76015,anc2d_L_unrelaxed_rank_015_alphafold2_model_1_seed_002.pdb
2283,L,Chemokine,0.78163,anc2d_L_unrelaxed_rank_016_alphafold2_model_4_seed_002.pdb
2284,L,Chemokine,0.76669,anc2d_L_unrelaxed_rank_017_alphafold2_model_5_seed_003.pdb
2285,L,Chemokine,0.76847,anc2d_L_unrelaxed_rank_018_alphafold2_model_5_seed_001.pdb
2286,L,Chemokine,0.76546,anc2d_L_unrelaxed_rank_019_alphafold2_model_5_seed_004.pdb
2287,L,Chemokine,0.76861,anc2d_L_unrelaxed_rank_020_alphafold2_model_5_seed_002.pdb
2288,L,Chemokine,0.76997,anc2d_L_unrelaxed_rank_021_alphafold2_model_5_seed_000.pdb
2289,L,Chemokine,0.69636,anc2d_L_unrelaxed_rank_022_alphafold2_model_4_seed_003.pdb
2290,L,Chemokine,0.69544,anc2d_L_unrelaxed_rank_023_alphafold2_model_4_seed_004.pdb
2291,L,Chemokine,0.69818,anc2d_L_unrelaxed_rank_024_alphafold2_model_4_seed_001.pdb
2292,L,Chemokine,0.6958,anc2d_L_unrelaxed_rank_025_alphafold2_model_4_seed_000.pdb
2293,V,Chemokine,0.77534,anc2d_V_unrelaxed_rank_001_alphafold2_model_2_seed_004.pdb
2294,V,Chemokine,0.747,anc2d_V_unrelaxed_rank_002_alphafold2_model_3_seed_002.pdb
2295,V,Chemokine,0.74921,anc2d_V_unrelaxed_rank_003_alphafold2_model_3_seed_000.pdb
2296,V,Chemokine,0.74914,anc2d_V_unrelaxed_rank_004_alphafold2_model_3_seed_001.pdb
2297,V,Chemokine,0.75183,anc2d_V_unrelaxed_rank_005_alphafold2_model_3_seed_003.pdb
2298,V,Chemokine,0.75373,anc2d_V_unrelaxed_rank_006_alphafold2_model_1_seed_002.pdb
2299,V,Chemokine,0.75253,anc2d_V_unrelaxed_rank_007_alphafold2_model_1_seed_003.pdb
2300,V,Chemokine,0.75657,anc2d_V_unrelaxed_rank_008_alphafold2_model_1_seed_004.pdb
2301,V,Chemokine,0.76181,anc2d_V_unrelaxed_rank_009_alphafold2_model_2_seed_002.pdb
2302,V,Chemokine,0.75556,anc2d_V_unrelaxed_rank_010_alphafold2_model_1_seed_001.pdb
2303,V,Chemokine,0.75404,anc2d_V_unrelaxed_rank_011_alphafold2_model_1_seed_000.pdb
2304,V,Chemokine,0.75755,anc2d_V_unrelaxed_rank_012_alphafold2_model_2_seed_003.pdb
2305,V,Chemokine,0.75664,anc2d_V_unrelaxed_rank_013_alphafold2_model_2_seed_001.pdb
2306,V,Chemokine,0.75598,anc2d_V_unrelaxed_rank_014_alphafold2_model_2_seed_000.pdb
2307,V,Chemokine,0.75062,anc2d_V_unrelaxed_rank_015_alphafold2_model_5_seed_004.pdb
2308,V,Chemokine,0.7543,anc2d_V_unrelaxed_rank_016_alphafold2_model_5_seed_003.pdb
2309,V,Chemokine,0.75187,anc2d_V_unrelaxed_rank_017_alphafold2_model_5_seed_001.pdb
2310,V,Chemokine,0.7507,anc2d_V_unrelaxed_rank_018_alphafold2_model_5_seed_000.pdb
2311,V,Chemokine,0.76172,anc2d_V_unrelaxed_rank_019_alphafold2_model_5_seed_002.pdb
2312,V,Chemokine,0.68399,anc2d_V_unrelaxed_rank_020_alphafold2_model_4_seed_004.pdb
2313,V,Chemokine,0.68732,anc2d_V_unrelaxed_rank_021_alphafold2_model_4_seed_003.pdb
2314,V,Chemokine,0.68596,anc2d_V_unrelaxed_rank_022_alphafold2_model_4_seed_001.pdb
2315,V,Chemokine,0.68366,anc2d_V_unrelaxed_rank_023_alphafold2_model_4_seed_002.pdb
2316,V,Chemokine,0.68199,anc2d_V_unrelaxed_rank_024_alphafold2_model_4_seed_000.pdb
2317,36,Chemokine,0.82958,anc2f_36_A_unrelaxed_rank_001_alphafold2_model_2_seed_004.pdb
2318,36,Chemokine,0.77463,anc2f_36_A_unrelaxed_rank_002_alphafold2_model_3_seed_004.pdb
2319,36,Chemokine,0.77402,anc2f_36_A_unrelaxed_rank_003_alphafold2_model_3_seed_002.pdb
2320,36,Chemokine,0.77515,anc2f_36_A_unrelaxed_rank_004_alphafold2_model_3_seed_001.pdb
2321,36,Chemokine,0.77512,anc2f_36_A_unrelaxed_rank_005_alphafold2_model_3_seed_000.pdb
2322,36,Chemokine,0.77258,anc2f_36_A_unrelaxed_rank_006_alphafold2_model_3_seed_003.pdb
2323,36,Chemokine,0.82304,anc2f_36_A_unrelaxed_rank_007_alphafold2_model_2_seed_000.pdb
2324,36,Chemokine,0.78462,anc2f_36_A_unrelaxed_rank_008_alphafold2_model_1_seed_003.pdb
2325,36,Chemokine,0.78825,anc2f_36_A_unrelaxed_rank_009_alphafold2_model_1_seed_000.pdb
2326,36,Chemokine,0.78688,anc2f_36_A_unrelaxed_rank_010_alphafold2_model_1_seed_001.pdb
2327,36,Chemokine,0.78472,anc2f_36_A_unrelaxed_rank_011_alphafold2_model_1_seed_004.pdb
2328,36,Chemokine,0.78329,anc2f_36_A_unrelaxed_rank_012_alphafold2_model_1_seed_002.pdb
2329,36,Chemokine,0.79224,anc2f_36_A_unrelaxed_rank_013_alphafold2_model_2_seed_002.pdb
2330,36,Chemokine,0.77469,anc2f_36_A_unrelaxed_rank_014_alphafold2_model_2_seed_003.pdb
2331,36,Chemokine,0.77907,anc2f_36_A_unrelaxed_rank_015_alphafold2_model_4_seed_002.pdb
2332,36,Chemokine,0.78208,anc2f_36_A_unrelaxed_rank_016_alphafold2_model_4_seed_003.pdb
2333,36,Chemokine,0.77969,anc2f_36_A_unrelaxed_rank_017_alphafold2_model_4_seed_004.pdb
2334,36,Chemokine,0.78294,anc2f_36_A_unrelaxed_rank_018_alphafold2_model_4_seed_001.pdb
2335,36,Chemokine,0.78769,anc2f_36_A_unrelaxed_rank_019_alphafold2_model_2_seed_001.pdb
2336,36,Chemokine,0.78238,anc2f_36_A_unrelaxed_rank_020_alphafold2_model_4_seed_000.pdb
2337,36,Chemokine,0.76437,anc2f_36_A_unrelaxed_rank_021_alphafold2_model_5_seed_002.pdb
2338,36,Chemokine,0.76105,anc2f_36_A_unrelaxed_rank_022_alphafold2_model_5_seed_003.pdb
2339,36,Chemokine,0.76096,anc2f_36_A_unrelaxed_rank_023_alphafold2_model_5_seed_004.pdb
2340,36,Chemokine,0.7612,anc2f_36_A_unrelaxed_rank_024_alphafold2_model_5_seed_001.pdb
2341,36,Chemokine,0.75968,anc2f_36_A_unrelaxed_rank_025_alphafold2_model_5_seed_000.pdb
2342,36,Chemokine,0.77385,anc2f_36_G_unrelaxed_rank_001_alphafold2_model_3_seed_002.pdb
2343,36,Chemokine,0.80394,anc2f_36_G_unrelaxed_rank_002_alphafold2_model_2_seed_004.pdb
2344,36,Chemokine,0.80859,anc2f_36_G_unrelaxed_rank_003_alphafold2_model_2_seed_002.pdb
2345,36,Chemokine,0.81166,anc2f_36_G_unrelaxed_rank_004_alphafold2_model_2_seed_000.pdb
2346,36,Chemokine,0.77741,anc2f_36_G_unrelaxed_rank_005_alphafold2_model_3_seed_000.pdb
2347,36,Chemokine,0.80292,anc2f_36_G_unrelaxed_rank_006_alphafold2_model_2_seed_003.pdb
2348,36,Chemokine,0.81133,anc2f_36_G_unrelaxed_rank_007_alphafold2_model_2_seed_001.pdb
2349,36,Chemokine,0.77458,anc2f_36_G_unrelaxed_rank_008_alphafold2_model_3_seed_004.pdb
2350,36,Chemokine,0.79931,anc2f_36_G_unrelaxed_rank_009_alphafold2_model_3_seed_003.pdb
2351,36,Chemokine,0.77367,anc2f_36_G_unrelaxed_rank_010_alphafold2_model_3_seed_001.pdb
2352,36,Chemokine,0.79855,anc2f_36_G_unrelaxed_rank_011_alphafold2_model_1_seed_000.pdb
2353,36,Chemokine,0.80152,anc2f_36_G_unrelaxed_rank_012_alphafold2_model_1_seed_002.pdb
2354,36,Chemokine,0.7975,anc2f_36_G_unrelaxed_rank_013_alphafold2_model_1_seed_003.pdb
2355,36,Chemokine,0.801,anc2f_36_G_unrelaxed_rank_014_alphafold2_model_1_seed_001.pdb
2356,36,Chemokine,0.7989,anc2f_36_G_unrelaxed_rank_015_alphafold2_model_1_seed_004.pdb
2357,36,Chemokine,0.76942,anc2f_36_G_unrelaxed_rank_016_alphafold2_model_5_seed_002.pdb
2358,36,Chemokine,0.7781,anc2f_36_G_unrelaxed_rank_017_alphafold2_model_4_seed_002.pdb
2359,36,Chemokine,0.76312,anc2f_36_G_unrelaxed_rank_018_alphafold2_model_5_seed_003.pdb
2360,36,Chemokine,0.76194,anc2f_36_G_unrelaxed_rank_019_alphafold2_model_5_seed_004.pdb
2361,36,Chemokine,0.76068,anc2f_36_G_unrelaxed_rank_020_alphafold2_model_5_seed_001.pdb
2362,36,Chemokine,0.77706,anc2f_36_G_unrelaxed_rank_021_alphafold2_model_4_seed_004.pdb
2363,36,Chemokine,0.77558,anc2f_36_G_unrelaxed_rank_022_alphafold2_model_4_seed_000.pdb
2364,36,Chemokine,0.75804,anc2f_36_G_unrelaxed_rank_023_alphafold2_model_5_seed_000.pdb
2365,36,Chemokine,0.76844,anc2f_36_G_unrelaxed_rank_024_alphafold2_model_4_seed_001.pdb
2366,36,Chemokine,0.76732,anc2f_36_G_unrelaxed_rank_025_alphafold2_model_4_seed_003.pdb
2367,36,Chemokine,0.77042,anc2f_36_I_unrelaxed_rank_001_alphafold2_model_3_seed_004.pdb
2368,36,Chemokine,0.77172,anc2f_36_I_unrelaxed_rank_002_alphafold2_model_3_seed_002.pdb
2369,36,Chemokine,0.77168,anc2f_36_I_unrelaxed_rank_003_alphafold2_model_3_seed_001.pdb
2370,36,Chemokine,0.76736,anc2f_36_I_unrelaxed_rank_004_alphafold2_model_3_seed_003.pdb
2371,36,Chemokine,0.77125,anc2f_36_I_unrelaxed_rank_005_alphafold2_model_3_seed_000.pdb
2372,36,Chemokine,0.7704,anc2f_36_I_unrelaxed_rank_006_alphafold2_model_1_seed_003.pdb
2373,36,Chemokine,0.77278,anc2f_36_I_unrelaxed_rank_007_alphafold2_model_1_seed_002.pdb
2374,36,Chemokine,0.76871,anc2f_36_I_unrelaxed_rank_008_alphafold2_model_5_seed_002.pdb
2375,36,Chemokine,0.76913,anc2f_36_I_unrelaxed_rank_009_alphafold2_model_5_seed_004.pdb
2376,36,Chemokine,0.76644,anc2f_36_I_unrelaxed_rank_010_alphafold2_model_5_seed_003.pdb
2377,36,Chemokine,0.76787,anc2f_36_I_unrelaxed_rank_011_alphafold2_model_5_seed_000.pdb
2378,36,Chemokine,0.76635,anc2f_36_I_unrelaxed_rank_012_alphafold2_model_5_seed_001.pdb
2379,36,Chemokine,0.77183,anc2f_36_I_unrelaxed_rank_013_alphafold2_model_4_seed_000.pdb
2380,36,Chemokine,0.77334,anc2f_36_I_unrelaxed_rank_014_alphafold2_model_4_seed_003.pdb
2381,36,Chemokine,0.78329,anc2f_36_I_unrelaxed_rank_015_alphafold2_model_1_seed_000.pdb
2382,36,Chemokine,0.76971,anc2f_36_I_unrelaxed_rank_016_alphafold2_model_4_seed_002.pdb
2383,38,Chemokine,0.82958,anc2f_38_I_unrelaxed_rank_001_alphafold2_model_2_seed_004.pdb
2384,38,Chemokine,0.77463,anc2f_38_I_unrelaxed_rank_002_alphafold2_model_3_seed_004.pdb
2385,38,Chemokine,0.77402,anc2f_38_I_unrelaxed_rank_003_alphafold2_model_3_seed_002.pdb
2386,38,Chemokine,0.77515,anc2f_38_I_unrelaxed_rank_004_alphafold2_model_3_seed_001.pdb
2387,38,Chemokine,0.77512,anc2f_38_I_unrelaxed_rank_005_alphafold2_model_3_seed_000.pdb
2388,38,Chemokine,0.77258,anc2f_38_I_unrelaxed_rank_006_alphafold2_model_3_seed_003.pdb
2389,38,Chemokine,0.82304,anc2f_38_I_unrelaxed_rank_007_alphafold2_model_2_seed_000.pdb
2390,38,Chemokine,0.78462,anc2f_38_I_unrelaxed_rank_008_alphafold2_model_1_seed_003.pdb
2391,38,Chemokine,0.78825,anc2f_38_I_unrelaxed_rank_009_alphafold2_model_1_seed_000.pdb
2392,38,Chemokine,0.78688,anc2f_38_I_unrelaxed_rank_010_alphafold2_model_1_seed_001.pdb
2393,38,Chemokine,0.78472,anc2f_38_I_unrelaxed_rank_011_alphafold2_model_1_seed_004.pdb
2394,38,Chemokine,0.78329,anc2f_38_I_unrelaxed_rank_012_alphafold2_model_1_seed_002.pdb
2395,38,Chemokine,0.79224,anc2f_38_I_unrelaxed_rank_013_alphafold2_model_2_seed_002.pdb
2396,38,Chemokine,0.77469,anc2f_38_I_unrelaxed_rank_014_alphafold2_model_2_seed_003.pdb
2397,38,Chemokine,0.77907,anc2f_38_I_unrelaxed_rank_015_alphafold2_model_4_seed_002.pdb
2398,38,Chemokine,0.78208,anc2f_38_I_unrelaxed_rank_016_alphafold2_model_4_seed_003.pdb
2399,38,Chemokine,0.77969,anc2f_38_I_unrelaxed_rank_017_alphafold2_model_4_seed_004.pdb
2400,38,Chemokine,0.78294,anc2f_38_I_unrelaxed_rank_018_alphafold2_model_4_seed_001.pdb
2401,38,Chemokine,0.78769,anc2f_38_I_unrelaxed_rank_019_alphafold2_model_2_seed_001.pdb
2402,38,Chemokine,0.78238,anc2f_38_I_unrelaxed_rank_020_alphafold2_model_4_seed_000.pdb
2403,38,Chemokine,0.76437,anc2f_38_I_unrelaxed_rank_021_alphafold2_model_5_seed_002.pdb
2404,38,Chemokine,0.76105,anc2f_38_I_unrelaxed_rank_022_alphafold2_model_5_seed_003.pdb
2405,38,Chemokine,0.76096,anc2f_38_I_unrelaxed_rank_023_alphafold2_model_5_seed_004.pdb
2406,38,Chemokine,0.7612,anc2f_38_I_unrelaxed_rank_024_alphafold2_model_5_seed_001.pdb
2407,38,Chemokine,0.75968,anc2f_38_I_unrelaxed_rank_025_alphafold2_model_5_seed_000.pdb
2408,38,Chemokine,0.80129,anc2f_38_L_unrelaxed_rank_001_alphafold2_model_3_seed_001.pdb
2409,38,Chemokine,0.80093,anc2f_38_L_unrelaxed_rank_002_alphafold2_model_3_seed_000.pdb
2410,38,Chemokine,0.79995,anc2f_38_L_unrelaxed_rank_003_alphafold2_model_3_seed_004.pdb
2411,38,Chemokine,0.79121,anc2f_38_L_unrelaxed_rank_004_alphafold2_model_3_seed_003.pdb
2412,38,Chemokine,0.79851,anc2f_38_L_unrelaxed_rank_005_alphafold2_model_3_seed_002.pdb
2413,38,Chemokine,0.8232,anc2f_38_L_unrelaxed_rank_006_alphafold2_model_2_seed_004.pdb
2414,38,Chemokine,0.82475,anc2f_38_L_unrelaxed_rank_007_alphafold2_model_2_seed_000.pdb
2415,38,Chemokine,0.82025,anc2f_38_L_unrelaxed_rank_008_alphafold2_model_2_seed_002.pdb
2416,38,Chemokine,0.82176,anc2f_38_L_unrelaxed_rank_009_alphafold2_model_2_seed_001.pdb
2417,38,Chemokine,0.81087,anc2f_38_L_unrelaxed_rank_010_alphafold2_model_1_seed_002.pdb
2418,38,Chemokine,0.80978,anc2f_38_L_unrelaxed_rank_011_alphafold2_model_1_seed_000.pdb
2419,38,Chemokine,0.80664,anc2f_38_L_unrelaxed_rank_012_alphafold2_model_1_seed_003.pdb
2420,38,Chemokine,0.80723,anc2f_38_L_unrelaxed_rank_013_alphafold2_model_1_seed_001.pdb
2421,38,Chemokine,0.80147,anc2f_38_L_unrelaxed_rank_014_alphafold2_model_1_seed_004.pdb
2422,38,Chemokine,0.80238,anc2f_38_L_unrelaxed_rank_015_alphafold2_model_4_seed_002.pdb
2423,38,Chemokine,0.80334,anc2f_38_L_unrelaxed_rank_016_alphafold2_model_4_seed_001.pdb
2424,38,Chemokine,0.8011,anc2f_38_L_unrelaxed_rank_017_alphafold2_model_2_seed_003.pdb
2425,38,Chemokine,0.80395,anc2f_38_L_unrelaxed_rank_018_alphafold2_model_4_seed_003.pdb
2426,38,Chemokine,0.80118,anc2f_38_L_unrelaxed_rank_019_alphafold2_model_4_seed_004.pdb
2427,38,Chemokine,0.80051,anc2f_38_L_unrelaxed_rank_020_alphafold2_model_4_seed_000.pdb
2428,38,Chemokine,0.78584,anc2f_38_L_unrelaxed_rank_021_alphafold2_model_5_seed_002.pdb
2429,38,Chemokine,0.78379,anc2f_38_L_unrelaxed_rank_022_alphafold2_model_5_seed_001.pdb
2430,38,Chemokine,0.7832,anc2f_38_L_unrelaxed_rank_023_alphafold2_model_5_seed_003.pdb
2431,38,Chemokine,0.7826,anc2f_38_L_unrelaxed_rank_024_alphafold2_model_5_seed_004.pdb
2432,38,Chemokine,0.78282,anc2f_38_L_unrelaxed_rank_025_alphafold2_model_5_seed_000.pdb
2433,38,Chemokine,0.81165,anc2f_38_V_unrelaxed_rank_001_alphafold2_model_3_seed_003.pdb
2434,38,Chemokine,0.83054,anc2f_38_V_unrelaxed_rank_002_alphafold2_model_2_seed_004.pdb
2435,38,Chemokine,0.78535,anc2f_38_V_unrelaxed_rank_003_alphafold2_model_3_seed_004.pdb
2436,38,Chemokine,0.82787,anc2f_38_V_unrelaxed_rank_004_alphafold2_model_2_seed_001.pdb
2437,38,Chemokine,0.78462,anc2f_38_V_unrelaxed_rank_005_alphafold2_model_3_seed_002.pdb
2438,38,Chemokine,0.82881,anc2f_38_V_unrelaxed_rank_006_alphafold2_model_2_seed_000.pdb
2439,38,Chemokine,0.78219,anc2f_38_V_unrelaxed_rank_007_alphafold2_model_3_seed_001.pdb
2440,38,Chemokine,0.78458,anc2f_38_V_unrelaxed_rank_008_alphafold2_model_3_seed_000.pdb
2441,38,Chemokine,0.81348,anc2f_38_V_unrelaxed_rank_009_alphafold2_model_2_seed_003.pdb
2442,38,Chemokine,0.80665,anc2f_38_V_unrelaxed_rank_010_alphafold2_model_2_seed_002.pdb
2443,38,Chemokine,0.79583,anc2f_38_V_unrelaxed_rank_011_alphafold2_model_1_seed_000.pdb
2444,38,Chemokine,0.79173,anc2f_38_V_unrelaxed_rank_012_alphafold2_model_1_seed_003.pdb
2445,38,Chemokine,0.79529,anc2f_38_V_unrelaxed_rank_013_alphafold2_model_1_seed_002.pdb
2446,38,Chemokine,0.78826,anc2f_38_V_unrelaxed_rank_014_alphafold2_model_1_seed_001.pdb
2447,38,Chemokine,0.78553,anc2f_38_V_unrelaxed_rank_015_alphafold2_model_1_seed_004.pdb
2448,38,Chemokine,0.7907,anc2f_38_V_unrelaxed_rank_016_alphafold2_model_4_seed_002.pdb
2449,38,Chemokine,0.79038,anc2f_38_V_unrelaxed_rank_017_alphafold2_model_4_seed_004.pdb
2450,38,Chemokine,0.79312,anc2f_38_V_unrelaxed_rank_018_alphafold2_model_4_seed_003.pdb
2451,38,Chemokine,0.78869,anc2f_38_V_unrelaxed_rank_019_alphafold2_model_4_seed_001.pdb
2452,38,Chemokine,0.77867,anc2f_38_V_unrelaxed_rank_020_alphafold2_model_5_seed_002.pdb
2453,38,Chemokine,0.79005,anc2f_38_V_unrelaxed_rank_021_alphafold2_model_4_seed_000.pdb
2454,38,Chemokine,0.7741,anc2f_38_V_unrelaxed_rank_022_alphafold2_model_5_seed_001.pdb
2455,38,Chemokine,0.77552,anc2f_38_V_unrelaxed_rank_023_alphafold2_model_5_seed_000.pdb
2456,38,Chemokine,0.77095,anc2f_38_V_unrelaxed_rank_024_alphafold2_model_5_seed_004.pdb
2457,38,Chemokine,0.77071,anc2f_38_V_unrelaxed_rank_025_alphafold2_model_5_seed_003.pdb
2458,40,Dimer,0.54586,anc2f_40_G_unrelaxed_rank_001_alphafold2_model_4_seed_001.pdb
2459,40,Dimer,0.53216,anc2f_40_G_unrelaxed_rank_007_alphafold2_model_4_seed_003.pdb
2460,40,Chemokine,0.7662,anc2f_40_I_unrelaxed_rank_001_alphafold2_model_3_seed_003.pdb
2461,40,Chemokine,0.78447,anc2f_40_I_unrelaxed_rank_002_alphafold2_model_1_seed_003.pdb
2462,40,Chemokine,0.78196,anc2f_40_I_unrelaxed_rank_003_alphafold2_model_1_seed_002.pdb
2463,40,Chemokine,0.77768,anc2f_40_I_unrelaxed_rank_004_alphafold2_model_1_seed_004.pdb
2464,40,Chemokine,0.77487,anc2f_40_I_unrelaxed_rank_005_alphafold2_model_1_seed_001.pdb
2465,40,Chemokine,0.77635,anc2f_40_I_unrelaxed_rank_006_alphafold2_model_1_seed_000.pdb
2466,40,Chemokine,0.76343,anc2f_40_I_unrelaxed_rank_007_alphafold2_model_3_seed_004.pdb
2467,40,Chemokine,0.789,anc2f_40_I_unrelaxed_rank_008_alphafold2_model_2_seed_002.pdb
2468,40,Chemokine,0.77946,anc2f_40_I_unrelaxed_rank_009_alphafold2_model_2_seed_004.pdb
2469,40,Chemokine,0.78364,anc2f_40_I_unrelaxed_rank_010_alphafold2_model_2_seed_001.pdb
2470,40,Chemokine,0.77818,anc2f_40_I_unrelaxed_rank_011_alphafold2_model_2_seed_000.pdb
2471,40,Chemokine,0.77653,anc2f_40_I_unrelaxed_rank_012_alphafold2_model_2_seed_003.pdb
2472,40,Chemokine,0.76369,anc2f_40_I_unrelaxed_rank_013_alphafold2_model_5_seed_004.pdb
2473,40,Chemokine,0.76414,anc2f_40_I_unrelaxed_rank_014_alphafold2_model_5_seed_003.pdb
2474,40,Chemokine,0.77159,anc2f_40_I_unrelaxed_rank_015_alphafold2_model_5_seed_002.pdb
2475,40,Chemokine,0.76327,anc2f_40_I_unrelaxed_rank_016_alphafold2_model_5_seed_000.pdb
2476,40,Chemokine,0.7615,anc2f_40_I_unrelaxed_rank_017_alphafold2_model_5_seed_001.pdb
2477,40,Chemokine,0.79013,anc2f_40_V_unrelaxed_rank_001_alphafold2_model_1_seed_000.pdb
2478,40,Chemokine,0.78732,anc2f_40_V_unrelaxed_rank_002_alphafold2_model_1_seed_004.pdb
2479,40,Chemokine,0.78631,anc2f_40_V_unrelaxed_rank_003_alphafold2_model_1_seed_001.pdb
2480,40,Chemokine,0.78906,anc2f_40_V_unrelaxed_rank_004_alphafold2_model_1_seed_002.pdb
2481,40,Chemokine,0.78864,anc2f_40_V_unrelaxed_rank_005_alphafold2_model_2_seed_000.pdb
2482,40,Chemokine,0.78221,anc2f_40_V_unrelaxed_rank_006_alphafold2_model_2_seed_004.pdb
2483,40,Chemokine,0.78566,anc2f_40_V_unrelaxed_rank_007_alphafold2_model_2_seed_002.pdb
2484,40,Chemokine,0.78466,anc2f_40_V_unrelaxed_rank_008_alphafold2_model_2_seed_001.pdb
2485,40,Chemokine,0.78041,anc2f_40_V_unrelaxed_rank_009_alphafold2_model_2_seed_003.pdb
2486,40,Chemokine,0.76675,anc2f_40_V_unrelaxed_rank_010_alphafold2_model_3_seed_003.pdb
2487,40,Chemokine,0.7717,anc2f_40_V_unrelaxed_rank_011_alphafold2_model_5_seed_001.pdb
2488,40,Chemokine,0.77057,anc2f_40_V_unrelaxed_rank_012_alphafold2_model_5_seed_004.pdb
2489,40,Chemokine,0.76904,anc2f_40_V_unrelaxed_rank_013_alphafold2_model_5_seed_003.pdb
2490,40,Chemokine,0.76492,anc2f_40_V_unrelaxed_rank_014_alphafold2_model_3_seed_004.pdb
2491,40,Chemokine,0.76985,anc2f_40_V_unrelaxed_rank_015_alphafold2_model_5_seed_000.pdb
2492,40,Chemokine,0.76956,anc2f_40_V_unrelaxed_rank_016_alphafold2_model_5_seed_002.pdb
2493,40,Chemokine,0.70923,anc2f_40_V_unrelaxed_rank_017_alphafold2_model_1_seed_003.pdb
2494,40,Chemokine,0.67944,anc2f_40_V_unrelaxed_rank_018_alphafold2_model_4_seed_003.pdb
2495,45,Dimer,0.54447,anc2f_45_I_unrelaxed_rank_001_alphafold2_model_3_seed_003.pdb
2496,45,Dimer,0.54772,anc2f_45_I_unrelaxed_rank_002_alphafold2_model_3_seed_000.pdb
2497,45,Dimer,0.5465,anc2f_45_I_unrelaxed_rank_003_alphafold2_model_3_seed_004.pdb
2498,45,Dimer,0.53749,anc2f_45_I_unrelaxed_rank_004_alphafold2_model_3_seed_002.pdb
2499,45,Dimer,0.57609,anc2f_45_I_unrelaxed_rank_005_alphafold2_model_3_seed_001.pdb
2500,45,Dimer,0.54438,anc2f_45_I_unrelaxed_rank_006_alphafold2_model_4_seed_001.pdb
2501,45,Dimer,0.54307,anc2f_45_I_unrelaxed_rank_007_alphafold2_model_4_seed_003.pdb
2502,45,Dimer,0.54172,anc2f_45_I_unrelaxed_rank_008_alphafold2_model_4_seed_002.pdb
2503,45,Dimer,0.5014,anc2f_45_I_unrelaxed_rank_009_alphafold2_model_2_seed_003.pdb
2504,45,Dimer,0.5414,anc2f_45_I_unrelaxed_rank_010_alphafold2_model_4_seed_004.pdb
2505,45,Dimer,0.54254,anc2f_45_I_unrelaxed_rank_011_alphafold2_model_4_seed_000.pdb
2506,45,Dimer,0.5064,anc2f_45_I_unrelaxed_rank_014_alphafold2_model_2_seed_001.pdb
2507,45,Dimer,0.50465,anc2f_45_I_unrelaxed_rank_015_alphafold2_model_2_seed_000.pdb
2508,45,Dimer,0.52064,anc2f_45_I_unrelaxed_rank_016_alphafold2_model_1_seed_003.pdb
2509,45,Dimer,0.51147,anc2f_45_I_unrelaxed_rank_017_alphafold2_model_1_seed_004.pdb
2510,45,Dimer,0.51343,anc2f_45_L_unrelaxed_rank_001_alphafold2_model_3_seed_003.pdb
2511,45,Dimer,0.51688,anc2f_45_L_unrelaxed_rank_002_alphafold2_model_3_seed_002.pdb
2512,45,Dimer,0.51241,anc2f_45_L_unrelaxed_rank_003_alphafold2_model_3_seed_004.pdb
2513,45,Dimer,0.51497,anc2f_45_L_unrelaxed_rank_004_alphafold2_model_3_seed_001.pdb
2514,45,Dimer,0.5041,anc2f_45_L_unrelaxed_rank_005_alphafold2_model_3_seed_000.pdb
2515,45,Chemokine,0.76824,anc2f_45_L_unrelaxed_rank_006_alphafold2_model_5_seed_004.pdb
2516,45,Chemokine,0.7673,anc2f_45_L_unrelaxed_rank_007_alphafold2_model_5_seed_003.pdb
2517,45,Chemokine,0.76668,anc2f_45_L_unrelaxed_rank_008_alphafold2_model_5_seed_001.pdb
2518,45,Chemokine,0.76466,anc2f_45_L_unrelaxed_rank_009_alphafold2_model_5_seed_002.pdb
2519,45,Chemokine,0.76663,anc2f_45_L_unrelaxed_rank_012_alphafold2_model_5_seed_000.pdb
2520,45,Dimer,0.51899,anc2f_45_L_unrelaxed_rank_015_alphafold2_model_4_seed_002.pdb
2521,45,Dimer,0.51769,anc2f_45_L_unrelaxed_rank_016_alphafold2_model_4_seed_004.pdb
2522,45,Dimer,0.51677,anc2f_45_L_unrelaxed_rank_018_alphafold2_model_4_seed_001.pdb
2523,45,Dimer,0.51672,anc2f_45_L_unrelaxed_rank_019_alphafold2_model_4_seed_003.pdb
2524,45,Dimer,0.50395,anc2f_45_L_unrelaxed_rank_020_alphafold2_model_1_seed_001.pdb
2525,45,Dimer,0.53899,anc2f_45_V_unrelaxed_rank_001_alphafold2_model_3_seed_004.pdb
2526,45,Dimer,0.54982,anc2f_45_V_unrelaxed_rank_002_alphafold2_model_3_seed_001.pdb
2527,45,Chemokine,0.76995,anc2f_45_V_unrelaxed_rank_003_alphafold2_model_5_seed_002.pdb
2528,45,Dimer,0.54337,anc2f_45_V_unrelaxed_rank_004_alphafold2_model_4_seed_002.pdb
2529,45,Chemokine,0.7703,anc2f_45_V_unrelaxed_rank_006_alphafold2_model_5_seed_004.pdb
2530,45,Dimer,0.54356,anc2f_45_V_unrelaxed_rank_007_alphafold2_model_4_seed_001.pdb
2531,45,Dimer,0.54243,anc2f_45_V_unrelaxed_rank_008_alphafold2_model_4_seed_003.pdb
2532,45,Dimer,0.54313,anc2f_45_V_unrelaxed_rank_009_alphafold2_model_4_seed_000.pdb
2533,45,Dimer,0.54375,anc2f_45_V_unrelaxed_rank_011_alphafold2_model_4_seed_004.pdb
2534,45,Dimer,0.56303,anc2f_45_V_unrelaxed_rank_013_alphafold2_model_3_seed_003.pdb
2535,45,Chemokine,0.76507,anc2f_45_V_unrelaxed_rank_015_alphafold2_model_5_seed_000.pdb
2536,45,Dimer,0.54266,anc2f_45_V_unrelaxed_rank_016_alphafold2_model_3_seed_000.pdb
2537,45,Dimer,0.55563,anc2f_45_V_unrelaxed_rank_017_alphafold2_model_3_seed_002.pdb
2538,45,Dimer,0.50252,anc2f_45_V_unrelaxed_rank_018_alphafold2_model_1_seed_004.pdb
2539,47,Chemokine,0.82958,anc2f_47_I_unrelaxed_rank_001_alphafold2_model_2_seed_004.pdb
2540,47,Chemokine,0.77463,anc2f_47_I_unrelaxed_rank_002_alphafold2_model_3_seed_004.pdb
2541,47,Chemokine,0.77402,anc2f_47_I_unrelaxed_rank_003_alphafold2_model_3_seed_002.pdb
2542,47,Chemokine,0.77515,anc2f_47_I_unrelaxed_rank_004_alphafold2_model_3_seed_001.pdb
2543,47,Chemokine,0.77512,anc2f_47_I_unrelaxed_rank_005_alphafold2_model_3_seed_000.pdb
2544,47,Chemokine,0.77258,anc2f_47_I_unrelaxed_rank_006_alphafold2_model_3_seed_003.pdb
2545,47,Chemokine,0.82304,anc2f_47_I_unrelaxed_rank_007_alphafold2_model_2_seed_000.pdb
2546,47,Chemokine,0.78462,anc2f_47_I_unrelaxed_rank_008_alphafold2_model_1_seed_003.pdb
2547,47,Chemokine,0.78825,anc2f_47_I_unrelaxed_rank_009_alphafold2_model_1_seed_000.pdb
2548,47,Chemokine,0.78688,anc2f_47_I_unrelaxed_rank_010_alphafold2_model_1_seed_001.pdb
2549,47,Chemokine,0.78472,anc2f_47_I_unrelaxed_rank_011_alphafold2_model_1_seed_004.pdb
2550,47,Chemokine,0.78329,anc2f_47_I_unrelaxed_rank_012_alphafold2_model_1_seed_002.pdb
2551,47,Chemokine,0.79224,anc2f_47_I_unrelaxed_rank_013_alphafold2_model_2_seed_002.pdb
2552,47,Chemokine,0.77469,anc2f_47_I_unrelaxed_rank_014_alphafold2_model_2_seed_003.pdb
2553,47,Chemokine,0.77907,anc2f_47_I_unrelaxed_rank_015_alphafold2_model_4_seed_002.pdb
2554,47,Chemokine,0.78208,anc2f_47_I_unrelaxed_rank_016_alphafold2_model_4_seed_003.pdb
2555,47,Chemokine,0.77969,anc2f_47_I_unrelaxed_rank_017_alphafold2_model_4_seed_004.pdb
2556,47,Chemokine,0.78294,anc2f_47_I_unrelaxed_rank_018_alphafold2_model_4_seed_001.pdb
2557,47,Chemokine,0.78769,anc2f_47_I_unrelaxed_rank_019_alphafold2_model_2_seed_001.pdb
2558,47,Chemokine,0.78238,anc2f_47_I_unrelaxed_rank_020_alphafold2_model_4_seed_000.pdb
2559,47,Chemokine,0.76437,anc2f_47_I_unrelaxed_rank_021_alphafold2_model_5_seed_002.pdb
2560,47,Chemokine,0.76105,anc2f_47_I_unrelaxed_rank_022_alphafold2_model_5_seed_003.pdb
2561,47,Chemokine,0.76096,anc2f_47_I_unrelaxed_rank_023_alphafold2_model_5_seed_004.pdb
2562,47,Chemokine,0.7612,anc2f_47_I_unrelaxed_rank_024_alphafold2_model_5_seed_001.pdb
2563,47,Chemokine,0.75968,anc2f_47_I_unrelaxed_rank_025_alphafold2_model_5_seed_000.pdb
2564,47,Chemokine,0.83574,anc2f_47_L_unrelaxed_rank_001_alphafold2_model_2_seed_004.pdb
2565,47,Chemokine,0.81381,anc2f_47_L_unrelaxed_rank_002_alphafold2_model_3_seed_003.pdb
2566,47,Chemokine,0.82737,anc2f_47_L_unrelaxed_rank_003_alphafold2_model_2_seed_001.pdb
2567,47,Chemokine,0.80999,anc2f_47_L_unrelaxed_rank_004_alphafold2_model_3_seed_004.pdb
2568,47,Chemokine,0.8087,anc2f_47_L_unrelaxed_rank_005_alphafold2_model_3_seed_000.pdb
2569,47,Chemokine,0.80773,anc2f_47_L_unrelaxed_rank_006_alphafold2_model_3_seed_002.pdb
2570,47,Chemokine,0.80904,anc2f_47_L_unrelaxed_rank_007_alphafold2_model_3_seed_001.pdb
2571,47,Chemokine,0.82971,anc2f_47_L_unrelaxed_rank_008_alphafold2_model_2_seed_000.pdb
2572,47,Chemokine,0.81538,anc2f_47_L_unrelaxed_rank_009_alphafold2_model_1_seed_004.pdb
2573,47,Chemokine,0.817,anc2f_47_L_unrelaxed_rank_010_alphafold2_model_1_seed_002.pdb
2574,47,Chemokine,0.81684,anc2f_47_L_unrelaxed_rank_011_alphafold2_model_1_seed_000.pdb
2575,47,Chemokine,0.81148,anc2f_47_L_unrelaxed_rank_012_alphafold2_model_1_seed_001.pdb
2576,47,Chemokine,0.79763,anc2f_47_L_unrelaxed_rank_013_alphafold2_model_2_seed_002.pdb
2577,47,Chemokine,0.78519,anc2f_47_L_unrelaxed_rank_014_alphafold2_model_1_seed_003.pdb
2578,47,Chemokine,0.80874,anc2f_47_L_unrelaxed_rank_015_alphafold2_model_2_seed_003.pdb
2579,47,Chemokine,0.78261,anc2f_47_L_unrelaxed_rank_016_alphafold2_model_4_seed_003.pdb
2580,47,Chemokine,0.77691,anc2f_47_L_unrelaxed_rank_017_alphafold2_model_4_seed_002.pdb
2581,47,Chemokine,0.78777,anc2f_47_L_unrelaxed_rank_018_alphafold2_model_4_seed_004.pdb
2582,47,Chemokine,0.78129,anc2f_47_L_unrelaxed_rank_019_alphafold2_model_4_seed_001.pdb
2583,47,Chemokine,0.74985,anc2f_47_L_unrelaxed_rank_020_alphafold2_model_5_seed_002.pdb
2584,47,Chemokine,0.78261,anc2f_47_L_unrelaxed_rank_021_alphafold2_model_4_seed_000.pdb
2585,47,Chemokine,0.74615,anc2f_47_L_unrelaxed_rank_022_alphafold2_model_5_seed_003.pdb
2586,47,Chemokine,0.73969,anc2f_47_L_unrelaxed_rank_023_alphafold2_model_5_seed_001.pdb
2587,47,Chemokine,0.73666,anc2f_47_L_unrelaxed_rank_024_alphafold2_model_5_seed_004.pdb
2588,47,Chemokine,0.75231,anc2f_47_L_unrelaxed_rank_025_alphafold2_model_5_seed_000.pdb
2589,47,Chemokine,0.79494,anc2f_47_M_unrelaxed_rank_001_alphafold2_model_3_seed_004.pdb
2590,47,Chemokine,0.79684,anc2f_47_M_unrelaxed_rank_002_alphafold2_model_3_seed_002.pdb
2591,47,Chemokine,0.79185,anc2f_47_M_unrelaxed_rank_003_alphafold2_model_3_seed_003.pdb
2592,47,Chemokine,0.79247,anc2f_47_M_unrelaxed_rank_004_alphafold2_model_3_seed_000.pdb
2593,47,Chemokine,0.79225,anc2f_47_M_unrelaxed_rank_005_alphafold2_model_3_seed_001.pdb
2594,47,Chemokine,0.81087,anc2f_47_M_unrelaxed_rank_006_alphafold2_model_2_seed_004.pdb
2595,47,Chemokine,0.80319,anc2f_47_M_unrelaxed_rank_007_alphafold2_model_2_seed_002.pdb
2596,47,Chemokine,0.80351,anc2f_47_M_unrelaxed_rank_008_alphafold2_model_2_seed_000.pdb
2597,47,Chemokine,0.80062,anc2f_47_M_unrelaxed_rank_009_alphafold2_model_2_seed_001.pdb
2598,47,Chemokine,0.78912,anc2f_47_M_unrelaxed_rank_010_alphafold2_model_1_seed_004.pdb
2599,47,Chemokine,0.79152,anc2f_47_M_unrelaxed_rank_011_alphafold2_model_4_seed_004.pdb
2600,47,Chemokine,0.78915,anc2f_47_M_unrelaxed_rank_012_alphafold2_model_1_seed_000.pdb
2601,47,Chemokine,0.78767,anc2f_47_M_unrelaxed_rank_013_alphafold2_model_1_seed_003.pdb
2602,47,Chemokine,0.78541,anc2f_47_M_unrelaxed_rank_014_alphafold2_model_1_seed_002.pdb
2603,47,Chemokine,0.79912,anc2f_47_M_unrelaxed_rank_015_alphafold2_model_2_seed_003.pdb
2604,47,Chemokine,0.78767,anc2f_47_M_unrelaxed_rank_016_alphafold2_model_1_seed_001.pdb
2605,47,Chemokine,0.78749,anc2f_47_M_unrelaxed_rank_017_alphafold2_model_4_seed_001.pdb
2606,47,Chemokine,0.78785,anc2f_47_M_unrelaxed_rank_018_alphafold2_model_4_seed_000.pdb
2607,47,Chemokine,0.78634,anc2f_47_M_unrelaxed_rank_019_alphafold2_model_4_seed_003.pdb
2608,47,Chemokine,0.78389,anc2f_47_M_unrelaxed_rank_020_alphafold2_model_4_seed_002.pdb
2609,47,Chemokine,0.76361,anc2f_47_M_unrelaxed_rank_021_alphafold2_model_5_seed_002.pdb
2610,47,Chemokine,0.76124,anc2f_47_M_unrelaxed_rank_022_alphafold2_model_5_seed_003.pdb
2611,47,Chemokine,0.76127,anc2f_47_M_unrelaxed_rank_023_alphafold2_model_5_seed_004.pdb
2612,47,Chemokine,0.75916,anc2f_47_M_unrelaxed_rank_024_alphafold2_model_5_seed_001.pdb
2613,47,Chemokine,0.76113,anc2f_47_M_unrelaxed_rank_025_alphafold2_model_5_seed_000.pdb
2614,I,Chemokine,0.78156,anc2f_I_unrelaxed_rank_001_alphafold2_model_3_seed_004.pdb
2615,I,Chemokine,0.77813,anc2f_I_unrelaxed_rank_002_alphafold2_model_3_seed_002.pdb
2616,I,Chemokine,0.78027,anc2f_I_unrelaxed_rank_003_alphafold2_model_3_seed_000.pdb
2617,I,Chemokine,0.7787,anc2f_I_unrelaxed_rank_004_alphafold2_model_3_seed_001.pdb
2618,I,Chemokine,0.7775,anc2f_I_unrelaxed_rank_005_alphafold2_model_3_seed_003.pdb
2619,I,Chemokine,0.78832,anc2f_I_unrelaxed_rank_006_alphafold2_model_1_seed_003.pdb
2620,I,Chemokine,0.78836,anc2f_I_unrelaxed_rank_007_alphafold2_model_1_seed_000.pdb
2621,I,Chemokine,0.78717,anc2f_I_unrelaxed_rank_008_alphafold2_model_1_seed_004.pdb
2622,I,Chemokine,0.78888,anc2f_I_unrelaxed_rank_009_alphafold2_model_1_seed_001.pdb
2623,I,Chemokine,0.79114,anc2f_I_unrelaxed_rank_010_alphafold2_model_1_seed_002.pdb
2624,I,Chemokine,0.77602,anc2f_I_unrelaxed_rank_011_alphafold2_model_2_seed_003.pdb
2625,I,Chemokine,0.79317,anc2f_I_unrelaxed_rank_012_alphafold2_model_2_seed_004.pdb
2626,I,Chemokine,0.78232,anc2f_I_unrelaxed_rank_013_alphafold2_model_2_seed_002.pdb
2627,I,Chemokine,0.78065,anc2f_I_unrelaxed_rank_014_alphafold2_model_2_seed_001.pdb
2628,I,Chemokine,0.78504,anc2f_I_unrelaxed_rank_015_alphafold2_model_2_seed_000.pdb
2629,I,Chemokine,0.77827,anc2f_I_unrelaxed_rank_016_alphafold2_model_5_seed_002.pdb
2630,I,Chemokine,0.77693,anc2f_I_unrelaxed_rank_017_alphafold2_model_4_seed_004.pdb
2631,I,Chemokine,0.77784,anc2f_I_unrelaxed_rank_018_alphafold2_model_5_seed_003.pdb
2632,I,Chemokine,0.77901,anc2f_I_unrelaxed_rank_019_alphafold2_model_4_seed_002.pdb
2633,I,Chemokine,0.77775,anc2f_I_unrelaxed_rank_020_alphafold2_model_5_seed_004.pdb
2634,I,Chemokine,0.7785,anc2f_I_unrelaxed_rank_021_alphafold2_model_5_seed_001.pdb
2635,I,Chemokine,0.78042,anc2f_I_unrelaxed_rank_022_alphafold2_model_4_seed_003.pdb
2636,I,Chemokine,0.77671,anc2f_I_unrelaxed_rank_023_alphafold2_model_4_seed_001.pdb
2637,I,Chemokine,0.77754,anc2f_I_unrelaxed_rank_024_alphafold2_model_5_seed_000.pdb
2638,I,Chemokine,0.77585,anc2f_I_unrelaxed_rank_025_alphafold2_model_4_seed_000.pdb
2639,L,Chemokine,0.78018,anc2f_L_unrelaxed_rank_001_alphafold2_model_3_seed_002.pdb
2640,L,Chemokine,0.78203,anc2f_L_unrelaxed_rank_002_alphafold2_model_3_seed_004.pdb
2641,L,Chemokine,0.79208,anc2f_L_unrelaxed_rank_003_alphafold2_model_3_seed_003.pdb
2642,L,Chemokine,0.77984,anc2f_L_unrelaxed_rank_004_alphafold2_model_3_seed_001.pdb
2643,L,Chemokine,0.78069,anc2f_L_unrelaxed_rank_005_alphafold2_model_3_seed_000.pdb
2644,L,Chemokine,0.78833,anc2f_L_unrelaxed_rank_006_alphafold2_model_1_seed_004.pdb
2645,L,Chemokine,0.78748,anc2f_L_unrelaxed_rank_007_alphafold2_model_2_seed_004.pdb
2646,L,Chemokine,0.78172,anc2f_L_unrelaxed_rank_008_alphafold2_model_2_seed_003.pdb
2647,L,Chemokine,0.79176,anc2f_L_unrelaxed_rank_009_alphafold2_model_1_seed_002.pdb
2648,L,Chemokine,0.78787,anc2f_L_unrelaxed_rank_010_alphafold2_model_1_seed_001.pdb
2649,L,Chemokine,0.78657,anc2f_L_unrelaxed_rank_011_alphafold2_model_2_seed_001.pdb
2650,L,Chemokine,0.78693,anc2f_L_unrelaxed_rank_012_alphafold2_model_1_seed_003.pdb
2651,L,Chemokine,0.79035,anc2f_L_unrelaxed_rank_013_alphafold2_model_2_seed_002.pdb
2652,L,Chemokine,0.78797,anc2f_L_unrelaxed_rank_014_alphafold2_model_2_seed_000.pdb
2653,L,Chemokine,0.78766,anc2f_L_unrelaxed_rank_015_alphafold2_model_1_seed_000.pdb
2654,L,Chemokine,0.79252,anc2f_L_unrelaxed_rank_016_alphafold2_model_4_seed_001.pdb
2655,L,Chemokine,0.79247,anc2f_L_unrelaxed_rank_017_alphafold2_model_4_seed_000.pdb
2656,L,Chemokine,0.79688,anc2f_L_unrelaxed_rank_018_alphafold2_model_4_seed_004.pdb
2657,L,Chemokine,0.77654,anc2f_L_unrelaxed_rank_019_alphafold2_model_5_seed_002.pdb
2658,L,Chemokine,0.77563,anc2f_L_unrelaxed_rank_020_alphafold2_model_5_seed_003.pdb
2659,L,Chemokine,0.79422,anc2f_L_unrelaxed_rank_021_alphafold2_model_4_seed_002.pdb
2660,L,Chemokine,0.79158,anc2f_L_unrelaxed_rank_022_alphafold2_model_4_seed_003.pdb
2661,L,Chemokine,0.77622,anc2f_L_unrelaxed_rank_023_alphafold2_model_5_seed_001.pdb
2662,L,Chemokine,0.77677,anc2f_L_unrelaxed_rank_024_alphafold2_model_5_seed_004.pdb
2663,L,Chemokine,0.77354,anc2f_L_unrelaxed_rank_025_alphafold2_model_5_seed_000.pdb
2664,V,Chemokine,0.82958,anc2f_V_unrelaxed_rank_001_alphafold2_model_2_seed_004.pdb
2665,V,Chemokine,0.77463,anc2f_V_unrelaxed_rank_002_alphafold2_model_3_seed_004.pdb
2666,V,Chemokine,0.77402,anc2f_V_unrelaxed_rank_003_alphafold2_model_3_seed_002.pdb
2667,V,Chemokine,0.77515,anc2f_V_unrelaxed_rank_004_alphafold2_model_3_seed_001.pdb
2668,V,Chemokine,0.77512,anc2f_V_unrelaxed_rank_005_alphafold2_model_3_seed_000.pdb
2669,V,Chemokine,0.77258,anc2f_V_unrelaxed_rank_006_alphafold2_model_3_seed_003.pdb
2670,V,Chemokine,0.82304,anc2f_V_unrelaxed_rank_007_alphafold2_model_2_seed_000.pdb
2671,V,Chemokine,0.78462,anc2f_V_unrelaxed_rank_008_alphafold2_model_1_seed_003.pdb
2672,V,Chemokine,0.78825,anc2f_V_unrelaxed_rank_009_alphafold2_model_1_seed_000.pdb
2673,V,Chemokine,0.78688,anc2f_V_unrelaxed_rank_010_alphafold2_model_1_seed_001.pdb
2674,V,Chemokine,0.78472,anc2f_V_unrelaxed_rank_011_alphafold2_model_1_seed_004.pdb
2675,V,Chemokine,0.78329,anc2f_V_unrelaxed_rank_012_alphafold2_model_1_seed_002.pdb
2676,V,Chemokine,0.79224,anc2f_V_unrelaxed_rank_013_alphafold2_model_2_seed_002.pdb
2677,V,Chemokine,0.77469,anc2f_V_unrelaxed_rank_014_alphafold2_model_2_seed_003.pdb
2678,V,Chemokine,0.77907,anc2f_V_unrelaxed_rank_015_alphafold2_model_4_seed_002.pdb
2679,V,Chemokine,0.78208,anc2f_V_unrelaxed_rank_016_alphafold2_model_4_seed_003.pdb
2680,V,Chemokine,0.77969,anc2f_V_unrelaxed_rank_017_alphafold2_model_4_seed_004.pdb
2681,V,Chemokine,0.78294,anc2f_V_unrelaxed_rank_018_alphafold2_model_4_seed_001.pdb
2682,V,Chemokine,0.78769,anc2f_V_unrelaxed_rank_019_alphafold2_model_2_seed_001.pdb
2683,V,Chemokine,0.78238,anc2f_V_unrelaxed_rank_020_alphafold2_model_4_seed_000.pdb
2684,V,Chemokine,0.76437,anc2f_V_unrelaxed_rank_021_alphafold2_model_5_seed_002.pdb
2685,V,Chemokine,0.76105,anc2f_V_unrelaxed_rank_022_alphafold2_model_5_seed_003.pdb
2686,V,Chemokine,0.76096,anc2f_V_unrelaxed_rank_023_alphafold2_model_5_seed_004.pdb
2687,V,Chemokine,0.7612,anc2f_V_unrelaxed_rank_024_alphafold2_model_5_seed_001.pdb
2688,V,Chemokine,0.75968,anc2f_V_unrelaxed_rank_025_alphafold2_model_5_seed_000.pdb
2689,36,Dimer,0.58826,anc2i_36_A_unrelaxed_rank_001_alphafold2_model_2_seed_003.pdb
2690,36,Dimer,0.58569,anc2i_36_A_unrelaxed_rank_002_alphafold2_model_2_seed_004.pdb
2691,36,Dimer,0.58546,anc2i_36_A_unrelaxed_rank_003_alphafold2_model_2_seed_002.pdb
2692,36,Dimer,0.58616,anc2i_36_A_unrelaxed_rank_004_alphafold2_model_2_seed_001.pdb
2693,36,Dimer,0.58612,anc2i_36_A_unrelaxed_rank_005_alphafold2_model_1_seed_003.pdb
2694,36,Dimer,0.58751,anc2i_36_A_unrelaxed_rank_006_alphafold2_model_1_seed_004.pdb
2695,36,Dimer,0.5758,anc2i_36_A_unrelaxed_rank_007_alphafold2_model_3_seed_003.pdb
2696,36,Dimer,0.5582,anc2i_36_A_unrelaxed_rank_008_alphafold2_model_3_seed_004.pdb
2697,36,Dimer,0.56991,anc2i_36_A_unrelaxed_rank_009_alphafold2_model_2_seed_000.pdb
2698,36,Dimer,0.57061,anc2i_36_A_unrelaxed_rank_010_alphafold2_model_1_seed_002.pdb
2699,36,Dimer,0.50901,anc2i_36_A_unrelaxed_rank_011_alphafold2_model_3_seed_002.pdb
2700,36,Dimer,0.52687,anc2i_36_A_unrelaxed_rank_012_alphafold2_model_3_seed_001.pdb
2701,36,Dimer,0.53951,anc2i_36_A_unrelaxed_rank_013_alphafold2_model_3_seed_000.pdb
2702,36,Dimer,0.55849,anc2i_36_A_unrelaxed_rank_014_alphafold2_model_4_seed_001.pdb
2703,36,Dimer,0.55755,anc2i_36_A_unrelaxed_rank_015_alphafold2_model_4_seed_004.pdb
2704,36,Dimer,0.55464,anc2i_36_A_unrelaxed_rank_016_alphafold2_model_4_seed_003.pdb
2705,36,Dimer,0.56083,anc2i_36_A_unrelaxed_rank_017_alphafold2_model_4_seed_000.pdb
2706,36,Dimer,0.50519,anc2i_36_A_unrelaxed_rank_018_alphafold2_model_5_seed_002.pdb
2707,36,Dimer,0.50006,anc2i_36_A_unrelaxed_rank_021_alphafold2_model_5_seed_000.pdb
2708,36,Dimer,0.59808,anc2i_36_G_unrelaxed_rank_001_alphafold2_model_2_seed_004.pdb
2709,36,Dimer,0.58473,anc2i_36_G_unrelaxed_rank_002_alphafold2_model_2_seed_003.pdb
2710,36,Dimer,0.5888,anc2i_36_G_unrelaxed_rank_003_alphafold2_model_2_seed_001.pdb
2711,36,Dimer,0.60076,anc2i_36_G_unrelaxed_rank_004_alphafold2_model_2_seed_002.pdb
2712,36,Dimer,0.59081,anc2i_36_G_unrelaxed_rank_005_alphafold2_model_2_seed_000.pdb
2713,36,Dimer,0.59096,anc2i_36_G_unrelaxed_rank_006_alphafold2_model_3_seed_003.pdb
2714,36,Dimer,0.57437,anc2i_36_G_unrelaxed_rank_007_alphafold2_model_3_seed_002.pdb
2715,36,Dimer,0.57999,anc2i_36_G_unrelaxed_rank_008_alphafold2_model_3_seed_004.pdb
2716,36,Dimer,0.57074,anc2i_36_G_unrelaxed_rank_009_alphafold2_model_5_seed_001.pdb
2717,36,Dimer,0.58025,anc2i_36_G_unrelaxed_rank_010_alphafold2_model_3_seed_001.pdb
2718,36,Dimer,0.56905,anc2i_36_G_unrelaxed_rank_011_alphafold2_model_5_seed_004.pdb
2719,36,Dimer,0.56723,anc2i_36_G_unrelaxed_rank_012_alphafold2_model_5_seed_003.pdb
2720,36,Dimer,0.57895,anc2i_36_G_unrelaxed_rank_013_alphafold2_model_3_seed_000.pdb
2721,36,Dimer,0.55321,anc2i_36_G_unrelaxed_rank_014_alphafold2_model_5_seed_002.pdb
2722,36,Dimer,0.56339,anc2i_36_G_unrelaxed_rank_015_alphafold2_model_5_seed_000.pdb
2723,36,Dimer,0.56903,anc2i_36_G_unrelaxed_rank_016_alphafold2_model_4_seed_001.pdb
2724,36,Dimer,0.56931,anc2i_36_G_unrelaxed_rank_017_alphafold2_model_4_seed_004.pdb
2725,36,Dimer,0.56351,anc2i_36_G_unrelaxed_rank_018_alphafold2_model_4_seed_003.pdb
2726,36,Dimer,0.56179,anc2i_36_G_unrelaxed_rank_019_alphafold2_model_4_seed_000.pdb
2727,36,Dimer,0.56319,anc2i_36_G_unrelaxed_rank_020_alphafold2_model_4_seed_002.pdb
2728,38,Dimer,0.58826,anc2i_38_I_unrelaxed_rank_001_alphafold2_model_2_seed_003.pdb
2729,38,Dimer,0.58569,anc2i_38_I_unrelaxed_rank_002_alphafold2_model_2_seed_004.pdb
2730,38,Dimer,0.58546,anc2i_38_I_unrelaxed_rank_003_alphafold2_model_2_seed_002.pdb
2731,38,Dimer,0.58616,anc2i_38_I_unrelaxed_rank_004_alphafold2_model_2_seed_001.pdb
2732,38,Dimer,0.58612,anc2i_38_I_unrelaxed_rank_005_alphafold2_model_1_seed_003.pdb
2733,38,Dimer,0.58751,anc2i_38_I_unrelaxed_rank_006_alphafold2_model_1_seed_004.pdb
2734,38,Dimer,0.5758,anc2i_38_I_unrelaxed_rank_007_alphafold2_model_3_seed_003.pdb
2735,38,Dimer,0.5582,anc2i_38_I_unrelaxed_rank_008_alphafold2_model_3_seed_004.pdb
2736,38,Dimer,0.56991,anc2i_38_I_unrelaxed_rank_009_alphafold2_model_2_seed_000.pdb
2737,38,Dimer,0.57061,anc2i_38_I_unrelaxed_rank_010_alphafold2_model_1_seed_002.pdb
2738,38,Dimer,0.50901,anc2i_38_I_unrelaxed_rank_011_alphafold2_model_3_seed_002.pdb
2739,38,Dimer,0.52687,anc2i_38_I_unrelaxed_rank_012_alphafold2_model_3_seed_001.pdb
2740,38,Dimer,0.53951,anc2i_38_I_unrelaxed_rank_013_alphafold2_model_3_seed_000.pdb
2741,38,Dimer,0.55849,anc2i_38_I_unrelaxed_rank_014_alphafold2_model_4_seed_001.pdb
2742,38,Dimer,0.55755,anc2i_38_I_unrelaxed_rank_015_alphafold2_model_4_seed_004.pdb
2743,38,Dimer,0.55464,anc2i_38_I_unrelaxed_rank_016_alphafold2_model_4_seed_003.pdb
2744,38,Dimer,0.56083,anc2i_38_I_unrelaxed_rank_017_alphafold2_model_4_seed_000.pdb
2745,38,Dimer,0.50519,anc2i_38_I_unrelaxed_rank_018_alphafold2_model_5_seed_002.pdb
2746,38,Dimer,0.50006,anc2i_38_I_unrelaxed_rank_021_alphafold2_model_5_seed_000.pdb
2747,38,Dimer,0.58858,anc2i_38_L_unrelaxed_rank_001_alphafold2_model_1_seed_003.pdb
2748,38,Dimer,0.5107,anc2i_38_L_unrelaxed_rank_002_alphafold2_model_3_seed_004.pdb
2749,38,Dimer,0.5083,anc2i_38_L_unrelaxed_rank_003_alphafold2_model_3_seed_003.pdb
2750,38,Dimer,0.51149,anc2i_38_L_unrelaxed_rank_005_alphafold2_model_2_seed_004.pdb
2751,38,Dimer,0.51175,anc2i_38_L_unrelaxed_rank_006_alphafold2_model_2_seed_001.pdb
2752,38,Dimer,0.511,anc2i_38_L_unrelaxed_rank_007_alphafold2_model_2_seed_000.pdb
2753,38,Dimer,0.51039,anc2i_38_L_unrelaxed_rank_008_alphafold2_model_2_seed_002.pdb
2754,38,Dimer,0.50915,anc2i_38_L_unrelaxed_rank_009_alphafold2_model_3_seed_001.pdb
2755,38,Dimer,0.51209,anc2i_38_L_unrelaxed_rank_010_alphafold2_model_3_seed_000.pdb
2756,38,Dimer,0.52552,anc2i_38_L_unrelaxed_rank_012_alphafold2_model_4_seed_001.pdb
2757,38,Dimer,0.60007,anc2i_38_V_unrelaxed_rank_001_alphafold2_model_2_seed_003.pdb
2758,38,Dimer,0.59689,anc2i_38_V_unrelaxed_rank_002_alphafold2_model_2_seed_004.pdb
2759,38,Dimer,0.58529,anc2i_38_V_unrelaxed_rank_003_alphafold2_model_2_seed_001.pdb
2760,38,Dimer,0.5893,anc2i_38_V_unrelaxed_rank_004_alphafold2_model_1_seed_003.pdb
2761,38,Dimer,0.57157,anc2i_38_V_unrelaxed_rank_005_alphafold2_model_2_seed_002.pdb
2762,38,Dimer,0.58078,anc2i_38_V_unrelaxed_rank_006_alphafold2_model_2_seed_000.pdb
2763,38,Dimer,0.56828,anc2i_38_V_unrelaxed_rank_007_alphafold2_model_3_seed_000.pdb
2764,38,Dimer,0.54811,anc2i_38_V_unrelaxed_rank_008_alphafold2_model_3_seed_004.pdb
2765,38,Dimer,0.57233,anc2i_38_V_unrelaxed_rank_009_alphafold2_model_1_seed_004.pdb
2766,38,Dimer,0.55342,anc2i_38_V_unrelaxed_rank_010_alphafold2_model_3_seed_001.pdb
2767,38,Dimer,0.53822,anc2i_38_V_unrelaxed_rank_011_alphafold2_model_3_seed_003.pdb
2768,38,Dimer,0.52887,anc2i_38_V_unrelaxed_rank_012_alphafold2_model_3_seed_002.pdb
2769,38,Dimer,0.50457,anc2i_38_V_unrelaxed_rank_013_alphafold2_model_5_seed_002.pdb
2770,38,Dimer,0.54049,anc2i_38_V_unrelaxed_rank_014_alphafold2_model_4_seed_002.pdb
2771,38,Dimer,0.53616,anc2i_38_V_unrelaxed_rank_015_alphafold2_model_4_seed_001.pdb
2772,38,Dimer,0.53201,anc2i_38_V_unrelaxed_rank_016_alphafold2_model_4_seed_003.pdb
2773,38,Dimer,0.53126,anc2i_38_V_unrelaxed_rank_017_alphafold2_model_4_seed_004.pdb
2774,38,Dimer,0.53537,anc2i_38_V_unrelaxed_rank_018_alphafold2_model_4_seed_000.pdb
2775,40,Dimer,0.52467,anc2i_40_G_unrelaxed_rank_001_alphafold2_model_2_seed_002.pdb
2776,40,Dimer,0.5242,anc2i_40_G_unrelaxed_rank_002_alphafold2_model_2_seed_004.pdb
2777,40,Dimer,0.52603,anc2i_40_G_unrelaxed_rank_003_alphafold2_model_2_seed_001.pdb
2778,40,Dimer,0.52399,anc2i_40_G_unrelaxed_rank_004_alphafold2_model_2_seed_003.pdb
2779,40,Dimer,0.52406,anc2i_40_G_unrelaxed_rank_005_alphafold2_model_2_seed_000.pdb
2780,40,Dimer,0.52973,anc2i_40_G_unrelaxed_rank_006_alphafold2_model_1_seed_003.pdb
2781,40,Dimer,0.52136,anc2i_40_G_unrelaxed_rank_007_alphafold2_model_3_seed_001.pdb
2782,40,Dimer,0.50573,anc2i_40_G_unrelaxed_rank_008_alphafold2_model_3_seed_003.pdb
2783,40,Dimer,0.53152,anc2i_40_G_unrelaxed_rank_009_alphafold2_model_1_seed_002.pdb
2784,40,Dimer,0.51509,anc2i_40_G_unrelaxed_rank_010_alphafold2_model_1_seed_004.pdb
2785,40,Dimer,0.50653,anc2i_40_G_unrelaxed_rank_011_alphafold2_model_3_seed_000.pdb
2786,40,Dimer,0.51835,anc2i_40_G_unrelaxed_rank_012_alphafold2_model_3_seed_004.pdb
2787,40,Dimer,0.51404,anc2i_40_G_unrelaxed_rank_013_alphafold2_model_5_seed_002.pdb
2788,40,Dimer,0.5058,anc2i_40_G_unrelaxed_rank_014_alphafold2_model_3_seed_002.pdb
2789,40,Dimer,0.51377,anc2i_40_G_unrelaxed_rank_015_alphafold2_model_5_seed_000.pdb
2790,40,Dimer,0.51416,anc2i_40_G_unrelaxed_rank_016_alphafold2_model_5_seed_003.pdb
2791,40,Dimer,0.51393,anc2i_40_G_unrelaxed_rank_017_alphafold2_model_5_seed_001.pdb
2792,40,Dimer,0.51861,anc2i_40_G_unrelaxed_rank_018_alphafold2_model_4_seed_002.pdb
2793,40,Dimer,0.51465,anc2i_40_G_unrelaxed_rank_019_alphafold2_model_4_seed_003.pdb
2794,40,Dimer,0.51654,anc2i_40_G_unrelaxed_rank_020_alphafold2_model_4_seed_001.pdb
2795,40,Dimer,0.51582,anc2i_40_G_unrelaxed_rank_021_alphafold2_model_4_seed_004.pdb
2796,40,Dimer,0.51676,anc2i_40_G_unrelaxed_rank_022_alphafold2_model_4_seed_000.pdb
2797,40,Dimer,0.57359,anc2i_40_I_unrelaxed_rank_001_alphafold2_model_2_seed_003.pdb
2798,40,Dimer,0.57681,anc2i_40_I_unrelaxed_rank_002_alphafold2_model_2_seed_002.pdb
2799,40,Dimer,0.56967,anc2i_40_I_unrelaxed_rank_003_alphafold2_model_2_seed_000.pdb
2800,40,Dimer,0.57292,anc2i_40_I_unrelaxed_rank_004_alphafold2_model_2_seed_004.pdb
2801,40,Dimer,0.58182,anc2i_40_I_unrelaxed_rank_005_alphafold2_model_3_seed_003.pdb
2802,40,Dimer,0.57208,anc2i_40_I_unrelaxed_rank_006_alphafold2_model_2_seed_001.pdb
2803,40,Dimer,0.58028,anc2i_40_I_unrelaxed_rank_007_alphafold2_model_3_seed_004.pdb
2804,40,Dimer,0.5785,anc2i_40_I_unrelaxed_rank_008_alphafold2_model_3_seed_001.pdb
2805,40,Dimer,0.57891,anc2i_40_I_unrelaxed_rank_009_alphafold2_model_3_seed_002.pdb
2806,40,Dimer,0.57781,anc2i_40_I_unrelaxed_rank_010_alphafold2_model_3_seed_000.pdb
2807,40,Dimer,0.53778,anc2i_40_I_unrelaxed_rank_011_alphafold2_model_5_seed_002.pdb
2808,40,Dimer,0.56645,anc2i_40_I_unrelaxed_rank_012_alphafold2_model_1_seed_003.pdb
2809,40,Dimer,0.5665,anc2i_40_I_unrelaxed_rank_013_alphafold2_model_1_seed_004.pdb
2810,40,Dimer,0.5665,anc2i_40_I_unrelaxed_rank_014_alphafold2_model_1_seed_001.pdb
2811,40,Dimer,0.56187,anc2i_40_I_unrelaxed_rank_015_alphafold2_model_1_seed_002.pdb
2812,40,Dimer,0.5637,anc2i_40_I_unrelaxed_rank_016_alphafold2_model_5_seed_003.pdb
2813,40,Dimer,0.56189,anc2i_40_I_unrelaxed_rank_017_alphafold2_model_5_seed_001.pdb
2814,40,Dimer,0.5625,anc2i_40_I_unrelaxed_rank_018_alphafold2_model_5_seed_000.pdb
2815,40,Dimer,0.58422,anc2i_40_I_unrelaxed_rank_019_alphafold2_model_4_seed_002.pdb
2816,40,Dimer,0.58213,anc2i_40_I_unrelaxed_rank_020_alphafold2_model_4_seed_003.pdb
2817,40,Dimer,0.58535,anc2i_40_I_unrelaxed_rank_021_alphafold2_model_4_seed_004.pdb
2818,40,Dimer,0.58462,anc2i_40_I_unrelaxed_rank_022_alphafold2_model_4_seed_000.pdb
2819,40,Dimer,0.58343,anc2i_40_I_unrelaxed_rank_023_alphafold2_model_4_seed_001.pdb
2820,40,Dimer,0.5811,anc2i_40_V_unrelaxed_rank_001_alphafold2_model_2_seed_003.pdb
2821,40,Dimer,0.58304,anc2i_40_V_unrelaxed_rank_002_alphafold2_model_2_seed_002.pdb
2822,40,Dimer,0.57462,anc2i_40_V_unrelaxed_rank_003_alphafold2_model_2_seed_004.pdb
2823,40,Dimer,0.57376,anc2i_40_V_unrelaxed_rank_004_alphafold2_model_3_seed_004.pdb
2824,40,Dimer,0.56793,anc2i_40_V_unrelaxed_rank_005_alphafold2_model_2_seed_001.pdb
2825,40,Dimer,0.5486,anc2i_40_V_unrelaxed_rank_006_alphafold2_model_2_seed_000.pdb
2826,40,Dimer,0.57368,anc2i_40_V_unrelaxed_rank_007_alphafold2_model_3_seed_001.pdb
2827,40,Dimer,0.5739,anc2i_40_V_unrelaxed_rank_008_alphafold2_model_3_seed_003.pdb
2828,40,Dimer,0.56559,anc2i_40_V_unrelaxed_rank_009_alphafold2_model_3_seed_002.pdb
2829,40,Dimer,0.57254,anc2i_40_V_unrelaxed_rank_010_alphafold2_model_3_seed_000.pdb
2830,40,Dimer,0.56631,anc2i_40_V_unrelaxed_rank_011_alphafold2_model_1_seed_003.pdb
2831,40,Dimer,0.56827,anc2i_40_V_unrelaxed_rank_012_alphafold2_model_1_seed_001.pdb
2832,40,Dimer,0.56912,anc2i_40_V_unrelaxed_rank_013_alphafold2_model_1_seed_004.pdb
2833,40,Dimer,0.57914,anc2i_40_V_unrelaxed_rank_014_alphafold2_model_5_seed_002.pdb
2834,40,Dimer,0.58014,anc2i_40_V_unrelaxed_rank_015_alphafold2_model_5_seed_000.pdb
2835,40,Dimer,0.57824,anc2i_40_V_unrelaxed_rank_016_alphafold2_model_5_seed_001.pdb
2836,40,Dimer,0.55599,anc2i_40_V_unrelaxed_rank_017_alphafold2_model_1_seed_000.pdb
2837,40,Dimer,0.57367,anc2i_40_V_unrelaxed_rank_018_alphafold2_model_4_seed_002.pdb
2838,40,Dimer,0.5316,anc2i_40_V_unrelaxed_rank_019_alphafold2_model_4_seed_003.pdb
2839,40,Dimer,0.57163,anc2i_40_V_unrelaxed_rank_020_alphafold2_model_5_seed_003.pdb
2840,40,Dimer,0.58247,anc2i_40_V_unrelaxed_rank_021_alphafold2_model_4_seed_004.pdb
2841,45,Dimer,0.59571,anc2i_45_I_unrelaxed_rank_001_alphafold2_model_2_seed_003.pdb
2842,45,Dimer,0.59339,anc2i_45_I_unrelaxed_rank_002_alphafold2_model_2_seed_002.pdb
2843,45,Dimer,0.59443,anc2i_45_I_unrelaxed_rank_003_alphafold2_model_2_seed_004.pdb
2844,45,Dimer,0.59904,anc2i_45_I_unrelaxed_rank_004_alphafold2_model_2_seed_000.pdb
2845,45,Dimer,0.58892,anc2i_45_I_unrelaxed_rank_005_alphafold2_model_2_seed_001.pdb
2846,45,Dimer,0.58739,anc2i_45_I_unrelaxed_rank_006_alphafold2_model_3_seed_002.pdb
2847,45,Dimer,0.58696,anc2i_45_I_unrelaxed_rank_007_alphafold2_model_3_seed_003.pdb
2848,45,Dimer,0.58702,anc2i_45_I_unrelaxed_rank_008_alphafold2_model_1_seed_004.pdb
2849,45,Dimer,0.58267,anc2i_45_I_unrelaxed_rank_009_alphafold2_model_3_seed_004.pdb
2850,45,Dimer,0.58841,anc2i_45_I_unrelaxed_rank_010_alphafold2_model_1_seed_003.pdb
2851,45,Dimer,0.58497,anc2i_45_I_unrelaxed_rank_011_alphafold2_model_3_seed_001.pdb
2852,45,Dimer,0.58635,anc2i_45_I_unrelaxed_rank_012_alphafold2_model_3_seed_000.pdb
2853,45,Dimer,0.58126,anc2i_45_I_unrelaxed_rank_013_alphafold2_model_1_seed_002.pdb
2854,45,Dimer,0.59486,anc2i_45_I_unrelaxed_rank_014_alphafold2_model_4_seed_001.pdb
2855,45,Dimer,0.54514,anc2i_45_I_unrelaxed_rank_015_alphafold2_model_4_seed_003.pdb
2856,45,Dimer,0.5459,anc2i_45_I_unrelaxed_rank_016_alphafold2_model_4_seed_000.pdb
2857,45,Dimer,0.59162,anc2i_45_I_unrelaxed_rank_017_alphafold2_model_5_seed_003.pdb
2858,45,Dimer,0.5908,anc2i_45_I_unrelaxed_rank_018_alphafold2_model_5_seed_000.pdb
2859,45,Dimer,0.54641,anc2i_45_I_unrelaxed_rank_019_alphafold2_model_4_seed_004.pdb
2860,45,Dimer,0.58781,anc2i_45_I_unrelaxed_rank_020_alphafold2_model_5_seed_001.pdb
2861,45,Dimer,0.58495,anc2i_45_I_unrelaxed_rank_021_alphafold2_model_5_seed_004.pdb
2862,45,Dimer,0.549,anc2i_45_I_unrelaxed_rank_022_alphafold2_model_5_seed_002.pdb
2863,45,Dimer,0.53776,anc2i_45_I_unrelaxed_rank_023_alphafold2_model_4_seed_002.pdb
2864,45,Dimer,0.58826,anc2i_45_L_unrelaxed_rank_001_alphafold2_model_2_seed_003.pdb
2865,45,Dimer,0.58569,anc2i_45_L_unrelaxed_rank_002_alphafold2_model_2_seed_004.pdb
2866,45,Dimer,0.58546,anc2i_45_L_unrelaxed_rank_003_alphafold2_model_2_seed_002.pdb
2867,45,Dimer,0.58616,anc2i_45_L_unrelaxed_rank_004_alphafold2_model_2_seed_001.pdb
2868,45,Dimer,0.58612,anc2i_45_L_unrelaxed_rank_005_alphafold2_model_1_seed_003.pdb
2869,45,Dimer,0.58751,anc2i_45_L_unrelaxed_rank_006_alphafold2_model_1_seed_004.pdb
2870,45,Dimer,0.5758,anc2i_45_L_unrelaxed_rank_007_alphafold2_model_3_seed_003.pdb
2871,45,Dimer,0.5582,anc2i_45_L_unrelaxed_rank_008_alphafold2_model_3_seed_004.pdb
2872,45,Dimer,0.56991,anc2i_45_L_unrelaxed_rank_009_alphafold2_model_2_seed_000.pdb
2873,45,Dimer,0.57061,anc2i_45_L_unrelaxed_rank_010_alphafold2_model_1_seed_002.pdb
2874,45,Dimer,0.50901,anc2i_45_L_unrelaxed_rank_011_alphafold2_model_3_seed_002.pdb
2875,45,Dimer,0.52687,anc2i_45_L_unrelaxed_rank_012_alphafold2_model_3_seed_001.pdb
2876,45,Dimer,0.53951,anc2i_45_L_unrelaxed_rank_013_alphafold2_model_3_seed_000.pdb
2877,45,Dimer,0.55849,anc2i_45_L_unrelaxed_rank_014_alphafold2_model_4_seed_001.pdb
2878,45,Dimer,0.55755,anc2i_45_L_unrelaxed_rank_015_alphafold2_model_4_seed_004.pdb
2879,45,Dimer,0.55464,anc2i_45_L_unrelaxed_rank_016_alphafold2_model_4_seed_003.pdb
2880,45,Dimer,0.56083,anc2i_45_L_unrelaxed_rank_017_alphafold2_model_4_seed_000.pdb
2881,45,Dimer,0.50519,anc2i_45_L_unrelaxed_rank_018_alphafold2_model_5_seed_002.pdb
2882,45,Dimer,0.50006,anc2i_45_L_unrelaxed_rank_021_alphafold2_model_5_seed_000.pdb
2883,45,Dimer,0.59969,anc2i_45_V_unrelaxed_rank_001_alphafold2_model_2_seed_002.pdb
2884,45,Dimer,0.54718,anc2i_45_V_unrelaxed_rank_002_alphafold2_model_2_seed_000.pdb
2885,45,Dimer,0.60324,anc2i_45_V_unrelaxed_rank_003_alphafold2_model_2_seed_003.pdb
2886,45,Dimer,0.59282,anc2i_45_V_unrelaxed_rank_004_alphafold2_model_2_seed_004.pdb
2887,45,Dimer,0.54995,anc2i_45_V_unrelaxed_rank_005_alphafold2_model_2_seed_001.pdb
2888,45,Dimer,0.58957,anc2i_45_V_unrelaxed_rank_006_alphafold2_model_3_seed_002.pdb
2889,45,Dimer,0.59329,anc2i_45_V_unrelaxed_rank_007_alphafold2_model_1_seed_004.pdb
2890,45,Dimer,0.5826,anc2i_45_V_unrelaxed_rank_008_alphafold2_model_1_seed_003.pdb
2891,45,Dimer,0.59176,anc2i_45_V_unrelaxed_rank_009_alphafold2_model_3_seed_001.pdb
2892,45,Dimer,0.58046,anc2i_45_V_unrelaxed_rank_010_alphafold2_model_3_seed_004.pdb
2893,45,Dimer,0.58322,anc2i_45_V_unrelaxed_rank_011_alphafold2_model_3_seed_003.pdb
2894,45,Dimer,0.58276,anc2i_45_V_unrelaxed_rank_012_alphafold2_model_3_seed_000.pdb
2895,45,Dimer,0.57149,anc2i_45_V_unrelaxed_rank_013_alphafold2_model_1_seed_002.pdb
2896,45,Dimer,0.58203,anc2i_45_V_unrelaxed_rank_014_alphafold2_model_5_seed_002.pdb
2897,45,Dimer,0.53832,anc2i_45_V_unrelaxed_rank_015_alphafold2_model_4_seed_002.pdb
2898,45,Dimer,0.59036,anc2i_45_V_unrelaxed_rank_016_alphafold2_model_4_seed_001.pdb
2899,45,Dimer,0.5391,anc2i_45_V_unrelaxed_rank_017_alphafold2_model_4_seed_004.pdb
2900,45,Dimer,0.53543,anc2i_45_V_unrelaxed_rank_018_alphafold2_model_4_seed_003.pdb
2901,45,Dimer,0.54027,anc2i_45_V_unrelaxed_rank_019_alphafold2_model_4_seed_000.pdb
2902,45,Dimer,0.56302,anc2i_45_V_unrelaxed_rank_020_alphafold2_model_5_seed_001.pdb
2903,47,Dimer,0.58826,anc2i_47_I_unrelaxed_rank_001_alphafold2_model_2_seed_003.pdb
2904,47,Dimer,0.58569,anc2i_47_I_unrelaxed_rank_002_alphafold2_model_2_seed_004.pdb
2905,47,Dimer,0.58546,anc2i_47_I_unrelaxed_rank_003_alphafold2_model_2_seed_002.pdb
2906,47,Dimer,0.58616,anc2i_47_I_unrelaxed_rank_004_alphafold2_model_2_seed_001.pdb
2907,47,Dimer,0.58612,anc2i_47_I_unrelaxed_rank_005_alphafold2_model_1_seed_003.pdb
2908,47,Dimer,0.58751,anc2i_47_I_unrelaxed_rank_006_alphafold2_model_1_seed_004.pdb
2909,47,Dimer,0.5758,anc2i_47_I_unrelaxed_rank_007_alphafold2_model_3_seed_003.pdb
2910,47,Dimer,0.5582,anc2i_47_I_unrelaxed_rank_008_alphafold2_model_3_seed_004.pdb
2911,47,Dimer,0.56991,anc2i_47_I_unrelaxed_rank_009_alphafold2_model_2_seed_000.pdb
2912,47,Dimer,0.57061,anc2i_47_I_unrelaxed_rank_010_alphafold2_model_1_seed_002.pdb
2913,47,Dimer,0.50901,anc2i_47_I_unrelaxed_rank_011_alphafold2_model_3_seed_002.pdb
2914,47,Dimer,0.52687,anc2i_47_I_unrelaxed_rank_012_alphafold2_model_3_seed_001.pdb
2915,47,Dimer,0.53951,anc2i_47_I_unrelaxed_rank_013_alphafold2_model_3_seed_000.pdb
2916,47,Dimer,0.55849,anc2i_47_I_unrelaxed_rank_014_alphafold2_model_4_seed_001.pdb
2917,47,Dimer,0.55755,anc2i_47_I_unrelaxed_rank_015_alphafold2_model_4_seed_004.pdb
2918,47,Dimer,0.55464,anc2i_47_I_unrelaxed_rank_016_alphafold2_model_4_seed_003.pdb
2919,47,Dimer,0.56083,anc2i_47_I_unrelaxed_rank_017_alphafold2_model_4_seed_000.pdb
2920,47,Dimer,0.50519,anc2i_47_I_unrelaxed_rank_018_alphafold2_model_5_seed_002.pdb
2921,47,Dimer,0.50006,anc2i_47_I_unrelaxed_rank_021_alphafold2_model_5_seed_000.pdb
2922,47,Dimer,0.58825,anc2i_47_L_unrelaxed_rank_001_alphafold2_model_2_seed_003.pdb
2923,47,Dimer,0.58643,anc2i_47_L_unrelaxed_rank_002_alphafold2_model_2_seed_002.pdb
2924,47,Dimer,0.57896,anc2i_47_L_unrelaxed_rank_003_alphafold2_model_1_seed_003.pdb
2925,47,Dimer,0.58243,anc2i_47_L_unrelaxed_rank_004_alphafold2_model_2_seed_001.pdb
2926,47,Dimer,0.5704,anc2i_47_L_unrelaxed_rank_005_alphafold2_model_1_seed_002.pdb
2927,47,Dimer,0.5483,anc2i_47_L_unrelaxed_rank_006_alphafold2_model_2_seed_004.pdb
2928,47,Dimer,0.50475,anc2i_47_L_unrelaxed_rank_007_alphafold2_model_2_seed_000.pdb
2929,47,Dimer,0.50294,anc2i_47_L_unrelaxed_rank_008_alphafold2_model_3_seed_003.pdb
2930,47,Dimer,0.53986,anc2i_47_L_unrelaxed_rank_010_alphafold2_model_1_seed_004.pdb
2931,47,Dimer,0.50099,anc2i_47_L_unrelaxed_rank_013_alphafold2_model_4_seed_004.pdb
2932,47,Chemokine,0.70282,anc2i_47_M_unrelaxed_rank_001_alphafold2_model_5_seed_004.pdb
2933,47,Dimer,0.57475,anc2i_47_M_unrelaxed_rank_002_alphafold2_model_1_seed_003.pdb
2934,47,Chemokine,0.69808,anc2i_47_M_unrelaxed_rank_003_alphafold2_model_4_seed_003.pdb
2935,47,Dimer,0.51874,anc2i_47_M_unrelaxed_rank_004_alphafold2_model_1_seed_004.pdb
2936,47,Dimer,0.53322,anc2i_47_M_unrelaxed_rank_005_alphafold2_model_1_seed_002.pdb
2937,47,Chemokine,0.69956,anc2i_47_M_unrelaxed_rank_006_alphafold2_model_5_seed_000.pdb
2938,47,Dimer,0.50863,anc2i_47_M_unrelaxed_rank_007_alphafold2_model_3_seed_000.pdb
2939,47,Chemokine,0.70845,anc2i_47_M_unrelaxed_rank_009_alphafold2_model_5_seed_003.pdb
2940,I,Dimer,0.58038,anc2i_I_unrelaxed_rank_001_alphafold2_model_3_seed_004.pdb
2941,I,Dimer,0.58348,anc2i_I_unrelaxed_rank_002_alphafold2_model_3_seed_003.pdb
2942,I,Dimer,0.5906,anc2i_I_unrelaxed_rank_003_alphafold2_model_2_seed_003.pdb
2943,I,Dimer,0.58838,anc2i_I_unrelaxed_rank_004_alphafold2_model_2_seed_004.pdb
2944,I,Dimer,0.59166,anc2i_I_unrelaxed_rank_005_alphafold2_model_2_seed_002.pdb
2945,I,Dimer,0.59042,anc2i_I_unrelaxed_rank_006_alphafold2_model_2_seed_001.pdb
2946,I,Dimer,0.5901,anc2i_I_unrelaxed_rank_007_alphafold2_model_2_seed_000.pdb
2947,I,Dimer,0.5712,anc2i_I_unrelaxed_rank_008_alphafold2_model_3_seed_001.pdb
2948,I,Dimer,0.58489,anc2i_I_unrelaxed_rank_009_alphafold2_model_1_seed_003.pdb
2949,I,Dimer,0.5843,anc2i_I_unrelaxed_rank_010_alphafold2_model_1_seed_004.pdb
2950,I,Dimer,0.56894,anc2i_I_unrelaxed_rank_011_alphafold2_model_3_seed_000.pdb
2951,I,Dimer,0.53256,anc2i_I_unrelaxed_rank_012_alphafold2_model_3_seed_002.pdb
2952,I,Dimer,0.55673,anc2i_I_unrelaxed_rank_013_alphafold2_model_5_seed_002.pdb
2953,I,Dimer,0.56687,anc2i_I_unrelaxed_rank_014_alphafold2_model_4_seed_000.pdb
2954,I,Dimer,0.51489,anc2i_I_unrelaxed_rank_015_alphafold2_model_5_seed_003.pdb
2955,I,Dimer,0.55013,anc2i_I_unrelaxed_rank_016_alphafold2_model_4_seed_003.pdb
2956,I,Dimer,0.54494,anc2i_I_unrelaxed_rank_017_alphafold2_model_4_seed_001.pdb
2957,I,Dimer,0.5474,anc2i_I_unrelaxed_rank_018_alphafold2_model_4_seed_004.pdb
2958,I,Dimer,0.50669,anc2i_I_unrelaxed_rank_019_alphafold2_model_5_seed_000.pdb
2959,I,Dimer,0.50787,anc2i_I_unrelaxed_rank_021_alphafold2_model_5_seed_004.pdb
2960,I,Dimer,0.52927,anc2i_I_unrelaxed_rank_022_alphafold2_model_4_seed_002.pdb
2961,L,Dimer,0.57693,anc2i_L_unrelaxed_rank_001_alphafold2_model_3_seed_003.pdb
2962,L,Dimer,0.58625,anc2i_L_unrelaxed_rank_002_alphafold2_model_2_seed_003.pdb
2963,L,Dimer,0.58403,anc2i_L_unrelaxed_rank_003_alphafold2_model_2_seed_004.pdb
2964,L,Dimer,0.58445,anc2i_L_unrelaxed_rank_004_alphafold2_model_2_seed_001.pdb
2965,L,Dimer,0.58653,anc2i_L_unrelaxed_rank_005_alphafold2_model_1_seed_003.pdb
2966,L,Dimer,0.53878,anc2i_L_unrelaxed_rank_006_alphafold2_model_3_seed_004.pdb
2967,L,Dimer,0.58215,anc2i_L_unrelaxed_rank_007_alphafold2_model_1_seed_004.pdb
2968,L,Dimer,0.58143,anc2i_L_unrelaxed_rank_008_alphafold2_model_1_seed_002.pdb
2969,L,Dimer,0.51523,anc2i_L_unrelaxed_rank_009_alphafold2_model_3_seed_001.pdb
2970,L,Dimer,0.52374,anc2i_L_unrelaxed_rank_010_alphafold2_model_3_seed_000.pdb
2971,L,Dimer,0.56445,anc2i_L_unrelaxed_rank_011_alphafold2_model_2_seed_002.pdb
2972,L,Dimer,0.502,anc2i_L_unrelaxed_rank_012_alphafold2_model_3_seed_002.pdb
2973,L,Dimer,0.57573,anc2i_L_unrelaxed_rank_013_alphafold2_model_4_seed_001.pdb
2974,L,Dimer,0.5191,anc2i_L_unrelaxed_rank_014_alphafold2_model_2_seed_000.pdb
2975,L,Dimer,0.57184,anc2i_L_unrelaxed_rank_015_alphafold2_model_4_seed_004.pdb
2976,L,Dimer,0.55302,anc2i_L_unrelaxed_rank_016_alphafold2_model_4_seed_003.pdb
2977,L,Dimer,0.55101,anc2i_L_unrelaxed_rank_018_alphafold2_model_4_seed_000.pdb
2978,L,Dimer,0.50295,anc2i_L_unrelaxed_rank_019_alphafold2_model_5_seed_003.pdb
2979,I,Chemokine,0.78365,anc2_I_unrelaxed_rank_001_alphafold2_model_2_seed_001.pdb
2980,I,Chemokine,0.78376,anc2_I_unrelaxed_rank_002_alphafold2_model_2_seed_003.pdb
2981,I,Chemokine,0.75714,anc2_I_unrelaxed_rank_003_alphafold2_model_3_seed_002.pdb
2982,I,Chemokine,0.75731,anc2_I_unrelaxed_rank_004_alphafold2_model_3_seed_000.pdb
2983,I,Chemokine,0.75484,anc2_I_unrelaxed_rank_005_alphafold2_model_3_seed_004.pdb
2984,I,Chemokine,0.75683,anc2_I_unrelaxed_rank_006_alphafold2_model_3_seed_001.pdb
2985,I,Chemokine,0.75445,anc2_I_unrelaxed_rank_007_alphafold2_model_3_seed_003.pdb
2986,I,Chemokine,0.76756,anc2_I_unrelaxed_rank_008_alphafold2_model_1_seed_002.pdb
2987,I,Chemokine,0.76706,anc2_I_unrelaxed_rank_009_alphafold2_model_1_seed_004.pdb
2988,I,Chemokine,0.76892,anc2_I_unrelaxed_rank_010_alphafold2_model_1_seed_001.pdb
2989,I,Chemokine,0.76439,anc2_I_unrelaxed_rank_011_alphafold2_model_2_seed_002.pdb
2990,I,Chemokine,0.76643,anc2_I_unrelaxed_rank_012_alphafold2_model_1_seed_000.pdb
2991,I,Chemokine,0.76351,anc2_I_unrelaxed_rank_013_alphafold2_model_1_seed_003.pdb
2992,I,Chemokine,0.76182,anc2_I_unrelaxed_rank_014_alphafold2_model_2_seed_000.pdb
2993,I,Chemokine,0.76711,anc2_I_unrelaxed_rank_015_alphafold2_model_2_seed_004.pdb
2994,I,Chemokine,0.77167,anc2_I_unrelaxed_rank_016_alphafold2_model_4_seed_003.pdb
2995,I,Chemokine,0.77256,anc2_I_unrelaxed_rank_017_alphafold2_model_4_seed_002.pdb
2996,I,Chemokine,0.77051,anc2_I_unrelaxed_rank_018_alphafold2_model_4_seed_001.pdb
2997,I,Chemokine,0.77768,anc2_I_unrelaxed_rank_019_alphafold2_model_4_seed_004.pdb
2998,I,Chemokine,0.77104,anc2_I_unrelaxed_rank_020_alphafold2_model_4_seed_000.pdb
2999,I,Chemokine,0.76768,anc2_I_unrelaxed_rank_021_alphafold2_model_5_seed_002.pdb
3000,I,Chemokine,0.76181,anc2_I_unrelaxed_rank_022_alphafold2_model_5_seed_004.pdb
3001,I,Chemokine,0.76474,anc2_I_unrelaxed_rank_023_alphafold2_model_5_seed_003.pdb
3002,I,Chemokine,0.76334,anc2_I_unrelaxed_rank_024_alphafold2_model_5_seed_001.pdb
3003,I,Chemokine,0.76087,anc2_I_unrelaxed_rank_025_alphafold2_model_5_seed_000.pdb
3004,V,Dimer,0.58826,anc2i_V_unrelaxed_rank_001_alphafold2_model_2_seed_003.pdb
3005,V,Dimer,0.58569,anc2i_V_unrelaxed_rank_002_alphafold2_model_2_seed_004.pdb
3006,V,Dimer,0.58546,anc2i_V_unrelaxed_rank_003_alphafold2_model_2_seed_002.pdb
3007,V,Dimer,0.58616,anc2i_V_unrelaxed_rank_004_alphafold2_model_2_seed_001.pdb
3008,V,Dimer,0.58612,anc2i_V_unrelaxed_rank_005_alphafold2_model_1_seed_003.pdb
3009,V,Dimer,0.58751,anc2i_V_unrelaxed_rank_006_alphafold2_model_1_seed_004.pdb
3010,V,Dimer,0.5758,anc2i_V_unrelaxed_rank_007_alphafold2_model_3_seed_003.pdb
3011,V,Dimer,0.5582,anc2i_V_unrelaxed_rank_008_alphafold2_model_3_seed_004.pdb
3012,V,Dimer,0.56991,anc2i_V_unrelaxed_rank_009_alphafold2_model_2_seed_000.pdb
3013,V,Dimer,0.57061,anc2i_V_unrelaxed_rank_010_alphafold2_model_1_seed_002.pdb
3014,V,Dimer,0.50901,anc2i_V_unrelaxed_rank_011_alphafold2_model_3_seed_002.pdb
3015,V,Dimer,0.52687,anc2i_V_unrelaxed_rank_012_alphafold2_model_3_seed_001.pdb
3016,V,Dimer,0.53951,anc2i_V_unrelaxed_rank_013_alphafold2_model_3_seed_000.pdb
3017,V,Dimer,0.55849,anc2i_V_unrelaxed_rank_014_alphafold2_model_4_seed_001.pdb
3018,V,Dimer,0.55755,anc2i_V_unrelaxed_rank_015_alphafold2_model_4_seed_004.pdb
3019,V,Dimer,0.55464,anc2i_V_unrelaxed_rank_016_alphafold2_model_4_seed_003.pdb
3020,V,Dimer,0.56083,anc2i_V_unrelaxed_rank_017_alphafold2_model_4_seed_000.pdb
3021,V,Dimer,0.50519,anc2i_V_unrelaxed_rank_018_alphafold2_model_5_seed_002.pdb
3022,V,Dimer,0.50006,anc2i_V_unrelaxed_rank_021_alphafold2_model_5_seed_000.pdb
3023,36,Chemokine,0.7619,anc2l_36_A_unrelaxed_rank_001_alphafold2_model_3_seed_003.pdb
3024,36,Chemokine,0.76209,anc2l_36_A_unrelaxed_rank_002_alphafold2_model_3_seed_004.pdb
3025,36,Chemokine,0.72669,anc2l_36_A_unrelaxed_rank_003_alphafold2_model_3_seed_002.pdb
3026,36,Chemokine,0.72453,anc2l_36_A_unrelaxed_rank_004_alphafold2_model_1_seed_003.pdb
3027,36,Chemokine,0.75383,anc2l_36_A_unrelaxed_rank_005_alphafold2_model_1_seed_004.pdb
3028,36,Chemokine,0.69937,anc2l_36_A_unrelaxed_rank_006_alphafold2_model_5_seed_002.pdb
3029,36,Chemokine,0.70305,anc2l_36_A_unrelaxed_rank_007_alphafold2_model_5_seed_001.pdb
3030,36,Chemokine,0.70135,anc2l_36_A_unrelaxed_rank_008_alphafold2_model_1_seed_001.pdb
3031,36,Chemokine,0.70371,anc2l_36_A_unrelaxed_rank_009_alphafold2_model_1_seed_002.pdb
3032,36,Chemokine,0.73115,anc2l_36_A_unrelaxed_rank_010_alphafold2_model_3_seed_000.pdb
3033,36,Chemokine,0.69972,anc2l_36_A_unrelaxed_rank_011_alphafold2_model_5_seed_000.pdb
3034,36,Chemokine,0.70708,anc2l_36_A_unrelaxed_rank_012_alphafold2_model_5_seed_004.pdb
3035,36,Chemokine,0.70725,anc2l_36_A_unrelaxed_rank_013_alphafold2_model_1_seed_000.pdb
3036,36,Chemokine,0.72635,anc2l_36_A_unrelaxed_rank_014_alphafold2_model_4_seed_000.pdb
3037,36,Chemokine,0.74917,anc2l_36_G_unrelaxed_rank_001_alphafold2_model_3_seed_000.pdb
3038,36,Chemokine,0.75957,anc2l_36_G_unrelaxed_rank_002_alphafold2_model_1_seed_001.pdb
3039,36,Chemokine,0.75804,anc2l_36_G_unrelaxed_rank_003_alphafold2_model_1_seed_000.pdb
3040,36,Chemokine,0.74795,anc2l_36_G_unrelaxed_rank_004_alphafold2_model_4_seed_001.pdb
3041,36,Chemokine,0.75788,anc2l_36_G_unrelaxed_rank_005_alphafold2_model_1_seed_002.pdb
3042,36,Chemokine,0.74782,anc2l_36_G_unrelaxed_rank_006_alphafold2_model_4_seed_004.pdb
3043,36,Chemokine,0.75103,anc2l_36_G_unrelaxed_rank_007_alphafold2_model_4_seed_000.pdb
3044,36,Chemokine,0.74694,anc2l_36_G_unrelaxed_rank_008_alphafold2_model_4_seed_003.pdb
3045,36,Chemokine,0.74429,anc2l_36_G_unrelaxed_rank_009_alphafold2_model_1_seed_004.pdb
3046,36,Chemokine,0.73882,anc2l_36_G_unrelaxed_rank_010_alphafold2_model_5_seed_000.pdb
3047,36,Chemokine,0.73912,anc2l_36_G_unrelaxed_rank_011_alphafold2_model_5_seed_004.pdb
3048,36,Chemokine,0.71322,anc2l_36_G_unrelaxed_rank_012_alphafold2_model_1_seed_003.pdb
3049,36,Chemokine,0.74059,anc2l_36_G_unrelaxed_rank_013_alphafold2_model_5_seed_001.pdb
3050,36,Chemokine,0.6906,anc2l_36_G_unrelaxed_rank_014_alphafold2_model_5_seed_002.pdb
3051,36,Chemokine,0.69397,anc2l_36_G_unrelaxed_rank_015_alphafold2_model_5_seed_003.pdb
3052,36,Chemokine,0.70233,anc2l_36_G_unrelaxed_rank_016_alphafold2_model_3_seed_001.pdb
3053,36,Chemokine,0.70946,anc2l_36_G_unrelaxed_rank_017_alphafold2_model_3_seed_003.pdb
3054,36,Chemokine,0.7014,anc2l_36_G_unrelaxed_rank_018_alphafold2_model_3_seed_004.pdb
3055,36,Chemokine,0.69575,anc2l_36_G_unrelaxed_rank_019_alphafold2_model_3_seed_002.pdb
3056,36,Chemokine,0.70097,anc2l_36_G_unrelaxed_rank_020_alphafold2_model_4_seed_002.pdb
3057,36,Chemokine,0.76564,anc2l_36_I_unrelaxed_rank_001_alphafold2_model_3_seed_004.pdb
3058,36,Chemokine,0.76335,anc2l_36_I_unrelaxed_rank_002_alphafold2_model_2_seed_003.pdb
3059,36,Chemokine,0.7294,anc2l_36_I_unrelaxed_rank_003_alphafold2_model_2_seed_002.pdb
3060,36,Chemokine,0.76241,anc2l_36_I_unrelaxed_rank_004_alphafold2_model_2_seed_000.pdb
3061,36,Chemokine,0.73318,anc2l_36_I_unrelaxed_rank_005_alphafold2_model_2_seed_001.pdb
3062,36,Chemokine,0.73103,anc2l_36_I_unrelaxed_rank_006_alphafold2_model_1_seed_003.pdb
3063,36,Chemokine,0.73275,anc2l_36_I_unrelaxed_rank_007_alphafold2_model_1_seed_002.pdb
3064,36,Chemokine,0.7587,anc2l_36_I_unrelaxed_rank_008_alphafold2_model_1_seed_001.pdb
3065,36,Chemokine,0.7619,anc2l_36_I_unrelaxed_rank_009_alphafold2_model_1_seed_000.pdb
3066,36,Chemokine,0.7335,anc2l_36_I_unrelaxed_rank_010_alphafold2_model_3_seed_000.pdb
3067,36,Chemokine,0.72642,anc2l_36_I_unrelaxed_rank_011_alphafold2_model_1_seed_004.pdb
3068,36,Chemokine,0.73149,anc2l_36_I_unrelaxed_rank_012_alphafold2_model_2_seed_004.pdb
3069,36,Chemokine,0.71419,anc2l_36_I_unrelaxed_rank_013_alphafold2_model_3_seed_003.pdb
3070,36,Chemokine,0.6709,anc2l_36_I_unrelaxed_rank_014_alphafold2_model_3_seed_001.pdb
3071,36,Chemokine,0.6648,anc2l_36_I_unrelaxed_rank_015_alphafold2_model_3_seed_002.pdb
3072,36,Chemokine,0.68333,anc2l_36_I_unrelaxed_rank_016_alphafold2_model_4_seed_000.pdb
3073,38,Chemokine,0.7619,anc2l_38_I_unrelaxed_rank_001_alphafold2_model_3_seed_003.pdb
3074,38,Chemokine,0.76209,anc2l_38_I_unrelaxed_rank_002_alphafold2_model_3_seed_004.pdb
3075,38,Chemokine,0.72669,anc2l_38_I_unrelaxed_rank_003_alphafold2_model_3_seed_002.pdb
3076,38,Chemokine,0.72453,anc2l_38_I_unrelaxed_rank_004_alphafold2_model_1_seed_003.pdb
3077,38,Chemokine,0.75383,anc2l_38_I_unrelaxed_rank_005_alphafold2_model_1_seed_004.pdb
3078,38,Chemokine,0.69937,anc2l_38_I_unrelaxed_rank_006_alphafold2_model_5_seed_002.pdb
3079,38,Chemokine,0.70305,anc2l_38_I_unrelaxed_rank_007_alphafold2_model_5_seed_001.pdb
3080,38,Chemokine,0.70135,anc2l_38_I_unrelaxed_rank_008_alphafold2_model_1_seed_001.pdb
3081,38,Chemokine,0.70371,anc2l_38_I_unrelaxed_rank_009_alphafold2_model_1_seed_002.pdb
3082,38,Chemokine,0.73115,anc2l_38_I_unrelaxed_rank_010_alphafold2_model_3_seed_000.pdb
3083,38,Chemokine,0.69972,anc2l_38_I_unrelaxed_rank_011_alphafold2_model_5_seed_000.pdb
3084,38,Chemokine,0.70708,anc2l_38_I_unrelaxed_rank_012_alphafold2_model_5_seed_004.pdb
3085,38,Chemokine,0.70725,anc2l_38_I_unrelaxed_rank_013_alphafold2_model_1_seed_000.pdb
3086,38,Chemokine,0.72635,anc2l_38_I_unrelaxed_rank_014_alphafold2_model_4_seed_000.pdb
3087,38,Chemokine,0.77684,anc2l_38_L_unrelaxed_rank_001_alphafold2_model_1_seed_002.pdb
3088,38,Chemokine,0.77347,anc2l_38_L_unrelaxed_rank_002_alphafold2_model_1_seed_001.pdb
3089,38,Chemokine,0.77862,anc2l_38_L_unrelaxed_rank_003_alphafold2_model_1_seed_003.pdb
3090,38,Chemokine,0.77779,anc2l_38_L_unrelaxed_rank_004_alphafold2_model_1_seed_000.pdb
3091,38,Chemokine,0.74606,anc2l_38_L_unrelaxed_rank_005_alphafold2_model_5_seed_002.pdb
3092,38,Chemokine,0.73258,anc2l_38_L_unrelaxed_rank_006_alphafold2_model_5_seed_000.pdb
3093,38,Chemokine,0.733,anc2l_38_L_unrelaxed_rank_007_alphafold2_model_5_seed_001.pdb
3094,38,Chemokine,0.73397,anc2l_38_L_unrelaxed_rank_008_alphafold2_model_5_seed_004.pdb
3095,38,Chemokine,0.7396,anc2l_38_L_unrelaxed_rank_009_alphafold2_model_5_seed_003.pdb
3096,38,Chemokine,0.76494,anc2l_38_V_unrelaxed_rank_001_alphafold2_model_3_seed_004.pdb
3097,38,Chemokine,0.77145,anc2l_38_V_unrelaxed_rank_002_alphafold2_model_3_seed_002.pdb
3098,38,Chemokine,0.77563,anc2l_38_V_unrelaxed_rank_003_alphafold2_model_3_seed_000.pdb
3099,38,Chemokine,0.77285,anc2l_38_V_unrelaxed_rank_004_alphafold2_model_1_seed_000.pdb
3100,38,Chemokine,0.74442,anc2l_38_V_unrelaxed_rank_005_alphafold2_model_3_seed_003.pdb
3101,38,Chemokine,0.77117,anc2l_38_V_unrelaxed_rank_006_alphafold2_model_1_seed_003.pdb
3102,38,Dimer,0.55806,anc2l_38_V_unrelaxed_rank_007_alphafold2_model_2_seed_001.pdb
3103,38,Chemokine,0.7412,anc2l_38_V_unrelaxed_rank_008_alphafold2_model_1_seed_002.pdb
3104,38,Chemokine,0.75829,anc2l_38_V_unrelaxed_rank_009_alphafold2_model_4_seed_001.pdb
3105,38,Chemokine,0.76175,anc2l_38_V_unrelaxed_rank_010_alphafold2_model_4_seed_004.pdb
3106,38,Chemokine,0.72888,anc2l_38_V_unrelaxed_rank_011_alphafold2_model_5_seed_003.pdb
3107,38,Chemokine,0.70729,anc2l_38_V_unrelaxed_rank_012_alphafold2_model_1_seed_004.pdb
3108,38,Chemokine,0.70165,anc2l_38_V_unrelaxed_rank_013_alphafold2_model_1_seed_001.pdb
3109,38,Chemokine,0.70916,anc2l_38_V_unrelaxed_rank_014_alphafold2_model_5_seed_004.pdb
3110,38,Chemokine,0.70698,anc2l_38_V_unrelaxed_rank_015_alphafold2_model_5_seed_001.pdb
3111,38,Chemokine,0.74754,anc2l_38_V_unrelaxed_rank_016_alphafold2_model_3_seed_001.pdb
3112,38,Chemokine,0.70587,anc2l_38_V_unrelaxed_rank_017_alphafold2_model_5_seed_002.pdb
3113,38,Dimer,0.56351,anc2l_38_V_unrelaxed_rank_018_alphafold2_model_2_seed_000.pdb
3114,38,Chemokine,0.73058,anc2l_38_V_unrelaxed_rank_019_alphafold2_model_4_seed_000.pdb
3115,38,Chemokine,0.73562,anc2l_38_V_unrelaxed_rank_020_alphafold2_model_4_seed_003.pdb
3116,38,Chemokine,0.69716,anc2l_38_V_unrelaxed_rank_021_alphafold2_model_4_seed_002.pdb
3117,40,Dimer,0.50315,anc2l_40_G_unrelaxed_rank_001_alphafold2_model_3_seed_001.pdb
3118,40,Dimer,0.54195,anc2l_40_I_unrelaxed_rank_001_alphafold2_model_3_seed_001.pdb
3119,40,Dimer,0.56884,anc2l_40_I_unrelaxed_rank_002_alphafold2_model_3_seed_003.pdb
3120,40,Dimer,0.54687,anc2l_40_I_unrelaxed_rank_003_alphafold2_model_3_seed_004.pdb
3121,40,Dimer,0.55115,anc2l_40_I_unrelaxed_rank_004_alphafold2_model_3_seed_002.pdb
3122,40,Dimer,0.56655,anc2l_40_I_unrelaxed_rank_005_alphafold2_model_4_seed_001.pdb
3123,40,Dimer,0.54404,anc2l_40_V_unrelaxed_rank_001_alphafold2_model_3_seed_003.pdb
3124,40,Dimer,0.53916,anc2l_40_V_unrelaxed_rank_002_alphafold2_model_3_seed_004.pdb
3125,40,Dimer,0.53857,anc2l_40_V_unrelaxed_rank_003_alphafold2_model_3_seed_001.pdb
3126,40,Dimer,0.54761,anc2l_40_V_unrelaxed_rank_004_alphafold2_model_3_seed_002.pdb
3127,45,Chemokine,0.7619,anc2l_45_I_unrelaxed_rank_001_alphafold2_model_3_seed_003.pdb
3128,45,Chemokine,0.76209,anc2l_45_I_unrelaxed_rank_002_alphafold2_model_3_seed_004.pdb
3129,45,Chemokine,0.72669,anc2l_45_I_unrelaxed_rank_003_alphafold2_model_3_seed_002.pdb
3130,45,Chemokine,0.72453,anc2l_45_I_unrelaxed_rank_004_alphafold2_model_1_seed_003.pdb
3131,45,Chemokine,0.75383,anc2l_45_I_unrelaxed_rank_005_alphafold2_model_1_seed_004.pdb
3132,45,Chemokine,0.69937,anc2l_45_I_unrelaxed_rank_006_alphafold2_model_5_seed_002.pdb
3133,45,Chemokine,0.70305,anc2l_45_I_unrelaxed_rank_007_alphafold2_model_5_seed_001.pdb
3134,45,Chemokine,0.70135,anc2l_45_I_unrelaxed_rank_008_alphafold2_model_1_seed_001.pdb
3135,45,Chemokine,0.70371,anc2l_45_I_unrelaxed_rank_009_alphafold2_model_1_seed_002.pdb
3136,45,Chemokine,0.73115,anc2l_45_I_unrelaxed_rank_010_alphafold2_model_3_seed_000.pdb
3137,45,Chemokine,0.69972,anc2l_45_I_unrelaxed_rank_011_alphafold2_model_5_seed_000.pdb
3138,45,Chemokine,0.70708,anc2l_45_I_unrelaxed_rank_012_alphafold2_model_5_seed_004.pdb
3139,45,Chemokine,0.70725,anc2l_45_I_unrelaxed_rank_013_alphafold2_model_1_seed_000.pdb
3140,45,Chemokine,0.72635,anc2l_45_I_unrelaxed_rank_014_alphafold2_model_4_seed_000.pdb
3141,45,Chemokine,0.76374,anc2l_45_L_unrelaxed_rank_001_alphafold2_model_3_seed_000.pdb
3142,45,Chemokine,0.78379,anc2l_45_L_unrelaxed_rank_002_alphafold2_model_3_seed_002.pdb
3143,45,Chemokine,0.77647,anc2l_45_L_unrelaxed_rank_003_alphafold2_model_3_seed_003.pdb
3144,45,Chemokine,0.73862,anc2l_45_L_unrelaxed_rank_004_alphafold2_model_1_seed_001.pdb
3145,45,Chemokine,0.74303,anc2l_45_L_unrelaxed_rank_005_alphafold2_model_1_seed_002.pdb
3146,45,Chemokine,0.76586,anc2l_45_L_unrelaxed_rank_006_alphafold2_model_1_seed_000.pdb
3147,45,Chemokine,0.74232,anc2l_45_L_unrelaxed_rank_007_alphafold2_model_5_seed_001.pdb
3148,45,Chemokine,0.73656,anc2l_45_L_unrelaxed_rank_008_alphafold2_model_5_seed_000.pdb
3149,45,Chemokine,0.74257,anc2l_45_L_unrelaxed_rank_009_alphafold2_model_5_seed_004.pdb
3150,45,Chemokine,0.73439,anc2l_45_L_unrelaxed_rank_010_alphafold2_model_2_seed_003.pdb
3151,45,Chemokine,0.73859,anc2l_45_L_unrelaxed_rank_011_alphafold2_model_5_seed_003.pdb
3152,45,Chemokine,0.73695,anc2l_45_L_unrelaxed_rank_012_alphafold2_model_1_seed_003.pdb
3153,45,Chemokine,0.72112,anc2l_45_L_unrelaxed_rank_013_alphafold2_model_3_seed_004.pdb
3154,45,Chemokine,0.75821,anc2l_45_L_unrelaxed_rank_014_alphafold2_model_4_seed_004.pdb
3155,45,Chemokine,0.76158,anc2l_45_L_unrelaxed_rank_015_alphafold2_model_4_seed_000.pdb
3156,45,Chemokine,0.70903,anc2l_45_L_unrelaxed_rank_016_alphafold2_model_1_seed_004.pdb
3157,45,Chemokine,0.69659,anc2l_45_L_unrelaxed_rank_017_alphafold2_model_5_seed_002.pdb
3158,45,Chemokine,0.73019,anc2l_45_L_unrelaxed_rank_018_alphafold2_model_4_seed_003.pdb
3159,45,Chemokine,0.76355,anc2l_45_V_unrelaxed_rank_001_alphafold2_model_3_seed_004.pdb
3160,45,Chemokine,0.76366,anc2l_45_V_unrelaxed_rank_002_alphafold2_model_3_seed_003.pdb
3161,45,Chemokine,0.76359,anc2l_45_V_unrelaxed_rank_003_alphafold2_model_3_seed_000.pdb
3162,45,Chemokine,0.74047,anc2l_45_V_unrelaxed_rank_004_alphafold2_model_5_seed_004.pdb
3163,45,Chemokine,0.73251,anc2l_45_V_unrelaxed_rank_005_alphafold2_model_1_seed_003.pdb
3164,45,Chemokine,0.74151,anc2l_45_V_unrelaxed_rank_006_alphafold2_model_5_seed_000.pdb
3165,45,Chemokine,0.74204,anc2l_45_V_unrelaxed_rank_007_alphafold2_model_5_seed_001.pdb
3166,45,Chemokine,0.73298,anc2l_45_V_unrelaxed_rank_008_alphafold2_model_5_seed_003.pdb
3167,45,Chemokine,0.7357,anc2l_45_V_unrelaxed_rank_009_alphafold2_model_1_seed_000.pdb
3168,45,Chemokine,0.7587,anc2l_45_V_unrelaxed_rank_010_alphafold2_model_4_seed_004.pdb
3169,45,Chemokine,0.76,anc2l_45_V_unrelaxed_rank_011_alphafold2_model_4_seed_003.pdb
3170,45,Chemokine,0.76107,anc2l_45_V_unrelaxed_rank_012_alphafold2_model_4_seed_001.pdb
3171,45,Chemokine,0.71562,anc2l_45_V_unrelaxed_rank_013_alphafold2_model_1_seed_004.pdb
3172,45,Chemokine,0.7104,anc2l_45_V_unrelaxed_rank_014_alphafold2_model_1_seed_001.pdb
3173,45,Chemokine,0.71574,anc2l_45_V_unrelaxed_rank_015_alphafold2_model_1_seed_002.pdb
3174,45,Chemokine,0.71107,anc2l_45_V_unrelaxed_rank_016_alphafold2_model_5_seed_002.pdb
3175,45,Chemokine,0.72697,anc2l_45_V_unrelaxed_rank_017_alphafold2_model_4_seed_000.pdb
3176,47,Chemokine,0.7619,anc2l_47_I_unrelaxed_rank_001_alphafold2_model_3_seed_003.pdb
3177,47,Chemokine,0.76209,anc2l_47_I_unrelaxed_rank_002_alphafold2_model_3_seed_004.pdb
3178,47,Chemokine,0.72669,anc2l_47_I_unrelaxed_rank_003_alphafold2_model_3_seed_002.pdb
3179,47,Chemokine,0.72453,anc2l_47_I_unrelaxed_rank_004_alphafold2_model_1_seed_003.pdb
3180,47,Chemokine,0.75383,anc2l_47_I_unrelaxed_rank_005_alphafold2_model_1_seed_004.pdb
3181,47,Chemokine,0.69937,anc2l_47_I_unrelaxed_rank_006_alphafold2_model_5_seed_002.pdb
3182,47,Chemokine,0.70305,anc2l_47_I_unrelaxed_rank_007_alphafold2_model_5_seed_001.pdb
3183,47,Chemokine,0.70135,anc2l_47_I_unrelaxed_rank_008_alphafold2_model_1_seed_001.pdb
3184,47,Chemokine,0.70371,anc2l_47_I_unrelaxed_rank_009_alphafold2_model_1_seed_002.pdb
3185,47,Chemokine,0.73115,anc2l_47_I_unrelaxed_rank_010_alphafold2_model_3_seed_000.pdb
3186,47,Chemokine,0.69972,anc2l_47_I_unrelaxed_rank_011_alphafold2_model_5_seed_000.pdb
3187,47,Chemokine,0.70708,anc2l_47_I_unrelaxed_rank_012_alphafold2_model_5_seed_004.pdb
3188,47,Chemokine,0.70725,anc2l_47_I_unrelaxed_rank_013_alphafold2_model_1_seed_000.pdb
3189,47,Chemokine,0.72635,anc2l_47_I_unrelaxed_rank_014_alphafold2_model_4_seed_000.pdb
3190,47,Chemokine,0.75477,anc2l_47_L_unrelaxed_rank_001_alphafold2_model_3_seed_002.pdb
3191,47,Chemokine,0.75802,anc2l_47_L_unrelaxed_rank_002_alphafold2_model_3_seed_000.pdb
3192,47,Chemokine,0.76419,anc2l_47_L_unrelaxed_rank_003_alphafold2_model_2_seed_002.pdb
3193,47,Chemokine,0.76231,anc2l_47_L_unrelaxed_rank_004_alphafold2_model_3_seed_001.pdb
3194,47,Chemokine,0.75598,anc2l_47_L_unrelaxed_rank_005_alphafold2_model_1_seed_002.pdb
3195,47,Chemokine,0.76831,anc2l_47_L_unrelaxed_rank_006_alphafold2_model_1_seed_000.pdb
3196,47,Chemokine,0.71877,anc2l_47_L_unrelaxed_rank_007_alphafold2_model_3_seed_003.pdb
3197,47,Chemokine,0.7186,anc2l_47_L_unrelaxed_rank_008_alphafold2_model_3_seed_004.pdb
3198,47,Chemokine,0.75745,anc2l_47_L_unrelaxed_rank_009_alphafold2_model_4_seed_003.pdb
3199,47,Chemokine,0.75916,anc2l_47_L_unrelaxed_rank_010_alphafold2_model_4_seed_004.pdb
3200,47,Chemokine,0.75701,anc2l_47_L_unrelaxed_rank_011_alphafold2_model_4_seed_001.pdb
3201,47,Chemokine,0.75676,anc2l_47_L_unrelaxed_rank_012_alphafold2_model_4_seed_000.pdb
3202,47,Chemokine,0.68881,anc2l_47_L_unrelaxed_rank_013_alphafold2_model_5_seed_003.pdb
3203,47,Chemokine,0.70828,anc2l_47_L_unrelaxed_rank_014_alphafold2_model_1_seed_004.pdb
3204,47,Chemokine,0.6919,anc2l_47_L_unrelaxed_rank_015_alphafold2_model_5_seed_004.pdb
3205,47,Chemokine,0.72043,anc2l_47_L_unrelaxed_rank_016_alphafold2_model_1_seed_001.pdb
3206,47,Chemokine,0.69999,anc2l_47_L_unrelaxed_rank_017_alphafold2_model_5_seed_001.pdb
3207,47,Chemokine,0.70742,anc2l_47_L_unrelaxed_rank_018_alphafold2_model_1_seed_003.pdb
3208,47,Chemokine,0.69932,anc2l_47_L_unrelaxed_rank_019_alphafold2_model_5_seed_000.pdb
3209,47,Chemokine,0.72797,anc2l_47_L_unrelaxed_rank_020_alphafold2_model_2_seed_001.pdb
3210,47,Chemokine,0.71434,anc2l_47_L_unrelaxed_rank_021_alphafold2_model_5_seed_002.pdb
3211,47,Chemokine,0.71668,anc2l_47_L_unrelaxed_rank_022_alphafold2_model_2_seed_004.pdb
3212,47,Chemokine,0.71712,anc2l_47_L_unrelaxed_rank_023_alphafold2_model_2_seed_000.pdb
3213,47,Chemokine,0.71908,anc2l_47_L_unrelaxed_rank_024_alphafold2_model_2_seed_003.pdb
3214,47,Chemokine,0.79115,anc2l_47_M_unrelaxed_rank_001_alphafold2_model_2_seed_001.pdb
3215,47,Chemokine,0.71529,anc2l_47_M_unrelaxed_rank_002_alphafold2_model_3_seed_003.pdb
3216,47,Chemokine,0.71137,anc2l_47_M_unrelaxed_rank_003_alphafold2_model_3_seed_001.pdb
3217,47,Chemokine,0.71122,anc2l_47_M_unrelaxed_rank_004_alphafold2_model_3_seed_004.pdb
3218,47,Chemokine,0.77361,anc2l_47_M_unrelaxed_rank_005_alphafold2_model_2_seed_000.pdb
3219,47,Chemokine,0.71411,anc2l_47_M_unrelaxed_rank_006_alphafold2_model_3_seed_000.pdb
3220,47,Chemokine,0.76772,anc2l_47_M_unrelaxed_rank_007_alphafold2_model_1_seed_000.pdb
3221,47,Chemokine,0.71286,anc2l_47_M_unrelaxed_rank_008_alphafold2_model_3_seed_002.pdb
3222,47,Chemokine,0.76715,anc2l_47_M_unrelaxed_rank_009_alphafold2_model_2_seed_002.pdb
3223,47,Chemokine,0.76244,anc2l_47_M_unrelaxed_rank_010_alphafold2_model_1_seed_002.pdb
3224,47,Chemokine,0.75152,anc2l_47_M_unrelaxed_rank_011_alphafold2_model_1_seed_001.pdb
3225,47,Chemokine,0.68842,anc2l_47_M_unrelaxed_rank_012_alphafold2_model_2_seed_004.pdb
3226,47,Chemokine,0.71197,anc2l_47_M_unrelaxed_rank_013_alphafold2_model_4_seed_003.pdb
3227,47,Chemokine,0.67651,anc2l_47_M_unrelaxed_rank_014_alphafold2_model_1_seed_004.pdb
3228,47,Chemokine,0.7113,anc2l_47_M_unrelaxed_rank_015_alphafold2_model_4_seed_001.pdb
3229,47,Chemokine,0.70357,anc2l_47_M_unrelaxed_rank_016_alphafold2_model_4_seed_002.pdb
3230,47,Chemokine,0.70374,anc2l_47_M_unrelaxed_rank_017_alphafold2_model_4_seed_000.pdb
3231,47,Chemokine,0.71667,anc2l_47_M_unrelaxed_rank_018_alphafold2_model_2_seed_003.pdb
3232,47,Chemokine,0.69572,anc2l_47_M_unrelaxed_rank_019_alphafold2_model_4_seed_004.pdb
3233,47,Chemokine,0.66884,anc2l_47_M_unrelaxed_rank_020_alphafold2_model_1_seed_003.pdb
3234,I,Chemokine,0.76759,anc2l_I_unrelaxed_rank_001_alphafold2_model_3_seed_004.pdb
3235,I,Chemokine,0.77259,anc2l_I_unrelaxed_rank_002_alphafold2_model_1_seed_002.pdb
3236,I,Chemokine,0.77136,anc2l_I_unrelaxed_rank_003_alphafold2_model_1_seed_003.pdb
3237,I,Chemokine,0.72284,anc2l_I_unrelaxed_rank_004_alphafold2_model_1_seed_000.pdb
3238,I,Chemokine,0.69931,anc2l_I_unrelaxed_rank_005_alphafold2_model_5_seed_002.pdb
3239,I,Dimer,0.61106,anc2l_I_unrelaxed_rank_006_alphafold2_model_3_seed_001.pdb
3240,I,Chemokine,0.69546,anc2l_I_unrelaxed_rank_007_alphafold2_model_1_seed_001.pdb
3241,I,Chemokine,0.70489,anc2l_I_unrelaxed_rank_008_alphafold2_model_3_seed_003.pdb
3242,L,Chemokine,0.77091,anc2l_L_unrelaxed_rank_001_alphafold2_model_1_seed_002.pdb
3243,L,Chemokine,0.76992,anc2l_L_unrelaxed_rank_002_alphafold2_model_1_seed_000.pdb
3244,L,Chemokine,0.7628,anc2l_L_unrelaxed_rank_003_alphafold2_model_1_seed_003.pdb
3245,L,Chemokine,0.76435,anc2l_L_unrelaxed_rank_004_alphafold2_model_1_seed_001.pdb
3246,L,Chemokine,0.75944,anc2l_L_unrelaxed_rank_005_alphafold2_model_3_seed_003.pdb
3247,L,Chemokine,0.75687,anc2l_L_unrelaxed_rank_006_alphafold2_model_1_seed_004.pdb
3248,L,Chemokine,0.76583,anc2l_L_unrelaxed_rank_007_alphafold2_model_2_seed_004.pdb
3249,L,Chemokine,0.73234,anc2l_L_unrelaxed_rank_008_alphafold2_model_3_seed_004.pdb
3250,L,Chemokine,0.70445,anc2l_L_unrelaxed_rank_009_alphafold2_model_3_seed_002.pdb
3251,L,Chemokine,0.67816,anc2l_L_unrelaxed_rank_010_alphafold2_model_3_seed_000.pdb
3252,L,Chemokine,0.76554,anc2_L_unrelaxed_rank_001_alphafold2_model_3_seed_002.pdb
3253,L,Chemokine,0.76496,anc2_L_unrelaxed_rank_002_alphafold2_model_3_seed_004.pdb
3254,L,Chemokine,0.76227,anc2_L_unrelaxed_rank_003_alphafold2_model_3_seed_001.pdb
3255,L,Chemokine,0.76778,anc2_L_unrelaxed_rank_004_alphafold2_model_2_seed_004.pdb
3256,L,Chemokine,0.77517,anc2_L_unrelaxed_rank_005_alphafold2_model_3_seed_003.pdb
3257,L,Chemokine,0.76421,anc2_L_unrelaxed_rank_006_alphafold2_model_3_seed_000.pdb
3258,L,Chemokine,0.76921,anc2_L_unrelaxed_rank_007_alphafold2_model_2_seed_002.pdb
3259,L,Chemokine,0.7672,anc2_L_unrelaxed_rank_008_alphafold2_model_2_seed_003.pdb
3260,L,Chemokine,0.76862,anc2_L_unrelaxed_rank_009_alphafold2_model_2_seed_000.pdb
3261,L,Chemokine,0.76734,anc2_L_unrelaxed_rank_010_alphafold2_model_2_seed_001.pdb
3262,L,Chemokine,0.76387,anc2_L_unrelaxed_rank_011_alphafold2_model_1_seed_001.pdb
3263,L,Chemokine,0.76899,anc2_L_unrelaxed_rank_012_alphafold2_model_1_seed_002.pdb
3264,L,Chemokine,0.76283,anc2_L_unrelaxed_rank_013_alphafold2_model_1_seed_000.pdb
3265,L,Chemokine,0.76819,anc2_L_unrelaxed_rank_014_alphafold2_model_1_seed_004.pdb
3266,L,Chemokine,0.76452,anc2_L_unrelaxed_rank_015_alphafold2_model_1_seed_003.pdb
3267,L,Chemokine,0.78415,anc2_L_unrelaxed_rank_016_alphafold2_model_4_seed_003.pdb
3268,L,Chemokine,0.7945,anc2_L_unrelaxed_rank_017_alphafold2_model_4_seed_002.pdb
3269,L,Chemokine,0.78527,anc2_L_unrelaxed_rank_018_alphafold2_model_4_seed_001.pdb
3270,L,Chemokine,0.78322,anc2_L_unrelaxed_rank_019_alphafold2_model_4_seed_000.pdb
3271,L,Chemokine,0.7919,anc2_L_unrelaxed_rank_020_alphafold2_model_4_seed_004.pdb
3272,L,Chemokine,0.77156,anc2_L_unrelaxed_rank_021_alphafold2_model_5_seed_002.pdb
3273,L,Chemokine,0.77247,anc2_L_unrelaxed_rank_022_alphafold2_model_5_seed_003.pdb
3274,L,Chemokine,0.76826,anc2_L_unrelaxed_rank_023_alphafold2_model_5_seed_004.pdb
3275,L,Chemokine,0.77107,anc2_L_unrelaxed_rank_024_alphafold2_model_5_seed_001.pdb
3276,L,Chemokine,0.77017,anc2_L_unrelaxed_rank_025_alphafold2_model_5_seed_000.pdb
3277,V,Chemokine,0.7619,anc2l_V_unrelaxed_rank_001_alphafold2_model_3_seed_003.pdb
3278,V,Chemokine,0.76209,anc2l_V_unrelaxed_rank_002_alphafold2_model_3_seed_004.pdb
3279,V,Chemokine,0.72669,anc2l_V_unrelaxed_rank_003_alphafold2_model_3_seed_002.pdb
3280,V,Chemokine,0.72453,anc2l_V_unrelaxed_rank_004_alphafold2_model_1_seed_003.pdb
3281,V,Chemokine,0.75383,anc2l_V_unrelaxed_rank_005_alphafold2_model_1_seed_004.pdb
3282,V,Chemokine,0.69937,anc2l_V_unrelaxed_rank_006_alphafold2_model_5_seed_002.pdb
3283,V,Chemokine,0.70305,anc2l_V_unrelaxed_rank_007_alphafold2_model_5_seed_001.pdb
3284,V,Chemokine,0.70135,anc2l_V_unrelaxed_rank_008_alphafold2_model_1_seed_001.pdb
3285,V,Chemokine,0.70371,anc2l_V_unrelaxed_rank_009_alphafold2_model_1_seed_002.pdb
3286,V,Chemokine,0.73115,anc2l_V_unrelaxed_rank_010_alphafold2_model_3_seed_000.pdb
3287,V,Chemokine,0.69972,anc2l_V_unrelaxed_rank_011_alphafold2_model_5_seed_000.pdb
3288,V,Chemokine,0.70708,anc2l_V_unrelaxed_rank_012_alphafold2_model_5_seed_004.pdb
3289,V,Chemokine,0.70725,anc2l_V_unrelaxed_rank_013_alphafold2_model_1_seed_000.pdb
3290,V,Chemokine,0.72635,anc2l_V_unrelaxed_rank_014_alphafold2_model_4_seed_000.pdb
3291,V,Chemokine,0.78407,anc2_V_unrelaxed_rank_001_alphafold2_model_2_seed_003.pdb
3292,V,Chemokine,0.78666,anc2_V_unrelaxed_rank_002_alphafold2_model_2_seed_004.pdb
3293,V,Chemokine,0.74968,anc2_V_unrelaxed_rank_003_alphafold2_model_3_seed_002.pdb
3294,V,Chemokine,0.74713,anc2_V_unrelaxed_rank_004_alphafold2_model_3_seed_004.pdb
3295,V,Chemokine,0.74956,anc2_V_unrelaxed_rank_005_alphafold2_model_3_seed_003.pdb
3296,V,Chemokine,0.74766,anc2_V_unrelaxed_rank_006_alphafold2_model_3_seed_000.pdb
3297,V,Chemokine,0.74727,anc2_V_unrelaxed_rank_007_alphafold2_model_3_seed_001.pdb
3298,V,Chemokine,0.7598,anc2_V_unrelaxed_rank_008_alphafold2_model_1_seed_002.pdb
3299,V,Chemokine,0.76266,anc2_V_unrelaxed_rank_009_alphafold2_model_1_seed_004.pdb
3300,V,Chemokine,0.7631,anc2_V_unrelaxed_rank_010_alphafold2_model_1_seed_001.pdb
3301,V,Chemokine,0.75941,anc2_V_unrelaxed_rank_011_alphafold2_model_1_seed_003.pdb
3302,V,Chemokine,0.7613,anc2_V_unrelaxed_rank_012_alphafold2_model_1_seed_000.pdb
3303,V,Chemokine,0.75864,anc2_V_unrelaxed_rank_013_alphafold2_model_2_seed_002.pdb
3304,V,Chemokine,0.77058,anc2_V_unrelaxed_rank_014_alphafold2_model_4_seed_002.pdb
3305,V,Chemokine,0.7629,anc2_V_unrelaxed_rank_015_alphafold2_model_2_seed_001.pdb
3306,V,Chemokine,0.7575,anc2_V_unrelaxed_rank_016_alphafold2_model_2_seed_000.pdb
3307,V,Chemokine,0.76879,anc2_V_unrelaxed_rank_017_alphafold2_model_4_seed_003.pdb
3308,V,Chemokine,0.76878,anc2_V_unrelaxed_rank_018_alphafold2_model_4_seed_001.pdb
3309,V,Chemokine,0.76547,anc2_V_unrelaxed_rank_019_alphafold2_model_4_seed_004.pdb
3310,V,Chemokine,0.76737,anc2_V_unrelaxed_rank_020_alphafold2_model_4_seed_000.pdb
3311,V,Chemokine,0.75589,anc2_V_unrelaxed_rank_021_alphafold2_model_5_seed_002.pdb
3312,V,Chemokine,0.74977,anc2_V_unrelaxed_rank_022_alphafold2_model_5_seed_004.pdb
3313,V,Chemokine,0.75177,anc2_V_unrelaxed_rank_023_alphafold2_model_5_seed_003.pdb
3314,V,Chemokine,0.75059,anc2_V_unrelaxed_rank_024_alphafold2_model_5_seed_000.pdb
3315,V,Chemokine,0.75018,anc2_V_unrelaxed_rank_025_alphafold2_model_5_seed_001.pdb
