,aa,fold,score,name
0,14,Chemokine,0.75428,anc0_14_I_unrelaxed_rank_001_alphafold2_model_3_seed_002.pdb
1,14,Chemokine,0.75359,anc0_14_I_unrelaxed_rank_002_alphafold2_model_3_seed_001.pdb
2,14,Chemokine,0.75516,anc0_14_I_unrelaxed_rank_003_alphafold2_model_3_seed_000.pdb
3,14,Chemokine,0.7657,anc0_14_I_unrelaxed_rank_004_alphafold2_model_2_seed_004.pdb
4,14,Chemokine,0.76629,anc0_14_I_unrelaxed_rank_005_alphafold2_model_2_seed_003.pdb
5,14,Chemokine,0.76593,anc0_14_I_unrelaxed_rank_006_alphafold2_model_2_seed_002.pdb
6,14,Chemokine,0.76484,anc0_14_I_unrelaxed_rank_007_alphafold2_model_2_seed_000.pdb
7,14,Chemokine,0.76574,anc0_14_I_unrelaxed_rank_008_alphafold2_model_2_seed_001.pdb
8,14,Chemokine,0.75902,anc0_14_I_unrelaxed_rank_009_alphafold2_model_1_seed_004.pdb
9,14,Chemokine,0.75926,anc0_14_I_unrelaxed_rank_010_alphafold2_model_1_seed_002.pdb
10,14,Chemokine,0.75647,anc0_14_I_unrelaxed_rank_011_alphafold2_model_1_seed_003.pdb
11,14,Chemokine,0.75565,anc0_14_I_unrelaxed_rank_012_alphafold2_model_1_seed_000.pdb
12,14,Chemokine,0.71894,anc0_14_I_unrelaxed_rank_013_alphafold2_model_3_seed_003.pdb
13,14,Chemokine,0.71673,anc0_14_I_unrelaxed_rank_014_alphafold2_model_3_seed_004.pdb
14,14,Chemokine,0.74876,anc0_14_I_unrelaxed_rank_015_alphafold2_model_4_seed_002.pdb
15,14,Chemokine,0.74747,anc0_14_I_unrelaxed_rank_016_alphafold2_model_4_seed_001.pdb
16,14,Chemokine,0.74826,anc0_14_I_unrelaxed_rank_017_alphafold2_model_4_seed_004.pdb
17,14,Chemokine,0.7456,anc0_14_I_unrelaxed_rank_018_alphafold2_model_4_seed_000.pdb
18,14,Chemokine,0.7133,anc0_14_I_unrelaxed_rank_019_alphafold2_model_5_seed_002.pdb
19,14,Chemokine,0.71994,anc0_14_I_unrelaxed_rank_020_alphafold2_model_5_seed_000.pdb
20,14,Chemokine,0.71058,anc0_14_I_unrelaxed_rank_021_alphafold2_model_5_seed_003.pdb
21,14,Chemokine,0.70992,anc0_14_I_unrelaxed_rank_022_alphafold2_model_5_seed_004.pdb
22,14,Chemokine,0.70899,anc0_14_I_unrelaxed_rank_023_alphafold2_model_5_seed_001.pdb
23,14,Chemokine,0.73287,anc0_14_I_unrelaxed_rank_024_alphafold2_model_1_seed_001.pdb
24,14,Chemokine,0.71982,anc0_14_I_unrelaxed_rank_025_alphafold2_model_4_seed_003.pdb
25,14,Chemokine,0.76214,anc0_14_L_unrelaxed_rank_001_alphafold2_model_2_seed_004.pdb
26,14,Chemokine,0.76317,anc0_14_L_unrelaxed_rank_002_alphafold2_model_2_seed_002.pdb
27,14,Chemokine,0.763,anc0_14_L_unrelaxed_rank_003_alphafold2_model_2_seed_000.pdb
28,14,Chemokine,0.76247,anc0_14_L_unrelaxed_rank_004_alphafold2_model_2_seed_001.pdb
29,14,Chemokine,0.76237,anc0_14_L_unrelaxed_rank_005_alphafold2_model_2_seed_003.pdb
30,14,Chemokine,0.75709,anc0_14_L_unrelaxed_rank_006_alphafold2_model_1_seed_004.pdb
31,14,Chemokine,0.69222,anc0_14_L_unrelaxed_rank_007_alphafold2_model_3_seed_000.pdb
32,14,Chemokine,0.75717,anc0_14_L_unrelaxed_rank_008_alphafold2_model_1_seed_002.pdb
33,14,Chemokine,0.75644,anc0_14_L_unrelaxed_rank_009_alphafold2_model_1_seed_000.pdb
34,14,Chemokine,0.6802,anc0_14_L_unrelaxed_rank_010_alphafold2_model_3_seed_002.pdb
35,14,Chemokine,0.67935,anc0_14_L_unrelaxed_rank_011_alphafold2_model_3_seed_004.pdb
36,14,Chemokine,0.68791,anc0_14_L_unrelaxed_rank_012_alphafold2_model_3_seed_003.pdb
37,14,Chemokine,0.70796,anc0_14_L_unrelaxed_rank_013_alphafold2_model_3_seed_001.pdb
38,14,Chemokine,0.69248,anc0_14_L_unrelaxed_rank_014_alphafold2_model_5_seed_001.pdb
39,14,Chemokine,0.72236,anc0_14_L_unrelaxed_rank_015_alphafold2_model_1_seed_003.pdb
40,14,Chemokine,0.69062,anc0_14_L_unrelaxed_rank_016_alphafold2_model_5_seed_000.pdb
41,14,Chemokine,0.68861,anc0_14_L_unrelaxed_rank_017_alphafold2_model_5_seed_003.pdb
42,14,Chemokine,0.68996,anc0_14_L_unrelaxed_rank_018_alphafold2_model_5_seed_004.pdb
43,14,Chemokine,0.71923,anc0_14_L_unrelaxed_rank_019_alphafold2_model_1_seed_001.pdb
44,14,Chemokine,0.68937,anc0_14_L_unrelaxed_rank_020_alphafold2_model_5_seed_002.pdb
45,14,Chemokine,0.69004,anc0_14_L_unrelaxed_rank_021_alphafold2_model_4_seed_001.pdb
46,14,Chemokine,0.68688,anc0_14_L_unrelaxed_rank_022_alphafold2_model_4_seed_004.pdb
47,14,Chemokine,0.68584,anc0_14_L_unrelaxed_rank_023_alphafold2_model_4_seed_003.pdb
48,14,Chemokine,0.6853,anc0_14_L_unrelaxed_rank_024_alphafold2_model_4_seed_000.pdb
49,14,Chemokine,0.69345,anc0_14_L_unrelaxed_rank_025_alphafold2_model_4_seed_002.pdb
50,14,Chemokine,0.75296,anc0_14_V_unrelaxed_rank_001_alphafold2_model_3_seed_002.pdb
51,14,Chemokine,0.75392,anc0_14_V_unrelaxed_rank_002_alphafold2_model_3_seed_000.pdb
52,14,Chemokine,0.75194,anc0_14_V_unrelaxed_rank_003_alphafold2_model_3_seed_001.pdb
53,14,Chemokine,0.75172,anc0_14_V_unrelaxed_rank_004_alphafold2_model_3_seed_003.pdb
54,14,Chemokine,0.75535,anc0_14_V_unrelaxed_rank_005_alphafold2_model_3_seed_004.pdb
55,14,Chemokine,0.7634,anc0_14_V_unrelaxed_rank_006_alphafold2_model_2_seed_004.pdb
56,14,Chemokine,0.76449,anc0_14_V_unrelaxed_rank_007_alphafold2_model_2_seed_003.pdb
57,14,Chemokine,0.7644,anc0_14_V_unrelaxed_rank_008_alphafold2_model_2_seed_001.pdb
58,14,Chemokine,0.76634,anc0_14_V_unrelaxed_rank_009_alphafold2_model_2_seed_002.pdb
59,14,Chemokine,0.76434,anc0_14_V_unrelaxed_rank_010_alphafold2_model_2_seed_000.pdb
60,14,Chemokine,0.7568,anc0_14_V_unrelaxed_rank_011_alphafold2_model_1_seed_004.pdb
61,14,Chemokine,0.75576,anc0_14_V_unrelaxed_rank_012_alphafold2_model_1_seed_002.pdb
62,14,Chemokine,0.75458,anc0_14_V_unrelaxed_rank_013_alphafold2_model_1_seed_003.pdb
63,14,Chemokine,0.75366,anc0_14_V_unrelaxed_rank_014_alphafold2_model_1_seed_000.pdb
64,14,Chemokine,0.74807,anc0_14_V_unrelaxed_rank_015_alphafold2_model_4_seed_004.pdb
65,14,Chemokine,0.74696,anc0_14_V_unrelaxed_rank_016_alphafold2_model_4_seed_001.pdb
66,14,Chemokine,0.74694,anc0_14_V_unrelaxed_rank_017_alphafold2_model_4_seed_002.pdb
67,14,Chemokine,0.74706,anc0_14_V_unrelaxed_rank_018_alphafold2_model_4_seed_000.pdb
68,14,Chemokine,0.74725,anc0_14_V_unrelaxed_rank_019_alphafold2_model_4_seed_003.pdb
69,14,Chemokine,0.71022,anc0_14_V_unrelaxed_rank_020_alphafold2_model_5_seed_003.pdb
70,14,Chemokine,0.70886,anc0_14_V_unrelaxed_rank_021_alphafold2_model_5_seed_001.pdb
71,14,Chemokine,0.70955,anc0_14_V_unrelaxed_rank_022_alphafold2_model_5_seed_004.pdb
72,14,Chemokine,0.71277,anc0_14_V_unrelaxed_rank_023_alphafold2_model_5_seed_002.pdb
73,14,Chemokine,0.71248,anc0_14_V_unrelaxed_rank_024_alphafold2_model_5_seed_000.pdb
74,14,Chemokine,0.72037,anc0_14_V_unrelaxed_rank_025_alphafold2_model_1_seed_001.pdb
75,36,Chemokine,0.75126,anc0_36_A_unrelaxed_rank_001_alphafold2_model_3_seed_004.pdb
76,36,Chemokine,0.75045,anc0_36_A_unrelaxed_rank_002_alphafold2_model_3_seed_002.pdb
77,36,Chemokine,0.7499,anc0_36_A_unrelaxed_rank_003_alphafold2_model_3_seed_003.pdb
78,36,Chemokine,0.75086,anc0_36_A_unrelaxed_rank_004_alphafold2_model_3_seed_001.pdb
79,36,Chemokine,0.75889,anc0_36_A_unrelaxed_rank_005_alphafold2_model_2_seed_004.pdb
80,36,Chemokine,0.75841,anc0_36_A_unrelaxed_rank_006_alphafold2_model_2_seed_001.pdb
81,36,Chemokine,0.7586,anc0_36_A_unrelaxed_rank_007_alphafold2_model_2_seed_003.pdb
82,36,Chemokine,0.7601,anc0_36_A_unrelaxed_rank_008_alphafold2_model_2_seed_002.pdb
83,36,Chemokine,0.75883,anc0_36_A_unrelaxed_rank_009_alphafold2_model_2_seed_000.pdb
84,36,Chemokine,0.75322,anc0_36_A_unrelaxed_rank_010_alphafold2_model_1_seed_004.pdb
85,36,Chemokine,0.75331,anc0_36_A_unrelaxed_rank_011_alphafold2_model_1_seed_002.pdb
86,36,Chemokine,0.75346,anc0_36_A_unrelaxed_rank_012_alphafold2_model_1_seed_000.pdb
87,36,Chemokine,0.75285,anc0_36_A_unrelaxed_rank_013_alphafold2_model_1_seed_003.pdb
88,36,Chemokine,0.75436,anc0_36_A_unrelaxed_rank_014_alphafold2_model_1_seed_001.pdb
89,36,Chemokine,0.74842,anc0_36_A_unrelaxed_rank_015_alphafold2_model_4_seed_004.pdb
90,36,Chemokine,0.74842,anc0_36_A_unrelaxed_rank_016_alphafold2_model_4_seed_002.pdb
91,36,Chemokine,0.748,anc0_36_A_unrelaxed_rank_017_alphafold2_model_4_seed_001.pdb
92,36,Chemokine,0.74775,anc0_36_A_unrelaxed_rank_018_alphafold2_model_4_seed_000.pdb
93,36,Chemokine,0.71879,anc0_36_A_unrelaxed_rank_019_alphafold2_model_3_seed_000.pdb
94,36,Chemokine,0.75051,anc0_36_A_unrelaxed_rank_020_alphafold2_model_4_seed_003.pdb
95,36,Chemokine,0.75367,anc0_36_A_unrelaxed_rank_021_alphafold2_model_5_seed_004.pdb
96,36,Chemokine,0.71256,anc0_36_A_unrelaxed_rank_022_alphafold2_model_5_seed_002.pdb
97,36,Chemokine,0.70826,anc0_36_A_unrelaxed_rank_023_alphafold2_model_5_seed_003.pdb
98,36,Chemokine,0.70735,anc0_36_A_unrelaxed_rank_024_alphafold2_model_5_seed_001.pdb
99,36,Chemokine,0.70772,anc0_36_A_unrelaxed_rank_025_alphafold2_model_5_seed_000.pdb
100,36,Chemokine,0.76101,anc0_36_G_unrelaxed_rank_001_alphafold2_model_3_seed_004.pdb
101,36,Chemokine,0.75785,anc0_36_G_unrelaxed_rank_002_alphafold2_model_3_seed_002.pdb
102,36,Chemokine,0.76263,anc0_36_G_unrelaxed_rank_003_alphafold2_model_3_seed_001.pdb
103,36,Chemokine,0.77436,anc0_36_G_unrelaxed_rank_004_alphafold2_model_2_seed_004.pdb
104,36,Chemokine,0.76404,anc0_36_G_unrelaxed_rank_005_alphafold2_model_3_seed_003.pdb
105,36,Chemokine,0.7689,anc0_36_G_unrelaxed_rank_006_alphafold2_model_2_seed_003.pdb
106,36,Chemokine,0.75625,anc0_36_G_unrelaxed_rank_007_alphafold2_model_3_seed_000.pdb
107,36,Chemokine,0.76871,anc0_36_G_unrelaxed_rank_008_alphafold2_model_2_seed_001.pdb
108,36,Chemokine,0.77284,anc0_36_G_unrelaxed_rank_009_alphafold2_model_2_seed_002.pdb
109,36,Chemokine,0.76904,anc0_36_G_unrelaxed_rank_010_alphafold2_model_2_seed_000.pdb
110,36,Chemokine,0.76137,anc0_36_G_unrelaxed_rank_011_alphafold2_model_1_seed_004.pdb
111,36,Chemokine,0.7615,anc0_36_G_unrelaxed_rank_012_alphafold2_model_1_seed_001.pdb
112,36,Chemokine,0.76126,anc0_36_G_unrelaxed_rank_013_alphafold2_model_1_seed_002.pdb
113,36,Chemokine,0.76126,anc0_36_G_unrelaxed_rank_014_alphafold2_model_1_seed_000.pdb
114,36,Chemokine,0.76168,anc0_36_G_unrelaxed_rank_015_alphafold2_model_1_seed_003.pdb
115,36,Chemokine,0.75482,anc0_36_G_unrelaxed_rank_016_alphafold2_model_4_seed_004.pdb
116,36,Chemokine,0.75404,anc0_36_G_unrelaxed_rank_017_alphafold2_model_4_seed_001.pdb
117,36,Chemokine,0.75501,anc0_36_G_unrelaxed_rank_018_alphafold2_model_4_seed_002.pdb
118,36,Chemokine,0.754,anc0_36_G_unrelaxed_rank_019_alphafold2_model_4_seed_000.pdb
119,36,Chemokine,0.75531,anc0_36_G_unrelaxed_rank_020_alphafold2_model_4_seed_003.pdb
120,36,Chemokine,0.75775,anc0_36_G_unrelaxed_rank_021_alphafold2_model_5_seed_004.pdb
121,36,Chemokine,0.70035,anc0_36_G_unrelaxed_rank_022_alphafold2_model_5_seed_003.pdb
122,36,Chemokine,0.70115,anc0_36_G_unrelaxed_rank_023_alphafold2_model_5_seed_002.pdb
123,36,Chemokine,0.69975,anc0_36_G_unrelaxed_rank_024_alphafold2_model_5_seed_000.pdb
124,36,Chemokine,0.70195,anc0_36_G_unrelaxed_rank_025_alphafold2_model_5_seed_001.pdb
125,36,Chemokine,0.7533,anc0_36_I_unrelaxed_rank_001_alphafold2_model_3_seed_004.pdb
126,36,Chemokine,0.74916,anc0_36_I_unrelaxed_rank_002_alphafold2_model_3_seed_001.pdb
127,36,Chemokine,0.75314,anc0_36_I_unrelaxed_rank_003_alphafold2_model_2_seed_003.pdb
128,36,Chemokine,0.7455,anc0_36_I_unrelaxed_rank_004_alphafold2_model_1_seed_002.pdb
129,36,Chemokine,0.74975,anc0_36_I_unrelaxed_rank_005_alphafold2_model_3_seed_002.pdb
130,36,Chemokine,0.73438,anc0_36_I_unrelaxed_rank_006_alphafold2_model_1_seed_004.pdb
131,36,Chemokine,0.75008,anc0_36_I_unrelaxed_rank_007_alphafold2_model_2_seed_004.pdb
132,36,Chemokine,0.75176,anc0_36_I_unrelaxed_rank_008_alphafold2_model_2_seed_002.pdb
133,36,Chemokine,0.74973,anc0_36_I_unrelaxed_rank_009_alphafold2_model_2_seed_000.pdb
134,36,Chemokine,0.75066,anc0_36_I_unrelaxed_rank_010_alphafold2_model_2_seed_001.pdb
135,36,Chemokine,0.70491,anc0_36_I_unrelaxed_rank_011_alphafold2_model_3_seed_003.pdb
136,36,Chemokine,0.71959,anc0_36_I_unrelaxed_rank_012_alphafold2_model_1_seed_000.pdb
137,36,Chemokine,0.72154,anc0_36_I_unrelaxed_rank_013_alphafold2_model_1_seed_003.pdb
138,36,Chemokine,0.75243,anc0_36_I_unrelaxed_rank_014_alphafold2_model_5_seed_000.pdb
139,36,Chemokine,0.75006,anc0_36_I_unrelaxed_rank_015_alphafold2_model_5_seed_001.pdb
140,36,Chemokine,0.74476,anc0_36_I_unrelaxed_rank_016_alphafold2_model_5_seed_004.pdb
141,36,Chemokine,0.74201,anc0_36_I_unrelaxed_rank_017_alphafold2_model_5_seed_003.pdb
142,36,Chemokine,0.72786,anc0_36_I_unrelaxed_rank_018_alphafold2_model_5_seed_002.pdb
143,36,Chemokine,0.74959,anc0_36_I_unrelaxed_rank_019_alphafold2_model_3_seed_000.pdb
144,36,Chemokine,0.70073,anc0_36_I_unrelaxed_rank_020_alphafold2_model_4_seed_004.pdb
145,36,Chemokine,0.64954,anc0_36_I_unrelaxed_rank_021_alphafold2_model_4_seed_001.pdb
146,36,Chemokine,0.65684,anc0_36_I_unrelaxed_rank_022_alphafold2_model_4_seed_003.pdb
147,36,Chemokine,0.64088,anc0_36_I_unrelaxed_rank_023_alphafold2_model_4_seed_000.pdb
148,36,Chemokine,0.64869,anc0_36_I_unrelaxed_rank_024_alphafold2_model_4_seed_002.pdb
149,38,Chemokine,0.75126,anc0_38_I_unrelaxed_rank_001_alphafold2_model_3_seed_004.pdb
150,38,Chemokine,0.75045,anc0_38_I_unrelaxed_rank_002_alphafold2_model_3_seed_002.pdb
151,38,Chemokine,0.7499,anc0_38_I_unrelaxed_rank_003_alphafold2_model_3_seed_003.pdb
152,38,Chemokine,0.75086,anc0_38_I_unrelaxed_rank_004_alphafold2_model_3_seed_001.pdb
153,38,Chemokine,0.75889,anc0_38_I_unrelaxed_rank_005_alphafold2_model_2_seed_004.pdb
154,38,Chemokine,0.75841,anc0_38_I_unrelaxed_rank_006_alphafold2_model_2_seed_001.pdb
155,38,Chemokine,0.7586,anc0_38_I_unrelaxed_rank_007_alphafold2_model_2_seed_003.pdb
156,38,Chemokine,0.7601,anc0_38_I_unrelaxed_rank_008_alphafold2_model_2_seed_002.pdb
157,38,Chemokine,0.75883,anc0_38_I_unrelaxed_rank_009_alphafold2_model_2_seed_000.pdb
158,38,Chemokine,0.75322,anc0_38_I_unrelaxed_rank_010_alphafold2_model_1_seed_004.pdb
159,38,Chemokine,0.75331,anc0_38_I_unrelaxed_rank_011_alphafold2_model_1_seed_002.pdb
160,38,Chemokine,0.75346,anc0_38_I_unrelaxed_rank_012_alphafold2_model_1_seed_000.pdb
161,38,Chemokine,0.75285,anc0_38_I_unrelaxed_rank_013_alphafold2_model_1_seed_003.pdb
162,38,Chemokine,0.75436,anc0_38_I_unrelaxed_rank_014_alphafold2_model_1_seed_001.pdb
163,38,Chemokine,0.74842,anc0_38_I_unrelaxed_rank_015_alphafold2_model_4_seed_004.pdb
164,38,Chemokine,0.74842,anc0_38_I_unrelaxed_rank_016_alphafold2_model_4_seed_002.pdb
165,38,Chemokine,0.748,anc0_38_I_unrelaxed_rank_017_alphafold2_model_4_seed_001.pdb
166,38,Chemokine,0.74775,anc0_38_I_unrelaxed_rank_018_alphafold2_model_4_seed_000.pdb
167,38,Chemokine,0.71879,anc0_38_I_unrelaxed_rank_019_alphafold2_model_3_seed_000.pdb
168,38,Chemokine,0.75051,anc0_38_I_unrelaxed_rank_020_alphafold2_model_4_seed_003.pdb
169,38,Chemokine,0.75367,anc0_38_I_unrelaxed_rank_021_alphafold2_model_5_seed_004.pdb
170,38,Chemokine,0.71256,anc0_38_I_unrelaxed_rank_022_alphafold2_model_5_seed_002.pdb
171,38,Chemokine,0.70826,anc0_38_I_unrelaxed_rank_023_alphafold2_model_5_seed_003.pdb
172,38,Chemokine,0.70735,anc0_38_I_unrelaxed_rank_024_alphafold2_model_5_seed_001.pdb
173,38,Chemokine,0.70772,anc0_38_I_unrelaxed_rank_025_alphafold2_model_5_seed_000.pdb
174,38,Chemokine,0.7515,anc0_38_L_unrelaxed_rank_001_alphafold2_model_3_seed_004.pdb
175,38,Chemokine,0.74934,anc0_38_L_unrelaxed_rank_002_alphafold2_model_3_seed_003.pdb
176,38,Chemokine,0.74946,anc0_38_L_unrelaxed_rank_003_alphafold2_model_3_seed_001.pdb
177,38,Chemokine,0.75152,anc0_38_L_unrelaxed_rank_004_alphafold2_model_3_seed_002.pdb
178,38,Chemokine,0.76587,anc0_38_L_unrelaxed_rank_005_alphafold2_model_2_seed_004.pdb
179,38,Chemokine,0.76616,anc0_38_L_unrelaxed_rank_006_alphafold2_model_2_seed_003.pdb
180,38,Chemokine,0.76548,anc0_38_L_unrelaxed_rank_007_alphafold2_model_2_seed_001.pdb
181,38,Chemokine,0.76689,anc0_38_L_unrelaxed_rank_008_alphafold2_model_2_seed_000.pdb
182,38,Chemokine,0.76724,anc0_38_L_unrelaxed_rank_009_alphafold2_model_2_seed_002.pdb
183,38,Chemokine,0.76778,anc0_38_L_unrelaxed_rank_010_alphafold2_model_3_seed_000.pdb
184,38,Chemokine,0.76013,anc0_38_L_unrelaxed_rank_011_alphafold2_model_1_seed_004.pdb
185,38,Chemokine,0.76058,anc0_38_L_unrelaxed_rank_012_alphafold2_model_1_seed_001.pdb
186,38,Chemokine,0.7601,anc0_38_L_unrelaxed_rank_013_alphafold2_model_1_seed_000.pdb
187,38,Chemokine,0.76047,anc0_38_L_unrelaxed_rank_014_alphafold2_model_1_seed_003.pdb
188,38,Chemokine,0.75954,anc0_38_L_unrelaxed_rank_015_alphafold2_model_1_seed_002.pdb
189,38,Chemokine,0.75064,anc0_38_L_unrelaxed_rank_016_alphafold2_model_4_seed_001.pdb
190,38,Chemokine,0.75105,anc0_38_L_unrelaxed_rank_017_alphafold2_model_4_seed_002.pdb
191,38,Chemokine,0.7557,anc0_38_L_unrelaxed_rank_018_alphafold2_model_4_seed_004.pdb
192,38,Chemokine,0.768,anc0_38_L_unrelaxed_rank_019_alphafold2_model_4_seed_000.pdb
193,38,Chemokine,0.77007,anc0_38_L_unrelaxed_rank_020_alphafold2_model_4_seed_003.pdb
194,38,Chemokine,0.75534,anc0_38_L_unrelaxed_rank_021_alphafold2_model_5_seed_002.pdb
195,38,Chemokine,0.75641,anc0_38_L_unrelaxed_rank_022_alphafold2_model_5_seed_004.pdb
196,38,Chemokine,0.75273,anc0_38_L_unrelaxed_rank_023_alphafold2_model_5_seed_003.pdb
197,38,Chemokine,0.7535,anc0_38_L_unrelaxed_rank_024_alphafold2_model_5_seed_000.pdb
198,38,Chemokine,0.75247,anc0_38_L_unrelaxed_rank_025_alphafold2_model_5_seed_001.pdb
199,38,Chemokine,0.74861,anc0_38_V_unrelaxed_rank_001_alphafold2_model_3_seed_004.pdb
200,38,Chemokine,0.75021,anc0_38_V_unrelaxed_rank_002_alphafold2_model_3_seed_003.pdb
201,38,Chemokine,0.75098,anc0_38_V_unrelaxed_rank_003_alphafold2_model_3_seed_002.pdb
202,38,Chemokine,0.75123,anc0_38_V_unrelaxed_rank_004_alphafold2_model_3_seed_001.pdb
203,38,Chemokine,0.76527,anc0_38_V_unrelaxed_rank_005_alphafold2_model_2_seed_004.pdb
204,38,Chemokine,0.76528,anc0_38_V_unrelaxed_rank_006_alphafold2_model_2_seed_003.pdb
205,38,Chemokine,0.7652,anc0_38_V_unrelaxed_rank_007_alphafold2_model_2_seed_001.pdb
206,38,Chemokine,0.76514,anc0_38_V_unrelaxed_rank_008_alphafold2_model_2_seed_002.pdb
207,38,Chemokine,0.76421,anc0_38_V_unrelaxed_rank_009_alphafold2_model_2_seed_000.pdb
208,38,Chemokine,0.75195,anc0_38_V_unrelaxed_rank_010_alphafold2_model_3_seed_000.pdb
209,38,Chemokine,0.75666,anc0_38_V_unrelaxed_rank_011_alphafold2_model_1_seed_004.pdb
210,38,Chemokine,0.75681,anc0_38_V_unrelaxed_rank_012_alphafold2_model_1_seed_001.pdb
211,38,Chemokine,0.75567,anc0_38_V_unrelaxed_rank_013_alphafold2_model_1_seed_000.pdb
212,38,Chemokine,0.75656,anc0_38_V_unrelaxed_rank_014_alphafold2_model_1_seed_003.pdb
213,38,Chemokine,0.75637,anc0_38_V_unrelaxed_rank_015_alphafold2_model_1_seed_002.pdb
214,38,Chemokine,0.75032,anc0_38_V_unrelaxed_rank_016_alphafold2_model_4_seed_001.pdb
215,38,Chemokine,0.75069,anc0_38_V_unrelaxed_rank_017_alphafold2_model_4_seed_002.pdb
216,38,Chemokine,0.75045,anc0_38_V_unrelaxed_rank_018_alphafold2_model_4_seed_000.pdb
217,38,Chemokine,0.75056,anc0_38_V_unrelaxed_rank_019_alphafold2_model_4_seed_004.pdb
218,38,Chemokine,0.75313,anc0_38_V_unrelaxed_rank_020_alphafold2_model_4_seed_003.pdb
219,38,Chemokine,0.75814,anc0_38_V_unrelaxed_rank_021_alphafold2_model_5_seed_004.pdb
220,38,Chemokine,0.70989,anc0_38_V_unrelaxed_rank_022_alphafold2_model_5_seed_003.pdb
221,38,Chemokine,0.7181,anc0_38_V_unrelaxed_rank_023_alphafold2_model_5_seed_002.pdb
222,38,Chemokine,0.71058,anc0_38_V_unrelaxed_rank_024_alphafold2_model_5_seed_001.pdb
223,38,Chemokine,0.7109,anc0_38_V_unrelaxed_rank_025_alphafold2_model_5_seed_000.pdb
224,45,Chemokine,0.63982,anc0_45_L_unrelaxed_rank_001_alphafold2_model_4_seed_001.pdb
225,45,Chemokine,0.64761,anc0_45_L_unrelaxed_rank_002_alphafold2_model_4_seed_000.pdb
226,45,Dimer,0.56279,anc0_45_V_unrelaxed_rank_001_alphafold2_model_2_seed_001.pdb
227,45,Dimer,0.59079,anc0_45_V_unrelaxed_rank_002_alphafold2_model_1_seed_002.pdb
228,47,Chemokine,0.75126,anc0_47_I_unrelaxed_rank_001_alphafold2_model_3_seed_004.pdb
229,47,Chemokine,0.75045,anc0_47_I_unrelaxed_rank_002_alphafold2_model_3_seed_002.pdb
230,47,Chemokine,0.7499,anc0_47_I_unrelaxed_rank_003_alphafold2_model_3_seed_003.pdb
231,47,Chemokine,0.75086,anc0_47_I_unrelaxed_rank_004_alphafold2_model_3_seed_001.pdb
232,47,Chemokine,0.75889,anc0_47_I_unrelaxed_rank_005_alphafold2_model_2_seed_004.pdb
233,47,Chemokine,0.75841,anc0_47_I_unrelaxed_rank_006_alphafold2_model_2_seed_001.pdb
234,47,Chemokine,0.7586,anc0_47_I_unrelaxed_rank_007_alphafold2_model_2_seed_003.pdb
235,47,Chemokine,0.7601,anc0_47_I_unrelaxed_rank_008_alphafold2_model_2_seed_002.pdb
236,47,Chemokine,0.75883,anc0_47_I_unrelaxed_rank_009_alphafold2_model_2_seed_000.pdb
237,47,Chemokine,0.75322,anc0_47_I_unrelaxed_rank_010_alphafold2_model_1_seed_004.pdb
238,47,Chemokine,0.75331,anc0_47_I_unrelaxed_rank_011_alphafold2_model_1_seed_002.pdb
239,47,Chemokine,0.75346,anc0_47_I_unrelaxed_rank_012_alphafold2_model_1_seed_000.pdb
240,47,Chemokine,0.75285,anc0_47_I_unrelaxed_rank_013_alphafold2_model_1_seed_003.pdb
241,47,Chemokine,0.75436,anc0_47_I_unrelaxed_rank_014_alphafold2_model_1_seed_001.pdb
242,47,Chemokine,0.74842,anc0_47_I_unrelaxed_rank_015_alphafold2_model_4_seed_004.pdb
243,47,Chemokine,0.74842,anc0_47_I_unrelaxed_rank_016_alphafold2_model_4_seed_002.pdb
244,47,Chemokine,0.748,anc0_47_I_unrelaxed_rank_017_alphafold2_model_4_seed_001.pdb
245,47,Chemokine,0.74775,anc0_47_I_unrelaxed_rank_018_alphafold2_model_4_seed_000.pdb
246,47,Chemokine,0.71879,anc0_47_I_unrelaxed_rank_019_alphafold2_model_3_seed_000.pdb
247,47,Chemokine,0.75051,anc0_47_I_unrelaxed_rank_020_alphafold2_model_4_seed_003.pdb
248,47,Chemokine,0.75367,anc0_47_I_unrelaxed_rank_021_alphafold2_model_5_seed_004.pdb
249,47,Chemokine,0.71256,anc0_47_I_unrelaxed_rank_022_alphafold2_model_5_seed_002.pdb
250,47,Chemokine,0.70826,anc0_47_I_unrelaxed_rank_023_alphafold2_model_5_seed_003.pdb
251,47,Chemokine,0.70735,anc0_47_I_unrelaxed_rank_024_alphafold2_model_5_seed_001.pdb
252,47,Chemokine,0.70772,anc0_47_I_unrelaxed_rank_025_alphafold2_model_5_seed_000.pdb
253,47,Chemokine,0.71965,anc0_47_L_unrelaxed_rank_001_alphafold2_model_3_seed_003.pdb
254,47,Chemokine,0.7579,anc0_47_L_unrelaxed_rank_002_alphafold2_model_2_seed_004.pdb
255,47,Chemokine,0.75771,anc0_47_L_unrelaxed_rank_003_alphafold2_model_2_seed_003.pdb
256,47,Chemokine,0.75927,anc0_47_L_unrelaxed_rank_004_alphafold2_model_2_seed_002.pdb
257,47,Chemokine,0.7586,anc0_47_L_unrelaxed_rank_005_alphafold2_model_2_seed_001.pdb
258,47,Chemokine,0.75824,anc0_47_L_unrelaxed_rank_006_alphafold2_model_2_seed_000.pdb
259,47,Chemokine,0.71609,anc0_47_L_unrelaxed_rank_007_alphafold2_model_3_seed_000.pdb
260,47,Chemokine,0.7517,anc0_47_L_unrelaxed_rank_008_alphafold2_model_1_seed_002.pdb
261,47,Chemokine,0.71642,anc0_47_L_unrelaxed_rank_009_alphafold2_model_3_seed_001.pdb
262,47,Chemokine,0.71122,anc0_47_L_unrelaxed_rank_010_alphafold2_model_3_seed_004.pdb
263,47,Chemokine,0.71668,anc0_47_L_unrelaxed_rank_011_alphafold2_model_3_seed_002.pdb
264,47,Chemokine,0.74618,anc0_47_L_unrelaxed_rank_012_alphafold2_model_4_seed_004.pdb
265,47,Chemokine,0.74477,anc0_47_L_unrelaxed_rank_013_alphafold2_model_4_seed_001.pdb
266,47,Chemokine,0.74531,anc0_47_L_unrelaxed_rank_014_alphafold2_model_4_seed_000.pdb
267,47,Chemokine,0.7457,anc0_47_L_unrelaxed_rank_015_alphafold2_model_4_seed_002.pdb
268,47,Chemokine,0.74711,anc0_47_L_unrelaxed_rank_016_alphafold2_model_4_seed_003.pdb
269,47,Chemokine,0.70902,anc0_47_L_unrelaxed_rank_017_alphafold2_model_1_seed_000.pdb
270,47,Chemokine,0.73046,anc0_47_L_unrelaxed_rank_018_alphafold2_model_1_seed_004.pdb
271,47,Chemokine,0.71061,anc0_47_L_unrelaxed_rank_019_alphafold2_model_5_seed_003.pdb
272,47,Chemokine,0.72095,anc0_47_L_unrelaxed_rank_020_alphafold2_model_1_seed_001.pdb
273,47,Chemokine,0.70851,anc0_47_L_unrelaxed_rank_021_alphafold2_model_5_seed_001.pdb
274,47,Chemokine,0.7177,anc0_47_L_unrelaxed_rank_022_alphafold2_model_1_seed_003.pdb
275,47,Chemokine,0.70846,anc0_47_L_unrelaxed_rank_023_alphafold2_model_5_seed_000.pdb
276,47,Chemokine,0.70939,anc0_47_L_unrelaxed_rank_024_alphafold2_model_5_seed_002.pdb
277,47,Chemokine,0.71403,anc0_47_L_unrelaxed_rank_025_alphafold2_model_5_seed_004.pdb
278,47,Chemokine,0.75272,anc0_47_M_unrelaxed_rank_001_alphafold2_model_3_seed_002.pdb
279,47,Chemokine,0.75548,anc0_47_M_unrelaxed_rank_002_alphafold2_model_3_seed_004.pdb
280,47,Chemokine,0.76467,anc0_47_M_unrelaxed_rank_003_alphafold2_model_2_seed_004.pdb
281,47,Chemokine,0.76453,anc0_47_M_unrelaxed_rank_004_alphafold2_model_2_seed_001.pdb
282,47,Chemokine,0.76446,anc0_47_M_unrelaxed_rank_005_alphafold2_model_2_seed_003.pdb
283,47,Chemokine,0.76544,anc0_47_M_unrelaxed_rank_006_alphafold2_model_2_seed_000.pdb
284,47,Chemokine,0.76629,anc0_47_M_unrelaxed_rank_007_alphafold2_model_2_seed_002.pdb
285,47,Chemokine,0.75288,anc0_47_M_unrelaxed_rank_008_alphafold2_model_3_seed_003.pdb
286,47,Chemokine,0.75728,anc0_47_M_unrelaxed_rank_009_alphafold2_model_1_seed_002.pdb
287,47,Chemokine,0.75757,anc0_47_M_unrelaxed_rank_010_alphafold2_model_1_seed_000.pdb
288,47,Chemokine,0.75667,anc0_47_M_unrelaxed_rank_011_alphafold2_model_1_seed_004.pdb
289,47,Chemokine,0.75632,anc0_47_M_unrelaxed_rank_012_alphafold2_model_3_seed_001.pdb
290,47,Chemokine,0.75693,anc0_47_M_unrelaxed_rank_013_alphafold2_model_1_seed_001.pdb
291,47,Chemokine,0.75286,anc0_47_M_unrelaxed_rank_014_alphafold2_model_4_seed_004.pdb
292,47,Chemokine,0.75275,anc0_47_M_unrelaxed_rank_015_alphafold2_model_4_seed_000.pdb
293,47,Chemokine,0.7529,anc0_47_M_unrelaxed_rank_016_alphafold2_model_4_seed_002.pdb
294,47,Chemokine,0.75201,anc0_47_M_unrelaxed_rank_017_alphafold2_model_4_seed_001.pdb
295,47,Chemokine,0.75294,anc0_47_M_unrelaxed_rank_018_alphafold2_model_4_seed_003.pdb
296,47,Chemokine,0.71667,anc0_47_M_unrelaxed_rank_019_alphafold2_model_3_seed_000.pdb
297,47,Chemokine,0.75313,anc0_47_M_unrelaxed_rank_020_alphafold2_model_1_seed_003.pdb
298,47,Chemokine,0.72159,anc0_47_M_unrelaxed_rank_021_alphafold2_model_5_seed_002.pdb
299,47,Chemokine,0.76035,anc0_47_M_unrelaxed_rank_022_alphafold2_model_5_seed_004.pdb
300,47,Chemokine,0.7187,anc0_47_M_unrelaxed_rank_023_alphafold2_model_5_seed_001.pdb
301,47,Chemokine,0.7199,anc0_47_M_unrelaxed_rank_024_alphafold2_model_5_seed_000.pdb
302,47,Chemokine,0.71566,anc0_47_M_unrelaxed_rank_025_alphafold2_model_5_seed_003.pdb
303,G,Chemokine,0.75768,anc0_G_unrelaxed_rank_001_alphafold2_model_1_seed_001.pdb
304,G,Chemokine,0.75411,anc0_G_unrelaxed_rank_002_alphafold2_model_1_seed_002.pdb
305,G,Chemokine,0.66002,anc0_G_unrelaxed_rank_003_alphafold2_model_3_seed_002.pdb
306,G,Chemokine,0.7528,anc0_G_unrelaxed_rank_004_alphafold2_model_1_seed_004.pdb
307,G,Chemokine,0.75118,anc0_G_unrelaxed_rank_005_alphafold2_model_4_seed_001.pdb
308,G,Chemokine,0.66059,anc0_G_unrelaxed_rank_006_alphafold2_model_3_seed_001.pdb
309,G,Chemokine,0.75173,anc0_G_unrelaxed_rank_007_alphafold2_model_4_seed_002.pdb
310,G,Chemokine,0.65879,anc0_G_unrelaxed_rank_008_alphafold2_model_3_seed_004.pdb
311,G,Chemokine,0.6575,anc0_G_unrelaxed_rank_009_alphafold2_model_3_seed_003.pdb
312,G,Chemokine,0.75125,anc0_G_unrelaxed_rank_010_alphafold2_model_4_seed_000.pdb
313,G,Chemokine,0.75225,anc0_G_unrelaxed_rank_011_alphafold2_model_4_seed_004.pdb
314,G,Chemokine,0.71736,anc0_G_unrelaxed_rank_012_alphafold2_model_3_seed_000.pdb
315,G,Chemokine,0.75352,anc0_G_unrelaxed_rank_013_alphafold2_model_4_seed_003.pdb
316,G,Chemokine,0.7284,anc0_G_unrelaxed_rank_014_alphafold2_model_1_seed_003.pdb
317,G,Dimer,0.54714,anc0_G_unrelaxed_rank_015_alphafold2_model_2_seed_001.pdb
318,G,Chemokine,0.66549,anc0_G_unrelaxed_rank_016_alphafold2_model_5_seed_001.pdb
319,G,Chemokine,0.68116,anc0_G_unrelaxed_rank_017_alphafold2_model_5_seed_000.pdb
320,G,Chemokine,0.66589,anc0_G_unrelaxed_rank_018_alphafold2_model_5_seed_003.pdb
321,G,Chemokine,0.67553,anc0_G_unrelaxed_rank_019_alphafold2_model_5_seed_004.pdb
322,G,Chemokine,0.66963,anc0_G_unrelaxed_rank_020_alphafold2_model_5_seed_002.pdb
323,G,Dimer,0.54251,anc0_G_unrelaxed_rank_021_alphafold2_model_2_seed_004.pdb
324,I,Chemokine,0.75065,anc0_I_unrelaxed_rank_001_alphafold2_model_3_seed_004.pdb
325,I,Chemokine,0.75203,anc0_I_unrelaxed_rank_002_alphafold2_model_3_seed_002.pdb
326,I,Chemokine,0.7502,anc0_I_unrelaxed_rank_003_alphafold2_model_3_seed_003.pdb
327,I,Chemokine,0.75001,anc0_I_unrelaxed_rank_004_alphafold2_model_3_seed_001.pdb
328,I,Chemokine,0.75782,anc0_I_unrelaxed_rank_005_alphafold2_model_2_seed_004.pdb
329,I,Chemokine,0.75771,anc0_I_unrelaxed_rank_006_alphafold2_model_2_seed_003.pdb
330,I,Chemokine,0.75796,anc0_I_unrelaxed_rank_007_alphafold2_model_2_seed_000.pdb
331,I,Chemokine,0.75811,anc0_I_unrelaxed_rank_008_alphafold2_model_2_seed_001.pdb
332,I,Chemokine,0.75761,anc0_I_unrelaxed_rank_009_alphafold2_model_2_seed_002.pdb
333,I,Chemokine,0.75222,anc0_I_unrelaxed_rank_010_alphafold2_model_1_seed_004.pdb
334,I,Chemokine,0.75261,anc0_I_unrelaxed_rank_011_alphafold2_model_1_seed_003.pdb
335,I,Chemokine,0.75234,anc0_I_unrelaxed_rank_012_alphafold2_model_1_seed_001.pdb
336,I,Chemokine,0.75125,anc0_I_unrelaxed_rank_013_alphafold2_model_1_seed_000.pdb
337,I,Chemokine,0.75227,anc0_I_unrelaxed_rank_014_alphafold2_model_1_seed_002.pdb
338,I,Chemokine,0.74572,anc0_I_unrelaxed_rank_015_alphafold2_model_4_seed_004.pdb
339,I,Chemokine,0.74569,anc0_I_unrelaxed_rank_016_alphafold2_model_4_seed_001.pdb
340,I,Chemokine,0.74588,anc0_I_unrelaxed_rank_017_alphafold2_model_4_seed_002.pdb
341,I,Chemokine,0.74568,anc0_I_unrelaxed_rank_018_alphafold2_model_4_seed_000.pdb
342,I,Chemokine,0.71171,anc0_I_unrelaxed_rank_019_alphafold2_model_3_seed_000.pdb
343,I,Chemokine,0.74977,anc0_I_unrelaxed_rank_020_alphafold2_model_4_seed_003.pdb
344,I,Chemokine,0.72816,anc0_I_unrelaxed_rank_021_alphafold2_model_5_seed_002.pdb
345,I,Chemokine,0.70475,anc0_I_unrelaxed_rank_022_alphafold2_model_5_seed_003.pdb
346,I,Chemokine,0.72412,anc0_I_unrelaxed_rank_023_alphafold2_model_5_seed_004.pdb
347,I,Chemokine,0.70537,anc0_I_unrelaxed_rank_024_alphafold2_model_5_seed_001.pdb
348,I,Chemokine,0.70616,anc0_I_unrelaxed_rank_025_alphafold2_model_5_seed_000.pdb
349,V,Chemokine,0.75126,anc0_V_unrelaxed_rank_001_alphafold2_model_3_seed_004.pdb
350,V,Chemokine,0.75045,anc0_V_unrelaxed_rank_002_alphafold2_model_3_seed_002.pdb
351,V,Chemokine,0.7499,anc0_V_unrelaxed_rank_003_alphafold2_model_3_seed_003.pdb
352,V,Chemokine,0.75086,anc0_V_unrelaxed_rank_004_alphafold2_model_3_seed_001.pdb
353,V,Chemokine,0.75889,anc0_V_unrelaxed_rank_005_alphafold2_model_2_seed_004.pdb
354,V,Chemokine,0.75841,anc0_V_unrelaxed_rank_006_alphafold2_model_2_seed_001.pdb
355,V,Chemokine,0.7586,anc0_V_unrelaxed_rank_007_alphafold2_model_2_seed_003.pdb
356,V,Chemokine,0.7601,anc0_V_unrelaxed_rank_008_alphafold2_model_2_seed_002.pdb
357,V,Chemokine,0.75883,anc0_V_unrelaxed_rank_009_alphafold2_model_2_seed_000.pdb
358,V,Chemokine,0.75322,anc0_V_unrelaxed_rank_010_alphafold2_model_1_seed_004.pdb
359,V,Chemokine,0.75331,anc0_V_unrelaxed_rank_011_alphafold2_model_1_seed_002.pdb
360,V,Chemokine,0.75346,anc0_V_unrelaxed_rank_012_alphafold2_model_1_seed_000.pdb
361,V,Chemokine,0.75285,anc0_V_unrelaxed_rank_013_alphafold2_model_1_seed_003.pdb
362,V,Chemokine,0.75436,anc0_V_unrelaxed_rank_014_alphafold2_model_1_seed_001.pdb
363,V,Chemokine,0.74842,anc0_V_unrelaxed_rank_015_alphafold2_model_4_seed_004.pdb
364,V,Chemokine,0.74842,anc0_V_unrelaxed_rank_016_alphafold2_model_4_seed_002.pdb
365,V,Chemokine,0.748,anc0_V_unrelaxed_rank_017_alphafold2_model_4_seed_001.pdb
366,V,Chemokine,0.74775,anc0_V_unrelaxed_rank_018_alphafold2_model_4_seed_000.pdb
367,V,Chemokine,0.71879,anc0_V_unrelaxed_rank_019_alphafold2_model_3_seed_000.pdb
368,V,Chemokine,0.75051,anc0_V_unrelaxed_rank_020_alphafold2_model_4_seed_003.pdb
369,V,Chemokine,0.75367,anc0_V_unrelaxed_rank_021_alphafold2_model_5_seed_004.pdb
370,V,Chemokine,0.71256,anc0_V_unrelaxed_rank_022_alphafold2_model_5_seed_002.pdb
371,V,Chemokine,0.70826,anc0_V_unrelaxed_rank_023_alphafold2_model_5_seed_003.pdb
372,V,Chemokine,0.70735,anc0_V_unrelaxed_rank_024_alphafold2_model_5_seed_001.pdb
373,V,Chemokine,0.70772,anc0_V_unrelaxed_rank_025_alphafold2_model_5_seed_000.pdb
374,14,Chemokine,0.74964,anc2_14_I_unrelaxed_rank_001_alphafold2_model_3_seed_002.pdb
375,14,Chemokine,0.75555,anc2_14_I_unrelaxed_rank_002_alphafold2_model_3_seed_004.pdb
376,14,Chemokine,0.75105,anc2_14_I_unrelaxed_rank_003_alphafold2_model_3_seed_000.pdb
377,14,Chemokine,0.75037,anc2_14_I_unrelaxed_rank_004_alphafold2_model_3_seed_003.pdb
378,14,Chemokine,0.7517,anc2_14_I_unrelaxed_rank_005_alphafold2_model_3_seed_001.pdb
379,14,Chemokine,0.76808,anc2_14_I_unrelaxed_rank_006_alphafold2_model_4_seed_004.pdb
380,14,Chemokine,0.76638,anc2_14_I_unrelaxed_rank_007_alphafold2_model_5_seed_002.pdb
381,14,Chemokine,0.77217,anc2_14_I_unrelaxed_rank_008_alphafold2_model_4_seed_003.pdb
382,14,Chemokine,0.75939,anc2_14_I_unrelaxed_rank_009_alphafold2_model_2_seed_003.pdb
383,14,Chemokine,0.76283,anc2_14_I_unrelaxed_rank_010_alphafold2_model_5_seed_004.pdb
384,14,Chemokine,0.76501,anc2_14_I_unrelaxed_rank_011_alphafold2_model_5_seed_003.pdb
385,14,Chemokine,0.77325,anc2_14_I_unrelaxed_rank_012_alphafold2_model_4_seed_000.pdb
386,14,Chemokine,0.76408,anc2_14_I_unrelaxed_rank_013_alphafold2_model_5_seed_001.pdb
387,14,Chemokine,0.76333,anc2_14_I_unrelaxed_rank_014_alphafold2_model_5_seed_000.pdb
388,14,Chemokine,0.76943,anc2_14_I_unrelaxed_rank_015_alphafold2_model_4_seed_002.pdb
389,14,Chemokine,0.76236,anc2_14_I_unrelaxed_rank_016_alphafold2_model_2_seed_002.pdb
390,14,Chemokine,0.75994,anc2_14_I_unrelaxed_rank_017_alphafold2_model_2_seed_004.pdb
391,14,Chemokine,0.75166,anc2_14_I_unrelaxed_rank_018_alphafold2_model_1_seed_004.pdb
392,14,Chemokine,0.7575,anc2_14_I_unrelaxed_rank_019_alphafold2_model_2_seed_001.pdb
393,14,Chemokine,0.74536,anc2_14_I_unrelaxed_rank_020_alphafold2_model_2_seed_000.pdb
394,14,Chemokine,0.67583,anc2_14_I_unrelaxed_rank_021_alphafold2_model_4_seed_001.pdb
395,14,Chemokine,0.65925,anc2_14_I_unrelaxed_rank_022_alphafold2_model_1_seed_001.pdb
396,14,Chemokine,0.74003,anc2_14_L_unrelaxed_rank_001_alphafold2_model_3_seed_002.pdb
397,14,Chemokine,0.74813,anc2_14_L_unrelaxed_rank_002_alphafold2_model_3_seed_003.pdb
398,14,Chemokine,0.7544,anc2_14_L_unrelaxed_rank_003_alphafold2_model_3_seed_001.pdb
399,14,Chemokine,0.75828,anc2_14_L_unrelaxed_rank_004_alphafold2_model_3_seed_000.pdb
400,14,Chemokine,0.75746,anc2_14_L_unrelaxed_rank_005_alphafold2_model_3_seed_004.pdb
401,14,Chemokine,0.76763,anc2_14_L_unrelaxed_rank_006_alphafold2_model_2_seed_002.pdb
402,14,Chemokine,0.76865,anc2_14_L_unrelaxed_rank_007_alphafold2_model_2_seed_003.pdb
403,14,Chemokine,0.76066,anc2_14_L_unrelaxed_rank_008_alphafold2_model_2_seed_004.pdb
404,14,Chemokine,0.76251,anc2_14_L_unrelaxed_rank_009_alphafold2_model_2_seed_000.pdb
405,14,Chemokine,0.7595,anc2_14_L_unrelaxed_rank_010_alphafold2_model_2_seed_001.pdb
406,14,Chemokine,0.76456,anc2_14_L_unrelaxed_rank_011_alphafold2_model_4_seed_004.pdb
407,14,Chemokine,0.76096,anc2_14_L_unrelaxed_rank_012_alphafold2_model_5_seed_002.pdb
408,14,Chemokine,0.76924,anc2_14_L_unrelaxed_rank_013_alphafold2_model_4_seed_002.pdb
409,14,Chemokine,0.75996,anc2_14_L_unrelaxed_rank_014_alphafold2_model_4_seed_000.pdb
410,14,Chemokine,0.76026,anc2_14_L_unrelaxed_rank_015_alphafold2_model_5_seed_004.pdb
411,14,Chemokine,0.77497,anc2_14_L_unrelaxed_rank_016_alphafold2_model_4_seed_003.pdb
412,14,Chemokine,0.76095,anc2_14_L_unrelaxed_rank_017_alphafold2_model_5_seed_001.pdb
413,14,Chemokine,0.7728,anc2_14_L_unrelaxed_rank_018_alphafold2_model_4_seed_001.pdb
414,14,Chemokine,0.75897,anc2_14_L_unrelaxed_rank_019_alphafold2_model_5_seed_000.pdb
415,14,Chemokine,0.76273,anc2_14_L_unrelaxed_rank_020_alphafold2_model_5_seed_003.pdb
416,14,Chemokine,0.65957,anc2_14_L_unrelaxed_rank_021_alphafold2_model_1_seed_003.pdb
417,14,Chemokine,0.65826,anc2_14_L_unrelaxed_rank_022_alphafold2_model_1_seed_004.pdb
418,14,Chemokine,0.66345,anc2_14_L_unrelaxed_rank_023_alphafold2_model_1_seed_000.pdb
419,14,Chemokine,0.66289,anc2_14_L_unrelaxed_rank_024_alphafold2_model_1_seed_002.pdb
420,14,Chemokine,0.75003,anc2_14_V_unrelaxed_rank_001_alphafold2_model_3_seed_004.pdb
421,14,Chemokine,0.74493,anc2_14_V_unrelaxed_rank_002_alphafold2_model_3_seed_002.pdb
422,14,Chemokine,0.74621,anc2_14_V_unrelaxed_rank_003_alphafold2_model_3_seed_003.pdb
423,14,Chemokine,0.7462,anc2_14_V_unrelaxed_rank_004_alphafold2_model_3_seed_001.pdb
424,14,Chemokine,0.77171,anc2_14_V_unrelaxed_rank_005_alphafold2_model_4_seed_002.pdb
425,14,Chemokine,0.76807,anc2_14_V_unrelaxed_rank_006_alphafold2_model_4_seed_003.pdb
426,14,Chemokine,0.7687,anc2_14_V_unrelaxed_rank_007_alphafold2_model_4_seed_004.pdb
427,14,Chemokine,0.76085,anc2_14_V_unrelaxed_rank_008_alphafold2_model_5_seed_002.pdb
428,14,Chemokine,0.75894,anc2_14_V_unrelaxed_rank_009_alphafold2_model_2_seed_002.pdb
429,14,Chemokine,0.76876,anc2_14_V_unrelaxed_rank_010_alphafold2_model_4_seed_000.pdb
430,14,Chemokine,0.76004,anc2_14_V_unrelaxed_rank_011_alphafold2_model_5_seed_004.pdb
431,14,Chemokine,0.75665,anc2_14_V_unrelaxed_rank_012_alphafold2_model_2_seed_003.pdb
432,14,Chemokine,0.76033,anc2_14_V_unrelaxed_rank_013_alphafold2_model_5_seed_001.pdb
433,14,Chemokine,0.75877,anc2_14_V_unrelaxed_rank_014_alphafold2_model_5_seed_000.pdb
434,14,Chemokine,0.76198,anc2_14_V_unrelaxed_rank_015_alphafold2_model_5_seed_003.pdb
435,14,Chemokine,0.7504,anc2_14_V_unrelaxed_rank_016_alphafold2_model_2_seed_004.pdb
436,14,Chemokine,0.75557,anc2_14_V_unrelaxed_rank_017_alphafold2_model_2_seed_000.pdb
437,14,Chemokine,0.74771,anc2_14_V_unrelaxed_rank_018_alphafold2_model_2_seed_001.pdb
438,14,Chemokine,0.67174,anc2_14_V_unrelaxed_rank_019_alphafold2_model_4_seed_001.pdb
439,14,Chemokine,0.67013,anc2_14_V_unrelaxed_rank_020_alphafold2_model_1_seed_003.pdb
440,14,Chemokine,0.6738,anc2_14_V_unrelaxed_rank_021_alphafold2_model_1_seed_002.pdb
441,14,Chemokine,0.66534,anc2_14_V_unrelaxed_rank_022_alphafold2_model_1_seed_001.pdb
442,14,Chemokine,0.64961,anc2_14_V_unrelaxed_rank_023_alphafold2_model_3_seed_000.pdb
443,14,Chemokine,0.66649,anc2_14_V_unrelaxed_rank_024_alphafold2_model_1_seed_000.pdb
444,14,Chemokine,0.67656,anc2_14_V_unrelaxed_rank_025_alphafold2_model_1_seed_004.pdb
445,36,Chemokine,0.80688,anc2_36_A_unrelaxed_rank_001_alphafold2_model_2_seed_002.pdb
446,36,Chemokine,0.80687,anc2_36_A_unrelaxed_rank_002_alphafold2_model_2_seed_000.pdb
447,36,Chemokine,0.78022,anc2_36_A_unrelaxed_rank_003_alphafold2_model_2_seed_001.pdb
448,36,Chemokine,0.77904,anc2_36_A_unrelaxed_rank_004_alphafold2_model_2_seed_004.pdb
449,36,Chemokine,0.79399,anc2_36_A_unrelaxed_rank_005_alphafold2_model_2_seed_003.pdb
450,36,Chemokine,0.77583,anc2_36_A_unrelaxed_rank_006_alphafold2_model_4_seed_002.pdb
451,36,Chemokine,0.77268,anc2_36_A_unrelaxed_rank_007_alphafold2_model_5_seed_002.pdb
452,36,Chemokine,0.76964,anc2_36_A_unrelaxed_rank_008_alphafold2_model_5_seed_004.pdb
453,36,Chemokine,0.77051,anc2_36_A_unrelaxed_rank_009_alphafold2_model_5_seed_003.pdb
454,36,Chemokine,0.77109,anc2_36_A_unrelaxed_rank_010_alphafold2_model_5_seed_001.pdb
455,36,Chemokine,0.77047,anc2_36_A_unrelaxed_rank_011_alphafold2_model_5_seed_000.pdb
456,36,Chemokine,0.67535,anc2_36_A_unrelaxed_rank_012_alphafold2_model_1_seed_002.pdb
457,36,Chemokine,0.65298,anc2_36_A_unrelaxed_rank_013_alphafold2_model_3_seed_004.pdb
458,36,Chemokine,0.65364,anc2_36_A_unrelaxed_rank_014_alphafold2_model_3_seed_003.pdb
459,36,Chemokine,0.65851,anc2_36_A_unrelaxed_rank_015_alphafold2_model_3_seed_001.pdb
460,36,Chemokine,0.64895,anc2_36_A_unrelaxed_rank_016_alphafold2_model_3_seed_000.pdb
461,36,Chemokine,0.65555,anc2_36_A_unrelaxed_rank_017_alphafold2_model_3_seed_002.pdb
462,36,Chemokine,0.67601,anc2_36_A_unrelaxed_rank_018_alphafold2_model_4_seed_003.pdb
463,36,Chemokine,0.67486,anc2_36_A_unrelaxed_rank_019_alphafold2_model_4_seed_004.pdb
464,36,Chemokine,0.67748,anc2_36_A_unrelaxed_rank_020_alphafold2_model_1_seed_003.pdb
465,36,Chemokine,0.67863,anc2_36_A_unrelaxed_rank_021_alphafold2_model_4_seed_001.pdb
466,36,Chemokine,0.68498,anc2_36_A_unrelaxed_rank_022_alphafold2_model_1_seed_004.pdb
467,36,Chemokine,0.67616,anc2_36_A_unrelaxed_rank_023_alphafold2_model_4_seed_000.pdb
468,36,Chemokine,0.67195,anc2_36_A_unrelaxed_rank_024_alphafold2_model_1_seed_001.pdb
469,36,Chemokine,0.68032,anc2_36_A_unrelaxed_rank_025_alphafold2_model_1_seed_000.pdb
470,36,Chemokine,0.8265,anc2_36_G_unrelaxed_rank_001_alphafold2_model_2_seed_000.pdb
471,36,Chemokine,0.82623,anc2_36_G_unrelaxed_rank_002_alphafold2_model_2_seed_003.pdb
472,36,Chemokine,0.79995,anc2_36_G_unrelaxed_rank_003_alphafold2_model_2_seed_004.pdb
473,36,Chemokine,0.79106,anc2_36_G_unrelaxed_rank_004_alphafold2_model_1_seed_003.pdb
474,36,Chemokine,0.79962,anc2_36_G_unrelaxed_rank_005_alphafold2_model_2_seed_002.pdb
475,36,Chemokine,0.80003,anc2_36_G_unrelaxed_rank_006_alphafold2_model_2_seed_001.pdb
476,36,Chemokine,0.77044,anc2_36_G_unrelaxed_rank_007_alphafold2_model_3_seed_003.pdb
477,36,Chemokine,0.78912,anc2_36_G_unrelaxed_rank_008_alphafold2_model_5_seed_003.pdb
478,36,Chemokine,0.79516,anc2_36_G_unrelaxed_rank_009_alphafold2_model_4_seed_004.pdb
479,36,Chemokine,0.78843,anc2_36_G_unrelaxed_rank_010_alphafold2_model_5_seed_004.pdb
480,36,Chemokine,0.79195,anc2_36_G_unrelaxed_rank_011_alphafold2_model_4_seed_002.pdb
481,36,Chemokine,0.768,anc2_36_G_unrelaxed_rank_012_alphafold2_model_3_seed_004.pdb
482,36,Chemokine,0.78784,anc2_36_G_unrelaxed_rank_013_alphafold2_model_5_seed_000.pdb
483,36,Chemokine,0.79187,anc2_36_G_unrelaxed_rank_014_alphafold2_model_4_seed_003.pdb
484,36,Chemokine,0.6982,anc2_36_G_unrelaxed_rank_015_alphafold2_model_3_seed_001.pdb
485,36,Chemokine,0.69892,anc2_36_G_unrelaxed_rank_016_alphafold2_model_3_seed_002.pdb
486,36,Chemokine,0.69819,anc2_36_G_unrelaxed_rank_017_alphafold2_model_3_seed_000.pdb
487,36,Chemokine,0.71462,anc2_36_G_unrelaxed_rank_018_alphafold2_model_1_seed_002.pdb
488,36,Chemokine,0.70507,anc2_36_G_unrelaxed_rank_019_alphafold2_model_4_seed_000.pdb
489,36,Chemokine,0.71057,anc2_36_G_unrelaxed_rank_020_alphafold2_model_1_seed_001.pdb
490,36,Chemokine,0.70499,anc2_36_G_unrelaxed_rank_021_alphafold2_model_4_seed_001.pdb
491,36,Chemokine,0.71765,anc2_36_G_unrelaxed_rank_022_alphafold2_model_1_seed_004.pdb
492,36,Chemokine,0.71156,anc2_36_G_unrelaxed_rank_023_alphafold2_model_1_seed_000.pdb
493,36,Chemokine,0.69138,anc2_36_G_unrelaxed_rank_024_alphafold2_model_5_seed_001.pdb
494,36,Chemokine,0.68583,anc2_36_G_unrelaxed_rank_025_alphafold2_model_5_seed_002.pdb
495,36,Chemokine,0.74944,anc2_36_I_unrelaxed_rank_001_alphafold2_model_3_seed_001.pdb
496,36,Chemokine,0.75941,anc2_36_I_unrelaxed_rank_002_alphafold2_model_2_seed_003.pdb
497,36,Chemokine,0.74796,anc2_36_I_unrelaxed_rank_003_alphafold2_model_3_seed_003.pdb
498,36,Chemokine,0.75552,anc2_36_I_unrelaxed_rank_004_alphafold2_model_2_seed_002.pdb
499,36,Chemokine,0.75904,anc2_36_I_unrelaxed_rank_005_alphafold2_model_3_seed_002.pdb
500,36,Chemokine,0.765,anc2_36_I_unrelaxed_rank_006_alphafold2_model_3_seed_004.pdb
501,36,Chemokine,0.75291,anc2_36_I_unrelaxed_rank_007_alphafold2_model_1_seed_003.pdb
502,36,Chemokine,0.75175,anc2_36_I_unrelaxed_rank_008_alphafold2_model_1_seed_002.pdb
503,36,Chemokine,0.75496,anc2_36_I_unrelaxed_rank_009_alphafold2_model_1_seed_000.pdb
504,36,Chemokine,0.76242,anc2_36_I_unrelaxed_rank_010_alphafold2_model_3_seed_000.pdb
505,36,Chemokine,0.74959,anc2_36_I_unrelaxed_rank_011_alphafold2_model_1_seed_001.pdb
506,36,Chemokine,0.76458,anc2_36_I_unrelaxed_rank_012_alphafold2_model_5_seed_004.pdb
507,36,Chemokine,0.76534,anc2_36_I_unrelaxed_rank_013_alphafold2_model_5_seed_003.pdb
508,36,Chemokine,0.76287,anc2_36_I_unrelaxed_rank_014_alphafold2_model_5_seed_001.pdb
509,36,Chemokine,0.763,anc2_36_I_unrelaxed_rank_015_alphafold2_model_4_seed_004.pdb
510,36,Chemokine,0.73964,anc2_36_I_unrelaxed_rank_016_alphafold2_model_2_seed_004.pdb
511,36,Chemokine,0.7651,anc2_36_I_unrelaxed_rank_017_alphafold2_model_4_seed_002.pdb
512,36,Chemokine,0.76546,anc2_36_I_unrelaxed_rank_018_alphafold2_model_4_seed_003.pdb
513,36,Chemokine,0.74615,anc2_36_I_unrelaxed_rank_019_alphafold2_model_1_seed_004.pdb
514,36,Chemokine,0.77238,anc2_36_I_unrelaxed_rank_020_alphafold2_model_5_seed_000.pdb
515,36,Chemokine,0.7418,anc2_36_I_unrelaxed_rank_021_alphafold2_model_2_seed_001.pdb
516,36,Chemokine,0.73697,anc2_36_I_unrelaxed_rank_022_alphafold2_model_2_seed_000.pdb
517,36,Chemokine,0.74812,anc2_36_I_unrelaxed_rank_023_alphafold2_model_4_seed_001.pdb
518,36,Chemokine,0.75123,anc2_36_I_unrelaxed_rank_024_alphafold2_model_4_seed_000.pdb
519,38,Chemokine,0.80688,anc2_38_I_unrelaxed_rank_001_alphafold2_model_2_seed_002.pdb
520,38,Chemokine,0.80687,anc2_38_I_unrelaxed_rank_002_alphafold2_model_2_seed_000.pdb
521,38,Chemokine,0.78022,anc2_38_I_unrelaxed_rank_003_alphafold2_model_2_seed_001.pdb
522,38,Chemokine,0.77904,anc2_38_I_unrelaxed_rank_004_alphafold2_model_2_seed_004.pdb
523,38,Chemokine,0.79399,anc2_38_I_unrelaxed_rank_005_alphafold2_model_2_seed_003.pdb
524,38,Chemokine,0.77583,anc2_38_I_unrelaxed_rank_006_alphafold2_model_4_seed_002.pdb
525,38,Chemokine,0.77268,anc2_38_I_unrelaxed_rank_007_alphafold2_model_5_seed_002.pdb
526,38,Chemokine,0.76964,anc2_38_I_unrelaxed_rank_008_alphafold2_model_5_seed_004.pdb
527,38,Chemokine,0.77051,anc2_38_I_unrelaxed_rank_009_alphafold2_model_5_seed_003.pdb
528,38,Chemokine,0.77109,anc2_38_I_unrelaxed_rank_010_alphafold2_model_5_seed_001.pdb
529,38,Chemokine,0.77047,anc2_38_I_unrelaxed_rank_011_alphafold2_model_5_seed_000.pdb
530,38,Chemokine,0.67535,anc2_38_I_unrelaxed_rank_012_alphafold2_model_1_seed_002.pdb
531,38,Chemokine,0.65298,anc2_38_I_unrelaxed_rank_013_alphafold2_model_3_seed_004.pdb
532,38,Chemokine,0.65364,anc2_38_I_unrelaxed_rank_014_alphafold2_model_3_seed_003.pdb
533,38,Chemokine,0.65851,anc2_38_I_unrelaxed_rank_015_alphafold2_model_3_seed_001.pdb
534,38,Chemokine,0.64895,anc2_38_I_unrelaxed_rank_016_alphafold2_model_3_seed_000.pdb
535,38,Chemokine,0.65555,anc2_38_I_unrelaxed_rank_017_alphafold2_model_3_seed_002.pdb
536,38,Chemokine,0.67601,anc2_38_I_unrelaxed_rank_018_alphafold2_model_4_seed_003.pdb
537,38,Chemokine,0.67486,anc2_38_I_unrelaxed_rank_019_alphafold2_model_4_seed_004.pdb
538,38,Chemokine,0.67748,anc2_38_I_unrelaxed_rank_020_alphafold2_model_1_seed_003.pdb
539,38,Chemokine,0.67863,anc2_38_I_unrelaxed_rank_021_alphafold2_model_4_seed_001.pdb
540,38,Chemokine,0.68498,anc2_38_I_unrelaxed_rank_022_alphafold2_model_1_seed_004.pdb
541,38,Chemokine,0.67616,anc2_38_I_unrelaxed_rank_023_alphafold2_model_4_seed_000.pdb
542,38,Chemokine,0.67195,anc2_38_I_unrelaxed_rank_024_alphafold2_model_1_seed_001.pdb
543,38,Chemokine,0.68032,anc2_38_I_unrelaxed_rank_025_alphafold2_model_1_seed_000.pdb
544,38,Chemokine,0.77983,anc2_38_L_unrelaxed_rank_001_alphafold2_model_1_seed_004.pdb
545,38,Chemokine,0.79475,anc2_38_L_unrelaxed_rank_002_alphafold2_model_2_seed_002.pdb
546,38,Chemokine,0.77268,anc2_38_L_unrelaxed_rank_003_alphafold2_model_1_seed_002.pdb
547,38,Chemokine,0.76993,anc2_38_L_unrelaxed_rank_004_alphafold2_model_1_seed_000.pdb
548,38,Chemokine,0.76867,anc2_38_L_unrelaxed_rank_005_alphafold2_model_1_seed_003.pdb
549,38,Chemokine,0.76232,anc2_38_L_unrelaxed_rank_006_alphafold2_model_1_seed_001.pdb
550,38,Chemokine,0.78821,anc2_38_L_unrelaxed_rank_007_alphafold2_model_2_seed_004.pdb
551,38,Chemokine,0.78107,anc2_38_L_unrelaxed_rank_008_alphafold2_model_2_seed_003.pdb
552,38,Chemokine,0.7855,anc2_38_L_unrelaxed_rank_009_alphafold2_model_2_seed_001.pdb
553,38,Chemokine,0.78419,anc2_38_L_unrelaxed_rank_010_alphafold2_model_2_seed_000.pdb
554,38,Chemokine,0.78146,anc2_38_L_unrelaxed_rank_011_alphafold2_model_5_seed_004.pdb
555,38,Chemokine,0.78073,anc2_38_L_unrelaxed_rank_012_alphafold2_model_5_seed_003.pdb
556,38,Chemokine,0.78075,anc2_38_L_unrelaxed_rank_013_alphafold2_model_5_seed_001.pdb
557,38,Chemokine,0.78117,anc2_38_L_unrelaxed_rank_014_alphafold2_model_5_seed_002.pdb
558,38,Chemokine,0.77998,anc2_38_L_unrelaxed_rank_015_alphafold2_model_5_seed_000.pdb
559,38,Chemokine,0.69058,anc2_38_L_unrelaxed_rank_016_alphafold2_model_4_seed_004.pdb
560,38,Chemokine,0.69193,anc2_38_L_unrelaxed_rank_017_alphafold2_model_4_seed_002.pdb
561,38,Chemokine,0.68869,anc2_38_L_unrelaxed_rank_018_alphafold2_model_4_seed_003.pdb
562,38,Chemokine,0.6885,anc2_38_L_unrelaxed_rank_019_alphafold2_model_4_seed_001.pdb
563,38,Chemokine,0.68808,anc2_38_L_unrelaxed_rank_020_alphafold2_model_4_seed_000.pdb
564,38,Chemokine,0.6823,anc2_38_L_unrelaxed_rank_021_alphafold2_model_3_seed_001.pdb
565,38,Chemokine,0.67779,anc2_38_L_unrelaxed_rank_022_alphafold2_model_3_seed_002.pdb
566,38,Chemokine,0.67738,anc2_38_L_unrelaxed_rank_023_alphafold2_model_3_seed_000.pdb
567,38,Chemokine,0.65608,anc2_38_L_unrelaxed_rank_024_alphafold2_model_3_seed_003.pdb
568,38,Chemokine,0.64453,anc2_38_L_unrelaxed_rank_025_alphafold2_model_3_seed_004.pdb
569,38,Chemokine,0.80238,anc2_38_V_unrelaxed_rank_001_alphafold2_model_2_seed_002.pdb
570,38,Chemokine,0.7912,anc2_38_V_unrelaxed_rank_002_alphafold2_model_2_seed_001.pdb
571,38,Chemokine,0.78816,anc2_38_V_unrelaxed_rank_003_alphafold2_model_2_seed_000.pdb
572,38,Chemokine,0.79656,anc2_38_V_unrelaxed_rank_004_alphafold2_model_2_seed_003.pdb
573,38,Chemokine,0.78425,anc2_38_V_unrelaxed_rank_005_alphafold2_model_2_seed_004.pdb
574,38,Chemokine,0.77584,anc2_38_V_unrelaxed_rank_006_alphafold2_model_5_seed_002.pdb
575,38,Chemokine,0.77154,anc2_38_V_unrelaxed_rank_007_alphafold2_model_5_seed_004.pdb
576,38,Chemokine,0.77231,anc2_38_V_unrelaxed_rank_008_alphafold2_model_5_seed_001.pdb
577,38,Chemokine,0.7718,anc2_38_V_unrelaxed_rank_009_alphafold2_model_5_seed_003.pdb
578,38,Chemokine,0.77136,anc2_38_V_unrelaxed_rank_010_alphafold2_model_5_seed_000.pdb
579,38,Chemokine,0.68498,anc2_38_V_unrelaxed_rank_011_alphafold2_model_1_seed_002.pdb
580,38,Chemokine,0.67164,anc2_38_V_unrelaxed_rank_012_alphafold2_model_1_seed_003.pdb
581,38,Chemokine,0.64224,anc2_38_V_unrelaxed_rank_013_alphafold2_model_3_seed_000.pdb
582,38,Chemokine,0.65047,anc2_38_V_unrelaxed_rank_014_alphafold2_model_3_seed_002.pdb
583,38,Chemokine,0.65212,anc2_38_V_unrelaxed_rank_015_alphafold2_model_3_seed_003.pdb
584,38,Chemokine,0.64251,anc2_38_V_unrelaxed_rank_016_alphafold2_model_3_seed_004.pdb
585,38,Chemokine,0.65794,anc2_38_V_unrelaxed_rank_017_alphafold2_model_3_seed_001.pdb
586,38,Chemokine,0.6718,anc2_38_V_unrelaxed_rank_018_alphafold2_model_1_seed_000.pdb
587,38,Chemokine,0.67363,anc2_38_V_unrelaxed_rank_019_alphafold2_model_1_seed_001.pdb
588,38,Chemokine,0.67772,anc2_38_V_unrelaxed_rank_020_alphafold2_model_1_seed_004.pdb
589,38,Chemokine,0.67333,anc2_38_V_unrelaxed_rank_021_alphafold2_model_4_seed_003.pdb
590,38,Chemokine,0.67632,anc2_38_V_unrelaxed_rank_022_alphafold2_model_4_seed_004.pdb
591,38,Chemokine,0.67467,anc2_38_V_unrelaxed_rank_023_alphafold2_model_4_seed_001.pdb
592,38,Chemokine,0.67504,anc2_38_V_unrelaxed_rank_024_alphafold2_model_4_seed_000.pdb
593,38,Chemokine,0.67683,anc2_38_V_unrelaxed_rank_025_alphafold2_model_4_seed_002.pdb
594,45,Dimer,0.53646,anc2_45_I_unrelaxed_rank_001_alphafold2_model_2_seed_002.pdb
595,45,Dimer,0.57562,anc2_45_I_unrelaxed_rank_002_alphafold2_model_1_seed_004.pdb
596,45,Dimer,0.62974,anc2_45_I_unrelaxed_rank_003_alphafold2_model_3_seed_001.pdb
597,45,Dimer,0.57599,anc2_45_I_unrelaxed_rank_004_alphafold2_model_1_seed_000.pdb
598,45,Dimer,0.629,anc2_45_I_unrelaxed_rank_005_alphafold2_model_3_seed_000.pdb
599,45,Dimer,0.57709,anc2_45_I_unrelaxed_rank_006_alphafold2_model_1_seed_001.pdb
600,45,Dimer,0.53749,anc2_45_I_unrelaxed_rank_007_alphafold2_model_2_seed_003.pdb
601,45,Dimer,0.57547,anc2_45_I_unrelaxed_rank_008_alphafold2_model_1_seed_002.pdb
602,45,Dimer,0.53507,anc2_45_I_unrelaxed_rank_009_alphafold2_model_2_seed_004.pdb
603,45,Dimer,0.53473,anc2_45_I_unrelaxed_rank_010_alphafold2_model_2_seed_001.pdb
604,45,Dimer,0.53678,anc2_45_I_unrelaxed_rank_011_alphafold2_model_2_seed_000.pdb
605,45,Dimer,0.62802,anc2_45_I_unrelaxed_rank_012_alphafold2_model_3_seed_004.pdb
606,45,Dimer,0.62828,anc2_45_I_unrelaxed_rank_013_alphafold2_model_3_seed_003.pdb
607,45,Dimer,0.57839,anc2_45_I_unrelaxed_rank_014_alphafold2_model_1_seed_003.pdb
608,45,Dimer,0.58425,anc2_45_I_unrelaxed_rank_015_alphafold2_model_4_seed_002.pdb
609,45,Dimer,0.58019,anc2_45_I_unrelaxed_rank_016_alphafold2_model_3_seed_002.pdb
610,45,Dimer,0.58397,anc2_45_I_unrelaxed_rank_017_alphafold2_model_4_seed_003.pdb
611,45,Dimer,0.58847,anc2_45_I_unrelaxed_rank_018_alphafold2_model_4_seed_004.pdb
612,45,Dimer,0.58673,anc2_45_I_unrelaxed_rank_019_alphafold2_model_4_seed_001.pdb
613,45,Dimer,0.58473,anc2_45_I_unrelaxed_rank_020_alphafold2_model_5_seed_001.pdb
614,45,Dimer,0.58727,anc2_45_I_unrelaxed_rank_021_alphafold2_model_4_seed_000.pdb
615,45,Dimer,0.58803,anc2_45_I_unrelaxed_rank_022_alphafold2_model_5_seed_000.pdb
616,45,Dimer,0.57402,anc2_45_I_unrelaxed_rank_023_alphafold2_model_5_seed_003.pdb
617,45,Dimer,0.57826,anc2_45_I_unrelaxed_rank_024_alphafold2_model_5_seed_004.pdb
618,45,Dimer,0.53783,anc2_45_I_unrelaxed_rank_025_alphafold2_model_5_seed_002.pdb
619,45,Dimer,0.53258,anc2_45_L_unrelaxed_rank_001_alphafold2_model_2_seed_002.pdb
620,45,Dimer,0.52722,anc2_45_L_unrelaxed_rank_002_alphafold2_model_2_seed_003.pdb
621,45,Dimer,0.53609,anc2_45_L_unrelaxed_rank_003_alphafold2_model_1_seed_003.pdb
622,45,Dimer,0.5704,anc2_45_L_unrelaxed_rank_004_alphafold2_model_2_seed_000.pdb
623,45,Dimer,0.53316,anc2_45_L_unrelaxed_rank_005_alphafold2_model_2_seed_004.pdb
624,45,Dimer,0.53525,anc2_45_L_unrelaxed_rank_006_alphafold2_model_1_seed_004.pdb
625,45,Dimer,0.53582,anc2_45_L_unrelaxed_rank_007_alphafold2_model_1_seed_002.pdb
626,45,Dimer,0.5356,anc2_45_L_unrelaxed_rank_008_alphafold2_model_1_seed_000.pdb
627,45,Dimer,0.53611,anc2_45_L_unrelaxed_rank_009_alphafold2_model_1_seed_001.pdb
628,45,Dimer,0.61967,anc2_45_L_unrelaxed_rank_010_alphafold2_model_3_seed_001.pdb
629,45,Dimer,0.55889,anc2_45_L_unrelaxed_rank_011_alphafold2_model_2_seed_001.pdb
630,45,Dimer,0.57636,anc2_45_L_unrelaxed_rank_012_alphafold2_model_3_seed_004.pdb
631,45,Dimer,0.57005,anc2_45_L_unrelaxed_rank_013_alphafold2_model_3_seed_002.pdb
632,45,Dimer,0.57091,anc2_45_L_unrelaxed_rank_014_alphafold2_model_3_seed_003.pdb
633,45,Dimer,0.56333,anc2_45_L_unrelaxed_rank_015_alphafold2_model_5_seed_002.pdb
634,45,Dimer,0.56846,anc2_45_L_unrelaxed_rank_016_alphafold2_model_5_seed_003.pdb
635,45,Dimer,0.57583,anc2_45_L_unrelaxed_rank_017_alphafold2_model_3_seed_000.pdb
636,45,Dimer,0.56717,anc2_45_L_unrelaxed_rank_018_alphafold2_model_4_seed_003.pdb
637,45,Dimer,0.57045,anc2_45_L_unrelaxed_rank_019_alphafold2_model_4_seed_004.pdb
638,45,Dimer,0.57295,anc2_45_L_unrelaxed_rank_020_alphafold2_model_4_seed_001.pdb
639,45,Dimer,0.56509,anc2_45_L_unrelaxed_rank_021_alphafold2_model_5_seed_000.pdb
640,45,Dimer,0.56821,anc2_45_L_unrelaxed_rank_022_alphafold2_model_5_seed_004.pdb
641,45,Dimer,0.56442,anc2_45_L_unrelaxed_rank_023_alphafold2_model_5_seed_001.pdb
642,45,Dimer,0.56356,anc2_45_L_unrelaxed_rank_024_alphafold2_model_4_seed_002.pdb
643,45,Dimer,0.5738,anc2_45_L_unrelaxed_rank_025_alphafold2_model_4_seed_000.pdb
644,45,Dimer,0.53444,anc2_45_V_unrelaxed_rank_001_alphafold2_model_2_seed_003.pdb
645,45,Dimer,0.53477,anc2_45_V_unrelaxed_rank_002_alphafold2_model_2_seed_004.pdb
646,45,Dimer,0.53651,anc2_45_V_unrelaxed_rank_003_alphafold2_model_2_seed_002.pdb
647,45,Dimer,0.57441,anc2_45_V_unrelaxed_rank_004_alphafold2_model_1_seed_004.pdb
648,45,Dimer,0.57414,anc2_45_V_unrelaxed_rank_005_alphafold2_model_1_seed_000.pdb
649,45,Dimer,0.53112,anc2_45_V_unrelaxed_rank_006_alphafold2_model_2_seed_001.pdb
650,45,Dimer,0.57455,anc2_45_V_unrelaxed_rank_007_alphafold2_model_1_seed_001.pdb
651,45,Dimer,0.57331,anc2_45_V_unrelaxed_rank_008_alphafold2_model_1_seed_002.pdb
652,45,Dimer,0.61986,anc2_45_V_unrelaxed_rank_009_alphafold2_model_3_seed_001.pdb
653,45,Dimer,0.6216,anc2_45_V_unrelaxed_rank_010_alphafold2_model_3_seed_004.pdb
654,45,Dimer,0.62111,anc2_45_V_unrelaxed_rank_011_alphafold2_model_3_seed_003.pdb
655,45,Dimer,0.59245,anc2_45_V_unrelaxed_rank_012_alphafold2_model_1_seed_003.pdb
656,45,Dimer,0.53971,anc2_45_V_unrelaxed_rank_013_alphafold2_model_2_seed_000.pdb
657,45,Dimer,0.61151,anc2_45_V_unrelaxed_rank_014_alphafold2_model_3_seed_002.pdb
658,45,Dimer,0.61311,anc2_45_V_unrelaxed_rank_015_alphafold2_model_3_seed_000.pdb
659,45,Dimer,0.59953,anc2_45_V_unrelaxed_rank_016_alphafold2_model_4_seed_004.pdb
660,45,Dimer,0.61269,anc2_45_V_unrelaxed_rank_017_alphafold2_model_4_seed_001.pdb
661,45,Dimer,0.59267,anc2_45_V_unrelaxed_rank_018_alphafold2_model_4_seed_003.pdb
662,45,Dimer,0.608,anc2_45_V_unrelaxed_rank_019_alphafold2_model_4_seed_002.pdb
663,45,Dimer,0.61983,anc2_45_V_unrelaxed_rank_020_alphafold2_model_5_seed_001.pdb
664,45,Dimer,0.61458,anc2_45_V_unrelaxed_rank_021_alphafold2_model_4_seed_000.pdb
665,45,Dimer,0.61114,anc2_45_V_unrelaxed_rank_022_alphafold2_model_5_seed_000.pdb
666,45,Dimer,0.60901,anc2_45_V_unrelaxed_rank_023_alphafold2_model_5_seed_003.pdb
667,47,Chemokine,0.80688,anc2_47_I_unrelaxed_rank_001_alphafold2_model_2_seed_002.pdb
668,47,Chemokine,0.80687,anc2_47_I_unrelaxed_rank_002_alphafold2_model_2_seed_000.pdb
669,47,Chemokine,0.78022,anc2_47_I_unrelaxed_rank_003_alphafold2_model_2_seed_001.pdb
670,47,Chemokine,0.77904,anc2_47_I_unrelaxed_rank_004_alphafold2_model_2_seed_004.pdb
671,47,Chemokine,0.79399,anc2_47_I_unrelaxed_rank_005_alphafold2_model_2_seed_003.pdb
672,47,Chemokine,0.77583,anc2_47_I_unrelaxed_rank_006_alphafold2_model_4_seed_002.pdb
673,47,Chemokine,0.77268,anc2_47_I_unrelaxed_rank_007_alphafold2_model_5_seed_002.pdb
674,47,Chemokine,0.76964,anc2_47_I_unrelaxed_rank_008_alphafold2_model_5_seed_004.pdb
675,47,Chemokine,0.77051,anc2_47_I_unrelaxed_rank_009_alphafold2_model_5_seed_003.pdb
676,47,Chemokine,0.77109,anc2_47_I_unrelaxed_rank_010_alphafold2_model_5_seed_001.pdb
677,47,Chemokine,0.77047,anc2_47_I_unrelaxed_rank_011_alphafold2_model_5_seed_000.pdb
678,47,Chemokine,0.67535,anc2_47_I_unrelaxed_rank_012_alphafold2_model_1_seed_002.pdb
679,47,Chemokine,0.65298,anc2_47_I_unrelaxed_rank_013_alphafold2_model_3_seed_004.pdb
680,47,Chemokine,0.65364,anc2_47_I_unrelaxed_rank_014_alphafold2_model_3_seed_003.pdb
681,47,Chemokine,0.65851,anc2_47_I_unrelaxed_rank_015_alphafold2_model_3_seed_001.pdb
682,47,Chemokine,0.64895,anc2_47_I_unrelaxed_rank_016_alphafold2_model_3_seed_000.pdb
683,47,Chemokine,0.65555,anc2_47_I_unrelaxed_rank_017_alphafold2_model_3_seed_002.pdb
684,47,Chemokine,0.67601,anc2_47_I_unrelaxed_rank_018_alphafold2_model_4_seed_003.pdb
685,47,Chemokine,0.67486,anc2_47_I_unrelaxed_rank_019_alphafold2_model_4_seed_004.pdb
686,47,Chemokine,0.67748,anc2_47_I_unrelaxed_rank_020_alphafold2_model_1_seed_003.pdb
687,47,Chemokine,0.67863,anc2_47_I_unrelaxed_rank_021_alphafold2_model_4_seed_001.pdb
688,47,Chemokine,0.68498,anc2_47_I_unrelaxed_rank_022_alphafold2_model_1_seed_004.pdb
689,47,Chemokine,0.67616,anc2_47_I_unrelaxed_rank_023_alphafold2_model_4_seed_000.pdb
690,47,Chemokine,0.67195,anc2_47_I_unrelaxed_rank_024_alphafold2_model_1_seed_001.pdb
691,47,Chemokine,0.68032,anc2_47_I_unrelaxed_rank_025_alphafold2_model_1_seed_000.pdb
692,47,Chemokine,0.7741,anc2_47_L_unrelaxed_rank_001_alphafold2_model_2_seed_002.pdb
693,47,Chemokine,0.75329,anc2_47_L_unrelaxed_rank_002_alphafold2_model_1_seed_002.pdb
694,47,Chemokine,0.77635,anc2_47_L_unrelaxed_rank_003_alphafold2_model_2_seed_001.pdb
695,47,Chemokine,0.77306,anc2_47_L_unrelaxed_rank_004_alphafold2_model_2_seed_000.pdb
696,47,Chemokine,0.77357,anc2_47_L_unrelaxed_rank_005_alphafold2_model_2_seed_004.pdb
697,47,Chemokine,0.77196,anc2_47_L_unrelaxed_rank_006_alphafold2_model_2_seed_003.pdb
698,47,Chemokine,0.77165,anc2_47_L_unrelaxed_rank_007_alphafold2_model_4_seed_002.pdb
699,47,Chemokine,0.76806,anc2_47_L_unrelaxed_rank_008_alphafold2_model_5_seed_004.pdb
700,47,Chemokine,0.77123,anc2_47_L_unrelaxed_rank_009_alphafold2_model_5_seed_003.pdb
701,47,Chemokine,0.77079,anc2_47_L_unrelaxed_rank_010_alphafold2_model_5_seed_002.pdb
702,47,Chemokine,0.76889,anc2_47_L_unrelaxed_rank_011_alphafold2_model_5_seed_000.pdb
703,47,Chemokine,0.76819,anc2_47_L_unrelaxed_rank_012_alphafold2_model_5_seed_001.pdb
704,47,Chemokine,0.64286,anc2_47_L_unrelaxed_rank_013_alphafold2_model_3_seed_003.pdb
705,47,Chemokine,0.64215,anc2_47_L_unrelaxed_rank_014_alphafold2_model_3_seed_004.pdb
706,47,Chemokine,0.64335,anc2_47_L_unrelaxed_rank_015_alphafold2_model_3_seed_001.pdb
707,47,Chemokine,0.66716,anc2_47_L_unrelaxed_rank_016_alphafold2_model_4_seed_004.pdb
708,47,Chemokine,0.64093,anc2_47_L_unrelaxed_rank_017_alphafold2_model_3_seed_000.pdb
709,47,Chemokine,0.64058,anc2_47_L_unrelaxed_rank_018_alphafold2_model_3_seed_002.pdb
710,47,Chemokine,0.67086,anc2_47_L_unrelaxed_rank_019_alphafold2_model_4_seed_003.pdb
711,47,Chemokine,0.66674,anc2_47_L_unrelaxed_rank_020_alphafold2_model_4_seed_001.pdb
712,47,Chemokine,0.66763,anc2_47_L_unrelaxed_rank_021_alphafold2_model_4_seed_000.pdb
713,47,Dimer,0.5348,anc2_47_L_unrelaxed_rank_022_alphafold2_model_1_seed_000.pdb
714,47,Dimer,0.57242,anc2_47_L_unrelaxed_rank_023_alphafold2_model_1_seed_001.pdb
715,47,Chemokine,0.78483,anc2_47_M_unrelaxed_rank_001_alphafold2_model_2_seed_002.pdb
716,47,Chemokine,0.77283,anc2_47_M_unrelaxed_rank_002_alphafold2_model_1_seed_004.pdb
717,47,Chemokine,0.78301,anc2_47_M_unrelaxed_rank_003_alphafold2_model_2_seed_004.pdb
718,47,Chemokine,0.76926,anc2_47_M_unrelaxed_rank_004_alphafold2_model_1_seed_002.pdb
719,47,Chemokine,0.78307,anc2_47_M_unrelaxed_rank_005_alphafold2_model_2_seed_000.pdb
720,47,Chemokine,0.78166,anc2_47_M_unrelaxed_rank_006_alphafold2_model_2_seed_001.pdb
721,47,Chemokine,0.77983,anc2_47_M_unrelaxed_rank_007_alphafold2_model_2_seed_003.pdb
722,47,Chemokine,0.7579,anc2_47_M_unrelaxed_rank_008_alphafold2_model_1_seed_000.pdb
723,47,Chemokine,0.78088,anc2_47_M_unrelaxed_rank_009_alphafold2_model_4_seed_002.pdb
724,47,Chemokine,0.76779,anc2_47_M_unrelaxed_rank_010_alphafold2_model_1_seed_001.pdb
725,47,Chemokine,0.75762,anc2_47_M_unrelaxed_rank_011_alphafold2_model_1_seed_003.pdb
726,47,Chemokine,0.7884,anc2_47_M_unrelaxed_rank_012_alphafold2_model_4_seed_004.pdb
727,47,Chemokine,0.77542,anc2_47_M_unrelaxed_rank_013_alphafold2_model_5_seed_003.pdb
728,47,Chemokine,0.7786,anc2_47_M_unrelaxed_rank_014_alphafold2_model_5_seed_002.pdb
729,47,Chemokine,0.7728,anc2_47_M_unrelaxed_rank_015_alphafold2_model_5_seed_001.pdb
730,47,Chemokine,0.76972,anc2_47_M_unrelaxed_rank_016_alphafold2_model_5_seed_000.pdb
731,47,Chemokine,0.65726,anc2_47_M_unrelaxed_rank_017_alphafold2_model_3_seed_000.pdb
732,47,Chemokine,0.66135,anc2_47_M_unrelaxed_rank_018_alphafold2_model_3_seed_004.pdb
733,47,Chemokine,0.68032,anc2_47_M_unrelaxed_rank_019_alphafold2_model_4_seed_003.pdb
734,47,Chemokine,0.6653,anc2_47_M_unrelaxed_rank_020_alphafold2_model_3_seed_001.pdb
735,47,Chemokine,0.65459,anc2_47_M_unrelaxed_rank_021_alphafold2_model_3_seed_002.pdb
736,47,Chemokine,0.66746,anc2_47_M_unrelaxed_rank_022_alphafold2_model_3_seed_003.pdb
737,47,Chemokine,0.67485,anc2_47_M_unrelaxed_rank_023_alphafold2_model_4_seed_001.pdb
738,47,Chemokine,0.67404,anc2_47_M_unrelaxed_rank_024_alphafold2_model_4_seed_000.pdb
739,14,Chemokine,0.75389,anc2a_14_I_unrelaxed_rank_001_alphafold2_model_3_seed_004.pdb
740,14,Chemokine,0.74649,anc2a_14_I_unrelaxed_rank_002_alphafold2_model_3_seed_002.pdb
741,14,Chemokine,0.74943,anc2a_14_I_unrelaxed_rank_003_alphafold2_model_3_seed_001.pdb
742,14,Chemokine,0.75892,anc2a_14_I_unrelaxed_rank_004_alphafold2_model_2_seed_004.pdb
743,14,Chemokine,0.75767,anc2a_14_I_unrelaxed_rank_005_alphafold2_model_2_seed_003.pdb
744,14,Chemokine,0.75835,anc2a_14_I_unrelaxed_rank_006_alphafold2_model_1_seed_000.pdb
745,14,Chemokine,0.75798,anc2a_14_I_unrelaxed_rank_007_alphafold2_model_1_seed_004.pdb
746,14,Chemokine,0.75769,anc2a_14_I_unrelaxed_rank_008_alphafold2_model_2_seed_002.pdb
747,14,Chemokine,0.75641,anc2a_14_I_unrelaxed_rank_009_alphafold2_model_2_seed_001.pdb
748,14,Chemokine,0.76116,anc2a_14_I_unrelaxed_rank_010_alphafold2_model_2_seed_000.pdb
749,14,Chemokine,0.74274,anc2a_14_I_unrelaxed_rank_011_alphafold2_model_3_seed_000.pdb
750,14,Chemokine,0.74424,anc2a_14_I_unrelaxed_rank_012_alphafold2_model_3_seed_003.pdb
751,14,Chemokine,0.76427,anc2a_14_I_unrelaxed_rank_013_alphafold2_model_5_seed_002.pdb
752,14,Chemokine,0.76786,anc2a_14_I_unrelaxed_rank_014_alphafold2_model_5_seed_004.pdb
753,14,Chemokine,0.76363,anc2a_14_I_unrelaxed_rank_015_alphafold2_model_5_seed_003.pdb
754,14,Chemokine,0.76174,anc2a_14_I_unrelaxed_rank_016_alphafold2_model_4_seed_002.pdb
755,14,Chemokine,0.76171,anc2a_14_I_unrelaxed_rank_017_alphafold2_model_4_seed_004.pdb
756,14,Chemokine,0.76648,anc2a_14_I_unrelaxed_rank_018_alphafold2_model_5_seed_001.pdb
757,14,Chemokine,0.76003,anc2a_14_I_unrelaxed_rank_019_alphafold2_model_4_seed_000.pdb
758,14,Chemokine,0.76593,anc2a_14_I_unrelaxed_rank_020_alphafold2_model_5_seed_000.pdb
759,14,Chemokine,0.76728,anc2a_14_I_unrelaxed_rank_021_alphafold2_model_4_seed_003.pdb
760,14,Chemokine,0.76177,anc2a_14_I_unrelaxed_rank_022_alphafold2_model_4_seed_001.pdb
761,14,Chemokine,0.75877,anc2a_14_L_unrelaxed_rank_001_alphafold2_model_2_seed_004.pdb
762,14,Chemokine,0.75874,anc2a_14_L_unrelaxed_rank_002_alphafold2_model_2_seed_000.pdb
763,14,Chemokine,0.75852,anc2a_14_L_unrelaxed_rank_003_alphafold2_model_2_seed_003.pdb
764,14,Chemokine,0.75923,anc2a_14_L_unrelaxed_rank_004_alphafold2_model_2_seed_002.pdb
765,14,Chemokine,0.75354,anc2a_14_L_unrelaxed_rank_005_alphafold2_model_1_seed_004.pdb
766,14,Chemokine,0.75827,anc2a_14_L_unrelaxed_rank_006_alphafold2_model_2_seed_001.pdb
767,14,Chemokine,0.73837,anc2a_14_L_unrelaxed_rank_007_alphafold2_model_3_seed_004.pdb
768,14,Chemokine,0.73635,anc2a_14_L_unrelaxed_rank_008_alphafold2_model_3_seed_002.pdb
769,14,Chemokine,0.73673,anc2a_14_L_unrelaxed_rank_009_alphafold2_model_3_seed_003.pdb
770,14,Chemokine,0.73063,anc2a_14_L_unrelaxed_rank_010_alphafold2_model_3_seed_000.pdb
771,14,Chemokine,0.72805,anc2a_14_L_unrelaxed_rank_011_alphafold2_model_3_seed_001.pdb
772,14,Chemokine,0.7579,anc2a_14_L_unrelaxed_rank_012_alphafold2_model_5_seed_002.pdb
773,14,Chemokine,0.75093,anc2a_14_L_unrelaxed_rank_013_alphafold2_model_4_seed_003.pdb
774,14,Chemokine,0.75935,anc2a_14_L_unrelaxed_rank_014_alphafold2_model_5_seed_004.pdb
775,14,Chemokine,0.7552,anc2a_14_L_unrelaxed_rank_015_alphafold2_model_4_seed_004.pdb
776,14,Chemokine,0.75999,anc2a_14_L_unrelaxed_rank_016_alphafold2_model_4_seed_002.pdb
777,14,Chemokine,0.75255,anc2a_14_L_unrelaxed_rank_017_alphafold2_model_4_seed_001.pdb
778,14,Chemokine,0.75161,anc2a_14_L_unrelaxed_rank_018_alphafold2_model_4_seed_000.pdb
779,14,Chemokine,0.75687,anc2a_14_L_unrelaxed_rank_019_alphafold2_model_5_seed_003.pdb
780,14,Chemokine,0.75695,anc2a_14_L_unrelaxed_rank_020_alphafold2_model_5_seed_001.pdb
781,14,Chemokine,0.75626,anc2a_14_L_unrelaxed_rank_021_alphafold2_model_5_seed_000.pdb
782,14,Chemokine,0.74324,anc2a_14_V_unrelaxed_rank_001_alphafold2_model_3_seed_002.pdb
783,14,Chemokine,0.75959,anc2a_14_V_unrelaxed_rank_002_alphafold2_model_2_seed_004.pdb
784,14,Chemokine,0.76011,anc2a_14_V_unrelaxed_rank_003_alphafold2_model_2_seed_002.pdb
785,14,Chemokine,0.76128,anc2a_14_V_unrelaxed_rank_004_alphafold2_model_2_seed_001.pdb
786,14,Chemokine,0.75964,anc2a_14_V_unrelaxed_rank_005_alphafold2_model_2_seed_003.pdb
787,14,Chemokine,0.74506,anc2a_14_V_unrelaxed_rank_006_alphafold2_model_3_seed_004.pdb
788,14,Chemokine,0.74043,anc2a_14_V_unrelaxed_rank_007_alphafold2_model_3_seed_003.pdb
789,14,Chemokine,0.75883,anc2a_14_V_unrelaxed_rank_008_alphafold2_model_2_seed_000.pdb
790,14,Chemokine,0.74345,anc2a_14_V_unrelaxed_rank_009_alphafold2_model_3_seed_001.pdb
791,14,Chemokine,0.74519,anc2a_14_V_unrelaxed_rank_010_alphafold2_model_3_seed_000.pdb
792,14,Chemokine,0.74948,anc2a_14_V_unrelaxed_rank_011_alphafold2_model_1_seed_004.pdb
793,14,Chemokine,0.75792,anc2a_14_V_unrelaxed_rank_012_alphafold2_model_4_seed_002.pdb
794,14,Chemokine,0.75696,anc2a_14_V_unrelaxed_rank_013_alphafold2_model_4_seed_004.pdb
795,14,Chemokine,0.76159,anc2a_14_V_unrelaxed_rank_014_alphafold2_model_4_seed_003.pdb
796,14,Chemokine,0.75591,anc2a_14_V_unrelaxed_rank_015_alphafold2_model_4_seed_001.pdb
797,14,Chemokine,0.75851,anc2a_14_V_unrelaxed_rank_016_alphafold2_model_5_seed_002.pdb
798,14,Chemokine,0.76158,anc2a_14_V_unrelaxed_rank_017_alphafold2_model_4_seed_000.pdb
799,14,Chemokine,0.76006,anc2a_14_V_unrelaxed_rank_018_alphafold2_model_5_seed_004.pdb
800,14,Chemokine,0.75568,anc2a_14_V_unrelaxed_rank_019_alphafold2_model_5_seed_003.pdb
801,14,Chemokine,0.75739,anc2a_14_V_unrelaxed_rank_020_alphafold2_model_5_seed_001.pdb
802,14,Chemokine,0.75887,anc2a_14_V_unrelaxed_rank_021_alphafold2_model_5_seed_000.pdb
803,14,Chemokine,0.69951,anc2a_14_V_unrelaxed_rank_022_alphafold2_model_1_seed_000.pdb
804,14,Chemokine,0.69214,anc2a_14_V_unrelaxed_rank_023_alphafold2_model_1_seed_001.pdb
805,36,Chemokine,0.76986,anc2a_36_A_unrelaxed_rank_001_alphafold2_model_2_seed_004.pdb
806,36,Chemokine,0.76977,anc2a_36_A_unrelaxed_rank_002_alphafold2_model_2_seed_003.pdb
807,36,Chemokine,0.77026,anc2a_36_A_unrelaxed_rank_003_alphafold2_model_2_seed_002.pdb
808,36,Chemokine,0.75313,anc2a_36_A_unrelaxed_rank_004_alphafold2_model_3_seed_002.pdb
809,36,Chemokine,0.76132,anc2a_36_A_unrelaxed_rank_005_alphafold2_model_1_seed_004.pdb
810,36,Chemokine,0.76839,anc2a_36_A_unrelaxed_rank_006_alphafold2_model_2_seed_001.pdb
811,36,Chemokine,0.76906,anc2a_36_A_unrelaxed_rank_007_alphafold2_model_2_seed_000.pdb
812,36,Chemokine,0.76313,anc2a_36_A_unrelaxed_rank_008_alphafold2_model_1_seed_002.pdb
813,36,Chemokine,0.76824,anc2a_36_A_unrelaxed_rank_009_alphafold2_model_1_seed_000.pdb
814,36,Chemokine,0.76559,anc2a_36_A_unrelaxed_rank_010_alphafold2_model_1_seed_001.pdb
815,36,Chemokine,0.76093,anc2a_36_A_unrelaxed_rank_011_alphafold2_model_1_seed_003.pdb
816,36,Chemokine,0.7603,anc2a_36_A_unrelaxed_rank_012_alphafold2_model_3_seed_003.pdb
817,36,Chemokine,0.75604,anc2a_36_A_unrelaxed_rank_013_alphafold2_model_3_seed_001.pdb
818,36,Chemokine,0.78547,anc2a_36_A_unrelaxed_rank_014_alphafold2_model_4_seed_002.pdb
819,36,Chemokine,0.77256,anc2a_36_A_unrelaxed_rank_015_alphafold2_model_5_seed_002.pdb
820,36,Chemokine,0.77398,anc2a_36_A_unrelaxed_rank_016_alphafold2_model_5_seed_003.pdb
821,36,Chemokine,0.7721,anc2a_36_A_unrelaxed_rank_017_alphafold2_model_5_seed_004.pdb
822,36,Chemokine,0.7728,anc2a_36_A_unrelaxed_rank_018_alphafold2_model_5_seed_001.pdb
823,36,Chemokine,0.77253,anc2a_36_A_unrelaxed_rank_019_alphafold2_model_5_seed_000.pdb
824,36,Chemokine,0.69336,anc2a_36_A_unrelaxed_rank_020_alphafold2_model_4_seed_004.pdb
825,36,Chemokine,0.69532,anc2a_36_A_unrelaxed_rank_021_alphafold2_model_4_seed_003.pdb
826,36,Chemokine,0.69401,anc2a_36_A_unrelaxed_rank_022_alphafold2_model_4_seed_001.pdb
827,36,Chemokine,0.69379,anc2a_36_A_unrelaxed_rank_023_alphafold2_model_4_seed_000.pdb
828,36,Chemokine,0.78932,anc2a_36_G_unrelaxed_rank_001_alphafold2_model_2_seed_002.pdb
829,36,Chemokine,0.79191,anc2a_36_G_unrelaxed_rank_002_alphafold2_model_2_seed_004.pdb
830,36,Chemokine,0.79229,anc2a_36_G_unrelaxed_rank_003_alphafold2_model_2_seed_003.pdb
831,36,Chemokine,0.79338,anc2a_36_G_unrelaxed_rank_004_alphafold2_model_2_seed_000.pdb
832,36,Chemokine,0.76468,anc2a_36_G_unrelaxed_rank_005_alphafold2_model_3_seed_004.pdb
833,36,Chemokine,0.78379,anc2a_36_G_unrelaxed_rank_006_alphafold2_model_1_seed_003.pdb
834,36,Chemokine,0.79198,anc2a_36_G_unrelaxed_rank_007_alphafold2_model_2_seed_001.pdb
835,36,Chemokine,0.78685,anc2a_36_G_unrelaxed_rank_008_alphafold2_model_1_seed_000.pdb
836,36,Chemokine,0.76134,anc2a_36_G_unrelaxed_rank_009_alphafold2_model_3_seed_003.pdb
837,36,Chemokine,0.75681,anc2a_36_G_unrelaxed_rank_010_alphafold2_model_3_seed_001.pdb
838,36,Chemokine,0.77973,anc2a_36_G_unrelaxed_rank_011_alphafold2_model_1_seed_002.pdb
839,36,Chemokine,0.76007,anc2a_36_G_unrelaxed_rank_012_alphafold2_model_3_seed_002.pdb
840,36,Chemokine,0.77915,anc2a_36_G_unrelaxed_rank_013_alphafold2_model_1_seed_004.pdb
841,36,Chemokine,0.76372,anc2a_36_G_unrelaxed_rank_014_alphafold2_model_3_seed_000.pdb
842,36,Chemokine,0.79098,anc2a_36_G_unrelaxed_rank_015_alphafold2_model_4_seed_004.pdb
843,36,Chemokine,0.78525,anc2a_36_G_unrelaxed_rank_016_alphafold2_model_4_seed_002.pdb
844,36,Chemokine,0.77898,anc2a_36_G_unrelaxed_rank_017_alphafold2_model_5_seed_003.pdb
845,36,Chemokine,0.77541,anc2a_36_G_unrelaxed_rank_018_alphafold2_model_5_seed_004.pdb
846,36,Chemokine,0.79875,anc2a_36_G_unrelaxed_rank_019_alphafold2_model_4_seed_000.pdb
847,36,Chemokine,0.77997,anc2a_36_G_unrelaxed_rank_020_alphafold2_model_5_seed_000.pdb
848,36,Chemokine,0.7911,anc2a_36_G_unrelaxed_rank_021_alphafold2_model_5_seed_001.pdb
849,36,Chemokine,0.72363,anc2a_36_G_unrelaxed_rank_022_alphafold2_model_1_seed_001.pdb
850,36,Chemokine,0.71139,anc2a_36_G_unrelaxed_rank_023_alphafold2_model_4_seed_003.pdb
851,36,Chemokine,0.7121,anc2a_36_G_unrelaxed_rank_024_alphafold2_model_4_seed_001.pdb
852,36,Chemokine,0.75557,anc2a_36_I_unrelaxed_rank_001_alphafold2_model_2_seed_003.pdb
853,36,Chemokine,0.74872,anc2a_36_I_unrelaxed_rank_002_alphafold2_model_3_seed_002.pdb
854,36,Chemokine,0.75545,anc2a_36_I_unrelaxed_rank_003_alphafold2_model_2_seed_002.pdb
855,36,Chemokine,0.75396,anc2a_36_I_unrelaxed_rank_004_alphafold2_model_3_seed_004.pdb
856,36,Chemokine,0.75223,anc2a_36_I_unrelaxed_rank_005_alphafold2_model_3_seed_001.pdb
857,36,Chemokine,0.75102,anc2a_36_I_unrelaxed_rank_006_alphafold2_model_3_seed_003.pdb
858,36,Chemokine,0.75844,anc2a_36_I_unrelaxed_rank_007_alphafold2_model_1_seed_003.pdb
859,36,Chemokine,0.75615,anc2a_36_I_unrelaxed_rank_008_alphafold2_model_1_seed_002.pdb
860,36,Chemokine,0.75602,anc2a_36_I_unrelaxed_rank_009_alphafold2_model_1_seed_004.pdb
861,36,Chemokine,0.7625,anc2a_36_I_unrelaxed_rank_010_alphafold2_model_2_seed_001.pdb
862,36,Chemokine,0.75424,anc2a_36_I_unrelaxed_rank_011_alphafold2_model_1_seed_001.pdb
863,36,Chemokine,0.75692,anc2a_36_I_unrelaxed_rank_012_alphafold2_model_1_seed_000.pdb
864,36,Chemokine,0.76074,anc2a_36_I_unrelaxed_rank_013_alphafold2_model_2_seed_000.pdb
865,36,Chemokine,0.76087,anc2a_36_I_unrelaxed_rank_014_alphafold2_model_5_seed_001.pdb
866,36,Chemokine,0.76355,anc2a_36_I_unrelaxed_rank_015_alphafold2_model_5_seed_003.pdb
867,36,Chemokine,0.75151,anc2a_36_I_unrelaxed_rank_016_alphafold2_model_5_seed_000.pdb
868,36,Chemokine,0.76462,anc2a_36_I_unrelaxed_rank_017_alphafold2_model_5_seed_004.pdb
869,36,Chemokine,0.75468,anc2a_36_I_unrelaxed_rank_018_alphafold2_model_4_seed_002.pdb
870,36,Chemokine,0.75543,anc2a_36_I_unrelaxed_rank_019_alphafold2_model_4_seed_004.pdb
871,36,Chemokine,0.75621,anc2a_36_I_unrelaxed_rank_020_alphafold2_model_4_seed_001.pdb
872,36,Chemokine,0.75722,anc2a_36_I_unrelaxed_rank_021_alphafold2_model_4_seed_003.pdb
873,36,Chemokine,0.75746,anc2a_36_I_unrelaxed_rank_022_alphafold2_model_4_seed_000.pdb
874,38,Chemokine,0.76986,anc2a_38_I_unrelaxed_rank_001_alphafold2_model_2_seed_004.pdb
875,38,Chemokine,0.76977,anc2a_38_I_unrelaxed_rank_002_alphafold2_model_2_seed_003.pdb
876,38,Chemokine,0.77026,anc2a_38_I_unrelaxed_rank_003_alphafold2_model_2_seed_002.pdb
877,38,Chemokine,0.75313,anc2a_38_I_unrelaxed_rank_004_alphafold2_model_3_seed_002.pdb
878,38,Chemokine,0.76132,anc2a_38_I_unrelaxed_rank_005_alphafold2_model_1_seed_004.pdb
879,38,Chemokine,0.76839,anc2a_38_I_unrelaxed_rank_006_alphafold2_model_2_seed_001.pdb
880,38,Chemokine,0.76906,anc2a_38_I_unrelaxed_rank_007_alphafold2_model_2_seed_000.pdb
881,38,Chemokine,0.76313,anc2a_38_I_unrelaxed_rank_008_alphafold2_model_1_seed_002.pdb
882,38,Chemokine,0.76824,anc2a_38_I_unrelaxed_rank_009_alphafold2_model_1_seed_000.pdb
883,38,Chemokine,0.76559,anc2a_38_I_unrelaxed_rank_010_alphafold2_model_1_seed_001.pdb
884,38,Chemokine,0.76093,anc2a_38_I_unrelaxed_rank_011_alphafold2_model_1_seed_003.pdb
885,38,Chemokine,0.7603,anc2a_38_I_unrelaxed_rank_012_alphafold2_model_3_seed_003.pdb
886,38,Chemokine,0.75604,anc2a_38_I_unrelaxed_rank_013_alphafold2_model_3_seed_001.pdb
887,38,Chemokine,0.78547,anc2a_38_I_unrelaxed_rank_014_alphafold2_model_4_seed_002.pdb
888,38,Chemokine,0.77256,anc2a_38_I_unrelaxed_rank_015_alphafold2_model_5_seed_002.pdb
889,38,Chemokine,0.77398,anc2a_38_I_unrelaxed_rank_016_alphafold2_model_5_seed_003.pdb
890,38,Chemokine,0.7721,anc2a_38_I_unrelaxed_rank_017_alphafold2_model_5_seed_004.pdb
891,38,Chemokine,0.7728,anc2a_38_I_unrelaxed_rank_018_alphafold2_model_5_seed_001.pdb
892,38,Chemokine,0.77253,anc2a_38_I_unrelaxed_rank_019_alphafold2_model_5_seed_000.pdb
893,38,Chemokine,0.69336,anc2a_38_I_unrelaxed_rank_020_alphafold2_model_4_seed_004.pdb
894,38,Chemokine,0.69532,anc2a_38_I_unrelaxed_rank_021_alphafold2_model_4_seed_003.pdb
895,38,Chemokine,0.69401,anc2a_38_I_unrelaxed_rank_022_alphafold2_model_4_seed_001.pdb
896,38,Chemokine,0.69379,anc2a_38_I_unrelaxed_rank_023_alphafold2_model_4_seed_000.pdb
897,38,Chemokine,0.77645,anc2a_38_L_unrelaxed_rank_001_alphafold2_model_3_seed_001.pdb
898,38,Chemokine,0.78319,anc2a_38_L_unrelaxed_rank_002_alphafold2_model_2_seed_004.pdb
899,38,Chemokine,0.78375,anc2a_38_L_unrelaxed_rank_003_alphafold2_model_2_seed_003.pdb
900,38,Chemokine,0.78374,anc2a_38_L_unrelaxed_rank_004_alphafold2_model_2_seed_002.pdb
901,38,Chemokine,0.78332,anc2a_38_L_unrelaxed_rank_005_alphafold2_model_2_seed_000.pdb
902,38,Chemokine,0.78314,anc2a_38_L_unrelaxed_rank_006_alphafold2_model_2_seed_001.pdb
903,38,Chemokine,0.77032,anc2a_38_L_unrelaxed_rank_007_alphafold2_model_1_seed_004.pdb
904,38,Chemokine,0.7688,anc2a_38_L_unrelaxed_rank_008_alphafold2_model_1_seed_003.pdb
905,38,Chemokine,0.77009,anc2a_38_L_unrelaxed_rank_009_alphafold2_model_1_seed_002.pdb
906,38,Chemokine,0.76887,anc2a_38_L_unrelaxed_rank_010_alphafold2_model_1_seed_000.pdb
907,38,Chemokine,0.77282,anc2a_38_L_unrelaxed_rank_011_alphafold2_model_3_seed_003.pdb
908,38,Chemokine,0.77803,anc2a_38_L_unrelaxed_rank_012_alphafold2_model_1_seed_001.pdb
909,38,Chemokine,0.76396,anc2a_38_L_unrelaxed_rank_013_alphafold2_model_3_seed_002.pdb
910,38,Chemokine,0.76478,anc2a_38_L_unrelaxed_rank_014_alphafold2_model_3_seed_004.pdb
911,38,Chemokine,0.75906,anc2a_38_L_unrelaxed_rank_015_alphafold2_model_3_seed_000.pdb
912,38,Chemokine,0.7831,anc2a_38_L_unrelaxed_rank_016_alphafold2_model_5_seed_002.pdb
913,38,Chemokine,0.7923,anc2a_38_L_unrelaxed_rank_017_alphafold2_model_4_seed_003.pdb
914,38,Chemokine,0.77968,anc2a_38_L_unrelaxed_rank_018_alphafold2_model_5_seed_004.pdb
915,38,Chemokine,0.78018,anc2a_38_L_unrelaxed_rank_019_alphafold2_model_5_seed_003.pdb
916,38,Chemokine,0.79048,anc2a_38_L_unrelaxed_rank_020_alphafold2_model_4_seed_002.pdb
917,38,Chemokine,0.78082,anc2a_38_L_unrelaxed_rank_021_alphafold2_model_5_seed_001.pdb
918,38,Chemokine,0.77918,anc2a_38_L_unrelaxed_rank_022_alphafold2_model_4_seed_004.pdb
919,38,Chemokine,0.77856,anc2a_38_L_unrelaxed_rank_023_alphafold2_model_5_seed_000.pdb
920,38,Chemokine,0.78849,anc2a_38_L_unrelaxed_rank_024_alphafold2_model_4_seed_000.pdb
921,38,Chemokine,0.70521,anc2a_38_L_unrelaxed_rank_025_alphafold2_model_4_seed_001.pdb
922,38,Chemokine,0.76983,anc2a_38_V_unrelaxed_rank_001_alphafold2_model_2_seed_004.pdb
923,38,Chemokine,0.76912,anc2a_38_V_unrelaxed_rank_002_alphafold2_model_2_seed_002.pdb
924,38,Chemokine,0.77315,anc2a_38_V_unrelaxed_rank_003_alphafold2_model_2_seed_003.pdb
925,38,Chemokine,0.77365,anc2a_38_V_unrelaxed_rank_004_alphafold2_model_2_seed_000.pdb
926,38,Chemokine,0.75854,anc2a_38_V_unrelaxed_rank_005_alphafold2_model_1_seed_004.pdb
927,38,Chemokine,0.77094,anc2a_38_V_unrelaxed_rank_006_alphafold2_model_2_seed_001.pdb
928,38,Chemokine,0.75941,anc2a_38_V_unrelaxed_rank_007_alphafold2_model_1_seed_002.pdb
929,38,Chemokine,0.75852,anc2a_38_V_unrelaxed_rank_008_alphafold2_model_1_seed_000.pdb
930,38,Chemokine,0.77041,anc2a_38_V_unrelaxed_rank_009_alphafold2_model_5_seed_002.pdb
931,38,Chemokine,0.77417,anc2a_38_V_unrelaxed_rank_010_alphafold2_model_5_seed_004.pdb
932,38,Chemokine,0.77456,anc2a_38_V_unrelaxed_rank_011_alphafold2_model_5_seed_003.pdb
933,38,Chemokine,0.77642,anc2a_38_V_unrelaxed_rank_012_alphafold2_model_5_seed_001.pdb
934,38,Chemokine,0.77318,anc2a_38_V_unrelaxed_rank_013_alphafold2_model_5_seed_000.pdb
935,38,Chemokine,0.70976,anc2a_38_V_unrelaxed_rank_014_alphafold2_model_1_seed_001.pdb
936,38,Chemokine,0.70884,anc2a_38_V_unrelaxed_rank_015_alphafold2_model_1_seed_003.pdb
937,38,Chemokine,0.66762,anc2a_38_V_unrelaxed_rank_016_alphafold2_model_3_seed_002.pdb
938,38,Chemokine,0.66959,anc2a_38_V_unrelaxed_rank_017_alphafold2_model_3_seed_004.pdb
939,38,Chemokine,0.70023,anc2a_38_V_unrelaxed_rank_018_alphafold2_model_4_seed_003.pdb
940,38,Chemokine,0.66965,anc2a_38_V_unrelaxed_rank_019_alphafold2_model_3_seed_003.pdb
941,38,Chemokine,0.67115,anc2a_38_V_unrelaxed_rank_020_alphafold2_model_3_seed_000.pdb
942,38,Chemokine,0.67018,anc2a_38_V_unrelaxed_rank_021_alphafold2_model_3_seed_001.pdb
943,38,Chemokine,0.70126,anc2a_38_V_unrelaxed_rank_022_alphafold2_model_4_seed_004.pdb
944,38,Chemokine,0.70041,anc2a_38_V_unrelaxed_rank_023_alphafold2_model_4_seed_002.pdb
945,38,Chemokine,0.7022,anc2a_38_V_unrelaxed_rank_024_alphafold2_model_4_seed_001.pdb
946,38,Chemokine,0.70024,anc2a_38_V_unrelaxed_rank_025_alphafold2_model_4_seed_000.pdb
947,45,Dimer,0.5396,anc2a_45_I_unrelaxed_rank_001_alphafold2_model_2_seed_001.pdb
948,45,Dimer,0.57938,anc2a_45_I_unrelaxed_rank_002_alphafold2_model_3_seed_004.pdb
949,45,Dimer,0.5748,anc2a_45_I_unrelaxed_rank_003_alphafold2_model_3_seed_003.pdb
950,45,Dimer,0.54203,anc2a_45_I_unrelaxed_rank_004_alphafold2_model_2_seed_003.pdb
951,45,Dimer,0.56887,anc2a_45_I_unrelaxed_rank_005_alphafold2_model_3_seed_002.pdb
952,45,Dimer,0.57214,anc2a_45_I_unrelaxed_rank_006_alphafold2_model_2_seed_004.pdb
953,45,Dimer,0.57084,anc2a_45_I_unrelaxed_rank_007_alphafold2_model_2_seed_002.pdb
954,45,Dimer,0.5296,anc2a_45_I_unrelaxed_rank_008_alphafold2_model_1_seed_000.pdb
955,45,Dimer,0.56856,anc2a_45_I_unrelaxed_rank_009_alphafold2_model_3_seed_000.pdb
956,45,Dimer,0.54342,anc2a_45_I_unrelaxed_rank_010_alphafold2_model_1_seed_003.pdb
957,45,Dimer,0.53151,anc2a_45_I_unrelaxed_rank_011_alphafold2_model_1_seed_002.pdb
958,45,Dimer,0.53851,anc2a_45_I_unrelaxed_rank_012_alphafold2_model_3_seed_001.pdb
959,45,Dimer,0.53538,anc2a_45_I_unrelaxed_rank_013_alphafold2_model_1_seed_001.pdb
960,45,Dimer,0.54651,anc2a_45_I_unrelaxed_rank_014_alphafold2_model_2_seed_000.pdb
961,45,Dimer,0.58681,anc2a_45_I_unrelaxed_rank_015_alphafold2_model_5_seed_002.pdb
962,45,Dimer,0.55933,anc2a_45_I_unrelaxed_rank_016_alphafold2_model_1_seed_004.pdb
963,45,Dimer,0.58725,anc2a_45_I_unrelaxed_rank_017_alphafold2_model_5_seed_001.pdb
964,45,Dimer,0.59161,anc2a_45_I_unrelaxed_rank_018_alphafold2_model_5_seed_000.pdb
965,45,Dimer,0.5896,anc2a_45_I_unrelaxed_rank_019_alphafold2_model_5_seed_003.pdb
966,45,Dimer,0.57858,anc2a_45_I_unrelaxed_rank_020_alphafold2_model_4_seed_004.pdb
967,45,Dimer,0.57598,anc2a_45_I_unrelaxed_rank_021_alphafold2_model_4_seed_003.pdb
968,45,Dimer,0.57757,anc2a_45_I_unrelaxed_rank_022_alphafold2_model_4_seed_002.pdb
969,45,Dimer,0.57993,anc2a_45_I_unrelaxed_rank_023_alphafold2_model_4_seed_001.pdb
970,45,Dimer,0.58599,anc2a_45_I_unrelaxed_rank_024_alphafold2_model_5_seed_004.pdb
971,45,Dimer,0.58066,anc2a_45_I_unrelaxed_rank_025_alphafold2_model_4_seed_000.pdb
972,45,Dimer,0.52826,anc2a_45_L_unrelaxed_rank_001_alphafold2_model_2_seed_002.pdb
973,45,Dimer,0.57297,anc2a_45_L_unrelaxed_rank_002_alphafold2_model_3_seed_004.pdb
974,45,Dimer,0.56922,anc2a_45_L_unrelaxed_rank_003_alphafold2_model_3_seed_003.pdb
975,45,Dimer,0.52621,anc2a_45_L_unrelaxed_rank_004_alphafold2_model_2_seed_004.pdb
976,45,Dimer,0.56691,anc2a_45_L_unrelaxed_rank_005_alphafold2_model_3_seed_002.pdb
977,45,Dimer,0.56352,anc2a_45_L_unrelaxed_rank_006_alphafold2_model_3_seed_000.pdb
978,45,Dimer,0.5612,anc2a_45_L_unrelaxed_rank_007_alphafold2_model_3_seed_001.pdb
979,45,Dimer,0.5293,anc2a_45_L_unrelaxed_rank_008_alphafold2_model_2_seed_001.pdb
980,45,Dimer,0.52816,anc2a_45_L_unrelaxed_rank_009_alphafold2_model_1_seed_004.pdb
981,45,Dimer,0.53116,anc2a_45_L_unrelaxed_rank_010_alphafold2_model_1_seed_003.pdb
982,45,Dimer,0.55787,anc2a_45_L_unrelaxed_rank_011_alphafold2_model_2_seed_003.pdb
983,45,Dimer,0.5298,anc2a_45_L_unrelaxed_rank_012_alphafold2_model_1_seed_000.pdb
984,45,Dimer,0.54285,anc2a_45_L_unrelaxed_rank_013_alphafold2_model_1_seed_002.pdb
985,45,Dimer,0.59464,anc2a_45_L_unrelaxed_rank_014_alphafold2_model_5_seed_003.pdb
986,45,Dimer,0.59123,anc2a_45_L_unrelaxed_rank_015_alphafold2_model_5_seed_004.pdb
987,45,Dimer,0.54622,anc2a_45_L_unrelaxed_rank_016_alphafold2_model_1_seed_001.pdb
988,45,Dimer,0.58793,anc2a_45_L_unrelaxed_rank_017_alphafold2_model_5_seed_002.pdb
989,45,Dimer,0.5818,anc2a_45_L_unrelaxed_rank_018_alphafold2_model_5_seed_001.pdb
990,45,Dimer,0.5848,anc2a_45_L_unrelaxed_rank_019_alphafold2_model_5_seed_000.pdb
991,45,Dimer,0.54478,anc2a_45_L_unrelaxed_rank_020_alphafold2_model_2_seed_000.pdb
992,45,Dimer,0.57063,anc2a_45_L_unrelaxed_rank_021_alphafold2_model_4_seed_004.pdb
993,45,Dimer,0.57127,anc2a_45_L_unrelaxed_rank_022_alphafold2_model_4_seed_001.pdb
994,45,Dimer,0.56318,anc2a_45_L_unrelaxed_rank_023_alphafold2_model_4_seed_003.pdb
995,45,Dimer,0.57309,anc2a_45_L_unrelaxed_rank_024_alphafold2_model_4_seed_000.pdb
996,45,Dimer,0.56197,anc2a_45_L_unrelaxed_rank_025_alphafold2_model_4_seed_002.pdb
997,45,Dimer,0.57556,anc2a_45_V_unrelaxed_rank_001_alphafold2_model_3_seed_003.pdb
998,45,Dimer,0.54141,anc2a_45_V_unrelaxed_rank_002_alphafold2_model_2_seed_003.pdb
999,45,Dimer,0.5743,anc2a_45_V_unrelaxed_rank_003_alphafold2_model_3_seed_002.pdb
1000,45,Dimer,0.57579,anc2a_45_V_unrelaxed_rank_004_alphafold2_model_3_seed_004.pdb
1001,45,Dimer,0.57105,anc2a_45_V_unrelaxed_rank_005_alphafold2_model_3_seed_000.pdb
1002,45,Dimer,0.56838,anc2a_45_V_unrelaxed_rank_006_alphafold2_model_3_seed_001.pdb
1003,45,Dimer,0.54129,anc2a_45_V_unrelaxed_rank_007_alphafold2_model_2_seed_000.pdb
1004,45,Dimer,0.53144,anc2a_45_V_unrelaxed_rank_008_alphafold2_model_1_seed_003.pdb
1005,45,Dimer,0.52888,anc2a_45_V_unrelaxed_rank_009_alphafold2_model_1_seed_004.pdb
1006,45,Dimer,0.57101,anc2a_45_V_unrelaxed_rank_010_alphafold2_model_2_seed_002.pdb
1007,45,Dimer,0.54378,anc2a_45_V_unrelaxed_rank_011_alphafold2_model_2_seed_001.pdb
1008,45,Dimer,0.52927,anc2a_45_V_unrelaxed_rank_012_alphafold2_model_1_seed_000.pdb
1009,45,Dimer,0.56035,anc2a_45_V_unrelaxed_rank_013_alphafold2_model_1_seed_002.pdb
1010,45,Dimer,0.55609,anc2a_45_V_unrelaxed_rank_014_alphafold2_model_1_seed_001.pdb
1011,45,Dimer,0.59828,anc2a_45_V_unrelaxed_rank_015_alphafold2_model_5_seed_003.pdb
1012,45,Dimer,0.55803,anc2a_45_V_unrelaxed_rank_016_alphafold2_model_2_seed_004.pdb
1013,45,Dimer,0.58298,anc2a_45_V_unrelaxed_rank_017_alphafold2_model_5_seed_002.pdb
1014,45,Dimer,0.57575,anc2a_45_V_unrelaxed_rank_018_alphafold2_model_4_seed_004.pdb
1015,45,Dimer,0.58669,anc2a_45_V_unrelaxed_rank_019_alphafold2_model_5_seed_001.pdb
1016,45,Dimer,0.59258,anc2a_45_V_unrelaxed_rank_020_alphafold2_model_5_seed_000.pdb
1017,45,Dimer,0.58874,anc2a_45_V_unrelaxed_rank_021_alphafold2_model_5_seed_004.pdb
1018,45,Dimer,0.5838,anc2a_45_V_unrelaxed_rank_022_alphafold2_model_4_seed_001.pdb
1019,45,Dimer,0.57606,anc2a_45_V_unrelaxed_rank_023_alphafold2_model_4_seed_002.pdb
1020,45,Dimer,0.5828,anc2a_45_V_unrelaxed_rank_024_alphafold2_model_4_seed_000.pdb
1021,45,Dimer,0.54932,anc2a_45_V_unrelaxed_rank_025_alphafold2_model_4_seed_003.pdb
1022,47,Chemokine,0.76986,anc2a_47_I_unrelaxed_rank_001_alphafold2_model_2_seed_004.pdb
1023,47,Chemokine,0.76977,anc2a_47_I_unrelaxed_rank_002_alphafold2_model_2_seed_003.pdb
1024,47,Chemokine,0.77026,anc2a_47_I_unrelaxed_rank_003_alphafold2_model_2_seed_002.pdb
1025,47,Chemokine,0.75313,anc2a_47_I_unrelaxed_rank_004_alphafold2_model_3_seed_002.pdb
1026,47,Chemokine,0.76132,anc2a_47_I_unrelaxed_rank_005_alphafold2_model_1_seed_004.pdb
1027,47,Chemokine,0.76839,anc2a_47_I_unrelaxed_rank_006_alphafold2_model_2_seed_001.pdb
1028,47,Chemokine,0.76906,anc2a_47_I_unrelaxed_rank_007_alphafold2_model_2_seed_000.pdb
1029,47,Chemokine,0.76313,anc2a_47_I_unrelaxed_rank_008_alphafold2_model_1_seed_002.pdb
1030,47,Chemokine,0.76824,anc2a_47_I_unrelaxed_rank_009_alphafold2_model_1_seed_000.pdb
1031,47,Chemokine,0.76559,anc2a_47_I_unrelaxed_rank_010_alphafold2_model_1_seed_001.pdb
1032,47,Chemokine,0.76093,anc2a_47_I_unrelaxed_rank_011_alphafold2_model_1_seed_003.pdb
1033,47,Chemokine,0.7603,anc2a_47_I_unrelaxed_rank_012_alphafold2_model_3_seed_003.pdb
1034,47,Chemokine,0.75604,anc2a_47_I_unrelaxed_rank_013_alphafold2_model_3_seed_001.pdb
1035,47,Chemokine,0.78547,anc2a_47_I_unrelaxed_rank_014_alphafold2_model_4_seed_002.pdb
1036,47,Chemokine,0.77256,anc2a_47_I_unrelaxed_rank_015_alphafold2_model_5_seed_002.pdb
1037,47,Chemokine,0.77398,anc2a_47_I_unrelaxed_rank_016_alphafold2_model_5_seed_003.pdb
1038,47,Chemokine,0.7721,anc2a_47_I_unrelaxed_rank_017_alphafold2_model_5_seed_004.pdb
1039,47,Chemokine,0.7728,anc2a_47_I_unrelaxed_rank_018_alphafold2_model_5_seed_001.pdb
1040,47,Chemokine,0.77253,anc2a_47_I_unrelaxed_rank_019_alphafold2_model_5_seed_000.pdb
1041,47,Chemokine,0.69336,anc2a_47_I_unrelaxed_rank_020_alphafold2_model_4_seed_004.pdb
1042,47,Chemokine,0.69532,anc2a_47_I_unrelaxed_rank_021_alphafold2_model_4_seed_003.pdb
1043,47,Chemokine,0.69401,anc2a_47_I_unrelaxed_rank_022_alphafold2_model_4_seed_001.pdb
1044,47,Chemokine,0.69379,anc2a_47_I_unrelaxed_rank_023_alphafold2_model_4_seed_000.pdb
1045,47,Chemokine,0.77279,anc2a_47_L_unrelaxed_rank_001_alphafold2_model_2_seed_002.pdb
1046,47,Chemokine,0.77653,anc2a_47_L_unrelaxed_rank_002_alphafold2_model_2_seed_004.pdb
1047,47,Chemokine,0.77186,anc2a_47_L_unrelaxed_rank_003_alphafold2_model_2_seed_003.pdb
1048,47,Chemokine,0.77137,anc2a_47_L_unrelaxed_rank_004_alphafold2_model_2_seed_000.pdb
1049,47,Chemokine,0.76968,anc2a_47_L_unrelaxed_rank_005_alphafold2_model_2_seed_001.pdb
1050,47,Chemokine,0.75789,anc2a_47_L_unrelaxed_rank_006_alphafold2_model_1_seed_002.pdb
1051,47,Chemokine,0.78244,anc2a_47_L_unrelaxed_rank_007_alphafold2_model_4_seed_002.pdb
1052,47,Chemokine,0.76972,anc2a_47_L_unrelaxed_rank_008_alphafold2_model_5_seed_004.pdb
1053,47,Chemokine,0.77052,anc2a_47_L_unrelaxed_rank_009_alphafold2_model_5_seed_002.pdb
1054,47,Chemokine,0.77134,anc2a_47_L_unrelaxed_rank_010_alphafold2_model_5_seed_003.pdb
1055,47,Chemokine,0.76827,anc2a_47_L_unrelaxed_rank_011_alphafold2_model_5_seed_001.pdb
1056,47,Chemokine,0.76906,anc2a_47_L_unrelaxed_rank_012_alphafold2_model_5_seed_000.pdb
1057,47,Dimer,0.5351,anc2a_47_L_unrelaxed_rank_013_alphafold2_model_1_seed_004.pdb
1058,47,Dimer,0.55604,anc2a_47_L_unrelaxed_rank_014_alphafold2_model_1_seed_000.pdb
1059,47,Dimer,0.53346,anc2a_47_L_unrelaxed_rank_015_alphafold2_model_1_seed_003.pdb
1060,47,Dimer,0.54138,anc2a_47_L_unrelaxed_rank_016_alphafold2_model_1_seed_001.pdb
1061,47,Chemokine,0.68602,anc2a_47_L_unrelaxed_rank_017_alphafold2_model_4_seed_003.pdb
1062,47,Chemokine,0.68358,anc2a_47_L_unrelaxed_rank_018_alphafold2_model_4_seed_001.pdb
1063,47,Chemokine,0.68237,anc2a_47_L_unrelaxed_rank_019_alphafold2_model_4_seed_000.pdb
1064,47,Chemokine,0.68156,anc2a_47_L_unrelaxed_rank_020_alphafold2_model_4_seed_004.pdb
1065,47,Chemokine,0.76432,anc2a_47_M_unrelaxed_rank_001_alphafold2_model_3_seed_001.pdb
1066,47,Chemokine,0.77479,anc2a_47_M_unrelaxed_rank_002_alphafold2_model_2_seed_003.pdb
1067,47,Chemokine,0.77628,anc2a_47_M_unrelaxed_rank_003_alphafold2_model_2_seed_004.pdb
1068,47,Chemokine,0.77373,anc2a_47_M_unrelaxed_rank_004_alphafold2_model_2_seed_001.pdb
1069,47,Chemokine,0.77976,anc2a_47_M_unrelaxed_rank_005_alphafold2_model_2_seed_002.pdb
1070,47,Chemokine,0.77663,anc2a_47_M_unrelaxed_rank_006_alphafold2_model_2_seed_000.pdb
1071,47,Chemokine,0.76294,anc2a_47_M_unrelaxed_rank_007_alphafold2_model_1_seed_004.pdb
1072,47,Chemokine,0.76532,anc2a_47_M_unrelaxed_rank_008_alphafold2_model_1_seed_002.pdb
1073,47,Chemokine,0.78867,anc2a_47_M_unrelaxed_rank_009_alphafold2_model_4_seed_002.pdb
1074,47,Chemokine,0.76393,anc2a_47_M_unrelaxed_rank_010_alphafold2_model_1_seed_001.pdb
1075,47,Chemokine,0.76472,anc2a_47_M_unrelaxed_rank_011_alphafold2_model_1_seed_003.pdb
1076,47,Chemokine,0.7926,anc2a_47_M_unrelaxed_rank_012_alphafold2_model_4_seed_004.pdb
1077,47,Chemokine,0.77511,anc2a_47_M_unrelaxed_rank_013_alphafold2_model_5_seed_003.pdb
1078,47,Chemokine,0.76733,anc2a_47_M_unrelaxed_rank_014_alphafold2_model_1_seed_000.pdb
1079,47,Chemokine,0.77469,anc2a_47_M_unrelaxed_rank_015_alphafold2_model_5_seed_001.pdb
1080,47,Chemokine,0.7725,anc2a_47_M_unrelaxed_rank_016_alphafold2_model_5_seed_000.pdb
1081,47,Chemokine,0.78126,anc2a_47_M_unrelaxed_rank_017_alphafold2_model_5_seed_002.pdb
1082,47,Chemokine,0.69781,anc2a_47_M_unrelaxed_rank_018_alphafold2_model_4_seed_003.pdb
1083,47,Chemokine,0.69135,anc2a_47_M_unrelaxed_rank_019_alphafold2_model_4_seed_001.pdb
1084,47,Chemokine,0.68876,anc2a_47_M_unrelaxed_rank_020_alphafold2_model_4_seed_000.pdb
1085,47,Chemokine,0.66901,anc2a_47_M_unrelaxed_rank_021_alphafold2_model_3_seed_002.pdb
1086,47,Chemokine,0.65938,anc2a_47_M_unrelaxed_rank_022_alphafold2_model_5_seed_004.pdb
1087,G,Dimer,0.51492,anc2a_G_unrelaxed_rank_001_alphafold2_model_2_seed_000.pdb
1088,G,Dimer,0.51039,anc2a_G_unrelaxed_rank_002_alphafold2_model_2_seed_003.pdb
1089,G,Dimer,0.5182,anc2a_G_unrelaxed_rank_003_alphafold2_model_2_seed_001.pdb
1090,G,Dimer,0.52214,anc2a_G_unrelaxed_rank_004_alphafold2_model_3_seed_001.pdb
1091,G,Dimer,0.516,anc2a_G_unrelaxed_rank_005_alphafold2_model_2_seed_004.pdb
1092,G,Dimer,0.53324,anc2a_G_unrelaxed_rank_006_alphafold2_model_1_seed_001.pdb
1093,G,Dimer,0.52186,anc2a_G_unrelaxed_rank_007_alphafold2_model_3_seed_000.pdb
1094,G,Dimer,0.53246,anc2a_G_unrelaxed_rank_008_alphafold2_model_1_seed_000.pdb
1095,G,Dimer,0.53719,anc2a_G_unrelaxed_rank_009_alphafold2_model_1_seed_003.pdb
1096,G,Dimer,0.53276,anc2a_G_unrelaxed_rank_010_alphafold2_model_1_seed_002.pdb
1097,G,Chemokine,0.77257,anc2a_G_unrelaxed_rank_011_alphafold2_model_5_seed_004.pdb
1098,G,Dimer,0.52455,anc2a_G_unrelaxed_rank_012_alphafold2_model_4_seed_001.pdb
1099,G,Dimer,0.51977,anc2a_G_unrelaxed_rank_013_alphafold2_model_4_seed_004.pdb
1100,G,Dimer,0.51928,anc2a_G_unrelaxed_rank_014_alphafold2_model_3_seed_003.pdb
1101,G,Dimer,0.52142,anc2a_G_unrelaxed_rank_015_alphafold2_model_4_seed_003.pdb
1102,G,Dimer,0.52193,anc2a_G_unrelaxed_rank_016_alphafold2_model_4_seed_000.pdb
1103,G,Dimer,0.51888,anc2a_G_unrelaxed_rank_017_alphafold2_model_3_seed_004.pdb
1104,G,Dimer,0.51784,anc2a_G_unrelaxed_rank_018_alphafold2_model_4_seed_002.pdb
1105,G,Dimer,0.52762,anc2a_G_unrelaxed_rank_019_alphafold2_model_1_seed_004.pdb
1106,G,Dimer,0.51275,anc2a_G_unrelaxed_rank_020_alphafold2_model_2_seed_002.pdb
1107,G,Chemokine,0.76036,anc2a_G_unrelaxed_rank_021_alphafold2_model_5_seed_002.pdb
1108,I,Chemokine,0.76279,anc2a_I_unrelaxed_rank_001_alphafold2_model_1_seed_001.pdb
1109,I,Chemokine,0.76932,anc2a_I_unrelaxed_rank_002_alphafold2_model_2_seed_004.pdb
1110,I,Chemokine,0.76933,anc2a_I_unrelaxed_rank_003_alphafold2_model_2_seed_003.pdb
1111,I,Chemokine,0.76225,anc2a_I_unrelaxed_rank_004_alphafold2_model_1_seed_004.pdb
1112,I,Chemokine,0.76832,anc2a_I_unrelaxed_rank_005_alphafold2_model_2_seed_000.pdb
1113,I,Chemokine,0.76938,anc2a_I_unrelaxed_rank_006_alphafold2_model_2_seed_002.pdb
1114,I,Chemokine,0.76147,anc2a_I_unrelaxed_rank_007_alphafold2_model_3_seed_004.pdb
1115,I,Chemokine,0.75578,anc2a_I_unrelaxed_rank_008_alphafold2_model_3_seed_000.pdb
1116,I,Chemokine,0.76805,anc2a_I_unrelaxed_rank_009_alphafold2_model_2_seed_001.pdb
1117,I,Chemokine,0.74831,anc2a_I_unrelaxed_rank_010_alphafold2_model_3_seed_002.pdb
1118,I,Chemokine,0.76022,anc2a_I_unrelaxed_rank_011_alphafold2_model_3_seed_001.pdb
1119,I,Chemokine,0.76835,anc2a_I_unrelaxed_rank_012_alphafold2_model_1_seed_000.pdb
1120,I,Chemokine,0.75874,anc2a_I_unrelaxed_rank_013_alphafold2_model_1_seed_003.pdb
1121,I,Chemokine,0.76215,anc2a_I_unrelaxed_rank_014_alphafold2_model_3_seed_003.pdb
1122,I,Chemokine,0.76015,anc2a_I_unrelaxed_rank_015_alphafold2_model_1_seed_002.pdb
1123,I,Chemokine,0.78163,anc2a_I_unrelaxed_rank_016_alphafold2_model_4_seed_002.pdb
1124,I,Chemokine,0.76669,anc2a_I_unrelaxed_rank_017_alphafold2_model_5_seed_003.pdb
1125,I,Chemokine,0.76847,anc2a_I_unrelaxed_rank_018_alphafold2_model_5_seed_001.pdb
1126,I,Chemokine,0.76546,anc2a_I_unrelaxed_rank_019_alphafold2_model_5_seed_004.pdb
1127,I,Chemokine,0.76861,anc2a_I_unrelaxed_rank_020_alphafold2_model_5_seed_002.pdb
1128,I,Chemokine,0.76997,anc2a_I_unrelaxed_rank_021_alphafold2_model_5_seed_000.pdb
1129,I,Chemokine,0.69636,anc2a_I_unrelaxed_rank_022_alphafold2_model_4_seed_003.pdb
1130,I,Chemokine,0.69544,anc2a_I_unrelaxed_rank_023_alphafold2_model_4_seed_004.pdb
1131,I,Chemokine,0.69818,anc2a_I_unrelaxed_rank_024_alphafold2_model_4_seed_001.pdb
1132,I,Chemokine,0.6958,anc2a_I_unrelaxed_rank_025_alphafold2_model_4_seed_000.pdb
1133,V,Chemokine,0.76986,anc2a_V_unrelaxed_rank_001_alphafold2_model_2_seed_004.pdb
1134,V,Chemokine,0.76977,anc2a_V_unrelaxed_rank_002_alphafold2_model_2_seed_003.pdb
1135,V,Chemokine,0.77026,anc2a_V_unrelaxed_rank_003_alphafold2_model_2_seed_002.pdb
1136,V,Chemokine,0.75313,anc2a_V_unrelaxed_rank_004_alphafold2_model_3_seed_002.pdb
1137,V,Chemokine,0.76132,anc2a_V_unrelaxed_rank_005_alphafold2_model_1_seed_004.pdb
1138,V,Chemokine,0.76839,anc2a_V_unrelaxed_rank_006_alphafold2_model_2_seed_001.pdb
1139,V,Chemokine,0.76906,anc2a_V_unrelaxed_rank_007_alphafold2_model_2_seed_000.pdb
1140,V,Chemokine,0.76313,anc2a_V_unrelaxed_rank_008_alphafold2_model_1_seed_002.pdb
1141,V,Chemokine,0.76824,anc2a_V_unrelaxed_rank_009_alphafold2_model_1_seed_000.pdb
1142,V,Chemokine,0.76559,anc2a_V_unrelaxed_rank_010_alphafold2_model_1_seed_001.pdb
1143,V,Chemokine,0.76093,anc2a_V_unrelaxed_rank_011_alphafold2_model_1_seed_003.pdb
1144,V,Chemokine,0.7603,anc2a_V_unrelaxed_rank_012_alphafold2_model_3_seed_003.pdb
1145,V,Chemokine,0.75604,anc2a_V_unrelaxed_rank_013_alphafold2_model_3_seed_001.pdb
1146,V,Chemokine,0.78547,anc2a_V_unrelaxed_rank_014_alphafold2_model_4_seed_002.pdb
1147,V,Chemokine,0.77256,anc2a_V_unrelaxed_rank_015_alphafold2_model_5_seed_002.pdb
1148,V,Chemokine,0.77398,anc2a_V_unrelaxed_rank_016_alphafold2_model_5_seed_003.pdb
1149,V,Chemokine,0.7721,anc2a_V_unrelaxed_rank_017_alphafold2_model_5_seed_004.pdb
1150,V,Chemokine,0.7728,anc2a_V_unrelaxed_rank_018_alphafold2_model_5_seed_001.pdb
1151,V,Chemokine,0.77253,anc2a_V_unrelaxed_rank_019_alphafold2_model_5_seed_000.pdb
1152,V,Chemokine,0.69336,anc2a_V_unrelaxed_rank_020_alphafold2_model_4_seed_004.pdb
1153,V,Chemokine,0.69532,anc2a_V_unrelaxed_rank_021_alphafold2_model_4_seed_003.pdb
1154,V,Chemokine,0.69401,anc2a_V_unrelaxed_rank_022_alphafold2_model_4_seed_001.pdb
1155,V,Chemokine,0.69379,anc2a_V_unrelaxed_rank_023_alphafold2_model_4_seed_000.pdb
1156,14,Chemokine,0.74983,anc2b_14_I_unrelaxed_rank_001_alphafold2_model_3_seed_000.pdb
1157,14,Chemokine,0.75202,anc2b_14_I_unrelaxed_rank_002_alphafold2_model_3_seed_001.pdb
1158,14,Chemokine,0.75078,anc2b_14_I_unrelaxed_rank_003_alphafold2_model_3_seed_003.pdb
1159,14,Chemokine,0.75098,anc2b_14_I_unrelaxed_rank_004_alphafold2_model_3_seed_002.pdb
1160,14,Chemokine,0.7512,anc2b_14_I_unrelaxed_rank_005_alphafold2_model_3_seed_004.pdb
1161,14,Chemokine,0.76251,anc2b_14_I_unrelaxed_rank_006_alphafold2_model_1_seed_001.pdb
1162,14,Chemokine,0.76117,anc2b_14_I_unrelaxed_rank_007_alphafold2_model_1_seed_004.pdb
1163,14,Chemokine,0.76249,anc2b_14_I_unrelaxed_rank_008_alphafold2_model_1_seed_003.pdb
1164,14,Chemokine,0.77718,anc2b_14_I_unrelaxed_rank_009_alphafold2_model_4_seed_003.pdb
1165,14,Chemokine,0.7745,anc2b_14_I_unrelaxed_rank_010_alphafold2_model_4_seed_000.pdb
1166,14,Chemokine,0.77523,anc2b_14_I_unrelaxed_rank_011_alphafold2_model_4_seed_004.pdb
1167,14,Chemokine,0.76013,anc2b_14_I_unrelaxed_rank_012_alphafold2_model_5_seed_002.pdb
1168,14,Chemokine,0.76074,anc2b_14_I_unrelaxed_rank_013_alphafold2_model_5_seed_004.pdb
1169,14,Chemokine,0.76182,anc2b_14_I_unrelaxed_rank_014_alphafold2_model_5_seed_001.pdb
1170,14,Chemokine,0.76039,anc2b_14_I_unrelaxed_rank_015_alphafold2_model_5_seed_000.pdb
1171,14,Chemokine,0.76206,anc2b_14_I_unrelaxed_rank_016_alphafold2_model_5_seed_003.pdb
1172,14,Chemokine,0.7437,anc2b_14_I_unrelaxed_rank_017_alphafold2_model_1_seed_002.pdb
1173,14,Chemokine,0.76657,anc2b_14_I_unrelaxed_rank_018_alphafold2_model_4_seed_002.pdb
1174,14,Chemokine,0.73872,anc2b_14_I_unrelaxed_rank_019_alphafold2_model_1_seed_000.pdb
1175,14,Chemokine,0.75464,anc2b_14_I_unrelaxed_rank_020_alphafold2_model_2_seed_004.pdb
1176,14,Chemokine,0.75642,anc2b_14_I_unrelaxed_rank_021_alphafold2_model_2_seed_001.pdb
1177,14,Chemokine,0.75401,anc2b_14_I_unrelaxed_rank_022_alphafold2_model_2_seed_003.pdb
1178,14,Chemokine,0.74886,anc2b_14_I_unrelaxed_rank_023_alphafold2_model_2_seed_000.pdb
1179,14,Chemokine,0.74905,anc2b_14_I_unrelaxed_rank_024_alphafold2_model_2_seed_002.pdb
1180,14,Chemokine,0.67378,anc2b_14_I_unrelaxed_rank_025_alphafold2_model_4_seed_001.pdb
1181,14,Chemokine,0.74345,anc2b_14_L_unrelaxed_rank_001_alphafold2_model_3_seed_002.pdb
1182,14,Chemokine,0.74607,anc2b_14_L_unrelaxed_rank_002_alphafold2_model_3_seed_004.pdb
1183,14,Chemokine,0.7485,anc2b_14_L_unrelaxed_rank_003_alphafold2_model_3_seed_003.pdb
1184,14,Chemokine,0.75994,anc2b_14_L_unrelaxed_rank_004_alphafold2_model_1_seed_003.pdb
1185,14,Chemokine,0.75894,anc2b_14_L_unrelaxed_rank_005_alphafold2_model_1_seed_004.pdb
1186,14,Chemokine,0.76073,anc2b_14_L_unrelaxed_rank_006_alphafold2_model_1_seed_001.pdb
1187,14,Chemokine,0.7584,anc2b_14_L_unrelaxed_rank_007_alphafold2_model_1_seed_002.pdb
1188,14,Chemokine,0.74549,anc2b_14_L_unrelaxed_rank_008_alphafold2_model_3_seed_001.pdb
1189,14,Chemokine,0.75811,anc2b_14_L_unrelaxed_rank_009_alphafold2_model_1_seed_000.pdb
1190,14,Chemokine,0.76837,anc2b_14_L_unrelaxed_rank_010_alphafold2_model_2_seed_003.pdb
1191,14,Chemokine,0.74771,anc2b_14_L_unrelaxed_rank_011_alphafold2_model_3_seed_000.pdb
1192,14,Chemokine,0.768,anc2b_14_L_unrelaxed_rank_012_alphafold2_model_2_seed_002.pdb
1193,14,Chemokine,0.76845,anc2b_14_L_unrelaxed_rank_013_alphafold2_model_2_seed_004.pdb
1194,14,Chemokine,0.76855,anc2b_14_L_unrelaxed_rank_014_alphafold2_model_2_seed_001.pdb
1195,14,Chemokine,0.7681,anc2b_14_L_unrelaxed_rank_015_alphafold2_model_2_seed_000.pdb
1196,14,Chemokine,0.76385,anc2b_14_L_unrelaxed_rank_016_alphafold2_model_4_seed_003.pdb
1197,14,Chemokine,0.76515,anc2b_14_L_unrelaxed_rank_017_alphafold2_model_4_seed_004.pdb
1198,14,Chemokine,0.76665,anc2b_14_L_unrelaxed_rank_018_alphafold2_model_4_seed_002.pdb
1199,14,Chemokine,0.76921,anc2b_14_L_unrelaxed_rank_019_alphafold2_model_4_seed_000.pdb
1200,14,Chemokine,0.77269,anc2b_14_L_unrelaxed_rank_020_alphafold2_model_4_seed_001.pdb
1201,14,Chemokine,0.75612,anc2b_14_L_unrelaxed_rank_021_alphafold2_model_5_seed_002.pdb
1202,14,Chemokine,0.75719,anc2b_14_L_unrelaxed_rank_022_alphafold2_model_5_seed_004.pdb
1203,14,Chemokine,0.75632,anc2b_14_L_unrelaxed_rank_023_alphafold2_model_5_seed_000.pdb
1204,14,Chemokine,0.7569,anc2b_14_L_unrelaxed_rank_024_alphafold2_model_5_seed_001.pdb
1205,14,Chemokine,0.76024,anc2b_14_L_unrelaxed_rank_025_alphafold2_model_5_seed_003.pdb
1206,14,Chemokine,0.748,anc2b_14_V_unrelaxed_rank_001_alphafold2_model_3_seed_002.pdb
1207,14,Chemokine,0.75003,anc2b_14_V_unrelaxed_rank_002_alphafold2_model_3_seed_000.pdb
1208,14,Chemokine,0.74972,anc2b_14_V_unrelaxed_rank_003_alphafold2_model_3_seed_004.pdb
1209,14,Chemokine,0.7688,anc2b_14_V_unrelaxed_rank_004_alphafold2_model_2_seed_003.pdb
1210,14,Chemokine,0.76443,anc2b_14_V_unrelaxed_rank_005_alphafold2_model_2_seed_000.pdb
1211,14,Chemokine,0.75392,anc2b_14_V_unrelaxed_rank_006_alphafold2_model_3_seed_003.pdb
1212,14,Chemokine,0.75586,anc2b_14_V_unrelaxed_rank_007_alphafold2_model_1_seed_001.pdb
1213,14,Chemokine,0.75572,anc2b_14_V_unrelaxed_rank_008_alphafold2_model_1_seed_003.pdb
1214,14,Chemokine,0.77048,anc2b_14_V_unrelaxed_rank_009_alphafold2_model_4_seed_000.pdb
1215,14,Chemokine,0.7685,anc2b_14_V_unrelaxed_rank_010_alphafold2_model_4_seed_003.pdb
1216,14,Chemokine,0.77354,anc2b_14_V_unrelaxed_rank_011_alphafold2_model_4_seed_004.pdb
1217,14,Chemokine,0.77402,anc2b_14_V_unrelaxed_rank_012_alphafold2_model_4_seed_002.pdb
1218,14,Chemokine,0.7591,anc2b_14_V_unrelaxed_rank_013_alphafold2_model_5_seed_002.pdb
1219,14,Chemokine,0.75746,anc2b_14_V_unrelaxed_rank_014_alphafold2_model_5_seed_004.pdb
1220,14,Chemokine,0.75716,anc2b_14_V_unrelaxed_rank_015_alphafold2_model_5_seed_001.pdb
1221,14,Chemokine,0.75633,anc2b_14_V_unrelaxed_rank_016_alphafold2_model_5_seed_000.pdb
1222,14,Chemokine,0.75925,anc2b_14_V_unrelaxed_rank_017_alphafold2_model_5_seed_003.pdb
1223,14,Chemokine,0.74113,anc2b_14_V_unrelaxed_rank_018_alphafold2_model_1_seed_004.pdb
1224,14,Chemokine,0.73799,anc2b_14_V_unrelaxed_rank_019_alphafold2_model_1_seed_000.pdb
1225,14,Chemokine,0.73958,anc2b_14_V_unrelaxed_rank_020_alphafold2_model_1_seed_002.pdb
1226,14,Chemokine,0.75239,anc2b_14_V_unrelaxed_rank_021_alphafold2_model_2_seed_004.pdb
1227,14,Chemokine,0.74721,anc2b_14_V_unrelaxed_rank_022_alphafold2_model_2_seed_002.pdb
1228,14,Chemokine,0.75932,anc2b_14_V_unrelaxed_rank_023_alphafold2_model_2_seed_001.pdb
1229,14,Chemokine,0.6761,anc2b_14_V_unrelaxed_rank_024_alphafold2_model_3_seed_001.pdb
1230,14,Chemokine,0.67571,anc2b_14_V_unrelaxed_rank_025_alphafold2_model_4_seed_001.pdb
1231,36,Chemokine,0.77526,anc2b_36_A_unrelaxed_rank_001_alphafold2_model_2_seed_003.pdb
1232,36,Chemokine,0.77471,anc2b_36_A_unrelaxed_rank_002_alphafold2_model_2_seed_004.pdb
1233,36,Chemokine,0.76951,anc2b_36_A_unrelaxed_rank_003_alphafold2_model_1_seed_004.pdb
1234,36,Chemokine,0.77537,anc2b_36_A_unrelaxed_rank_004_alphafold2_model_2_seed_002.pdb
1235,36,Chemokine,0.76898,anc2b_36_A_unrelaxed_rank_005_alphafold2_model_1_seed_001.pdb
1236,36,Chemokine,0.7667,anc2b_36_A_unrelaxed_rank_006_alphafold2_model_1_seed_002.pdb
1237,36,Chemokine,0.76849,anc2b_36_A_unrelaxed_rank_007_alphafold2_model_1_seed_003.pdb
1238,36,Chemokine,0.76808,anc2b_36_A_unrelaxed_rank_008_alphafold2_model_1_seed_000.pdb
1239,36,Chemokine,0.77282,anc2b_36_A_unrelaxed_rank_009_alphafold2_model_2_seed_000.pdb
1240,36,Chemokine,0.77452,anc2b_36_A_unrelaxed_rank_010_alphafold2_model_2_seed_001.pdb
1241,36,Chemokine,0.77826,anc2b_36_A_unrelaxed_rank_011_alphafold2_model_4_seed_002.pdb
1242,36,Chemokine,0.77725,anc2b_36_A_unrelaxed_rank_012_alphafold2_model_4_seed_004.pdb
1243,36,Chemokine,0.77187,anc2b_36_A_unrelaxed_rank_013_alphafold2_model_5_seed_002.pdb
1244,36,Chemokine,0.77196,anc2b_36_A_unrelaxed_rank_014_alphafold2_model_5_seed_004.pdb
1245,36,Chemokine,0.77102,anc2b_36_A_unrelaxed_rank_015_alphafold2_model_5_seed_001.pdb
1246,36,Chemokine,0.77045,anc2b_36_A_unrelaxed_rank_016_alphafold2_model_5_seed_003.pdb
1247,36,Chemokine,0.77047,anc2b_36_A_unrelaxed_rank_017_alphafold2_model_5_seed_000.pdb
1248,36,Chemokine,0.64793,anc2b_36_A_unrelaxed_rank_018_alphafold2_model_3_seed_003.pdb
1249,36,Chemokine,0.67272,anc2b_36_A_unrelaxed_rank_019_alphafold2_model_3_seed_004.pdb
1250,36,Chemokine,0.66824,anc2b_36_A_unrelaxed_rank_020_alphafold2_model_3_seed_002.pdb
1251,36,Chemokine,0.66764,anc2b_36_A_unrelaxed_rank_021_alphafold2_model_3_seed_001.pdb
1252,36,Chemokine,0.66139,anc2b_36_A_unrelaxed_rank_022_alphafold2_model_3_seed_000.pdb
1253,36,Chemokine,0.67839,anc2b_36_A_unrelaxed_rank_023_alphafold2_model_4_seed_003.pdb
1254,36,Chemokine,0.67883,anc2b_36_A_unrelaxed_rank_024_alphafold2_model_4_seed_001.pdb
1255,36,Chemokine,0.67561,anc2b_36_A_unrelaxed_rank_025_alphafold2_model_4_seed_000.pdb
1256,36,Chemokine,0.79236,anc2b_36_G_unrelaxed_rank_001_alphafold2_model_1_seed_003.pdb
1257,36,Chemokine,0.79289,anc2b_36_G_unrelaxed_rank_002_alphafold2_model_1_seed_004.pdb
1258,36,Chemokine,0.79206,anc2b_36_G_unrelaxed_rank_003_alphafold2_model_1_seed_002.pdb
1259,36,Chemokine,0.79138,anc2b_36_G_unrelaxed_rank_004_alphafold2_model_1_seed_000.pdb
1260,36,Chemokine,0.79139,anc2b_36_G_unrelaxed_rank_005_alphafold2_model_1_seed_001.pdb
1261,36,Chemokine,0.76836,anc2b_36_G_unrelaxed_rank_006_alphafold2_model_3_seed_004.pdb
1262,36,Chemokine,0.76914,anc2b_36_G_unrelaxed_rank_007_alphafold2_model_3_seed_003.pdb
1263,36,Chemokine,0.79628,anc2b_36_G_unrelaxed_rank_008_alphafold2_model_2_seed_002.pdb
1264,36,Chemokine,0.79456,anc2b_36_G_unrelaxed_rank_009_alphafold2_model_2_seed_003.pdb
1265,36,Chemokine,0.79256,anc2b_36_G_unrelaxed_rank_010_alphafold2_model_4_seed_004.pdb
1266,36,Chemokine,0.79539,anc2b_36_G_unrelaxed_rank_011_alphafold2_model_2_seed_004.pdb
1267,36,Chemokine,0.79223,anc2b_36_G_unrelaxed_rank_012_alphafold2_model_2_seed_001.pdb
1268,36,Chemokine,0.79271,anc2b_36_G_unrelaxed_rank_013_alphafold2_model_2_seed_000.pdb
1269,36,Chemokine,0.79177,anc2b_36_G_unrelaxed_rank_014_alphafold2_model_4_seed_002.pdb
1270,36,Chemokine,0.79223,anc2b_36_G_unrelaxed_rank_015_alphafold2_model_4_seed_003.pdb
1271,36,Chemokine,0.79053,anc2b_36_G_unrelaxed_rank_016_alphafold2_model_4_seed_000.pdb
1272,36,Chemokine,0.77937,anc2b_36_G_unrelaxed_rank_017_alphafold2_model_5_seed_004.pdb
1273,36,Chemokine,0.77984,anc2b_36_G_unrelaxed_rank_018_alphafold2_model_5_seed_003.pdb
1274,36,Chemokine,0.77953,anc2b_36_G_unrelaxed_rank_019_alphafold2_model_5_seed_001.pdb
1275,36,Chemokine,0.77927,anc2b_36_G_unrelaxed_rank_020_alphafold2_model_5_seed_000.pdb
1276,36,Chemokine,0.71073,anc2b_36_G_unrelaxed_rank_021_alphafold2_model_3_seed_001.pdb
1277,36,Chemokine,0.69331,anc2b_36_G_unrelaxed_rank_022_alphafold2_model_5_seed_002.pdb
1278,36,Chemokine,0.71195,anc2b_36_G_unrelaxed_rank_023_alphafold2_model_3_seed_002.pdb
1279,36,Chemokine,0.69965,anc2b_36_G_unrelaxed_rank_024_alphafold2_model_4_seed_001.pdb
1280,36,Chemokine,0.69355,anc2b_36_G_unrelaxed_rank_025_alphafold2_model_3_seed_000.pdb
1281,36,Chemokine,0.75306,anc2b_36_I_unrelaxed_rank_001_alphafold2_model_3_seed_004.pdb
1282,36,Chemokine,0.751,anc2b_36_I_unrelaxed_rank_002_alphafold2_model_3_seed_003.pdb
1283,36,Chemokine,0.74892,anc2b_36_I_unrelaxed_rank_003_alphafold2_model_3_seed_002.pdb
1284,36,Chemokine,0.75151,anc2b_36_I_unrelaxed_rank_004_alphafold2_model_3_seed_001.pdb
1285,36,Chemokine,0.75259,anc2b_36_I_unrelaxed_rank_005_alphafold2_model_3_seed_000.pdb
1286,36,Chemokine,0.76219,anc2b_36_I_unrelaxed_rank_006_alphafold2_model_2_seed_003.pdb
1287,36,Chemokine,0.76435,anc2b_36_I_unrelaxed_rank_007_alphafold2_model_2_seed_004.pdb
1288,36,Chemokine,0.75232,anc2b_36_I_unrelaxed_rank_008_alphafold2_model_1_seed_004.pdb
1289,36,Chemokine,0.75139,anc2b_36_I_unrelaxed_rank_009_alphafold2_model_1_seed_001.pdb
1290,36,Chemokine,0.76373,anc2b_36_I_unrelaxed_rank_010_alphafold2_model_2_seed_001.pdb
1291,36,Chemokine,0.75789,anc2b_36_I_unrelaxed_rank_011_alphafold2_model_1_seed_002.pdb
1292,36,Chemokine,0.75265,anc2b_36_I_unrelaxed_rank_012_alphafold2_model_1_seed_003.pdb
1293,36,Chemokine,0.7519,anc2b_36_I_unrelaxed_rank_013_alphafold2_model_1_seed_000.pdb
1294,36,Chemokine,0.76379,anc2b_36_I_unrelaxed_rank_014_alphafold2_model_2_seed_002.pdb
1295,36,Chemokine,0.76571,anc2b_36_I_unrelaxed_rank_015_alphafold2_model_2_seed_000.pdb
1296,36,Chemokine,0.76299,anc2b_36_I_unrelaxed_rank_016_alphafold2_model_5_seed_001.pdb
1297,36,Chemokine,0.76272,anc2b_36_I_unrelaxed_rank_017_alphafold2_model_5_seed_003.pdb
1298,36,Chemokine,0.76139,anc2b_36_I_unrelaxed_rank_018_alphafold2_model_5_seed_004.pdb
1299,36,Chemokine,0.75643,anc2b_36_I_unrelaxed_rank_019_alphafold2_model_5_seed_002.pdb
1300,36,Chemokine,0.75877,anc2b_36_I_unrelaxed_rank_020_alphafold2_model_4_seed_003.pdb
1301,36,Chemokine,0.76256,anc2b_36_I_unrelaxed_rank_021_alphafold2_model_5_seed_000.pdb
1302,36,Chemokine,0.76299,anc2b_36_I_unrelaxed_rank_022_alphafold2_model_4_seed_004.pdb
1303,36,Chemokine,0.75833,anc2b_36_I_unrelaxed_rank_023_alphafold2_model_4_seed_002.pdb
1304,36,Chemokine,0.76242,anc2b_36_I_unrelaxed_rank_024_alphafold2_model_4_seed_001.pdb
1305,36,Chemokine,0.75955,anc2b_36_I_unrelaxed_rank_025_alphafold2_model_4_seed_000.pdb
1306,38,Chemokine,0.77526,anc2b_38_I_unrelaxed_rank_001_alphafold2_model_2_seed_003.pdb
1307,38,Chemokine,0.77471,anc2b_38_I_unrelaxed_rank_002_alphafold2_model_2_seed_004.pdb
1308,38,Chemokine,0.76951,anc2b_38_I_unrelaxed_rank_003_alphafold2_model_1_seed_004.pdb
1309,38,Chemokine,0.77537,anc2b_38_I_unrelaxed_rank_004_alphafold2_model_2_seed_002.pdb
1310,38,Chemokine,0.76898,anc2b_38_I_unrelaxed_rank_005_alphafold2_model_1_seed_001.pdb
1311,38,Chemokine,0.7667,anc2b_38_I_unrelaxed_rank_006_alphafold2_model_1_seed_002.pdb
1312,38,Chemokine,0.76849,anc2b_38_I_unrelaxed_rank_007_alphafold2_model_1_seed_003.pdb
1313,38,Chemokine,0.76808,anc2b_38_I_unrelaxed_rank_008_alphafold2_model_1_seed_000.pdb
1314,38,Chemokine,0.77282,anc2b_38_I_unrelaxed_rank_009_alphafold2_model_2_seed_000.pdb
1315,38,Chemokine,0.77452,anc2b_38_I_unrelaxed_rank_010_alphafold2_model_2_seed_001.pdb
1316,38,Chemokine,0.77826,anc2b_38_I_unrelaxed_rank_011_alphafold2_model_4_seed_002.pdb
1317,38,Chemokine,0.77725,anc2b_38_I_unrelaxed_rank_012_alphafold2_model_4_seed_004.pdb
1318,38,Chemokine,0.77187,anc2b_38_I_unrelaxed_rank_013_alphafold2_model_5_seed_002.pdb
1319,38,Chemokine,0.77196,anc2b_38_I_unrelaxed_rank_014_alphafold2_model_5_seed_004.pdb
1320,38,Chemokine,0.77102,anc2b_38_I_unrelaxed_rank_015_alphafold2_model_5_seed_001.pdb
1321,38,Chemokine,0.77045,anc2b_38_I_unrelaxed_rank_016_alphafold2_model_5_seed_003.pdb
1322,38,Chemokine,0.77047,anc2b_38_I_unrelaxed_rank_017_alphafold2_model_5_seed_000.pdb
1323,38,Chemokine,0.64793,anc2b_38_I_unrelaxed_rank_018_alphafold2_model_3_seed_003.pdb
1324,38,Chemokine,0.67272,anc2b_38_I_unrelaxed_rank_019_alphafold2_model_3_seed_004.pdb
1325,38,Chemokine,0.66824,anc2b_38_I_unrelaxed_rank_020_alphafold2_model_3_seed_002.pdb
1326,38,Chemokine,0.66764,anc2b_38_I_unrelaxed_rank_021_alphafold2_model_3_seed_001.pdb
1327,38,Chemokine,0.66139,anc2b_38_I_unrelaxed_rank_022_alphafold2_model_3_seed_000.pdb
1328,38,Chemokine,0.67839,anc2b_38_I_unrelaxed_rank_023_alphafold2_model_4_seed_003.pdb
1329,38,Chemokine,0.67883,anc2b_38_I_unrelaxed_rank_024_alphafold2_model_4_seed_001.pdb
1330,38,Chemokine,0.67561,anc2b_38_I_unrelaxed_rank_025_alphafold2_model_4_seed_000.pdb
1331,38,Chemokine,0.77212,anc2b_38_L_unrelaxed_rank_001_alphafold2_model_3_seed_004.pdb
1332,38,Chemokine,0.79716,anc2b_38_L_unrelaxed_rank_002_alphafold2_model_2_seed_002.pdb
1333,38,Chemokine,0.77242,anc2b_38_L_unrelaxed_rank_003_alphafold2_model_3_seed_000.pdb
1334,38,Chemokine,0.78653,anc2b_38_L_unrelaxed_rank_004_alphafold2_model_1_seed_004.pdb
1335,38,Chemokine,0.78622,anc2b_38_L_unrelaxed_rank_005_alphafold2_model_1_seed_003.pdb
1336,38,Chemokine,0.78487,anc2b_38_L_unrelaxed_rank_006_alphafold2_model_1_seed_002.pdb
1337,38,Chemokine,0.79475,anc2b_38_L_unrelaxed_rank_007_alphafold2_model_2_seed_001.pdb
1338,38,Chemokine,0.7852,anc2b_38_L_unrelaxed_rank_008_alphafold2_model_1_seed_000.pdb
1339,38,Chemokine,0.78548,anc2b_38_L_unrelaxed_rank_009_alphafold2_model_1_seed_001.pdb
1340,38,Chemokine,0.79556,anc2b_38_L_unrelaxed_rank_010_alphafold2_model_2_seed_003.pdb
1341,38,Chemokine,0.795,anc2b_38_L_unrelaxed_rank_011_alphafold2_model_2_seed_000.pdb
1342,38,Chemokine,0.7962,anc2b_38_L_unrelaxed_rank_012_alphafold2_model_2_seed_004.pdb
1343,38,Chemokine,0.78208,anc2b_38_L_unrelaxed_rank_013_alphafold2_model_4_seed_002.pdb
1344,38,Chemokine,0.78606,anc2b_38_L_unrelaxed_rank_014_alphafold2_model_4_seed_003.pdb
1345,38,Chemokine,0.78419,anc2b_38_L_unrelaxed_rank_015_alphafold2_model_4_seed_001.pdb
1346,38,Chemokine,0.7837,anc2b_38_L_unrelaxed_rank_016_alphafold2_model_4_seed_000.pdb
1347,38,Chemokine,0.78375,anc2b_38_L_unrelaxed_rank_017_alphafold2_model_4_seed_004.pdb
1348,38,Chemokine,0.78006,anc2b_38_L_unrelaxed_rank_018_alphafold2_model_5_seed_004.pdb
1349,38,Chemokine,0.782,anc2b_38_L_unrelaxed_rank_019_alphafold2_model_5_seed_002.pdb
1350,38,Chemokine,0.78035,anc2b_38_L_unrelaxed_rank_020_alphafold2_model_5_seed_003.pdb
1351,38,Chemokine,0.78095,anc2b_38_L_unrelaxed_rank_021_alphafold2_model_5_seed_001.pdb
1352,38,Chemokine,0.78008,anc2b_38_L_unrelaxed_rank_022_alphafold2_model_5_seed_000.pdb
1353,38,Chemokine,0.65989,anc2b_38_L_unrelaxed_rank_023_alphafold2_model_3_seed_003.pdb
1354,38,Chemokine,0.65944,anc2b_38_L_unrelaxed_rank_024_alphafold2_model_3_seed_002.pdb
1355,38,Chemokine,0.66809,anc2b_38_L_unrelaxed_rank_025_alphafold2_model_3_seed_001.pdb
1356,38,Chemokine,0.77526,anc2b_38_V_unrelaxed_rank_001_alphafold2_model_1_seed_004.pdb
1357,38,Chemokine,0.77415,anc2b_38_V_unrelaxed_rank_002_alphafold2_model_1_seed_002.pdb
1358,38,Chemokine,0.77468,anc2b_38_V_unrelaxed_rank_003_alphafold2_model_1_seed_003.pdb
1359,38,Chemokine,0.78937,anc2b_38_V_unrelaxed_rank_004_alphafold2_model_2_seed_002.pdb
1360,38,Chemokine,0.77124,anc2b_38_V_unrelaxed_rank_005_alphafold2_model_1_seed_001.pdb
1361,38,Chemokine,0.77313,anc2b_38_V_unrelaxed_rank_006_alphafold2_model_1_seed_000.pdb
1362,38,Chemokine,0.78892,anc2b_38_V_unrelaxed_rank_007_alphafold2_model_2_seed_004.pdb
1363,38,Chemokine,0.78705,anc2b_38_V_unrelaxed_rank_008_alphafold2_model_2_seed_003.pdb
1364,38,Chemokine,0.78877,anc2b_38_V_unrelaxed_rank_009_alphafold2_model_2_seed_001.pdb
1365,38,Chemokine,0.78845,anc2b_38_V_unrelaxed_rank_010_alphafold2_model_2_seed_000.pdb
1366,38,Chemokine,0.77503,anc2b_38_V_unrelaxed_rank_011_alphafold2_model_5_seed_002.pdb
1367,38,Chemokine,0.77371,anc2b_38_V_unrelaxed_rank_012_alphafold2_model_5_seed_004.pdb
1368,38,Chemokine,0.77358,anc2b_38_V_unrelaxed_rank_013_alphafold2_model_5_seed_001.pdb
1369,38,Chemokine,0.77278,anc2b_38_V_unrelaxed_rank_014_alphafold2_model_5_seed_003.pdb
1370,38,Chemokine,0.77287,anc2b_38_V_unrelaxed_rank_015_alphafold2_model_5_seed_000.pdb
1371,38,Chemokine,0.65874,anc2b_38_V_unrelaxed_rank_016_alphafold2_model_3_seed_002.pdb
1372,38,Chemokine,0.64416,anc2b_38_V_unrelaxed_rank_017_alphafold2_model_3_seed_000.pdb
1373,38,Chemokine,0.649,anc2b_38_V_unrelaxed_rank_018_alphafold2_model_3_seed_004.pdb
1374,38,Chemokine,0.64611,anc2b_38_V_unrelaxed_rank_019_alphafold2_model_3_seed_003.pdb
1375,38,Chemokine,0.65094,anc2b_38_V_unrelaxed_rank_020_alphafold2_model_3_seed_001.pdb
1376,38,Chemokine,0.67796,anc2b_38_V_unrelaxed_rank_021_alphafold2_model_4_seed_003.pdb
1377,38,Chemokine,0.68094,anc2b_38_V_unrelaxed_rank_022_alphafold2_model_4_seed_004.pdb
1378,38,Chemokine,0.6777,anc2b_38_V_unrelaxed_rank_023_alphafold2_model_4_seed_002.pdb
1379,38,Chemokine,0.67791,anc2b_38_V_unrelaxed_rank_024_alphafold2_model_4_seed_001.pdb
1380,38,Chemokine,0.67687,anc2b_38_V_unrelaxed_rank_025_alphafold2_model_4_seed_000.pdb
1381,45,Dimer,0.53788,anc2b_45_I_unrelaxed_rank_001_alphafold2_model_2_seed_002.pdb
1382,45,Dimer,0.53824,anc2b_45_I_unrelaxed_rank_002_alphafold2_model_2_seed_004.pdb
1383,45,Dimer,0.57644,anc2b_45_I_unrelaxed_rank_003_alphafold2_model_1_seed_004.pdb
1384,45,Dimer,0.61651,anc2b_45_I_unrelaxed_rank_004_alphafold2_model_3_seed_001.pdb
1385,45,Dimer,0.53784,anc2b_45_I_unrelaxed_rank_005_alphafold2_model_2_seed_000.pdb
1386,45,Dimer,0.53857,anc2b_45_I_unrelaxed_rank_006_alphafold2_model_2_seed_001.pdb
1387,45,Dimer,0.54055,anc2b_45_I_unrelaxed_rank_007_alphafold2_model_2_seed_003.pdb
1388,45,Dimer,0.61411,anc2b_45_I_unrelaxed_rank_008_alphafold2_model_3_seed_000.pdb
1389,45,Dimer,0.60815,anc2b_45_I_unrelaxed_rank_009_alphafold2_model_3_seed_003.pdb
1390,45,Dimer,0.61182,anc2b_45_I_unrelaxed_rank_010_alphafold2_model_3_seed_002.pdb
1391,45,Dimer,0.57846,anc2b_45_I_unrelaxed_rank_011_alphafold2_model_1_seed_002.pdb
1392,45,Dimer,0.59823,anc2b_45_I_unrelaxed_rank_012_alphafold2_model_3_seed_004.pdb
1393,45,Dimer,0.59891,anc2b_45_I_unrelaxed_rank_013_alphafold2_model_1_seed_001.pdb
1394,45,Dimer,0.59005,anc2b_45_I_unrelaxed_rank_014_alphafold2_model_1_seed_003.pdb
1395,45,Dimer,0.57806,anc2b_45_I_unrelaxed_rank_015_alphafold2_model_1_seed_000.pdb
1396,45,Dimer,0.56366,anc2b_45_I_unrelaxed_rank_016_alphafold2_model_5_seed_002.pdb
1397,45,Dimer,0.59608,anc2b_45_I_unrelaxed_rank_017_alphafold2_model_4_seed_002.pdb
1398,45,Dimer,0.5925,anc2b_45_I_unrelaxed_rank_018_alphafold2_model_5_seed_000.pdb
1399,45,Dimer,0.60199,anc2b_45_I_unrelaxed_rank_019_alphafold2_model_4_seed_004.pdb
1400,45,Dimer,0.61295,anc2b_45_I_unrelaxed_rank_020_alphafold2_model_4_seed_003.pdb
1401,45,Dimer,0.61255,anc2b_45_I_unrelaxed_rank_021_alphafold2_model_4_seed_000.pdb
1402,45,Dimer,0.61178,anc2b_45_I_unrelaxed_rank_022_alphafold2_model_4_seed_001.pdb
1403,45,Dimer,0.53228,anc2b_45_L_unrelaxed_rank_001_alphafold2_model_2_seed_002.pdb
1404,45,Dimer,0.53289,anc2b_45_L_unrelaxed_rank_002_alphafold2_model_2_seed_001.pdb
1405,45,Dimer,0.57443,anc2b_45_L_unrelaxed_rank_003_alphafold2_model_2_seed_003.pdb
1406,45,Dimer,0.53083,anc2b_45_L_unrelaxed_rank_004_alphafold2_model_2_seed_000.pdb
1407,45,Dimer,0.58108,anc2b_45_L_unrelaxed_rank_005_alphafold2_model_2_seed_004.pdb
1408,45,Dimer,0.61245,anc2b_45_L_unrelaxed_rank_006_alphafold2_model_3_seed_001.pdb
1409,45,Dimer,0.5414,anc2b_45_L_unrelaxed_rank_007_alphafold2_model_1_seed_002.pdb
1410,45,Dimer,0.61507,anc2b_45_L_unrelaxed_rank_008_alphafold2_model_3_seed_004.pdb
1411,45,Dimer,0.61116,anc2b_45_L_unrelaxed_rank_009_alphafold2_model_3_seed_003.pdb
1412,45,Dimer,0.56475,anc2b_45_L_unrelaxed_rank_010_alphafold2_model_1_seed_001.pdb
1413,45,Dimer,0.5619,anc2b_45_L_unrelaxed_rank_011_alphafold2_model_1_seed_000.pdb
1414,45,Dimer,0.61462,anc2b_45_L_unrelaxed_rank_012_alphafold2_model_3_seed_000.pdb
1415,45,Dimer,0.56321,anc2b_45_L_unrelaxed_rank_013_alphafold2_model_1_seed_004.pdb
1416,45,Dimer,0.55777,anc2b_45_L_unrelaxed_rank_014_alphafold2_model_5_seed_002.pdb
1417,45,Dimer,0.60436,anc2b_45_L_unrelaxed_rank_015_alphafold2_model_3_seed_002.pdb
1418,45,Dimer,0.55982,anc2b_45_L_unrelaxed_rank_016_alphafold2_model_1_seed_003.pdb
1419,45,Dimer,0.53292,anc2b_45_L_unrelaxed_rank_017_alphafold2_model_4_seed_002.pdb
1420,45,Dimer,0.53837,anc2b_45_V_unrelaxed_rank_001_alphafold2_model_2_seed_003.pdb
1421,45,Dimer,0.53659,anc2b_45_V_unrelaxed_rank_002_alphafold2_model_2_seed_000.pdb
1422,45,Dimer,0.54042,anc2b_45_V_unrelaxed_rank_003_alphafold2_model_2_seed_004.pdb
1423,45,Dimer,0.53799,anc2b_45_V_unrelaxed_rank_004_alphafold2_model_2_seed_001.pdb
1424,45,Dimer,0.54162,anc2b_45_V_unrelaxed_rank_005_alphafold2_model_1_seed_002.pdb
1425,45,Dimer,0.62077,anc2b_45_V_unrelaxed_rank_006_alphafold2_model_3_seed_004.pdb
1426,45,Dimer,0.6223,anc2b_45_V_unrelaxed_rank_007_alphafold2_model_3_seed_003.pdb
1427,45,Dimer,0.54715,anc2b_45_V_unrelaxed_rank_008_alphafold2_model_1_seed_004.pdb
1428,45,Dimer,0.61715,anc2b_45_V_unrelaxed_rank_009_alphafold2_model_3_seed_000.pdb
1429,45,Dimer,0.61603,anc2b_45_V_unrelaxed_rank_010_alphafold2_model_3_seed_001.pdb
1430,45,Dimer,0.57094,anc2b_45_V_unrelaxed_rank_011_alphafold2_model_1_seed_001.pdb
1431,45,Dimer,0.54316,anc2b_45_V_unrelaxed_rank_012_alphafold2_model_1_seed_003.pdb
1432,45,Dimer,0.54051,anc2b_45_V_unrelaxed_rank_013_alphafold2_model_2_seed_002.pdb
1433,45,Dimer,0.58039,anc2b_45_V_unrelaxed_rank_014_alphafold2_model_3_seed_002.pdb
1434,45,Dimer,0.58012,anc2b_45_V_unrelaxed_rank_015_alphafold2_model_1_seed_000.pdb
1435,45,Dimer,0.62566,anc2b_45_V_unrelaxed_rank_016_alphafold2_model_4_seed_004.pdb
1436,45,Dimer,0.60925,anc2b_45_V_unrelaxed_rank_017_alphafold2_model_4_seed_002.pdb
1437,45,Dimer,0.59204,anc2b_45_V_unrelaxed_rank_018_alphafold2_model_5_seed_002.pdb
1438,45,Dimer,0.56892,anc2b_45_V_unrelaxed_rank_019_alphafold2_model_4_seed_003.pdb
1439,47,Chemokine,0.77526,anc2b_47_I_unrelaxed_rank_001_alphafold2_model_2_seed_003.pdb
1440,47,Chemokine,0.77471,anc2b_47_I_unrelaxed_rank_002_alphafold2_model_2_seed_004.pdb
1441,47,Chemokine,0.76951,anc2b_47_I_unrelaxed_rank_003_alphafold2_model_1_seed_004.pdb
1442,47,Chemokine,0.77537,anc2b_47_I_unrelaxed_rank_004_alphafold2_model_2_seed_002.pdb
1443,47,Chemokine,0.76898,anc2b_47_I_unrelaxed_rank_005_alphafold2_model_1_seed_001.pdb
1444,47,Chemokine,0.7667,anc2b_47_I_unrelaxed_rank_006_alphafold2_model_1_seed_002.pdb
1445,47,Chemokine,0.76849,anc2b_47_I_unrelaxed_rank_007_alphafold2_model_1_seed_003.pdb
1446,47,Chemokine,0.76808,anc2b_47_I_unrelaxed_rank_008_alphafold2_model_1_seed_000.pdb
1447,47,Chemokine,0.77282,anc2b_47_I_unrelaxed_rank_009_alphafold2_model_2_seed_000.pdb
1448,47,Chemokine,0.77452,anc2b_47_I_unrelaxed_rank_010_alphafold2_model_2_seed_001.pdb
1449,47,Chemokine,0.77826,anc2b_47_I_unrelaxed_rank_011_alphafold2_model_4_seed_002.pdb
1450,47,Chemokine,0.77725,anc2b_47_I_unrelaxed_rank_012_alphafold2_model_4_seed_004.pdb
1451,47,Chemokine,0.77187,anc2b_47_I_unrelaxed_rank_013_alphafold2_model_5_seed_002.pdb
1452,47,Chemokine,0.77196,anc2b_47_I_unrelaxed_rank_014_alphafold2_model_5_seed_004.pdb
1453,47,Chemokine,0.77102,anc2b_47_I_unrelaxed_rank_015_alphafold2_model_5_seed_001.pdb
1454,47,Chemokine,0.77045,anc2b_47_I_unrelaxed_rank_016_alphafold2_model_5_seed_003.pdb
1455,47,Chemokine,0.77047,anc2b_47_I_unrelaxed_rank_017_alphafold2_model_5_seed_000.pdb
1456,47,Chemokine,0.64793,anc2b_47_I_unrelaxed_rank_018_alphafold2_model_3_seed_003.pdb
1457,47,Chemokine,0.67272,anc2b_47_I_unrelaxed_rank_019_alphafold2_model_3_seed_004.pdb
1458,47,Chemokine,0.66824,anc2b_47_I_unrelaxed_rank_020_alphafold2_model_3_seed_002.pdb
1459,47,Chemokine,0.66764,anc2b_47_I_unrelaxed_rank_021_alphafold2_model_3_seed_001.pdb
1460,47,Chemokine,0.66139,anc2b_47_I_unrelaxed_rank_022_alphafold2_model_3_seed_000.pdb
1461,47,Chemokine,0.67839,anc2b_47_I_unrelaxed_rank_023_alphafold2_model_4_seed_003.pdb
1462,47,Chemokine,0.67883,anc2b_47_I_unrelaxed_rank_024_alphafold2_model_4_seed_001.pdb
1463,47,Chemokine,0.67561,anc2b_47_I_unrelaxed_rank_025_alphafold2_model_4_seed_000.pdb
1464,47,Chemokine,0.77387,anc2b_47_L_unrelaxed_rank_001_alphafold2_model_2_seed_003.pdb
1465,47,Chemokine,0.77337,anc2b_47_L_unrelaxed_rank_002_alphafold2_model_2_seed_000.pdb
1466,47,Chemokine,0.77541,anc2b_47_L_unrelaxed_rank_003_alphafold2_model_2_seed_001.pdb
1467,47,Chemokine,0.77678,anc2b_47_L_unrelaxed_rank_004_alphafold2_model_2_seed_002.pdb
1468,47,Chemokine,0.76588,anc2b_47_L_unrelaxed_rank_005_alphafold2_model_1_seed_004.pdb
1469,47,Chemokine,0.76649,anc2b_47_L_unrelaxed_rank_006_alphafold2_model_1_seed_003.pdb
1470,47,Chemokine,0.76555,anc2b_47_L_unrelaxed_rank_007_alphafold2_model_1_seed_000.pdb
1471,47,Chemokine,0.76352,anc2b_47_L_unrelaxed_rank_008_alphafold2_model_1_seed_002.pdb
1472,47,Chemokine,0.77752,anc2b_47_L_unrelaxed_rank_009_alphafold2_model_2_seed_004.pdb
1473,47,Chemokine,0.75458,anc2b_47_L_unrelaxed_rank_010_alphafold2_model_1_seed_001.pdb
1474,47,Chemokine,0.77537,anc2b_47_L_unrelaxed_rank_011_alphafold2_model_4_seed_002.pdb
1475,47,Chemokine,0.77648,anc2b_47_L_unrelaxed_rank_012_alphafold2_model_4_seed_004.pdb
1476,47,Chemokine,0.77292,anc2b_47_L_unrelaxed_rank_013_alphafold2_model_4_seed_003.pdb
1477,47,Chemokine,0.77056,anc2b_47_L_unrelaxed_rank_014_alphafold2_model_5_seed_002.pdb
1478,47,Chemokine,0.77199,anc2b_47_L_unrelaxed_rank_015_alphafold2_model_5_seed_004.pdb
1479,47,Chemokine,0.77215,anc2b_47_L_unrelaxed_rank_016_alphafold2_model_5_seed_001.pdb
1480,47,Chemokine,0.77186,anc2b_47_L_unrelaxed_rank_017_alphafold2_model_5_seed_003.pdb
1481,47,Chemokine,0.76941,anc2b_47_L_unrelaxed_rank_018_alphafold2_model_5_seed_000.pdb
1482,47,Chemokine,0.65066,anc2b_47_L_unrelaxed_rank_019_alphafold2_model_3_seed_004.pdb
1483,47,Chemokine,0.6513,anc2b_47_L_unrelaxed_rank_020_alphafold2_model_3_seed_003.pdb
1484,47,Chemokine,0.64796,anc2b_47_L_unrelaxed_rank_021_alphafold2_model_3_seed_002.pdb
1485,47,Chemokine,0.65102,anc2b_47_L_unrelaxed_rank_022_alphafold2_model_3_seed_000.pdb
1486,47,Chemokine,0.65833,anc2b_47_L_unrelaxed_rank_023_alphafold2_model_3_seed_001.pdb
1487,47,Chemokine,0.67618,anc2b_47_L_unrelaxed_rank_024_alphafold2_model_4_seed_000.pdb
1488,47,Chemokine,0.77447,anc2b_47_M_unrelaxed_rank_001_alphafold2_model_1_seed_004.pdb
1489,47,Chemokine,0.77239,anc2b_47_M_unrelaxed_rank_002_alphafold2_model_1_seed_003.pdb
1490,47,Chemokine,0.77318,anc2b_47_M_unrelaxed_rank_003_alphafold2_model_1_seed_001.pdb
1491,47,Chemokine,0.77237,anc2b_47_M_unrelaxed_rank_004_alphafold2_model_1_seed_000.pdb
1492,47,Chemokine,0.78154,anc2b_47_M_unrelaxed_rank_005_alphafold2_model_2_seed_003.pdb
1493,47,Chemokine,0.78424,anc2b_47_M_unrelaxed_rank_006_alphafold2_model_2_seed_002.pdb
1494,47,Chemokine,0.78508,anc2b_47_M_unrelaxed_rank_007_alphafold2_model_2_seed_004.pdb
1495,47,Chemokine,0.77191,anc2b_47_M_unrelaxed_rank_008_alphafold2_model_1_seed_002.pdb
1496,47,Chemokine,0.78351,anc2b_47_M_unrelaxed_rank_009_alphafold2_model_2_seed_000.pdb
1497,47,Chemokine,0.78276,anc2b_47_M_unrelaxed_rank_010_alphafold2_model_2_seed_001.pdb
1498,47,Chemokine,0.77819,anc2b_47_M_unrelaxed_rank_011_alphafold2_model_4_seed_003.pdb
1499,47,Chemokine,0.77763,anc2b_47_M_unrelaxed_rank_012_alphafold2_model_4_seed_004.pdb
1500,47,Chemokine,0.7802,anc2b_47_M_unrelaxed_rank_013_alphafold2_model_4_seed_002.pdb
1501,47,Chemokine,0.77664,anc2b_47_M_unrelaxed_rank_014_alphafold2_model_4_seed_000.pdb
1502,47,Chemokine,0.77505,anc2b_47_M_unrelaxed_rank_015_alphafold2_model_5_seed_001.pdb
1503,47,Chemokine,0.77325,anc2b_47_M_unrelaxed_rank_016_alphafold2_model_5_seed_004.pdb
1504,47,Chemokine,0.77458,anc2b_47_M_unrelaxed_rank_017_alphafold2_model_5_seed_003.pdb
1505,47,Chemokine,0.77397,anc2b_47_M_unrelaxed_rank_018_alphafold2_model_5_seed_002.pdb
1506,47,Chemokine,0.77373,anc2b_47_M_unrelaxed_rank_019_alphafold2_model_5_seed_000.pdb
1507,47,Chemokine,0.66748,anc2b_47_M_unrelaxed_rank_020_alphafold2_model_3_seed_004.pdb
1508,47,Chemokine,0.6586,anc2b_47_M_unrelaxed_rank_021_alphafold2_model_3_seed_002.pdb
1509,47,Chemokine,0.66624,anc2b_47_M_unrelaxed_rank_022_alphafold2_model_3_seed_003.pdb
1510,47,Chemokine,0.65952,anc2b_47_M_unrelaxed_rank_023_alphafold2_model_3_seed_001.pdb
1511,47,Chemokine,0.65807,anc2b_47_M_unrelaxed_rank_024_alphafold2_model_3_seed_000.pdb
1512,47,Chemokine,0.68537,anc2b_47_M_unrelaxed_rank_025_alphafold2_model_4_seed_001.pdb
1513,G,Chemokine,0.78563,anc2b_G_unrelaxed_rank_001_alphafold2_model_2_seed_002.pdb
1514,G,Chemokine,0.79304,anc2b_G_unrelaxed_rank_002_alphafold2_model_2_seed_003.pdb
1515,G,Dimer,0.52147,anc2b_G_unrelaxed_rank_003_alphafold2_model_3_seed_001.pdb
1516,G,Dimer,0.53085,anc2b_G_unrelaxed_rank_004_alphafold2_model_2_seed_001.pdb
1517,G,Dimer,0.52666,anc2b_G_unrelaxed_rank_005_alphafold2_model_3_seed_004.pdb
1518,G,Dimer,0.52179,anc2b_G_unrelaxed_rank_006_alphafold2_model_3_seed_000.pdb
1519,G,Dimer,0.52359,anc2b_G_unrelaxed_rank_007_alphafold2_model_3_seed_003.pdb
1520,G,Dimer,0.52503,anc2b_G_unrelaxed_rank_008_alphafold2_model_3_seed_002.pdb
1521,G,Dimer,0.53776,anc2b_G_unrelaxed_rank_009_alphafold2_model_1_seed_003.pdb
1522,G,Dimer,0.53339,anc2b_G_unrelaxed_rank_010_alphafold2_model_4_seed_001.pdb
1523,G,Dimer,0.52997,anc2b_G_unrelaxed_rank_011_alphafold2_model_4_seed_003.pdb
1524,G,Dimer,0.56609,anc2b_G_unrelaxed_rank_012_alphafold2_model_2_seed_004.pdb
1525,G,Dimer,0.56675,anc2b_G_unrelaxed_rank_013_alphafold2_model_2_seed_000.pdb
1526,G,Dimer,0.53148,anc2b_G_unrelaxed_rank_014_alphafold2_model_4_seed_000.pdb
1527,G,Dimer,0.52767,anc2b_G_unrelaxed_rank_015_alphafold2_model_4_seed_004.pdb
1528,G,Chemokine,0.75689,anc2b_G_unrelaxed_rank_016_alphafold2_model_5_seed_004.pdb
1529,G,Chemokine,0.66493,anc2b_G_unrelaxed_rank_017_alphafold2_model_5_seed_003.pdb
1530,I,Chemokine,0.77248,anc2b_I_unrelaxed_rank_001_alphafold2_model_2_seed_003.pdb
1531,I,Chemokine,0.76772,anc2b_I_unrelaxed_rank_002_alphafold2_model_1_seed_004.pdb
1532,I,Chemokine,0.77136,anc2b_I_unrelaxed_rank_003_alphafold2_model_2_seed_004.pdb
1533,I,Chemokine,0.76354,anc2b_I_unrelaxed_rank_004_alphafold2_model_1_seed_002.pdb
1534,I,Chemokine,0.76686,anc2b_I_unrelaxed_rank_005_alphafold2_model_1_seed_003.pdb
1535,I,Chemokine,0.76653,anc2b_I_unrelaxed_rank_006_alphafold2_model_1_seed_000.pdb
1536,I,Chemokine,0.76747,anc2b_I_unrelaxed_rank_007_alphafold2_model_1_seed_001.pdb
1537,I,Chemokine,0.76978,anc2b_I_unrelaxed_rank_008_alphafold2_model_2_seed_001.pdb
1538,I,Chemokine,0.7712,anc2b_I_unrelaxed_rank_009_alphafold2_model_2_seed_002.pdb
1539,I,Chemokine,0.77047,anc2b_I_unrelaxed_rank_010_alphafold2_model_2_seed_000.pdb
1540,I,Chemokine,0.77693,anc2b_I_unrelaxed_rank_011_alphafold2_model_4_seed_002.pdb
1541,I,Chemokine,0.77672,anc2b_I_unrelaxed_rank_012_alphafold2_model_4_seed_004.pdb
1542,I,Chemokine,0.76663,anc2b_I_unrelaxed_rank_013_alphafold2_model_5_seed_004.pdb
1543,I,Chemokine,0.76696,anc2b_I_unrelaxed_rank_014_alphafold2_model_5_seed_002.pdb
1544,I,Chemokine,0.7666,anc2b_I_unrelaxed_rank_015_alphafold2_model_5_seed_001.pdb
1545,I,Chemokine,0.76677,anc2b_I_unrelaxed_rank_016_alphafold2_model_5_seed_000.pdb
1546,I,Chemokine,0.76697,anc2b_I_unrelaxed_rank_017_alphafold2_model_5_seed_003.pdb
1547,I,Chemokine,0.67828,anc2b_I_unrelaxed_rank_018_alphafold2_model_3_seed_002.pdb
1548,I,Chemokine,0.66669,anc2b_I_unrelaxed_rank_019_alphafold2_model_3_seed_004.pdb
1549,I,Chemokine,0.67563,anc2b_I_unrelaxed_rank_020_alphafold2_model_3_seed_003.pdb
1550,I,Chemokine,0.66701,anc2b_I_unrelaxed_rank_021_alphafold2_model_3_seed_001.pdb
1551,I,Chemokine,0.67647,anc2b_I_unrelaxed_rank_022_alphafold2_model_3_seed_000.pdb
1552,I,Chemokine,0.68019,anc2b_I_unrelaxed_rank_023_alphafold2_model_4_seed_003.pdb
1553,I,Chemokine,0.67924,anc2b_I_unrelaxed_rank_024_alphafold2_model_4_seed_000.pdb
1554,I,Chemokine,0.67986,anc2b_I_unrelaxed_rank_025_alphafold2_model_4_seed_001.pdb
1555,V,Chemokine,0.77526,anc2b_V_unrelaxed_rank_001_alphafold2_model_2_seed_003.pdb
1556,V,Chemokine,0.77471,anc2b_V_unrelaxed_rank_002_alphafold2_model_2_seed_004.pdb
1557,V,Chemokine,0.76951,anc2b_V_unrelaxed_rank_003_alphafold2_model_1_seed_004.pdb
1558,V,Chemokine,0.77537,anc2b_V_unrelaxed_rank_004_alphafold2_model_2_seed_002.pdb
1559,V,Chemokine,0.76898,anc2b_V_unrelaxed_rank_005_alphafold2_model_1_seed_001.pdb
1560,V,Chemokine,0.7667,anc2b_V_unrelaxed_rank_006_alphafold2_model_1_seed_002.pdb
1561,V,Chemokine,0.76849,anc2b_V_unrelaxed_rank_007_alphafold2_model_1_seed_003.pdb
1562,V,Chemokine,0.76808,anc2b_V_unrelaxed_rank_008_alphafold2_model_1_seed_000.pdb
1563,V,Chemokine,0.77282,anc2b_V_unrelaxed_rank_009_alphafold2_model_2_seed_000.pdb
1564,V,Chemokine,0.77452,anc2b_V_unrelaxed_rank_010_alphafold2_model_2_seed_001.pdb
1565,V,Chemokine,0.77826,anc2b_V_unrelaxed_rank_011_alphafold2_model_4_seed_002.pdb
1566,V,Chemokine,0.77725,anc2b_V_unrelaxed_rank_012_alphafold2_model_4_seed_004.pdb
1567,V,Chemokine,0.77187,anc2b_V_unrelaxed_rank_013_alphafold2_model_5_seed_002.pdb
1568,V,Chemokine,0.77196,anc2b_V_unrelaxed_rank_014_alphafold2_model_5_seed_004.pdb
1569,V,Chemokine,0.77102,anc2b_V_unrelaxed_rank_015_alphafold2_model_5_seed_001.pdb
1570,V,Chemokine,0.77045,anc2b_V_unrelaxed_rank_016_alphafold2_model_5_seed_003.pdb
1571,V,Chemokine,0.77047,anc2b_V_unrelaxed_rank_017_alphafold2_model_5_seed_000.pdb
1572,V,Chemokine,0.64793,anc2b_V_unrelaxed_rank_018_alphafold2_model_3_seed_003.pdb
1573,V,Chemokine,0.67272,anc2b_V_unrelaxed_rank_019_alphafold2_model_3_seed_004.pdb
1574,V,Chemokine,0.66824,anc2b_V_unrelaxed_rank_020_alphafold2_model_3_seed_002.pdb
1575,V,Chemokine,0.66764,anc2b_V_unrelaxed_rank_021_alphafold2_model_3_seed_001.pdb
1576,V,Chemokine,0.66139,anc2b_V_unrelaxed_rank_022_alphafold2_model_3_seed_000.pdb
1577,V,Chemokine,0.67839,anc2b_V_unrelaxed_rank_023_alphafold2_model_4_seed_003.pdb
1578,V,Chemokine,0.67883,anc2b_V_unrelaxed_rank_024_alphafold2_model_4_seed_001.pdb
1579,V,Chemokine,0.67561,anc2b_V_unrelaxed_rank_025_alphafold2_model_4_seed_000.pdb
1580,14,Chemokine,0.7645,anc2c_14_I_unrelaxed_rank_001_alphafold2_model_3_seed_000.pdb
1581,14,Chemokine,0.52343,anc2c_14_I_unrelaxed_rank_002_alphafold2_model_4_seed_000.pdb
1582,14,Chemokine,0.52354,anc2c_14_I_unrelaxed_rank_003_alphafold2_model_4_seed_001.pdb
1583,14,Chemokine,0.78426,anc2c_14_I_unrelaxed_rank_004_alphafold2_model_5_seed_001.pdb
1584,14,Chemokine,0.53483,anc2c_14_I_unrelaxed_rank_005_alphafold2_model_2_seed_002.pdb
1585,14,Chemokine,0.55514,anc2c_14_I_unrelaxed_rank_006_alphafold2_model_2_seed_004.pdb
1586,14,Chemokine,0.52661,anc2c_14_I_unrelaxed_rank_007_alphafold2_model_4_seed_002.pdb
1587,14,Chemokine,0.78202,anc2c_14_I_unrelaxed_rank_008_alphafold2_model_3_seed_001.pdb
1588,14,Chemokine,0.5308,anc2c_14_I_unrelaxed_rank_009_alphafold2_model_4_seed_004.pdb
1589,14,Chemokine,0.51541,anc2c_14_I_unrelaxed_rank_010_alphafold2_model_4_seed_003.pdb
1590,14,Chemokine,0.57561,anc2c_14_I_unrelaxed_rank_011_alphafold2_model_2_seed_003.pdb
1591,14,Chemokine,0.62112,anc2c_14_I_unrelaxed_rank_012_alphafold2_model_2_seed_000.pdb
1592,14,Chemokine,0.71628,anc2c_14_I_unrelaxed_rank_013_alphafold2_model_1_seed_004.pdb
1593,14,Dimer,0.60624,anc2c_14_I_unrelaxed_rank_014_alphafold2_model_1_seed_003.pdb
1594,14,Chemokine,0.61828,anc2c_14_I_unrelaxed_rank_015_alphafold2_model_2_seed_001.pdb
1595,14,Chemokine,0.73119,anc2c_14_I_unrelaxed_rank_016_alphafold2_model_1_seed_000.pdb
1596,14,Chemokine,0.54189,anc2c_14_I_unrelaxed_rank_017_alphafold2_model_5_seed_002.pdb
1597,14,Dimer,0.61404,anc2c_14_I_unrelaxed_rank_018_alphafold2_model_1_seed_001.pdb
1598,14,Chemokine,0.73427,anc2c_14_I_unrelaxed_rank_019_alphafold2_model_1_seed_002.pdb
1599,14,Chemokine,0.54287,anc2c_14_I_unrelaxed_rank_020_alphafold2_model_5_seed_003.pdb
1600,14,Chemokine,0.54542,anc2c_14_I_unrelaxed_rank_021_alphafold2_model_5_seed_004.pdb
1601,14,Chemokine,0.65662,anc2c_14_I_unrelaxed_rank_022_alphafold2_model_3_seed_002.pdb
1602,14,Chemokine,0.80256,anc2c_14_L_unrelaxed_rank_001_alphafold2_model_1_seed_004.pdb
1603,14,Chemokine,0.79573,anc2c_14_L_unrelaxed_rank_002_alphafold2_model_1_seed_000.pdb
1604,14,Chemokine,0.79463,anc2c_14_L_unrelaxed_rank_003_alphafold2_model_1_seed_002.pdb
1605,14,Chemokine,0.59812,anc2c_14_L_unrelaxed_rank_004_alphafold2_model_2_seed_003.pdb
1606,14,Chemokine,0.60421,anc2c_14_L_unrelaxed_rank_005_alphafold2_model_2_seed_001.pdb
1607,14,Chemokine,0.60881,anc2c_14_L_unrelaxed_rank_006_alphafold2_model_2_seed_004.pdb
1608,14,Chemokine,0.59992,anc2c_14_L_unrelaxed_rank_007_alphafold2_model_2_seed_002.pdb
1609,14,Chemokine,0.70687,anc2c_14_L_unrelaxed_rank_008_alphafold2_model_1_seed_003.pdb
1610,14,Chemokine,0.61423,anc2c_14_L_unrelaxed_rank_009_alphafold2_model_2_seed_000.pdb
1611,14,Chemokine,0.54092,anc2c_14_L_unrelaxed_rank_010_alphafold2_model_4_seed_004.pdb
1612,14,Chemokine,0.54804,anc2c_14_L_unrelaxed_rank_011_alphafold2_model_4_seed_000.pdb
1613,14,Chemokine,0.57949,anc2c_14_L_unrelaxed_rank_012_alphafold2_model_4_seed_003.pdb
1614,14,Chemokine,0.72288,anc2c_14_L_unrelaxed_rank_013_alphafold2_model_1_seed_001.pdb
1615,14,Chemokine,0.54621,anc2c_14_L_unrelaxed_rank_014_alphafold2_model_4_seed_001.pdb
1616,14,Chemokine,0.5609,anc2c_14_L_unrelaxed_rank_015_alphafold2_model_4_seed_002.pdb
1617,14,Chemokine,0.54998,anc2c_14_L_unrelaxed_rank_016_alphafold2_model_5_seed_004.pdb
1618,14,Chemokine,0.5521,anc2c_14_L_unrelaxed_rank_017_alphafold2_model_5_seed_003.pdb
1619,14,Chemokine,0.62307,anc2c_14_L_unrelaxed_rank_018_alphafold2_model_3_seed_002.pdb
1620,14,Chemokine,0.55497,anc2c_14_L_unrelaxed_rank_019_alphafold2_model_5_seed_002.pdb
1621,14,Chemokine,0.63199,anc2c_14_L_unrelaxed_rank_020_alphafold2_model_3_seed_003.pdb
1622,14,Chemokine,0.62519,anc2c_14_L_unrelaxed_rank_021_alphafold2_model_3_seed_004.pdb
1623,14,Chemokine,0.65167,anc2c_14_L_unrelaxed_rank_022_alphafold2_model_3_seed_000.pdb
1624,14,Chemokine,0.5671,anc2c_14_L_unrelaxed_rank_023_alphafold2_model_5_seed_000.pdb
1625,14,Chemokine,0.65208,anc2c_14_L_unrelaxed_rank_024_alphafold2_model_3_seed_001.pdb
1626,14,Chemokine,0.78683,anc2c_14_V_unrelaxed_rank_001_alphafold2_model_1_seed_000.pdb
1627,14,Chemokine,0.78913,anc2c_14_V_unrelaxed_rank_002_alphafold2_model_1_seed_002.pdb
1628,14,Chemokine,0.76717,anc2c_14_V_unrelaxed_rank_003_alphafold2_model_3_seed_000.pdb
1629,14,Chemokine,0.51495,anc2c_14_V_unrelaxed_rank_004_alphafold2_model_4_seed_002.pdb
1630,14,Chemokine,0.51826,anc2c_14_V_unrelaxed_rank_005_alphafold2_model_4_seed_001.pdb
1631,14,Chemokine,0.52073,anc2c_14_V_unrelaxed_rank_006_alphafold2_model_4_seed_000.pdb
1632,14,Chemokine,0.76971,anc2c_14_V_unrelaxed_rank_007_alphafold2_model_5_seed_001.pdb
1633,14,Chemokine,0.50855,anc2c_14_V_unrelaxed_rank_008_alphafold2_model_4_seed_003.pdb
1634,14,Chemokine,0.51045,anc2c_14_V_unrelaxed_rank_009_alphafold2_model_4_seed_004.pdb
1635,14,Chemokine,0.55169,anc2c_14_V_unrelaxed_rank_010_alphafold2_model_2_seed_004.pdb
1636,14,Chemokine,0.53366,anc2c_14_V_unrelaxed_rank_011_alphafold2_model_5_seed_000.pdb
1637,14,Chemokine,0.52675,anc2c_14_V_unrelaxed_rank_012_alphafold2_model_2_seed_002.pdb
1638,14,Chemokine,0.57466,anc2c_14_V_unrelaxed_rank_013_alphafold2_model_2_seed_003.pdb
1639,14,Chemokine,0.58761,anc2c_14_V_unrelaxed_rank_014_alphafold2_model_2_seed_000.pdb
1640,14,Chemokine,0.53135,anc2c_14_V_unrelaxed_rank_015_alphafold2_model_5_seed_002.pdb
1641,14,Chemokine,0.53271,anc2c_14_V_unrelaxed_rank_016_alphafold2_model_5_seed_004.pdb
1642,14,Chemokine,0.53851,anc2c_14_V_unrelaxed_rank_017_alphafold2_model_5_seed_003.pdb
1643,14,Chemokine,0.60419,anc2c_14_V_unrelaxed_rank_018_alphafold2_model_2_seed_001.pdb
1644,14,Chemokine,0.70356,anc2c_14_V_unrelaxed_rank_019_alphafold2_model_1_seed_003.pdb
1645,14,Chemokine,0.71304,anc2c_14_V_unrelaxed_rank_020_alphafold2_model_1_seed_001.pdb
1646,14,Chemokine,0.73779,anc2c_14_V_unrelaxed_rank_021_alphafold2_model_1_seed_004.pdb
1647,14,Chemokine,0.60106,anc2c_14_V_unrelaxed_rank_022_alphafold2_model_3_seed_002.pdb
1648,36,Chemokine,0.78948,anc2c_36_A_unrelaxed_rank_001_alphafold2_model_1_seed_004.pdb
1649,36,Chemokine,0.78671,anc2c_36_A_unrelaxed_rank_002_alphafold2_model_1_seed_002.pdb
1650,36,Chemokine,0.78974,anc2c_36_A_unrelaxed_rank_003_alphafold2_model_1_seed_000.pdb
1651,36,Chemokine,0.79004,anc2c_36_A_unrelaxed_rank_004_alphafold2_model_1_seed_001.pdb
1652,36,Chemokine,0.76915,anc2c_36_A_unrelaxed_rank_005_alphafold2_model_3_seed_000.pdb
1653,36,Chemokine,0.57614,anc2c_36_A_unrelaxed_rank_006_alphafold2_model_2_seed_004.pdb
1654,36,Chemokine,0.5786,anc2c_36_A_unrelaxed_rank_007_alphafold2_model_2_seed_000.pdb
1655,36,Chemokine,0.57051,anc2c_36_A_unrelaxed_rank_008_alphafold2_model_2_seed_003.pdb
1656,36,Chemokine,0.57346,anc2c_36_A_unrelaxed_rank_009_alphafold2_model_2_seed_002.pdb
1657,36,Chemokine,0.58019,anc2c_36_A_unrelaxed_rank_010_alphafold2_model_2_seed_001.pdb
1658,36,Chemokine,0.57408,anc2c_36_A_unrelaxed_rank_011_alphafold2_model_4_seed_004.pdb
1659,36,Chemokine,0.57418,anc2c_36_A_unrelaxed_rank_012_alphafold2_model_4_seed_003.pdb
1660,36,Chemokine,0.5798,anc2c_36_A_unrelaxed_rank_013_alphafold2_model_4_seed_002.pdb
1661,36,Chemokine,0.58694,anc2c_36_A_unrelaxed_rank_014_alphafold2_model_4_seed_000.pdb
1662,36,Chemokine,0.58588,anc2c_36_A_unrelaxed_rank_015_alphafold2_model_4_seed_001.pdb
1663,36,Chemokine,0.59266,anc2c_36_A_unrelaxed_rank_016_alphafold2_model_1_seed_003.pdb
1664,36,Chemokine,0.59451,anc2c_36_A_unrelaxed_rank_017_alphafold2_model_3_seed_003.pdb
1665,36,Chemokine,0.60249,anc2c_36_A_unrelaxed_rank_018_alphafold2_model_3_seed_001.pdb
1666,36,Chemokine,0.59121,anc2c_36_A_unrelaxed_rank_019_alphafold2_model_3_seed_002.pdb
1667,36,Chemokine,0.58595,anc2c_36_A_unrelaxed_rank_020_alphafold2_model_3_seed_004.pdb
1668,36,Chemokine,0.59709,anc2c_36_A_unrelaxed_rank_021_alphafold2_model_5_seed_000.pdb
1669,36,Chemokine,0.59478,anc2c_36_A_unrelaxed_rank_022_alphafold2_model_5_seed_004.pdb
1670,36,Chemokine,0.59417,anc2c_36_A_unrelaxed_rank_023_alphafold2_model_5_seed_002.pdb
1671,36,Chemokine,0.61826,anc2c_36_A_unrelaxed_rank_024_alphafold2_model_5_seed_001.pdb
1672,36,Chemokine,0.59542,anc2c_36_A_unrelaxed_rank_025_alphafold2_model_5_seed_003.pdb
1673,36,Chemokine,0.53586,anc2c_36_G_unrelaxed_rank_001_alphafold2_model_2_seed_003.pdb
1674,36,Chemokine,0.78924,anc2c_36_G_unrelaxed_rank_002_alphafold2_model_1_seed_001.pdb
1675,36,Chemokine,0.52825,anc2c_36_G_unrelaxed_rank_003_alphafold2_model_2_seed_000.pdb
1676,36,Chemokine,0.54532,anc2c_36_G_unrelaxed_rank_004_alphafold2_model_4_seed_003.pdb
1677,36,Chemokine,0.5457,anc2c_36_G_unrelaxed_rank_005_alphafold2_model_4_seed_000.pdb
1678,36,Chemokine,0.5286,anc2c_36_G_unrelaxed_rank_006_alphafold2_model_2_seed_002.pdb
1679,36,Chemokine,0.54708,anc2c_36_G_unrelaxed_rank_007_alphafold2_model_4_seed_002.pdb
1680,36,Chemokine,0.54748,anc2c_36_G_unrelaxed_rank_008_alphafold2_model_4_seed_004.pdb
1681,36,Chemokine,0.58065,anc2c_36_G_unrelaxed_rank_009_alphafold2_model_2_seed_004.pdb
1682,36,Chemokine,0.58275,anc2c_36_G_unrelaxed_rank_010_alphafold2_model_2_seed_001.pdb
1683,36,Chemokine,0.58158,anc2c_36_G_unrelaxed_rank_011_alphafold2_model_4_seed_001.pdb
1684,36,Chemokine,0.64034,anc2c_36_G_unrelaxed_rank_012_alphafold2_model_1_seed_002.pdb
1685,36,Chemokine,0.643,anc2c_36_G_unrelaxed_rank_013_alphafold2_model_1_seed_000.pdb
1686,36,Chemokine,0.62573,anc2c_36_G_unrelaxed_rank_014_alphafold2_model_3_seed_002.pdb
1687,36,Chemokine,0.62309,anc2c_36_G_unrelaxed_rank_015_alphafold2_model_1_seed_004.pdb
1688,36,Chemokine,0.62627,anc2c_36_G_unrelaxed_rank_016_alphafold2_model_3_seed_000.pdb
1689,36,Chemokine,0.58982,anc2c_36_G_unrelaxed_rank_017_alphafold2_model_5_seed_004.pdb
1690,36,Chemokine,0.62336,anc2c_36_G_unrelaxed_rank_018_alphafold2_model_3_seed_004.pdb
1691,36,Chemokine,0.62342,anc2c_36_G_unrelaxed_rank_019_alphafold2_model_3_seed_003.pdb
1692,36,Chemokine,0.62868,anc2c_36_G_unrelaxed_rank_020_alphafold2_model_1_seed_003.pdb
1693,36,Chemokine,0.61593,anc2c_36_G_unrelaxed_rank_021_alphafold2_model_3_seed_001.pdb
1694,36,Chemokine,0.59544,anc2c_36_G_unrelaxed_rank_022_alphafold2_model_5_seed_003.pdb
1695,36,Chemokine,0.60849,anc2c_36_G_unrelaxed_rank_023_alphafold2_model_5_seed_002.pdb
1696,36,Chemokine,0.74485,anc2c_36_I_unrelaxed_rank_001_alphafold2_model_3_seed_004.pdb
1697,36,Chemokine,0.74542,anc2c_36_I_unrelaxed_rank_002_alphafold2_model_3_seed_002.pdb
1698,36,Chemokine,0.75624,anc2c_36_I_unrelaxed_rank_003_alphafold2_model_1_seed_003.pdb
1699,36,Chemokine,0.75496,anc2c_36_I_unrelaxed_rank_004_alphafold2_model_1_seed_000.pdb
1700,36,Chemokine,0.7629,anc2c_36_I_unrelaxed_rank_005_alphafold2_model_2_seed_003.pdb
1701,36,Chemokine,0.75807,anc2c_36_I_unrelaxed_rank_006_alphafold2_model_1_seed_001.pdb
1702,36,Chemokine,0.75488,anc2c_36_I_unrelaxed_rank_007_alphafold2_model_1_seed_004.pdb
1703,36,Chemokine,0.75856,anc2c_36_I_unrelaxed_rank_008_alphafold2_model_1_seed_002.pdb
1704,36,Chemokine,0.76825,anc2c_36_I_unrelaxed_rank_009_alphafold2_model_4_seed_002.pdb
1705,36,Chemokine,0.76677,anc2c_36_I_unrelaxed_rank_010_alphafold2_model_4_seed_004.pdb
1706,36,Chemokine,0.76985,anc2c_36_I_unrelaxed_rank_011_alphafold2_model_4_seed_003.pdb
1707,36,Chemokine,0.76977,anc2c_36_I_unrelaxed_rank_012_alphafold2_model_4_seed_001.pdb
1708,36,Chemokine,0.76984,anc2c_36_I_unrelaxed_rank_013_alphafold2_model_4_seed_000.pdb
1709,36,Chemokine,0.78157,anc2c_36_I_unrelaxed_rank_014_alphafold2_model_2_seed_004.pdb
1710,36,Chemokine,0.67767,anc2c_36_I_unrelaxed_rank_015_alphafold2_model_3_seed_003.pdb
1711,36,Chemokine,0.66494,anc2c_36_I_unrelaxed_rank_016_alphafold2_model_3_seed_001.pdb
1712,36,Chemokine,0.55169,anc2c_36_I_unrelaxed_rank_017_alphafold2_model_2_seed_002.pdb
1713,36,Chemokine,0.66964,anc2c_36_I_unrelaxed_rank_018_alphafold2_model_3_seed_000.pdb
1714,36,Chemokine,0.59507,anc2c_36_I_unrelaxed_rank_019_alphafold2_model_2_seed_000.pdb
1715,36,Chemokine,0.57137,anc2c_36_I_unrelaxed_rank_020_alphafold2_model_2_seed_001.pdb
1716,38,Chemokine,0.78948,anc2c_38_I_unrelaxed_rank_001_alphafold2_model_1_seed_004.pdb
1717,38,Chemokine,0.78671,anc2c_38_I_unrelaxed_rank_002_alphafold2_model_1_seed_002.pdb
1718,38,Chemokine,0.78974,anc2c_38_I_unrelaxed_rank_003_alphafold2_model_1_seed_000.pdb
1719,38,Chemokine,0.79004,anc2c_38_I_unrelaxed_rank_004_alphafold2_model_1_seed_001.pdb
1720,38,Chemokine,0.76915,anc2c_38_I_unrelaxed_rank_005_alphafold2_model_3_seed_000.pdb
1721,38,Chemokine,0.57614,anc2c_38_I_unrelaxed_rank_006_alphafold2_model_2_seed_004.pdb
1722,38,Chemokine,0.5786,anc2c_38_I_unrelaxed_rank_007_alphafold2_model_2_seed_000.pdb
1723,38,Chemokine,0.57051,anc2c_38_I_unrelaxed_rank_008_alphafold2_model_2_seed_003.pdb
1724,38,Chemokine,0.57346,anc2c_38_I_unrelaxed_rank_009_alphafold2_model_2_seed_002.pdb
1725,38,Chemokine,0.58019,anc2c_38_I_unrelaxed_rank_010_alphafold2_model_2_seed_001.pdb
1726,38,Chemokine,0.57408,anc2c_38_I_unrelaxed_rank_011_alphafold2_model_4_seed_004.pdb
1727,38,Chemokine,0.57418,anc2c_38_I_unrelaxed_rank_012_alphafold2_model_4_seed_003.pdb
1728,38,Chemokine,0.5798,anc2c_38_I_unrelaxed_rank_013_alphafold2_model_4_seed_002.pdb
1729,38,Chemokine,0.58694,anc2c_38_I_unrelaxed_rank_014_alphafold2_model_4_seed_000.pdb
1730,38,Chemokine,0.58588,anc2c_38_I_unrelaxed_rank_015_alphafold2_model_4_seed_001.pdb
1731,38,Chemokine,0.59266,anc2c_38_I_unrelaxed_rank_016_alphafold2_model_1_seed_003.pdb
1732,38,Chemokine,0.59451,anc2c_38_I_unrelaxed_rank_017_alphafold2_model_3_seed_003.pdb
1733,38,Chemokine,0.60249,anc2c_38_I_unrelaxed_rank_018_alphafold2_model_3_seed_001.pdb
1734,38,Chemokine,0.59121,anc2c_38_I_unrelaxed_rank_019_alphafold2_model_3_seed_002.pdb
1735,38,Chemokine,0.58595,anc2c_38_I_unrelaxed_rank_020_alphafold2_model_3_seed_004.pdb
1736,38,Chemokine,0.59709,anc2c_38_I_unrelaxed_rank_021_alphafold2_model_5_seed_000.pdb
1737,38,Chemokine,0.59478,anc2c_38_I_unrelaxed_rank_022_alphafold2_model_5_seed_004.pdb
1738,38,Chemokine,0.59417,anc2c_38_I_unrelaxed_rank_023_alphafold2_model_5_seed_002.pdb
1739,38,Chemokine,0.61826,anc2c_38_I_unrelaxed_rank_024_alphafold2_model_5_seed_001.pdb
1740,38,Chemokine,0.59542,anc2c_38_I_unrelaxed_rank_025_alphafold2_model_5_seed_003.pdb
1741,38,Chemokine,0.80101,anc2c_38_L_unrelaxed_rank_001_alphafold2_model_1_seed_002.pdb
1742,38,Chemokine,0.79307,anc2c_38_L_unrelaxed_rank_002_alphafold2_model_1_seed_000.pdb
1743,38,Chemokine,0.79194,anc2c_38_L_unrelaxed_rank_003_alphafold2_model_1_seed_004.pdb
1744,38,Chemokine,0.76801,anc2c_38_L_unrelaxed_rank_004_alphafold2_model_1_seed_003.pdb
1745,38,Chemokine,0.55231,anc2c_38_L_unrelaxed_rank_005_alphafold2_model_2_seed_001.pdb
1746,38,Chemokine,0.55034,anc2c_38_L_unrelaxed_rank_006_alphafold2_model_2_seed_003.pdb
1747,38,Chemokine,0.54816,anc2c_38_L_unrelaxed_rank_007_alphafold2_model_2_seed_004.pdb
1748,38,Chemokine,0.54316,anc2c_38_L_unrelaxed_rank_008_alphafold2_model_2_seed_002.pdb
1749,38,Chemokine,0.53691,anc2c_38_L_unrelaxed_rank_009_alphafold2_model_2_seed_000.pdb
1750,38,Chemokine,0.5951,anc2c_38_L_unrelaxed_rank_010_alphafold2_model_3_seed_004.pdb
1751,38,Chemokine,0.5727,anc2c_38_L_unrelaxed_rank_011_alphafold2_model_4_seed_003.pdb
1752,38,Chemokine,0.57282,anc2c_38_L_unrelaxed_rank_012_alphafold2_model_3_seed_000.pdb
1753,38,Chemokine,0.57315,anc2c_38_L_unrelaxed_rank_013_alphafold2_model_4_seed_004.pdb
1754,38,Chemokine,0.57268,anc2c_38_L_unrelaxed_rank_014_alphafold2_model_4_seed_000.pdb
1755,38,Chemokine,0.58113,anc2c_38_L_unrelaxed_rank_015_alphafold2_model_4_seed_002.pdb
1756,38,Chemokine,0.58116,anc2c_38_L_unrelaxed_rank_016_alphafold2_model_4_seed_001.pdb
1757,38,Chemokine,0.5947,anc2c_38_L_unrelaxed_rank_017_alphafold2_model_3_seed_002.pdb
1758,38,Chemokine,0.60173,anc2c_38_L_unrelaxed_rank_018_alphafold2_model_3_seed_001.pdb
1759,38,Chemokine,0.574,anc2c_38_L_unrelaxed_rank_019_alphafold2_model_3_seed_003.pdb
1760,38,Chemokine,0.70217,anc2c_38_L_unrelaxed_rank_020_alphafold2_model_1_seed_001.pdb
1761,38,Chemokine,0.58503,anc2c_38_L_unrelaxed_rank_021_alphafold2_model_5_seed_003.pdb
1762,38,Chemokine,0.59119,anc2c_38_L_unrelaxed_rank_022_alphafold2_model_5_seed_000.pdb
1763,38,Chemokine,0.58437,anc2c_38_L_unrelaxed_rank_023_alphafold2_model_5_seed_004.pdb
1764,38,Chemokine,0.58625,anc2c_38_L_unrelaxed_rank_024_alphafold2_model_5_seed_002.pdb
1765,38,Chemokine,0.58985,anc2c_38_L_unrelaxed_rank_025_alphafold2_model_5_seed_001.pdb
1766,38,Chemokine,0.78218,anc2c_38_V_unrelaxed_rank_001_alphafold2_model_1_seed_002.pdb
1767,38,Chemokine,0.77498,anc2c_38_V_unrelaxed_rank_002_alphafold2_model_3_seed_000.pdb
1768,38,Chemokine,0.77803,anc2c_38_V_unrelaxed_rank_003_alphafold2_model_1_seed_004.pdb
1769,38,Chemokine,0.7796,anc2c_38_V_unrelaxed_rank_004_alphafold2_model_1_seed_000.pdb
1770,38,Chemokine,0.7841,anc2c_38_V_unrelaxed_rank_005_alphafold2_model_1_seed_001.pdb
1771,38,Chemokine,0.56165,anc2c_38_V_unrelaxed_rank_006_alphafold2_model_2_seed_004.pdb
1772,38,Chemokine,0.56136,anc2c_38_V_unrelaxed_rank_007_alphafold2_model_2_seed_003.pdb
1773,38,Chemokine,0.56363,anc2c_38_V_unrelaxed_rank_008_alphafold2_model_2_seed_000.pdb
1774,38,Chemokine,0.56325,anc2c_38_V_unrelaxed_rank_009_alphafold2_model_2_seed_002.pdb
1775,38,Chemokine,0.56795,anc2c_38_V_unrelaxed_rank_010_alphafold2_model_2_seed_001.pdb
1776,38,Chemokine,0.58391,anc2c_38_V_unrelaxed_rank_011_alphafold2_model_4_seed_004.pdb
1777,38,Chemokine,0.58105,anc2c_38_V_unrelaxed_rank_012_alphafold2_model_4_seed_003.pdb
1778,38,Chemokine,0.58094,anc2c_38_V_unrelaxed_rank_013_alphafold2_model_4_seed_002.pdb
1779,38,Chemokine,0.58385,anc2c_38_V_unrelaxed_rank_014_alphafold2_model_4_seed_000.pdb
1780,38,Chemokine,0.58556,anc2c_38_V_unrelaxed_rank_015_alphafold2_model_4_seed_001.pdb
1781,38,Chemokine,0.60496,anc2c_38_V_unrelaxed_rank_016_alphafold2_model_3_seed_003.pdb
1782,38,Chemokine,0.60554,anc2c_38_V_unrelaxed_rank_017_alphafold2_model_3_seed_004.pdb
1783,38,Chemokine,0.59827,anc2c_38_V_unrelaxed_rank_018_alphafold2_model_3_seed_002.pdb
1784,38,Chemokine,0.60903,anc2c_38_V_unrelaxed_rank_019_alphafold2_model_3_seed_001.pdb
1785,38,Chemokine,0.58272,anc2c_38_V_unrelaxed_rank_020_alphafold2_model_5_seed_002.pdb
1786,38,Chemokine,0.58342,anc2c_38_V_unrelaxed_rank_021_alphafold2_model_5_seed_000.pdb
1787,38,Chemokine,0.56383,anc2c_38_V_unrelaxed_rank_022_alphafold2_model_1_seed_003.pdb
1788,38,Chemokine,0.58329,anc2c_38_V_unrelaxed_rank_023_alphafold2_model_5_seed_004.pdb
1789,38,Chemokine,0.58199,anc2c_38_V_unrelaxed_rank_024_alphafold2_model_5_seed_003.pdb
1790,38,Chemokine,0.58546,anc2c_38_V_unrelaxed_rank_025_alphafold2_model_5_seed_001.pdb
1791,45,Dimer,0.60794,anc2c_45_I_unrelaxed_rank_001_alphafold2_model_1_seed_000.pdb
1792,45,Dimer,0.60173,anc2c_45_I_unrelaxed_rank_002_alphafold2_model_1_seed_002.pdb
1793,45,Dimer,0.61641,anc2c_45_I_unrelaxed_rank_003_alphafold2_model_1_seed_001.pdb
1794,45,Dimer,0.62565,anc2c_45_I_unrelaxed_rank_004_alphafold2_model_1_seed_004.pdb
1795,45,Dimer,0.60196,anc2c_45_I_unrelaxed_rank_005_alphafold2_model_5_seed_003.pdb
1796,45,Dimer,0.5791,anc2c_45_I_unrelaxed_rank_006_alphafold2_model_3_seed_003.pdb
1797,45,Dimer,0.57082,anc2c_45_I_unrelaxed_rank_007_alphafold2_model_3_seed_004.pdb
1798,45,Dimer,0.57242,anc2c_45_L_unrelaxed_rank_001_alphafold2_model_1_seed_002.pdb
1799,45,Dimer,0.57897,anc2c_45_L_unrelaxed_rank_002_alphafold2_model_1_seed_000.pdb
1800,45,Dimer,0.58086,anc2c_45_L_unrelaxed_rank_003_alphafold2_model_1_seed_003.pdb
1801,45,Dimer,0.5869,anc2c_45_L_unrelaxed_rank_004_alphafold2_model_1_seed_004.pdb
1802,45,Dimer,0.58772,anc2c_45_L_unrelaxed_rank_005_alphafold2_model_1_seed_001.pdb
1803,45,Dimer,0.57252,anc2c_45_L_unrelaxed_rank_006_alphafold2_model_3_seed_004.pdb
1804,45,Dimer,0.57629,anc2c_45_V_unrelaxed_rank_001_alphafold2_model_1_seed_002.pdb
1805,45,Dimer,0.60435,anc2c_45_V_unrelaxed_rank_002_alphafold2_model_1_seed_004.pdb
1806,45,Dimer,0.58056,anc2c_45_V_unrelaxed_rank_003_alphafold2_model_1_seed_000.pdb
1807,45,Dimer,0.62076,anc2c_45_V_unrelaxed_rank_004_alphafold2_model_1_seed_001.pdb
1808,45,Dimer,0.59321,anc2c_45_V_unrelaxed_rank_005_alphafold2_model_1_seed_003.pdb
1809,47,Chemokine,0.78948,anc2c_47_I_unrelaxed_rank_001_alphafold2_model_1_seed_004.pdb
1810,47,Chemokine,0.78671,anc2c_47_I_unrelaxed_rank_002_alphafold2_model_1_seed_002.pdb
1811,47,Chemokine,0.78974,anc2c_47_I_unrelaxed_rank_003_alphafold2_model_1_seed_000.pdb
1812,47,Chemokine,0.79004,anc2c_47_I_unrelaxed_rank_004_alphafold2_model_1_seed_001.pdb
1813,47,Chemokine,0.76915,anc2c_47_I_unrelaxed_rank_005_alphafold2_model_3_seed_000.pdb
1814,47,Chemokine,0.57614,anc2c_47_I_unrelaxed_rank_006_alphafold2_model_2_seed_004.pdb
1815,47,Chemokine,0.5786,anc2c_47_I_unrelaxed_rank_007_alphafold2_model_2_seed_000.pdb
1816,47,Chemokine,0.57051,anc2c_47_I_unrelaxed_rank_008_alphafold2_model_2_seed_003.pdb
1817,47,Chemokine,0.57346,anc2c_47_I_unrelaxed_rank_009_alphafold2_model_2_seed_002.pdb
1818,47,Chemokine,0.58019,anc2c_47_I_unrelaxed_rank_010_alphafold2_model_2_seed_001.pdb
1819,47,Chemokine,0.57408,anc2c_47_I_unrelaxed_rank_011_alphafold2_model_4_seed_004.pdb
1820,47,Chemokine,0.57418,anc2c_47_I_unrelaxed_rank_012_alphafold2_model_4_seed_003.pdb
1821,47,Chemokine,0.5798,anc2c_47_I_unrelaxed_rank_013_alphafold2_model_4_seed_002.pdb
1822,47,Chemokine,0.58694,anc2c_47_I_unrelaxed_rank_014_alphafold2_model_4_seed_000.pdb
1823,47,Chemokine,0.58588,anc2c_47_I_unrelaxed_rank_015_alphafold2_model_4_seed_001.pdb
1824,47,Chemokine,0.59266,anc2c_47_I_unrelaxed_rank_016_alphafold2_model_1_seed_003.pdb
1825,47,Chemokine,0.59451,anc2c_47_I_unrelaxed_rank_017_alphafold2_model_3_seed_003.pdb
1826,47,Chemokine,0.60249,anc2c_47_I_unrelaxed_rank_018_alphafold2_model_3_seed_001.pdb
1827,47,Chemokine,0.59121,anc2c_47_I_unrelaxed_rank_019_alphafold2_model_3_seed_002.pdb
1828,47,Chemokine,0.58595,anc2c_47_I_unrelaxed_rank_020_alphafold2_model_3_seed_004.pdb
1829,47,Chemokine,0.59709,anc2c_47_I_unrelaxed_rank_021_alphafold2_model_5_seed_000.pdb
1830,47,Chemokine,0.59478,anc2c_47_I_unrelaxed_rank_022_alphafold2_model_5_seed_004.pdb
1831,47,Chemokine,0.59417,anc2c_47_I_unrelaxed_rank_023_alphafold2_model_5_seed_002.pdb
1832,47,Chemokine,0.61826,anc2c_47_I_unrelaxed_rank_024_alphafold2_model_5_seed_001.pdb
1833,47,Chemokine,0.59542,anc2c_47_I_unrelaxed_rank_025_alphafold2_model_5_seed_003.pdb
1834,47,Chemokine,0.55722,anc2c_47_L_unrelaxed_rank_001_alphafold2_model_2_seed_002.pdb
1835,47,Chemokine,0.5602,anc2c_47_L_unrelaxed_rank_002_alphafold2_model_2_seed_000.pdb
1836,47,Chemokine,0.54484,anc2c_47_L_unrelaxed_rank_003_alphafold2_model_2_seed_003.pdb
1837,47,Chemokine,0.55036,anc2c_47_L_unrelaxed_rank_004_alphafold2_model_2_seed_004.pdb
1838,47,Chemokine,0.55466,anc2c_47_L_unrelaxed_rank_005_alphafold2_model_4_seed_003.pdb
1839,47,Chemokine,0.55175,anc2c_47_L_unrelaxed_rank_006_alphafold2_model_2_seed_001.pdb
1840,47,Chemokine,0.55863,anc2c_47_L_unrelaxed_rank_007_alphafold2_model_4_seed_004.pdb
1841,47,Chemokine,0.56199,anc2c_47_L_unrelaxed_rank_008_alphafold2_model_4_seed_002.pdb
1842,47,Chemokine,0.55915,anc2c_47_L_unrelaxed_rank_009_alphafold2_model_4_seed_001.pdb
1843,47,Chemokine,0.55976,anc2c_47_L_unrelaxed_rank_010_alphafold2_model_4_seed_000.pdb
1844,47,Chemokine,0.58535,anc2c_47_L_unrelaxed_rank_011_alphafold2_model_3_seed_002.pdb
1845,47,Chemokine,0.58847,anc2c_47_L_unrelaxed_rank_012_alphafold2_model_3_seed_000.pdb
1846,47,Chemokine,0.59508,anc2c_47_L_unrelaxed_rank_013_alphafold2_model_3_seed_004.pdb
1847,47,Chemokine,0.58188,anc2c_47_L_unrelaxed_rank_014_alphafold2_model_3_seed_003.pdb
1848,47,Chemokine,0.58412,anc2c_47_L_unrelaxed_rank_015_alphafold2_model_3_seed_001.pdb
1849,47,Chemokine,0.57487,anc2c_47_L_unrelaxed_rank_016_alphafold2_model_5_seed_002.pdb
1850,47,Chemokine,0.5726,anc2c_47_L_unrelaxed_rank_017_alphafold2_model_5_seed_003.pdb
1851,47,Chemokine,0.57145,anc2c_47_L_unrelaxed_rank_018_alphafold2_model_5_seed_000.pdb
1852,47,Chemokine,0.69704,anc2c_47_L_unrelaxed_rank_019_alphafold2_model_1_seed_000.pdb
1853,47,Chemokine,0.56951,anc2c_47_L_unrelaxed_rank_020_alphafold2_model_5_seed_001.pdb
1854,47,Chemokine,0.57347,anc2c_47_L_unrelaxed_rank_021_alphafold2_model_5_seed_004.pdb
1855,47,Chemokine,0.71071,anc2c_47_L_unrelaxed_rank_022_alphafold2_model_1_seed_002.pdb
1856,47,Chemokine,0.7926,anc2c_47_M_unrelaxed_rank_001_alphafold2_model_1_seed_000.pdb
1857,47,Chemokine,0.78665,anc2c_47_M_unrelaxed_rank_002_alphafold2_model_1_seed_001.pdb
1858,47,Chemokine,0.55653,anc2c_47_M_unrelaxed_rank_003_alphafold2_model_2_seed_000.pdb
1859,47,Chemokine,0.55445,anc2c_47_M_unrelaxed_rank_004_alphafold2_model_2_seed_003.pdb
1860,47,Chemokine,0.55392,anc2c_47_M_unrelaxed_rank_005_alphafold2_model_2_seed_002.pdb
1861,47,Chemokine,0.55776,anc2c_47_M_unrelaxed_rank_006_alphafold2_model_2_seed_001.pdb
1862,47,Chemokine,0.5541,anc2c_47_M_unrelaxed_rank_007_alphafold2_model_2_seed_004.pdb
1863,47,Chemokine,0.57287,anc2c_47_M_unrelaxed_rank_008_alphafold2_model_1_seed_004.pdb
1864,47,Chemokine,0.57237,anc2c_47_M_unrelaxed_rank_009_alphafold2_model_4_seed_003.pdb
1865,47,Chemokine,0.57431,anc2c_47_M_unrelaxed_rank_010_alphafold2_model_1_seed_002.pdb
1866,47,Chemokine,0.58015,anc2c_47_M_unrelaxed_rank_011_alphafold2_model_1_seed_003.pdb
1867,47,Chemokine,0.57701,anc2c_47_M_unrelaxed_rank_012_alphafold2_model_3_seed_004.pdb
1868,47,Chemokine,0.57466,anc2c_47_M_unrelaxed_rank_013_alphafold2_model_4_seed_002.pdb
1869,47,Chemokine,0.57626,anc2c_47_M_unrelaxed_rank_014_alphafold2_model_3_seed_001.pdb
1870,47,Chemokine,0.57755,anc2c_47_M_unrelaxed_rank_015_alphafold2_model_3_seed_003.pdb
1871,47,Chemokine,0.57912,anc2c_47_M_unrelaxed_rank_016_alphafold2_model_3_seed_000.pdb
1872,47,Chemokine,0.57927,anc2c_47_M_unrelaxed_rank_017_alphafold2_model_3_seed_002.pdb
1873,47,Chemokine,0.57509,anc2c_47_M_unrelaxed_rank_018_alphafold2_model_4_seed_004.pdb
1874,47,Chemokine,0.5784,anc2c_47_M_unrelaxed_rank_019_alphafold2_model_4_seed_001.pdb
1875,47,Chemokine,0.57375,anc2c_47_M_unrelaxed_rank_020_alphafold2_model_4_seed_000.pdb
1876,47,Chemokine,0.56778,anc2c_47_M_unrelaxed_rank_021_alphafold2_model_5_seed_002.pdb
1877,47,Chemokine,0.56036,anc2c_47_M_unrelaxed_rank_022_alphafold2_model_5_seed_000.pdb
1878,47,Chemokine,0.55984,anc2c_47_M_unrelaxed_rank_023_alphafold2_model_5_seed_004.pdb
1879,47,Chemokine,0.57107,anc2c_47_M_unrelaxed_rank_024_alphafold2_model_5_seed_001.pdb
1880,47,Chemokine,0.55877,anc2c_47_M_unrelaxed_rank_025_alphafold2_model_5_seed_003.pdb
1881,G,Chemokine,0.56367,anc2c_G_unrelaxed_rank_001_alphafold2_model_2_seed_003.pdb
1882,G,Chemokine,0.56211,anc2c_G_unrelaxed_rank_002_alphafold2_model_2_seed_002.pdb
1883,G,Chemokine,0.55855,anc2c_G_unrelaxed_rank_003_alphafold2_model_2_seed_000.pdb
1884,G,Chemokine,0.53552,anc2c_G_unrelaxed_rank_004_alphafold2_model_4_seed_003.pdb
1885,G,Chemokine,0.573,anc2c_G_unrelaxed_rank_005_alphafold2_model_4_seed_004.pdb
1886,G,Chemokine,0.5368,anc2c_G_unrelaxed_rank_006_alphafold2_model_4_seed_001.pdb
1887,G,Chemokine,0.52751,anc2c_G_unrelaxed_rank_007_alphafold2_model_4_seed_000.pdb
1888,G,Chemokine,0.55086,anc2c_G_unrelaxed_rank_008_alphafold2_model_2_seed_001.pdb
1889,G,Chemokine,0.53076,anc2c_G_unrelaxed_rank_009_alphafold2_model_4_seed_002.pdb
1890,G,Chemokine,0.57453,anc2c_G_unrelaxed_rank_010_alphafold2_model_5_seed_000.pdb
1891,G,Chemokine,0.52323,anc2c_G_unrelaxed_rank_015_alphafold2_model_5_seed_003.pdb
1892,G,Chemokine,0.56657,anc2c_G_unrelaxed_rank_016_alphafold2_model_5_seed_004.pdb
1893,G,Chemokine,0.57908,anc2c_G_unrelaxed_rank_017_alphafold2_model_5_seed_002.pdb
1894,G,Chemokine,0.57155,anc2c_G_unrelaxed_rank_019_alphafold2_model_5_seed_001.pdb
1895,I,Chemokine,0.79024,anc2c_I_unrelaxed_rank_001_alphafold2_model_1_seed_003.pdb
1896,I,Chemokine,0.78849,anc2c_I_unrelaxed_rank_002_alphafold2_model_1_seed_002.pdb
1897,I,Chemokine,0.78908,anc2c_I_unrelaxed_rank_003_alphafold2_model_1_seed_000.pdb
1898,I,Chemokine,0.78414,anc2c_I_unrelaxed_rank_004_alphafold2_model_1_seed_004.pdb
1899,I,Chemokine,0.56298,anc2c_I_unrelaxed_rank_005_alphafold2_model_2_seed_003.pdb
1900,I,Chemokine,0.56211,anc2c_I_unrelaxed_rank_006_alphafold2_model_2_seed_004.pdb
1901,I,Chemokine,0.57236,anc2c_I_unrelaxed_rank_007_alphafold2_model_2_seed_000.pdb
1902,I,Chemokine,0.56861,anc2c_I_unrelaxed_rank_008_alphafold2_model_2_seed_002.pdb
1903,I,Chemokine,0.77466,anc2c_I_unrelaxed_rank_009_alphafold2_model_5_seed_001.pdb
1904,I,Chemokine,0.57036,anc2c_I_unrelaxed_rank_010_alphafold2_model_2_seed_001.pdb
1905,I,Chemokine,0.576,anc2c_I_unrelaxed_rank_011_alphafold2_model_4_seed_004.pdb
1906,I,Chemokine,0.57438,anc2c_I_unrelaxed_rank_012_alphafold2_model_4_seed_003.pdb
1907,I,Chemokine,0.58404,anc2c_I_unrelaxed_rank_013_alphafold2_model_4_seed_002.pdb
1908,I,Chemokine,0.58712,anc2c_I_unrelaxed_rank_014_alphafold2_model_4_seed_000.pdb
1909,I,Chemokine,0.5894,anc2c_I_unrelaxed_rank_015_alphafold2_model_4_seed_001.pdb
1910,I,Chemokine,0.69735,anc2c_I_unrelaxed_rank_016_alphafold2_model_1_seed_001.pdb
1911,I,Chemokine,0.59535,anc2c_I_unrelaxed_rank_017_alphafold2_model_3_seed_002.pdb
1912,I,Chemokine,0.59406,anc2c_I_unrelaxed_rank_018_alphafold2_model_3_seed_003.pdb
1913,I,Chemokine,0.60352,anc2c_I_unrelaxed_rank_019_alphafold2_model_3_seed_000.pdb
1914,I,Chemokine,0.5836,anc2c_I_unrelaxed_rank_020_alphafold2_model_3_seed_004.pdb
1915,I,Chemokine,0.59955,anc2c_I_unrelaxed_rank_021_alphafold2_model_3_seed_001.pdb
1916,V,Chemokine,0.78948,anc2c_V_unrelaxed_rank_001_alphafold2_model_1_seed_004.pdb
1917,V,Chemokine,0.78671,anc2c_V_unrelaxed_rank_002_alphafold2_model_1_seed_002.pdb
1918,V,Chemokine,0.78974,anc2c_V_unrelaxed_rank_003_alphafold2_model_1_seed_000.pdb
1919,V,Chemokine,0.79004,anc2c_V_unrelaxed_rank_004_alphafold2_model_1_seed_001.pdb
1920,V,Chemokine,0.76915,anc2c_V_unrelaxed_rank_005_alphafold2_model_3_seed_000.pdb
1921,V,Chemokine,0.57614,anc2c_V_unrelaxed_rank_006_alphafold2_model_2_seed_004.pdb
1922,V,Chemokine,0.5786,anc2c_V_unrelaxed_rank_007_alphafold2_model_2_seed_000.pdb
1923,V,Chemokine,0.57051,anc2c_V_unrelaxed_rank_008_alphafold2_model_2_seed_003.pdb
1924,V,Chemokine,0.57346,anc2c_V_unrelaxed_rank_009_alphafold2_model_2_seed_002.pdb
1925,V,Chemokine,0.58019,anc2c_V_unrelaxed_rank_010_alphafold2_model_2_seed_001.pdb
1926,V,Chemokine,0.57408,anc2c_V_unrelaxed_rank_011_alphafold2_model_4_seed_004.pdb
1927,V,Chemokine,0.57418,anc2c_V_unrelaxed_rank_012_alphafold2_model_4_seed_003.pdb
1928,V,Chemokine,0.5798,anc2c_V_unrelaxed_rank_013_alphafold2_model_4_seed_002.pdb
1929,V,Chemokine,0.58694,anc2c_V_unrelaxed_rank_014_alphafold2_model_4_seed_000.pdb
1930,V,Chemokine,0.58588,anc2c_V_unrelaxed_rank_015_alphafold2_model_4_seed_001.pdb
1931,V,Chemokine,0.59266,anc2c_V_unrelaxed_rank_016_alphafold2_model_1_seed_003.pdb
1932,V,Chemokine,0.59451,anc2c_V_unrelaxed_rank_017_alphafold2_model_3_seed_003.pdb
1933,V,Chemokine,0.60249,anc2c_V_unrelaxed_rank_018_alphafold2_model_3_seed_001.pdb
1934,V,Chemokine,0.59121,anc2c_V_unrelaxed_rank_019_alphafold2_model_3_seed_002.pdb
1935,V,Chemokine,0.58595,anc2c_V_unrelaxed_rank_020_alphafold2_model_3_seed_004.pdb
1936,V,Chemokine,0.59709,anc2c_V_unrelaxed_rank_021_alphafold2_model_5_seed_000.pdb
1937,V,Chemokine,0.59478,anc2c_V_unrelaxed_rank_022_alphafold2_model_5_seed_004.pdb
1938,V,Chemokine,0.59417,anc2c_V_unrelaxed_rank_023_alphafold2_model_5_seed_002.pdb
1939,V,Chemokine,0.61826,anc2c_V_unrelaxed_rank_024_alphafold2_model_5_seed_001.pdb
1940,V,Chemokine,0.59542,anc2c_V_unrelaxed_rank_025_alphafold2_model_5_seed_003.pdb
1941,14,Chemokine,0.74964,anc2d_14_I_unrelaxed_rank_001_alphafold2_model_3_seed_002.pdb
1942,14,Chemokine,0.75555,anc2d_14_I_unrelaxed_rank_002_alphafold2_model_3_seed_004.pdb
1943,14,Chemokine,0.75105,anc2d_14_I_unrelaxed_rank_003_alphafold2_model_3_seed_000.pdb
1944,14,Chemokine,0.75037,anc2d_14_I_unrelaxed_rank_004_alphafold2_model_3_seed_003.pdb
1945,14,Chemokine,0.7517,anc2d_14_I_unrelaxed_rank_005_alphafold2_model_3_seed_001.pdb
1946,14,Chemokine,0.76808,anc2d_14_I_unrelaxed_rank_006_alphafold2_model_4_seed_004.pdb
1947,14,Chemokine,0.76638,anc2d_14_I_unrelaxed_rank_007_alphafold2_model_5_seed_002.pdb
1948,14,Chemokine,0.77217,anc2d_14_I_unrelaxed_rank_008_alphafold2_model_4_seed_003.pdb
1949,14,Chemokine,0.75939,anc2d_14_I_unrelaxed_rank_009_alphafold2_model_2_seed_003.pdb
1950,14,Chemokine,0.76283,anc2d_14_I_unrelaxed_rank_010_alphafold2_model_5_seed_004.pdb
1951,14,Chemokine,0.76501,anc2d_14_I_unrelaxed_rank_011_alphafold2_model_5_seed_003.pdb
1952,14,Chemokine,0.77325,anc2d_14_I_unrelaxed_rank_012_alphafold2_model_4_seed_000.pdb
1953,14,Chemokine,0.76408,anc2d_14_I_unrelaxed_rank_013_alphafold2_model_5_seed_001.pdb
1954,14,Chemokine,0.76333,anc2d_14_I_unrelaxed_rank_014_alphafold2_model_5_seed_000.pdb
1955,14,Chemokine,0.76943,anc2d_14_I_unrelaxed_rank_015_alphafold2_model_4_seed_002.pdb
1956,14,Chemokine,0.76236,anc2d_14_I_unrelaxed_rank_016_alphafold2_model_2_seed_002.pdb
1957,14,Chemokine,0.75994,anc2d_14_I_unrelaxed_rank_017_alphafold2_model_2_seed_004.pdb
1958,14,Chemokine,0.75166,anc2d_14_I_unrelaxed_rank_018_alphafold2_model_1_seed_004.pdb
1959,14,Chemokine,0.7575,anc2d_14_I_unrelaxed_rank_019_alphafold2_model_2_seed_001.pdb
1960,14,Chemokine,0.74536,anc2d_14_I_unrelaxed_rank_020_alphafold2_model_2_seed_000.pdb
1961,14,Chemokine,0.67583,anc2d_14_I_unrelaxed_rank_021_alphafold2_model_4_seed_001.pdb
1962,14,Chemokine,0.65925,anc2d_14_I_unrelaxed_rank_022_alphafold2_model_1_seed_001.pdb
1963,14,Chemokine,0.74003,anc2d_14_L_unrelaxed_rank_001_alphafold2_model_3_seed_002.pdb
1964,14,Chemokine,0.74813,anc2d_14_L_unrelaxed_rank_002_alphafold2_model_3_seed_003.pdb
1965,14,Chemokine,0.7544,anc2d_14_L_unrelaxed_rank_003_alphafold2_model_3_seed_001.pdb
1966,14,Chemokine,0.75828,anc2d_14_L_unrelaxed_rank_004_alphafold2_model_3_seed_000.pdb
1967,14,Chemokine,0.75746,anc2d_14_L_unrelaxed_rank_005_alphafold2_model_3_seed_004.pdb
1968,14,Chemokine,0.76763,anc2d_14_L_unrelaxed_rank_006_alphafold2_model_2_seed_002.pdb
1969,14,Chemokine,0.76865,anc2d_14_L_unrelaxed_rank_007_alphafold2_model_2_seed_003.pdb
1970,14,Chemokine,0.76066,anc2d_14_L_unrelaxed_rank_008_alphafold2_model_2_seed_004.pdb
1971,14,Chemokine,0.76251,anc2d_14_L_unrelaxed_rank_009_alphafold2_model_2_seed_000.pdb
1972,14,Chemokine,0.7595,anc2d_14_L_unrelaxed_rank_010_alphafold2_model_2_seed_001.pdb
1973,14,Chemokine,0.76456,anc2d_14_L_unrelaxed_rank_011_alphafold2_model_4_seed_004.pdb
1974,14,Chemokine,0.76096,anc2d_14_L_unrelaxed_rank_012_alphafold2_model_5_seed_002.pdb
1975,14,Chemokine,0.76924,anc2d_14_L_unrelaxed_rank_013_alphafold2_model_4_seed_002.pdb
1976,14,Chemokine,0.75996,anc2d_14_L_unrelaxed_rank_014_alphafold2_model_4_seed_000.pdb
1977,14,Chemokine,0.76026,anc2d_14_L_unrelaxed_rank_015_alphafold2_model_5_seed_004.pdb
1978,14,Chemokine,0.77497,anc2d_14_L_unrelaxed_rank_016_alphafold2_model_4_seed_003.pdb
1979,14,Chemokine,0.76095,anc2d_14_L_unrelaxed_rank_017_alphafold2_model_5_seed_001.pdb
1980,14,Chemokine,0.7728,anc2d_14_L_unrelaxed_rank_018_alphafold2_model_4_seed_001.pdb
1981,14,Chemokine,0.75897,anc2d_14_L_unrelaxed_rank_019_alphafold2_model_5_seed_000.pdb
1982,14,Chemokine,0.76273,anc2d_14_L_unrelaxed_rank_020_alphafold2_model_5_seed_003.pdb
1983,14,Chemokine,0.65957,anc2d_14_L_unrelaxed_rank_021_alphafold2_model_1_seed_003.pdb
1984,14,Chemokine,0.65826,anc2d_14_L_unrelaxed_rank_022_alphafold2_model_1_seed_004.pdb
1985,14,Chemokine,0.66345,anc2d_14_L_unrelaxed_rank_023_alphafold2_model_1_seed_000.pdb
1986,14,Chemokine,0.66289,anc2d_14_L_unrelaxed_rank_024_alphafold2_model_1_seed_002.pdb
1987,14,Chemokine,0.75003,anc2d_14_V_unrelaxed_rank_001_alphafold2_model_3_seed_004.pdb
1988,14,Chemokine,0.74493,anc2d_14_V_unrelaxed_rank_002_alphafold2_model_3_seed_002.pdb
1989,14,Chemokine,0.74621,anc2d_14_V_unrelaxed_rank_003_alphafold2_model_3_seed_003.pdb
1990,14,Chemokine,0.7462,anc2d_14_V_unrelaxed_rank_004_alphafold2_model_3_seed_001.pdb
1991,14,Chemokine,0.77171,anc2d_14_V_unrelaxed_rank_005_alphafold2_model_4_seed_002.pdb
1992,14,Chemokine,0.76807,anc2d_14_V_unrelaxed_rank_006_alphafold2_model_4_seed_003.pdb
1993,14,Chemokine,0.7687,anc2d_14_V_unrelaxed_rank_007_alphafold2_model_4_seed_004.pdb
1994,14,Chemokine,0.76085,anc2d_14_V_unrelaxed_rank_008_alphafold2_model_5_seed_002.pdb
1995,14,Chemokine,0.75894,anc2d_14_V_unrelaxed_rank_009_alphafold2_model_2_seed_002.pdb
1996,14,Chemokine,0.76876,anc2d_14_V_unrelaxed_rank_010_alphafold2_model_4_seed_000.pdb
1997,14,Chemokine,0.76004,anc2d_14_V_unrelaxed_rank_011_alphafold2_model_5_seed_004.pdb
1998,14,Chemokine,0.75665,anc2d_14_V_unrelaxed_rank_012_alphafold2_model_2_seed_003.pdb
1999,14,Chemokine,0.76033,anc2d_14_V_unrelaxed_rank_013_alphafold2_model_5_seed_001.pdb
2000,14,Chemokine,0.75877,anc2d_14_V_unrelaxed_rank_014_alphafold2_model_5_seed_000.pdb
2001,14,Chemokine,0.76198,anc2d_14_V_unrelaxed_rank_015_alphafold2_model_5_seed_003.pdb
2002,14,Chemokine,0.7504,anc2d_14_V_unrelaxed_rank_016_alphafold2_model_2_seed_004.pdb
2003,14,Chemokine,0.75557,anc2d_14_V_unrelaxed_rank_017_alphafold2_model_2_seed_000.pdb
2004,14,Chemokine,0.74771,anc2d_14_V_unrelaxed_rank_018_alphafold2_model_2_seed_001.pdb
2005,14,Chemokine,0.67174,anc2d_14_V_unrelaxed_rank_019_alphafold2_model_4_seed_001.pdb
2006,14,Chemokine,0.67013,anc2d_14_V_unrelaxed_rank_020_alphafold2_model_1_seed_003.pdb
2007,14,Chemokine,0.6738,anc2d_14_V_unrelaxed_rank_021_alphafold2_model_1_seed_002.pdb
2008,14,Chemokine,0.66534,anc2d_14_V_unrelaxed_rank_022_alphafold2_model_1_seed_001.pdb
2009,14,Chemokine,0.64961,anc2d_14_V_unrelaxed_rank_023_alphafold2_model_3_seed_000.pdb
2010,14,Chemokine,0.66649,anc2d_14_V_unrelaxed_rank_024_alphafold2_model_1_seed_000.pdb
2011,14,Chemokine,0.67656,anc2d_14_V_unrelaxed_rank_025_alphafold2_model_1_seed_004.pdb
2012,36,Chemokine,0.80688,anc2d_36_A_unrelaxed_rank_001_alphafold2_model_2_seed_002.pdb
2013,36,Chemokine,0.80687,anc2d_36_A_unrelaxed_rank_002_alphafold2_model_2_seed_000.pdb
2014,36,Chemokine,0.78022,anc2d_36_A_unrelaxed_rank_003_alphafold2_model_2_seed_001.pdb
2015,36,Chemokine,0.77904,anc2d_36_A_unrelaxed_rank_004_alphafold2_model_2_seed_004.pdb
2016,36,Chemokine,0.79399,anc2d_36_A_unrelaxed_rank_005_alphafold2_model_2_seed_003.pdb
2017,36,Chemokine,0.77583,anc2d_36_A_unrelaxed_rank_006_alphafold2_model_4_seed_002.pdb
2018,36,Chemokine,0.77268,anc2d_36_A_unrelaxed_rank_007_alphafold2_model_5_seed_002.pdb
2019,36,Chemokine,0.76964,anc2d_36_A_unrelaxed_rank_008_alphafold2_model_5_seed_004.pdb
2020,36,Chemokine,0.77051,anc2d_36_A_unrelaxed_rank_009_alphafold2_model_5_seed_003.pdb
2021,36,Chemokine,0.77109,anc2d_36_A_unrelaxed_rank_010_alphafold2_model_5_seed_001.pdb
2022,36,Chemokine,0.77047,anc2d_36_A_unrelaxed_rank_011_alphafold2_model_5_seed_000.pdb
2023,36,Chemokine,0.67535,anc2d_36_A_unrelaxed_rank_012_alphafold2_model_1_seed_002.pdb
2024,36,Chemokine,0.65298,anc2d_36_A_unrelaxed_rank_013_alphafold2_model_3_seed_004.pdb
2025,36,Chemokine,0.65364,anc2d_36_A_unrelaxed_rank_014_alphafold2_model_3_seed_003.pdb
2026,36,Chemokine,0.65851,anc2d_36_A_unrelaxed_rank_015_alphafold2_model_3_seed_001.pdb
2027,36,Chemokine,0.64895,anc2d_36_A_unrelaxed_rank_016_alphafold2_model_3_seed_000.pdb
2028,36,Chemokine,0.65555,anc2d_36_A_unrelaxed_rank_017_alphafold2_model_3_seed_002.pdb
2029,36,Chemokine,0.67601,anc2d_36_A_unrelaxed_rank_018_alphafold2_model_4_seed_003.pdb
2030,36,Chemokine,0.67486,anc2d_36_A_unrelaxed_rank_019_alphafold2_model_4_seed_004.pdb
2031,36,Chemokine,0.67748,anc2d_36_A_unrelaxed_rank_020_alphafold2_model_1_seed_003.pdb
2032,36,Chemokine,0.67863,anc2d_36_A_unrelaxed_rank_021_alphafold2_model_4_seed_001.pdb
2033,36,Chemokine,0.68498,anc2d_36_A_unrelaxed_rank_022_alphafold2_model_1_seed_004.pdb
2034,36,Chemokine,0.67616,anc2d_36_A_unrelaxed_rank_023_alphafold2_model_4_seed_000.pdb
2035,36,Chemokine,0.67195,anc2d_36_A_unrelaxed_rank_024_alphafold2_model_1_seed_001.pdb
2036,36,Chemokine,0.68032,anc2d_36_A_unrelaxed_rank_025_alphafold2_model_1_seed_000.pdb
2037,36,Chemokine,0.8265,anc2d_36_G_unrelaxed_rank_001_alphafold2_model_2_seed_000.pdb
2038,36,Chemokine,0.82623,anc2d_36_G_unrelaxed_rank_002_alphafold2_model_2_seed_003.pdb
2039,36,Chemokine,0.79995,anc2d_36_G_unrelaxed_rank_003_alphafold2_model_2_seed_004.pdb
2040,36,Chemokine,0.79106,anc2d_36_G_unrelaxed_rank_004_alphafold2_model_1_seed_003.pdb
2041,36,Chemokine,0.79962,anc2d_36_G_unrelaxed_rank_005_alphafold2_model_2_seed_002.pdb
2042,36,Chemokine,0.80003,anc2d_36_G_unrelaxed_rank_006_alphafold2_model_2_seed_001.pdb
2043,36,Chemokine,0.77044,anc2d_36_G_unrelaxed_rank_007_alphafold2_model_3_seed_003.pdb
2044,36,Chemokine,0.78912,anc2d_36_G_unrelaxed_rank_008_alphafold2_model_5_seed_003.pdb
2045,36,Chemokine,0.79516,anc2d_36_G_unrelaxed_rank_009_alphafold2_model_4_seed_004.pdb
2046,36,Chemokine,0.78843,anc2d_36_G_unrelaxed_rank_010_alphafold2_model_5_seed_004.pdb
2047,36,Chemokine,0.79195,anc2d_36_G_unrelaxed_rank_011_alphafold2_model_4_seed_002.pdb
2048,36,Chemokine,0.768,anc2d_36_G_unrelaxed_rank_012_alphafold2_model_3_seed_004.pdb
2049,36,Chemokine,0.78784,anc2d_36_G_unrelaxed_rank_013_alphafold2_model_5_seed_000.pdb
2050,36,Chemokine,0.79187,anc2d_36_G_unrelaxed_rank_014_alphafold2_model_4_seed_003.pdb
2051,36,Chemokine,0.6982,anc2d_36_G_unrelaxed_rank_015_alphafold2_model_3_seed_001.pdb
2052,36,Chemokine,0.69892,anc2d_36_G_unrelaxed_rank_016_alphafold2_model_3_seed_002.pdb
2053,36,Chemokine,0.69819,anc2d_36_G_unrelaxed_rank_017_alphafold2_model_3_seed_000.pdb
2054,36,Chemokine,0.71462,anc2d_36_G_unrelaxed_rank_018_alphafold2_model_1_seed_002.pdb
2055,36,Chemokine,0.70507,anc2d_36_G_unrelaxed_rank_019_alphafold2_model_4_seed_000.pdb
2056,36,Chemokine,0.71057,anc2d_36_G_unrelaxed_rank_020_alphafold2_model_1_seed_001.pdb
2057,36,Chemokine,0.70499,anc2d_36_G_unrelaxed_rank_021_alphafold2_model_4_seed_001.pdb
2058,36,Chemokine,0.71765,anc2d_36_G_unrelaxed_rank_022_alphafold2_model_1_seed_004.pdb
2059,36,Chemokine,0.71156,anc2d_36_G_unrelaxed_rank_023_alphafold2_model_1_seed_000.pdb
2060,36,Chemokine,0.69138,anc2d_36_G_unrelaxed_rank_024_alphafold2_model_5_seed_001.pdb
2061,36,Chemokine,0.68583,anc2d_36_G_unrelaxed_rank_025_alphafold2_model_5_seed_002.pdb
2062,36,Chemokine,0.74944,anc2d_36_I_unrelaxed_rank_001_alphafold2_model_3_seed_001.pdb
2063,36,Chemokine,0.75941,anc2d_36_I_unrelaxed_rank_002_alphafold2_model_2_seed_003.pdb
2064,36,Chemokine,0.74796,anc2d_36_I_unrelaxed_rank_003_alphafold2_model_3_seed_003.pdb
2065,36,Chemokine,0.75552,anc2d_36_I_unrelaxed_rank_004_alphafold2_model_2_seed_002.pdb
2066,36,Chemokine,0.75904,anc2d_36_I_unrelaxed_rank_005_alphafold2_model_3_seed_002.pdb
2067,36,Chemokine,0.765,anc2d_36_I_unrelaxed_rank_006_alphafold2_model_3_seed_004.pdb
2068,36,Chemokine,0.75291,anc2d_36_I_unrelaxed_rank_007_alphafold2_model_1_seed_003.pdb
2069,36,Chemokine,0.75175,anc2d_36_I_unrelaxed_rank_008_alphafold2_model_1_seed_002.pdb
2070,36,Chemokine,0.75496,anc2d_36_I_unrelaxed_rank_009_alphafold2_model_1_seed_000.pdb
2071,36,Chemokine,0.76242,anc2d_36_I_unrelaxed_rank_010_alphafold2_model_3_seed_000.pdb
2072,36,Chemokine,0.74959,anc2d_36_I_unrelaxed_rank_011_alphafold2_model_1_seed_001.pdb
2073,36,Chemokine,0.76458,anc2d_36_I_unrelaxed_rank_012_alphafold2_model_5_seed_004.pdb
2074,36,Chemokine,0.76534,anc2d_36_I_unrelaxed_rank_013_alphafold2_model_5_seed_003.pdb
2075,36,Chemokine,0.76287,anc2d_36_I_unrelaxed_rank_014_alphafold2_model_5_seed_001.pdb
2076,36,Chemokine,0.763,anc2d_36_I_unrelaxed_rank_015_alphafold2_model_4_seed_004.pdb
2077,36,Chemokine,0.73964,anc2d_36_I_unrelaxed_rank_016_alphafold2_model_2_seed_004.pdb
2078,36,Chemokine,0.7651,anc2d_36_I_unrelaxed_rank_017_alphafold2_model_4_seed_002.pdb
2079,36,Chemokine,0.76546,anc2d_36_I_unrelaxed_rank_018_alphafold2_model_4_seed_003.pdb
2080,36,Chemokine,0.74615,anc2d_36_I_unrelaxed_rank_019_alphafold2_model_1_seed_004.pdb
2081,36,Chemokine,0.77238,anc2d_36_I_unrelaxed_rank_020_alphafold2_model_5_seed_000.pdb
2082,36,Chemokine,0.7418,anc2d_36_I_unrelaxed_rank_021_alphafold2_model_2_seed_001.pdb
2083,36,Chemokine,0.73697,anc2d_36_I_unrelaxed_rank_022_alphafold2_model_2_seed_000.pdb
2084,36,Chemokine,0.74812,anc2d_36_I_unrelaxed_rank_023_alphafold2_model_4_seed_001.pdb
2085,36,Chemokine,0.75123,anc2d_36_I_unrelaxed_rank_024_alphafold2_model_4_seed_000.pdb
2086,38,Chemokine,0.80688,anc2d_38_I_unrelaxed_rank_001_alphafold2_model_2_seed_002.pdb
2087,38,Chemokine,0.80687,anc2d_38_I_unrelaxed_rank_002_alphafold2_model_2_seed_000.pdb
2088,38,Chemokine,0.78022,anc2d_38_I_unrelaxed_rank_003_alphafold2_model_2_seed_001.pdb
2089,38,Chemokine,0.77904,anc2d_38_I_unrelaxed_rank_004_alphafold2_model_2_seed_004.pdb
2090,38,Chemokine,0.79399,anc2d_38_I_unrelaxed_rank_005_alphafold2_model_2_seed_003.pdb
2091,38,Chemokine,0.77583,anc2d_38_I_unrelaxed_rank_006_alphafold2_model_4_seed_002.pdb
2092,38,Chemokine,0.77268,anc2d_38_I_unrelaxed_rank_007_alphafold2_model_5_seed_002.pdb
2093,38,Chemokine,0.76964,anc2d_38_I_unrelaxed_rank_008_alphafold2_model_5_seed_004.pdb
2094,38,Chemokine,0.77051,anc2d_38_I_unrelaxed_rank_009_alphafold2_model_5_seed_003.pdb
2095,38,Chemokine,0.77109,anc2d_38_I_unrelaxed_rank_010_alphafold2_model_5_seed_001.pdb
2096,38,Chemokine,0.77047,anc2d_38_I_unrelaxed_rank_011_alphafold2_model_5_seed_000.pdb
2097,38,Chemokine,0.67535,anc2d_38_I_unrelaxed_rank_012_alphafold2_model_1_seed_002.pdb
2098,38,Chemokine,0.65298,anc2d_38_I_unrelaxed_rank_013_alphafold2_model_3_seed_004.pdb
2099,38,Chemokine,0.65364,anc2d_38_I_unrelaxed_rank_014_alphafold2_model_3_seed_003.pdb
2100,38,Chemokine,0.65851,anc2d_38_I_unrelaxed_rank_015_alphafold2_model_3_seed_001.pdb
2101,38,Chemokine,0.64895,anc2d_38_I_unrelaxed_rank_016_alphafold2_model_3_seed_000.pdb
2102,38,Chemokine,0.65555,anc2d_38_I_unrelaxed_rank_017_alphafold2_model_3_seed_002.pdb
2103,38,Chemokine,0.67601,anc2d_38_I_unrelaxed_rank_018_alphafold2_model_4_seed_003.pdb
2104,38,Chemokine,0.67486,anc2d_38_I_unrelaxed_rank_019_alphafold2_model_4_seed_004.pdb
2105,38,Chemokine,0.67748,anc2d_38_I_unrelaxed_rank_020_alphafold2_model_1_seed_003.pdb
2106,38,Chemokine,0.67863,anc2d_38_I_unrelaxed_rank_021_alphafold2_model_4_seed_001.pdb
2107,38,Chemokine,0.68498,anc2d_38_I_unrelaxed_rank_022_alphafold2_model_1_seed_004.pdb
2108,38,Chemokine,0.67616,anc2d_38_I_unrelaxed_rank_023_alphafold2_model_4_seed_000.pdb
2109,38,Chemokine,0.67195,anc2d_38_I_unrelaxed_rank_024_alphafold2_model_1_seed_001.pdb
2110,38,Chemokine,0.68032,anc2d_38_I_unrelaxed_rank_025_alphafold2_model_1_seed_000.pdb
2111,38,Chemokine,0.77983,anc2d_38_L_unrelaxed_rank_001_alphafold2_model_1_seed_004.pdb
2112,38,Chemokine,0.79475,anc2d_38_L_unrelaxed_rank_002_alphafold2_model_2_seed_002.pdb
2113,38,Chemokine,0.77268,anc2d_38_L_unrelaxed_rank_003_alphafold2_model_1_seed_002.pdb
2114,38,Chemokine,0.76993,anc2d_38_L_unrelaxed_rank_004_alphafold2_model_1_seed_000.pdb
2115,38,Chemokine,0.76867,anc2d_38_L_unrelaxed_rank_005_alphafold2_model_1_seed_003.pdb
2116,38,Chemokine,0.76232,anc2d_38_L_unrelaxed_rank_006_alphafold2_model_1_seed_001.pdb
2117,38,Chemokine,0.78821,anc2d_38_L_unrelaxed_rank_007_alphafold2_model_2_seed_004.pdb
2118,38,Chemokine,0.78107,anc2d_38_L_unrelaxed_rank_008_alphafold2_model_2_seed_003.pdb
2119,38,Chemokine,0.7855,anc2d_38_L_unrelaxed_rank_009_alphafold2_model_2_seed_001.pdb
2120,38,Chemokine,0.78419,anc2d_38_L_unrelaxed_rank_010_alphafold2_model_2_seed_000.pdb
2121,38,Chemokine,0.78146,anc2d_38_L_unrelaxed_rank_011_alphafold2_model_5_seed_004.pdb
2122,38,Chemokine,0.78073,anc2d_38_L_unrelaxed_rank_012_alphafold2_model_5_seed_003.pdb
2123,38,Chemokine,0.78075,anc2d_38_L_unrelaxed_rank_013_alphafold2_model_5_seed_001.pdb
2124,38,Chemokine,0.78117,anc2d_38_L_unrelaxed_rank_014_alphafold2_model_5_seed_002.pdb
2125,38,Chemokine,0.77998,anc2d_38_L_unrelaxed_rank_015_alphafold2_model_5_seed_000.pdb
2126,38,Chemokine,0.69058,anc2d_38_L_unrelaxed_rank_016_alphafold2_model_4_seed_004.pdb
2127,38,Chemokine,0.69193,anc2d_38_L_unrelaxed_rank_017_alphafold2_model_4_seed_002.pdb
2128,38,Chemokine,0.68869,anc2d_38_L_unrelaxed_rank_018_alphafold2_model_4_seed_003.pdb
2129,38,Chemokine,0.6885,anc2d_38_L_unrelaxed_rank_019_alphafold2_model_4_seed_001.pdb
2130,38,Chemokine,0.68808,anc2d_38_L_unrelaxed_rank_020_alphafold2_model_4_seed_000.pdb
2131,38,Chemokine,0.6823,anc2d_38_L_unrelaxed_rank_021_alphafold2_model_3_seed_001.pdb
2132,38,Chemokine,0.67779,anc2d_38_L_unrelaxed_rank_022_alphafold2_model_3_seed_002.pdb
2133,38,Chemokine,0.67738,anc2d_38_L_unrelaxed_rank_023_alphafold2_model_3_seed_000.pdb
2134,38,Chemokine,0.65608,anc2d_38_L_unrelaxed_rank_024_alphafold2_model_3_seed_003.pdb
2135,38,Chemokine,0.64453,anc2d_38_L_unrelaxed_rank_025_alphafold2_model_3_seed_004.pdb
2136,38,Chemokine,0.80238,anc2d_38_V_unrelaxed_rank_001_alphafold2_model_2_seed_002.pdb
2137,38,Chemokine,0.7912,anc2d_38_V_unrelaxed_rank_002_alphafold2_model_2_seed_001.pdb
2138,38,Chemokine,0.78816,anc2d_38_V_unrelaxed_rank_003_alphafold2_model_2_seed_000.pdb
2139,38,Chemokine,0.79656,anc2d_38_V_unrelaxed_rank_004_alphafold2_model_2_seed_003.pdb
2140,38,Chemokine,0.78425,anc2d_38_V_unrelaxed_rank_005_alphafold2_model_2_seed_004.pdb
2141,38,Chemokine,0.77584,anc2d_38_V_unrelaxed_rank_006_alphafold2_model_5_seed_002.pdb
2142,38,Chemokine,0.77154,anc2d_38_V_unrelaxed_rank_007_alphafold2_model_5_seed_004.pdb
2143,38,Chemokine,0.77231,anc2d_38_V_unrelaxed_rank_008_alphafold2_model_5_seed_001.pdb
2144,38,Chemokine,0.7718,anc2d_38_V_unrelaxed_rank_009_alphafold2_model_5_seed_003.pdb
2145,38,Chemokine,0.77136,anc2d_38_V_unrelaxed_rank_010_alphafold2_model_5_seed_000.pdb
2146,38,Chemokine,0.68498,anc2d_38_V_unrelaxed_rank_011_alphafold2_model_1_seed_002.pdb
2147,38,Chemokine,0.67164,anc2d_38_V_unrelaxed_rank_012_alphafold2_model_1_seed_003.pdb
2148,38,Chemokine,0.64224,anc2d_38_V_unrelaxed_rank_013_alphafold2_model_3_seed_000.pdb
2149,38,Chemokine,0.65047,anc2d_38_V_unrelaxed_rank_014_alphafold2_model_3_seed_002.pdb
2150,38,Chemokine,0.65212,anc2d_38_V_unrelaxed_rank_015_alphafold2_model_3_seed_003.pdb
2151,38,Chemokine,0.64251,anc2d_38_V_unrelaxed_rank_016_alphafold2_model_3_seed_004.pdb
2152,38,Chemokine,0.65794,anc2d_38_V_unrelaxed_rank_017_alphafold2_model_3_seed_001.pdb
2153,38,Chemokine,0.6718,anc2d_38_V_unrelaxed_rank_018_alphafold2_model_1_seed_000.pdb
2154,38,Chemokine,0.67363,anc2d_38_V_unrelaxed_rank_019_alphafold2_model_1_seed_001.pdb
2155,38,Chemokine,0.67772,anc2d_38_V_unrelaxed_rank_020_alphafold2_model_1_seed_004.pdb
2156,38,Chemokine,0.67333,anc2d_38_V_unrelaxed_rank_021_alphafold2_model_4_seed_003.pdb
2157,38,Chemokine,0.67632,anc2d_38_V_unrelaxed_rank_022_alphafold2_model_4_seed_004.pdb
2158,38,Chemokine,0.67467,anc2d_38_V_unrelaxed_rank_023_alphafold2_model_4_seed_001.pdb
2159,38,Chemokine,0.67504,anc2d_38_V_unrelaxed_rank_024_alphafold2_model_4_seed_000.pdb
2160,38,Chemokine,0.67683,anc2d_38_V_unrelaxed_rank_025_alphafold2_model_4_seed_002.pdb
2161,45,Dimer,0.53646,anc2d_45_I_unrelaxed_rank_001_alphafold2_model_2_seed_002.pdb
2162,45,Dimer,0.57562,anc2d_45_I_unrelaxed_rank_002_alphafold2_model_1_seed_004.pdb
2163,45,Dimer,0.62974,anc2d_45_I_unrelaxed_rank_003_alphafold2_model_3_seed_001.pdb
2164,45,Dimer,0.57599,anc2d_45_I_unrelaxed_rank_004_alphafold2_model_1_seed_000.pdb
2165,45,Dimer,0.629,anc2d_45_I_unrelaxed_rank_005_alphafold2_model_3_seed_000.pdb
2166,45,Dimer,0.57709,anc2d_45_I_unrelaxed_rank_006_alphafold2_model_1_seed_001.pdb
2167,45,Dimer,0.53749,anc2d_45_I_unrelaxed_rank_007_alphafold2_model_2_seed_003.pdb
2168,45,Dimer,0.57547,anc2d_45_I_unrelaxed_rank_008_alphafold2_model_1_seed_002.pdb
2169,45,Dimer,0.53507,anc2d_45_I_unrelaxed_rank_009_alphafold2_model_2_seed_004.pdb
2170,45,Dimer,0.53473,anc2d_45_I_unrelaxed_rank_010_alphafold2_model_2_seed_001.pdb
2171,45,Dimer,0.53678,anc2d_45_I_unrelaxed_rank_011_alphafold2_model_2_seed_000.pdb
2172,45,Dimer,0.62802,anc2d_45_I_unrelaxed_rank_012_alphafold2_model_3_seed_004.pdb
2173,45,Dimer,0.62828,anc2d_45_I_unrelaxed_rank_013_alphafold2_model_3_seed_003.pdb
2174,45,Dimer,0.57839,anc2d_45_I_unrelaxed_rank_014_alphafold2_model_1_seed_003.pdb
2175,45,Dimer,0.58425,anc2d_45_I_unrelaxed_rank_015_alphafold2_model_4_seed_002.pdb
2176,45,Dimer,0.58019,anc2d_45_I_unrelaxed_rank_016_alphafold2_model_3_seed_002.pdb
2177,45,Dimer,0.58397,anc2d_45_I_unrelaxed_rank_017_alphafold2_model_4_seed_003.pdb
2178,45,Dimer,0.58847,anc2d_45_I_unrelaxed_rank_018_alphafold2_model_4_seed_004.pdb
2179,45,Dimer,0.58673,anc2d_45_I_unrelaxed_rank_019_alphafold2_model_4_seed_001.pdb
2180,45,Dimer,0.58473,anc2d_45_I_unrelaxed_rank_020_alphafold2_model_5_seed_001.pdb
2181,45,Dimer,0.58727,anc2d_45_I_unrelaxed_rank_021_alphafold2_model_4_seed_000.pdb
2182,45,Dimer,0.58803,anc2d_45_I_unrelaxed_rank_022_alphafold2_model_5_seed_000.pdb
2183,45,Dimer,0.57402,anc2d_45_I_unrelaxed_rank_023_alphafold2_model_5_seed_003.pdb
2184,45,Dimer,0.57826,anc2d_45_I_unrelaxed_rank_024_alphafold2_model_5_seed_004.pdb
2185,45,Dimer,0.53783,anc2d_45_I_unrelaxed_rank_025_alphafold2_model_5_seed_002.pdb
2186,45,Dimer,0.53258,anc2d_45_L_unrelaxed_rank_001_alphafold2_model_2_seed_002.pdb
2187,45,Dimer,0.52722,anc2d_45_L_unrelaxed_rank_002_alphafold2_model_2_seed_003.pdb
2188,45,Dimer,0.53609,anc2d_45_L_unrelaxed_rank_003_alphafold2_model_1_seed_003.pdb
2189,45,Dimer,0.5704,anc2d_45_L_unrelaxed_rank_004_alphafold2_model_2_seed_000.pdb
2190,45,Dimer,0.53316,anc2d_45_L_unrelaxed_rank_005_alphafold2_model_2_seed_004.pdb
2191,45,Dimer,0.53525,anc2d_45_L_unrelaxed_rank_006_alphafold2_model_1_seed_004.pdb
2192,45,Dimer,0.53582,anc2d_45_L_unrelaxed_rank_007_alphafold2_model_1_seed_002.pdb
2193,45,Dimer,0.5356,anc2d_45_L_unrelaxed_rank_008_alphafold2_model_1_seed_000.pdb
2194,45,Dimer,0.53611,anc2d_45_L_unrelaxed_rank_009_alphafold2_model_1_seed_001.pdb
2195,45,Dimer,0.61967,anc2d_45_L_unrelaxed_rank_010_alphafold2_model_3_seed_001.pdb
2196,45,Dimer,0.55889,anc2d_45_L_unrelaxed_rank_011_alphafold2_model_2_seed_001.pdb
2197,45,Dimer,0.57636,anc2d_45_L_unrelaxed_rank_012_alphafold2_model_3_seed_004.pdb
2198,45,Dimer,0.57005,anc2d_45_L_unrelaxed_rank_013_alphafold2_model_3_seed_002.pdb
2199,45,Dimer,0.57091,anc2d_45_L_unrelaxed_rank_014_alphafold2_model_3_seed_003.pdb
2200,45,Dimer,0.56333,anc2d_45_L_unrelaxed_rank_015_alphafold2_model_5_seed_002.pdb
2201,45,Dimer,0.56846,anc2d_45_L_unrelaxed_rank_016_alphafold2_model_5_seed_003.pdb
2202,45,Dimer,0.57583,anc2d_45_L_unrelaxed_rank_017_alphafold2_model_3_seed_000.pdb
2203,45,Dimer,0.56717,anc2d_45_L_unrelaxed_rank_018_alphafold2_model_4_seed_003.pdb
2204,45,Dimer,0.57045,anc2d_45_L_unrelaxed_rank_019_alphafold2_model_4_seed_004.pdb
2205,45,Dimer,0.57295,anc2d_45_L_unrelaxed_rank_020_alphafold2_model_4_seed_001.pdb
2206,45,Dimer,0.56509,anc2d_45_L_unrelaxed_rank_021_alphafold2_model_5_seed_000.pdb
2207,45,Dimer,0.56821,anc2d_45_L_unrelaxed_rank_022_alphafold2_model_5_seed_004.pdb
2208,45,Dimer,0.56442,anc2d_45_L_unrelaxed_rank_023_alphafold2_model_5_seed_001.pdb
2209,45,Dimer,0.56356,anc2d_45_L_unrelaxed_rank_024_alphafold2_model_4_seed_002.pdb
2210,45,Dimer,0.5738,anc2d_45_L_unrelaxed_rank_025_alphafold2_model_4_seed_000.pdb
2211,45,Dimer,0.53444,anc2d_45_V_unrelaxed_rank_001_alphafold2_model_2_seed_003.pdb
2212,45,Dimer,0.53477,anc2d_45_V_unrelaxed_rank_002_alphafold2_model_2_seed_004.pdb
2213,45,Dimer,0.53651,anc2d_45_V_unrelaxed_rank_003_alphafold2_model_2_seed_002.pdb
2214,45,Dimer,0.57441,anc2d_45_V_unrelaxed_rank_004_alphafold2_model_1_seed_004.pdb
2215,45,Dimer,0.57414,anc2d_45_V_unrelaxed_rank_005_alphafold2_model_1_seed_000.pdb
2216,45,Dimer,0.53112,anc2d_45_V_unrelaxed_rank_006_alphafold2_model_2_seed_001.pdb
2217,45,Dimer,0.57455,anc2d_45_V_unrelaxed_rank_007_alphafold2_model_1_seed_001.pdb
2218,45,Dimer,0.57331,anc2d_45_V_unrelaxed_rank_008_alphafold2_model_1_seed_002.pdb
2219,45,Dimer,0.61986,anc2d_45_V_unrelaxed_rank_009_alphafold2_model_3_seed_001.pdb
2220,45,Dimer,0.6216,anc2d_45_V_unrelaxed_rank_010_alphafold2_model_3_seed_004.pdb
2221,45,Dimer,0.62111,anc2d_45_V_unrelaxed_rank_011_alphafold2_model_3_seed_003.pdb
2222,45,Dimer,0.59245,anc2d_45_V_unrelaxed_rank_012_alphafold2_model_1_seed_003.pdb
2223,45,Dimer,0.53971,anc2d_45_V_unrelaxed_rank_013_alphafold2_model_2_seed_000.pdb
2224,45,Dimer,0.61151,anc2d_45_V_unrelaxed_rank_014_alphafold2_model_3_seed_002.pdb
2225,45,Dimer,0.61311,anc2d_45_V_unrelaxed_rank_015_alphafold2_model_3_seed_000.pdb
2226,45,Dimer,0.59953,anc2d_45_V_unrelaxed_rank_016_alphafold2_model_4_seed_004.pdb
2227,45,Dimer,0.61269,anc2d_45_V_unrelaxed_rank_017_alphafold2_model_4_seed_001.pdb
2228,45,Dimer,0.59267,anc2d_45_V_unrelaxed_rank_018_alphafold2_model_4_seed_003.pdb
2229,45,Dimer,0.608,anc2d_45_V_unrelaxed_rank_019_alphafold2_model_4_seed_002.pdb
2230,45,Dimer,0.61983,anc2d_45_V_unrelaxed_rank_020_alphafold2_model_5_seed_001.pdb
2231,45,Dimer,0.61458,anc2d_45_V_unrelaxed_rank_021_alphafold2_model_4_seed_000.pdb
2232,45,Dimer,0.61114,anc2d_45_V_unrelaxed_rank_022_alphafold2_model_5_seed_000.pdb
2233,45,Dimer,0.60901,anc2d_45_V_unrelaxed_rank_023_alphafold2_model_5_seed_003.pdb
2234,47,Chemokine,0.80688,anc2d_47_I_unrelaxed_rank_001_alphafold2_model_2_seed_002.pdb
2235,47,Chemokine,0.80687,anc2d_47_I_unrelaxed_rank_002_alphafold2_model_2_seed_000.pdb
2236,47,Chemokine,0.78022,anc2d_47_I_unrelaxed_rank_003_alphafold2_model_2_seed_001.pdb
2237,47,Chemokine,0.77904,anc2d_47_I_unrelaxed_rank_004_alphafold2_model_2_seed_004.pdb
2238,47,Chemokine,0.79399,anc2d_47_I_unrelaxed_rank_005_alphafold2_model_2_seed_003.pdb
2239,47,Chemokine,0.77583,anc2d_47_I_unrelaxed_rank_006_alphafold2_model_4_seed_002.pdb
2240,47,Chemokine,0.77268,anc2d_47_I_unrelaxed_rank_007_alphafold2_model_5_seed_002.pdb
2241,47,Chemokine,0.76964,anc2d_47_I_unrelaxed_rank_008_alphafold2_model_5_seed_004.pdb
2242,47,Chemokine,0.77051,anc2d_47_I_unrelaxed_rank_009_alphafold2_model_5_seed_003.pdb
2243,47,Chemokine,0.77109,anc2d_47_I_unrelaxed_rank_010_alphafold2_model_5_seed_001.pdb
2244,47,Chemokine,0.77047,anc2d_47_I_unrelaxed_rank_011_alphafold2_model_5_seed_000.pdb
2245,47,Chemokine,0.67535,anc2d_47_I_unrelaxed_rank_012_alphafold2_model_1_seed_002.pdb
2246,47,Chemokine,0.65298,anc2d_47_I_unrelaxed_rank_013_alphafold2_model_3_seed_004.pdb
2247,47,Chemokine,0.65364,anc2d_47_I_unrelaxed_rank_014_alphafold2_model_3_seed_003.pdb
2248,47,Chemokine,0.65851,anc2d_47_I_unrelaxed_rank_015_alphafold2_model_3_seed_001.pdb
2249,47,Chemokine,0.64895,anc2d_47_I_unrelaxed_rank_016_alphafold2_model_3_seed_000.pdb
2250,47,Chemokine,0.65555,anc2d_47_I_unrelaxed_rank_017_alphafold2_model_3_seed_002.pdb
2251,47,Chemokine,0.67601,anc2d_47_I_unrelaxed_rank_018_alphafold2_model_4_seed_003.pdb
2252,47,Chemokine,0.67486,anc2d_47_I_unrelaxed_rank_019_alphafold2_model_4_seed_004.pdb
2253,47,Chemokine,0.67748,anc2d_47_I_unrelaxed_rank_020_alphafold2_model_1_seed_003.pdb
2254,47,Chemokine,0.67863,anc2d_47_I_unrelaxed_rank_021_alphafold2_model_4_seed_001.pdb
2255,47,Chemokine,0.68498,anc2d_47_I_unrelaxed_rank_022_alphafold2_model_1_seed_004.pdb
2256,47,Chemokine,0.67616,anc2d_47_I_unrelaxed_rank_023_alphafold2_model_4_seed_000.pdb
2257,47,Chemokine,0.67195,anc2d_47_I_unrelaxed_rank_024_alphafold2_model_1_seed_001.pdb
2258,47,Chemokine,0.68032,anc2d_47_I_unrelaxed_rank_025_alphafold2_model_1_seed_000.pdb
2259,47,Chemokine,0.7741,anc2d_47_L_unrelaxed_rank_001_alphafold2_model_2_seed_002.pdb
2260,47,Chemokine,0.75329,anc2d_47_L_unrelaxed_rank_002_alphafold2_model_1_seed_002.pdb
2261,47,Chemokine,0.77635,anc2d_47_L_unrelaxed_rank_003_alphafold2_model_2_seed_001.pdb
2262,47,Chemokine,0.77306,anc2d_47_L_unrelaxed_rank_004_alphafold2_model_2_seed_000.pdb
2263,47,Chemokine,0.77357,anc2d_47_L_unrelaxed_rank_005_alphafold2_model_2_seed_004.pdb
2264,47,Chemokine,0.77196,anc2d_47_L_unrelaxed_rank_006_alphafold2_model_2_seed_003.pdb
2265,47,Chemokine,0.77165,anc2d_47_L_unrelaxed_rank_007_alphafold2_model_4_seed_002.pdb
2266,47,Chemokine,0.76806,anc2d_47_L_unrelaxed_rank_008_alphafold2_model_5_seed_004.pdb
2267,47,Chemokine,0.77123,anc2d_47_L_unrelaxed_rank_009_alphafold2_model_5_seed_003.pdb
2268,47,Chemokine,0.77079,anc2d_47_L_unrelaxed_rank_010_alphafold2_model_5_seed_002.pdb
2269,47,Chemokine,0.76889,anc2d_47_L_unrelaxed_rank_011_alphafold2_model_5_seed_000.pdb
2270,47,Chemokine,0.76819,anc2d_47_L_unrelaxed_rank_012_alphafold2_model_5_seed_001.pdb
2271,47,Chemokine,0.64286,anc2d_47_L_unrelaxed_rank_013_alphafold2_model_3_seed_003.pdb
2272,47,Chemokine,0.64215,anc2d_47_L_unrelaxed_rank_014_alphafold2_model_3_seed_004.pdb
2273,47,Chemokine,0.64335,anc2d_47_L_unrelaxed_rank_015_alphafold2_model_3_seed_001.pdb
2274,47,Chemokine,0.66716,anc2d_47_L_unrelaxed_rank_016_alphafold2_model_4_seed_004.pdb
2275,47,Chemokine,0.64093,anc2d_47_L_unrelaxed_rank_017_alphafold2_model_3_seed_000.pdb
2276,47,Chemokine,0.64058,anc2d_47_L_unrelaxed_rank_018_alphafold2_model_3_seed_002.pdb
2277,47,Chemokine,0.67086,anc2d_47_L_unrelaxed_rank_019_alphafold2_model_4_seed_003.pdb
2278,47,Chemokine,0.66674,anc2d_47_L_unrelaxed_rank_020_alphafold2_model_4_seed_001.pdb
2279,47,Chemokine,0.66763,anc2d_47_L_unrelaxed_rank_021_alphafold2_model_4_seed_000.pdb
2280,47,Dimer,0.5348,anc2d_47_L_unrelaxed_rank_022_alphafold2_model_1_seed_000.pdb
2281,47,Dimer,0.57242,anc2d_47_L_unrelaxed_rank_023_alphafold2_model_1_seed_001.pdb
2282,47,Chemokine,0.78483,anc2d_47_M_unrelaxed_rank_001_alphafold2_model_2_seed_002.pdb
2283,47,Chemokine,0.77283,anc2d_47_M_unrelaxed_rank_002_alphafold2_model_1_seed_004.pdb
2284,47,Chemokine,0.78301,anc2d_47_M_unrelaxed_rank_003_alphafold2_model_2_seed_004.pdb
2285,47,Chemokine,0.76926,anc2d_47_M_unrelaxed_rank_004_alphafold2_model_1_seed_002.pdb
2286,47,Chemokine,0.78307,anc2d_47_M_unrelaxed_rank_005_alphafold2_model_2_seed_000.pdb
2287,47,Chemokine,0.78166,anc2d_47_M_unrelaxed_rank_006_alphafold2_model_2_seed_001.pdb
2288,47,Chemokine,0.77983,anc2d_47_M_unrelaxed_rank_007_alphafold2_model_2_seed_003.pdb
2289,47,Chemokine,0.7579,anc2d_47_M_unrelaxed_rank_008_alphafold2_model_1_seed_000.pdb
2290,47,Chemokine,0.78088,anc2d_47_M_unrelaxed_rank_009_alphafold2_model_4_seed_002.pdb
2291,47,Chemokine,0.76779,anc2d_47_M_unrelaxed_rank_010_alphafold2_model_1_seed_001.pdb
2292,47,Chemokine,0.75762,anc2d_47_M_unrelaxed_rank_011_alphafold2_model_1_seed_003.pdb
2293,47,Chemokine,0.7884,anc2d_47_M_unrelaxed_rank_012_alphafold2_model_4_seed_004.pdb
2294,47,Chemokine,0.77542,anc2d_47_M_unrelaxed_rank_013_alphafold2_model_5_seed_003.pdb
2295,47,Chemokine,0.7786,anc2d_47_M_unrelaxed_rank_014_alphafold2_model_5_seed_002.pdb
2296,47,Chemokine,0.7728,anc2d_47_M_unrelaxed_rank_015_alphafold2_model_5_seed_001.pdb
2297,47,Chemokine,0.76972,anc2d_47_M_unrelaxed_rank_016_alphafold2_model_5_seed_000.pdb
2298,47,Chemokine,0.65726,anc2d_47_M_unrelaxed_rank_017_alphafold2_model_3_seed_000.pdb
2299,47,Chemokine,0.66135,anc2d_47_M_unrelaxed_rank_018_alphafold2_model_3_seed_004.pdb
2300,47,Chemokine,0.68032,anc2d_47_M_unrelaxed_rank_019_alphafold2_model_4_seed_003.pdb
2301,47,Chemokine,0.6653,anc2d_47_M_unrelaxed_rank_020_alphafold2_model_3_seed_001.pdb
2302,47,Chemokine,0.65459,anc2d_47_M_unrelaxed_rank_021_alphafold2_model_3_seed_002.pdb
2303,47,Chemokine,0.66746,anc2d_47_M_unrelaxed_rank_022_alphafold2_model_3_seed_003.pdb
2304,47,Chemokine,0.67485,anc2d_47_M_unrelaxed_rank_023_alphafold2_model_4_seed_001.pdb
2305,47,Chemokine,0.67404,anc2d_47_M_unrelaxed_rank_024_alphafold2_model_4_seed_000.pdb
2306,G,Dimer,0.52408,anc2d_G_unrelaxed_rank_001_alphafold2_model_2_seed_001.pdb
2307,G,Dimer,0.52679,anc2d_G_unrelaxed_rank_002_alphafold2_model_3_seed_001.pdb
2308,G,Dimer,0.52112,anc2d_G_unrelaxed_rank_003_alphafold2_model_2_seed_004.pdb
2309,G,Dimer,0.52059,anc2d_G_unrelaxed_rank_004_alphafold2_model_2_seed_000.pdb
2310,G,Dimer,0.52463,anc2d_G_unrelaxed_rank_005_alphafold2_model_3_seed_004.pdb
2311,G,Dimer,0.53796,anc2d_G_unrelaxed_rank_006_alphafold2_model_1_seed_004.pdb
2312,G,Dimer,0.52539,anc2d_G_unrelaxed_rank_007_alphafold2_model_3_seed_000.pdb
2313,G,Dimer,0.53843,anc2d_G_unrelaxed_rank_008_alphafold2_model_1_seed_001.pdb
2314,G,Dimer,0.53729,anc2d_G_unrelaxed_rank_009_alphafold2_model_1_seed_003.pdb
2315,G,Dimer,0.53822,anc2d_G_unrelaxed_rank_010_alphafold2_model_1_seed_000.pdb
2316,G,Dimer,0.52559,anc2d_G_unrelaxed_rank_011_alphafold2_model_5_seed_001.pdb
2317,G,Dimer,0.53419,anc2d_G_unrelaxed_rank_012_alphafold2_model_1_seed_002.pdb
2318,G,Dimer,0.53637,anc2d_G_unrelaxed_rank_013_alphafold2_model_4_seed_001.pdb
2319,G,Dimer,0.52902,anc2d_G_unrelaxed_rank_014_alphafold2_model_4_seed_002.pdb
2320,G,Dimer,0.53438,anc2d_G_unrelaxed_rank_015_alphafold2_model_4_seed_003.pdb
2321,G,Dimer,0.53413,anc2d_G_unrelaxed_rank_016_alphafold2_model_4_seed_000.pdb
2322,G,Dimer,0.53557,anc2d_G_unrelaxed_rank_017_alphafold2_model_4_seed_004.pdb
2323,I,Chemokine,0.8037,anc2d_I_unrelaxed_rank_001_alphafold2_model_2_seed_000.pdb
2324,I,Chemokine,0.77836,anc2d_I_unrelaxed_rank_002_alphafold2_model_2_seed_002.pdb
2325,I,Chemokine,0.79282,anc2d_I_unrelaxed_rank_003_alphafold2_model_2_seed_003.pdb
2326,I,Chemokine,0.77983,anc2d_I_unrelaxed_rank_004_alphafold2_model_2_seed_001.pdb
2327,I,Chemokine,0.77561,anc2d_I_unrelaxed_rank_005_alphafold2_model_2_seed_004.pdb
2328,I,Chemokine,0.77381,anc2d_I_unrelaxed_rank_006_alphafold2_model_4_seed_002.pdb
2329,I,Chemokine,0.76607,anc2d_I_unrelaxed_rank_007_alphafold2_model_5_seed_004.pdb
2330,I,Chemokine,0.76865,anc2d_I_unrelaxed_rank_008_alphafold2_model_5_seed_002.pdb
2331,I,Chemokine,0.76639,anc2d_I_unrelaxed_rank_009_alphafold2_model_5_seed_003.pdb
2332,I,Chemokine,0.76656,anc2d_I_unrelaxed_rank_010_alphafold2_model_5_seed_001.pdb
2333,I,Chemokine,0.76604,anc2d_I_unrelaxed_rank_011_alphafold2_model_5_seed_000.pdb
2334,I,Chemokine,0.68528,anc2d_I_unrelaxed_rank_012_alphafold2_model_1_seed_002.pdb
2335,I,Chemokine,0.69913,anc2d_I_unrelaxed_rank_013_alphafold2_model_1_seed_003.pdb
2336,I,Chemokine,0.66306,anc2d_I_unrelaxed_rank_014_alphafold2_model_3_seed_001.pdb
2337,I,Chemokine,0.65991,anc2d_I_unrelaxed_rank_015_alphafold2_model_3_seed_000.pdb
2338,I,Chemokine,0.65625,anc2d_I_unrelaxed_rank_016_alphafold2_model_3_seed_004.pdb
2339,I,Chemokine,0.68873,anc2d_I_unrelaxed_rank_017_alphafold2_model_1_seed_000.pdb
2340,I,Chemokine,0.68708,anc2d_I_unrelaxed_rank_018_alphafold2_model_1_seed_004.pdb
2341,I,Chemokine,0.67775,anc2d_I_unrelaxed_rank_019_alphafold2_model_1_seed_001.pdb
2342,I,Chemokine,0.65558,anc2d_I_unrelaxed_rank_020_alphafold2_model_3_seed_002.pdb
2343,I,Chemokine,0.6794,anc2d_I_unrelaxed_rank_021_alphafold2_model_4_seed_003.pdb
2344,I,Chemokine,0.65916,anc2d_I_unrelaxed_rank_022_alphafold2_model_3_seed_003.pdb
2345,I,Chemokine,0.67886,anc2d_I_unrelaxed_rank_023_alphafold2_model_4_seed_004.pdb
2346,I,Chemokine,0.68106,anc2d_I_unrelaxed_rank_024_alphafold2_model_4_seed_001.pdb
2347,I,Chemokine,0.67892,anc2d_I_unrelaxed_rank_025_alphafold2_model_4_seed_000.pdb
2348,V,Chemokine,0.80688,anc2d_V_unrelaxed_rank_001_alphafold2_model_2_seed_002.pdb
2349,V,Chemokine,0.80687,anc2d_V_unrelaxed_rank_002_alphafold2_model_2_seed_000.pdb
2350,V,Chemokine,0.78022,anc2d_V_unrelaxed_rank_003_alphafold2_model_2_seed_001.pdb
2351,V,Chemokine,0.77904,anc2d_V_unrelaxed_rank_004_alphafold2_model_2_seed_004.pdb
2352,V,Chemokine,0.79399,anc2d_V_unrelaxed_rank_005_alphafold2_model_2_seed_003.pdb
2353,V,Chemokine,0.77583,anc2d_V_unrelaxed_rank_006_alphafold2_model_4_seed_002.pdb
2354,V,Chemokine,0.77268,anc2d_V_unrelaxed_rank_007_alphafold2_model_5_seed_002.pdb
2355,V,Chemokine,0.76964,anc2d_V_unrelaxed_rank_008_alphafold2_model_5_seed_004.pdb
2356,V,Chemokine,0.77051,anc2d_V_unrelaxed_rank_009_alphafold2_model_5_seed_003.pdb
2357,V,Chemokine,0.77109,anc2d_V_unrelaxed_rank_010_alphafold2_model_5_seed_001.pdb
2358,V,Chemokine,0.77047,anc2d_V_unrelaxed_rank_011_alphafold2_model_5_seed_000.pdb
2359,V,Chemokine,0.67535,anc2d_V_unrelaxed_rank_012_alphafold2_model_1_seed_002.pdb
2360,V,Chemokine,0.65298,anc2d_V_unrelaxed_rank_013_alphafold2_model_3_seed_004.pdb
2361,V,Chemokine,0.65364,anc2d_V_unrelaxed_rank_014_alphafold2_model_3_seed_003.pdb
2362,V,Chemokine,0.65851,anc2d_V_unrelaxed_rank_015_alphafold2_model_3_seed_001.pdb
2363,V,Chemokine,0.64895,anc2d_V_unrelaxed_rank_016_alphafold2_model_3_seed_000.pdb
2364,V,Chemokine,0.65555,anc2d_V_unrelaxed_rank_017_alphafold2_model_3_seed_002.pdb
2365,V,Chemokine,0.67601,anc2d_V_unrelaxed_rank_018_alphafold2_model_4_seed_003.pdb
2366,V,Chemokine,0.67486,anc2d_V_unrelaxed_rank_019_alphafold2_model_4_seed_004.pdb
2367,V,Chemokine,0.67748,anc2d_V_unrelaxed_rank_020_alphafold2_model_1_seed_003.pdb
2368,V,Chemokine,0.67863,anc2d_V_unrelaxed_rank_021_alphafold2_model_4_seed_001.pdb
2369,V,Chemokine,0.68498,anc2d_V_unrelaxed_rank_022_alphafold2_model_1_seed_004.pdb
2370,V,Chemokine,0.67616,anc2d_V_unrelaxed_rank_023_alphafold2_model_4_seed_000.pdb
2371,V,Chemokine,0.67195,anc2d_V_unrelaxed_rank_024_alphafold2_model_1_seed_001.pdb
2372,V,Chemokine,0.68032,anc2d_V_unrelaxed_rank_025_alphafold2_model_1_seed_000.pdb
2373,14,Chemokine,0.76268,anc2f_14_I_unrelaxed_rank_001_alphafold2_model_3_seed_002.pdb
2374,14,Chemokine,0.76373,anc2f_14_I_unrelaxed_rank_002_alphafold2_model_3_seed_001.pdb
2375,14,Chemokine,0.76146,anc2f_14_I_unrelaxed_rank_003_alphafold2_model_3_seed_003.pdb
2376,14,Chemokine,0.76076,anc2f_14_I_unrelaxed_rank_004_alphafold2_model_3_seed_004.pdb
2377,14,Chemokine,0.76044,anc2f_14_I_unrelaxed_rank_005_alphafold2_model_3_seed_000.pdb
2378,14,Chemokine,0.77987,anc2f_14_I_unrelaxed_rank_006_alphafold2_model_1_seed_004.pdb
2379,14,Chemokine,0.7755,anc2f_14_I_unrelaxed_rank_007_alphafold2_model_1_seed_000.pdb
2380,14,Chemokine,0.77168,anc2f_14_I_unrelaxed_rank_008_alphafold2_model_1_seed_001.pdb
2381,14,Chemokine,0.77426,anc2f_14_I_unrelaxed_rank_009_alphafold2_model_4_seed_003.pdb
2382,14,Chemokine,0.77277,anc2f_14_I_unrelaxed_rank_010_alphafold2_model_4_seed_002.pdb
2383,14,Chemokine,0.77501,anc2f_14_I_unrelaxed_rank_011_alphafold2_model_4_seed_004.pdb
2384,14,Chemokine,0.77881,anc2f_14_I_unrelaxed_rank_012_alphafold2_model_2_seed_001.pdb
2385,14,Chemokine,0.77676,anc2f_14_I_unrelaxed_rank_013_alphafold2_model_5_seed_002.pdb
2386,14,Chemokine,0.77,anc2f_14_I_unrelaxed_rank_014_alphafold2_model_4_seed_000.pdb
2387,14,Chemokine,0.77398,anc2f_14_I_unrelaxed_rank_015_alphafold2_model_2_seed_000.pdb
2388,14,Chemokine,0.7714,anc2f_14_I_unrelaxed_rank_016_alphafold2_model_2_seed_004.pdb
2389,14,Chemokine,0.77032,anc2f_14_I_unrelaxed_rank_017_alphafold2_model_4_seed_001.pdb
2390,14,Chemokine,0.77244,anc2f_14_I_unrelaxed_rank_018_alphafold2_model_5_seed_004.pdb
2391,14,Chemokine,0.77212,anc2f_14_I_unrelaxed_rank_019_alphafold2_model_2_seed_003.pdb
2392,14,Chemokine,0.77471,anc2f_14_I_unrelaxed_rank_020_alphafold2_model_5_seed_003.pdb
2393,14,Chemokine,0.7738,anc2f_14_I_unrelaxed_rank_021_alphafold2_model_5_seed_001.pdb
2394,14,Chemokine,0.77451,anc2f_14_I_unrelaxed_rank_022_alphafold2_model_5_seed_000.pdb
2395,14,Chemokine,0.76933,anc2f_14_I_unrelaxed_rank_023_alphafold2_model_2_seed_002.pdb
2396,14,Chemokine,0.752,anc2f_14_L_unrelaxed_rank_001_alphafold2_model_3_seed_002.pdb
2397,14,Chemokine,0.76196,anc2f_14_L_unrelaxed_rank_002_alphafold2_model_3_seed_003.pdb
2398,14,Chemokine,0.76642,anc2f_14_L_unrelaxed_rank_003_alphafold2_model_3_seed_004.pdb
2399,14,Chemokine,0.75957,anc2f_14_L_unrelaxed_rank_004_alphafold2_model_3_seed_000.pdb
2400,14,Chemokine,0.75287,anc2f_14_L_unrelaxed_rank_005_alphafold2_model_3_seed_001.pdb
2401,14,Chemokine,0.7765,anc2f_14_L_unrelaxed_rank_006_alphafold2_model_2_seed_000.pdb
2402,14,Chemokine,0.77104,anc2f_14_L_unrelaxed_rank_007_alphafold2_model_1_seed_003.pdb
2403,14,Chemokine,0.77281,anc2f_14_L_unrelaxed_rank_008_alphafold2_model_1_seed_004.pdb
2404,14,Chemokine,0.7724,anc2f_14_L_unrelaxed_rank_009_alphafold2_model_1_seed_001.pdb
2405,14,Chemokine,0.77092,anc2f_14_L_unrelaxed_rank_010_alphafold2_model_1_seed_000.pdb
2406,14,Chemokine,0.7773,anc2f_14_L_unrelaxed_rank_011_alphafold2_model_2_seed_003.pdb
2407,14,Chemokine,0.77198,anc2f_14_L_unrelaxed_rank_012_alphafold2_model_1_seed_002.pdb
2408,14,Chemokine,0.76291,anc2f_14_L_unrelaxed_rank_013_alphafold2_model_2_seed_004.pdb
2409,14,Chemokine,0.76541,anc2f_14_L_unrelaxed_rank_014_alphafold2_model_2_seed_002.pdb
2410,14,Chemokine,0.76708,anc2f_14_L_unrelaxed_rank_015_alphafold2_model_5_seed_002.pdb
2411,14,Chemokine,0.76702,anc2f_14_L_unrelaxed_rank_016_alphafold2_model_4_seed_002.pdb
2412,14,Chemokine,0.76695,anc2f_14_L_unrelaxed_rank_017_alphafold2_model_4_seed_001.pdb
2413,14,Chemokine,0.75891,anc2f_14_L_unrelaxed_rank_018_alphafold2_model_5_seed_001.pdb
2414,14,Chemokine,0.7566,anc2f_14_L_unrelaxed_rank_019_alphafold2_model_5_seed_000.pdb
2415,14,Chemokine,0.75401,anc2f_14_L_unrelaxed_rank_020_alphafold2_model_5_seed_004.pdb
2416,14,Chemokine,0.777,anc2f_14_L_unrelaxed_rank_021_alphafold2_model_2_seed_001.pdb
2417,14,Chemokine,0.76637,anc2f_14_L_unrelaxed_rank_022_alphafold2_model_4_seed_003.pdb
2418,14,Chemokine,0.77669,anc2f_14_L_unrelaxed_rank_023_alphafold2_model_4_seed_000.pdb
2419,14,Chemokine,0.73377,anc2f_14_L_unrelaxed_rank_024_alphafold2_model_5_seed_003.pdb
2420,14,Chemokine,0.75806,anc2f_14_L_unrelaxed_rank_025_alphafold2_model_4_seed_004.pdb
2421,14,Chemokine,0.76144,anc2f_14_V_unrelaxed_rank_001_alphafold2_model_3_seed_001.pdb
2422,14,Chemokine,0.76114,anc2f_14_V_unrelaxed_rank_002_alphafold2_model_3_seed_004.pdb
2423,14,Chemokine,0.7535,anc2f_14_V_unrelaxed_rank_003_alphafold2_model_3_seed_002.pdb
2424,14,Chemokine,0.76308,anc2f_14_V_unrelaxed_rank_004_alphafold2_model_3_seed_000.pdb
2425,14,Chemokine,0.78097,anc2f_14_V_unrelaxed_rank_005_alphafold2_model_2_seed_002.pdb
2426,14,Chemokine,0.75837,anc2f_14_V_unrelaxed_rank_006_alphafold2_model_3_seed_003.pdb
2427,14,Chemokine,0.77403,anc2f_14_V_unrelaxed_rank_007_alphafold2_model_2_seed_004.pdb
2428,14,Chemokine,0.76045,anc2f_14_V_unrelaxed_rank_008_alphafold2_model_1_seed_004.pdb
2429,14,Chemokine,0.77575,anc2f_14_V_unrelaxed_rank_009_alphafold2_model_4_seed_003.pdb
2430,14,Chemokine,0.77249,anc2f_14_V_unrelaxed_rank_010_alphafold2_model_2_seed_001.pdb
2431,14,Chemokine,0.76907,anc2f_14_V_unrelaxed_rank_011_alphafold2_model_4_seed_004.pdb
2432,14,Chemokine,0.76867,anc2f_14_V_unrelaxed_rank_012_alphafold2_model_2_seed_003.pdb
2433,14,Chemokine,0.77384,anc2f_14_V_unrelaxed_rank_013_alphafold2_model_4_seed_001.pdb
2434,14,Chemokine,0.76693,anc2f_14_V_unrelaxed_rank_014_alphafold2_model_4_seed_002.pdb
2435,14,Chemokine,0.76491,anc2f_14_V_unrelaxed_rank_015_alphafold2_model_1_seed_000.pdb
2436,14,Chemokine,0.77251,anc2f_14_V_unrelaxed_rank_016_alphafold2_model_2_seed_000.pdb
2437,14,Chemokine,0.77196,anc2f_14_V_unrelaxed_rank_017_alphafold2_model_4_seed_000.pdb
2438,14,Chemokine,0.77533,anc2f_14_V_unrelaxed_rank_018_alphafold2_model_5_seed_004.pdb
2439,14,Chemokine,0.77508,anc2f_14_V_unrelaxed_rank_019_alphafold2_model_5_seed_002.pdb
2440,14,Chemokine,0.77616,anc2f_14_V_unrelaxed_rank_020_alphafold2_model_5_seed_003.pdb
2441,14,Chemokine,0.77524,anc2f_14_V_unrelaxed_rank_021_alphafold2_model_5_seed_001.pdb
2442,14,Chemokine,0.77398,anc2f_14_V_unrelaxed_rank_022_alphafold2_model_5_seed_000.pdb
2443,36,Chemokine,0.78584,anc2f_36_A_unrelaxed_rank_001_alphafold2_model_1_seed_002.pdb
2444,36,Chemokine,0.79408,anc2f_36_A_unrelaxed_rank_002_alphafold2_model_2_seed_001.pdb
2445,36,Chemokine,0.79661,anc2f_36_A_unrelaxed_rank_003_alphafold2_model_2_seed_000.pdb
2446,36,Chemokine,0.7768,anc2f_36_A_unrelaxed_rank_004_alphafold2_model_1_seed_004.pdb
2447,36,Chemokine,0.79134,anc2f_36_A_unrelaxed_rank_005_alphafold2_model_2_seed_002.pdb
2448,36,Chemokine,0.78801,anc2f_36_A_unrelaxed_rank_006_alphafold2_model_2_seed_003.pdb
2449,36,Chemokine,0.76949,anc2f_36_A_unrelaxed_rank_007_alphafold2_model_1_seed_000.pdb
2450,36,Chemokine,0.78518,anc2f_36_A_unrelaxed_rank_008_alphafold2_model_2_seed_004.pdb
2451,36,Chemokine,0.78644,anc2f_36_A_unrelaxed_rank_009_alphafold2_model_1_seed_003.pdb
2452,36,Chemokine,0.77999,anc2f_36_A_unrelaxed_rank_010_alphafold2_model_5_seed_004.pdb
2453,36,Chemokine,0.78145,anc2f_36_A_unrelaxed_rank_011_alphafold2_model_5_seed_002.pdb
2454,36,Chemokine,0.78203,anc2f_36_A_unrelaxed_rank_012_alphafold2_model_5_seed_001.pdb
2455,36,Chemokine,0.78231,anc2f_36_A_unrelaxed_rank_013_alphafold2_model_5_seed_003.pdb
2456,36,Chemokine,0.78194,anc2f_36_A_unrelaxed_rank_014_alphafold2_model_5_seed_000.pdb
2457,36,Chemokine,0.78342,anc2f_36_A_unrelaxed_rank_015_alphafold2_model_4_seed_002.pdb
2458,36,Chemokine,0.65748,anc2f_36_A_unrelaxed_rank_016_alphafold2_model_3_seed_002.pdb
2459,36,Chemokine,0.6594,anc2f_36_A_unrelaxed_rank_017_alphafold2_model_3_seed_001.pdb
2460,36,Chemokine,0.66231,anc2f_36_A_unrelaxed_rank_018_alphafold2_model_3_seed_000.pdb
2461,36,Chemokine,0.68107,anc2f_36_A_unrelaxed_rank_019_alphafold2_model_4_seed_003.pdb
2462,36,Chemokine,0.65767,anc2f_36_A_unrelaxed_rank_020_alphafold2_model_3_seed_004.pdb
2463,36,Chemokine,0.65927,anc2f_36_A_unrelaxed_rank_021_alphafold2_model_3_seed_003.pdb
2464,36,Chemokine,0.68152,anc2f_36_A_unrelaxed_rank_022_alphafold2_model_4_seed_000.pdb
2465,36,Chemokine,0.68148,anc2f_36_A_unrelaxed_rank_023_alphafold2_model_4_seed_004.pdb
2466,36,Chemokine,0.67877,anc2f_36_A_unrelaxed_rank_024_alphafold2_model_4_seed_001.pdb
2467,36,Chemokine,0.69839,anc2f_36_A_unrelaxed_rank_025_alphafold2_model_1_seed_001.pdb
2468,36,Chemokine,0.7931,anc2f_36_G_unrelaxed_rank_001_alphafold2_model_3_seed_003.pdb
2469,36,Chemokine,0.81196,anc2f_36_G_unrelaxed_rank_002_alphafold2_model_2_seed_002.pdb
2470,36,Chemokine,0.81185,anc2f_36_G_unrelaxed_rank_003_alphafold2_model_2_seed_004.pdb
2471,36,Chemokine,0.79711,anc2f_36_G_unrelaxed_rank_004_alphafold2_model_3_seed_004.pdb
2472,36,Chemokine,0.81206,anc2f_36_G_unrelaxed_rank_005_alphafold2_model_1_seed_003.pdb
2473,36,Chemokine,0.81065,anc2f_36_G_unrelaxed_rank_006_alphafold2_model_2_seed_001.pdb
2474,36,Chemokine,0.8098,anc2f_36_G_unrelaxed_rank_007_alphafold2_model_1_seed_002.pdb
2475,36,Chemokine,0.81014,anc2f_36_G_unrelaxed_rank_008_alphafold2_model_2_seed_003.pdb
2476,36,Chemokine,0.80961,anc2f_36_G_unrelaxed_rank_009_alphafold2_model_2_seed_000.pdb
2477,36,Chemokine,0.80166,anc2f_36_G_unrelaxed_rank_010_alphafold2_model_5_seed_003.pdb
2478,36,Chemokine,0.81107,anc2f_36_G_unrelaxed_rank_011_alphafold2_model_4_seed_002.pdb
2479,36,Chemokine,0.80873,anc2f_36_G_unrelaxed_rank_012_alphafold2_model_1_seed_004.pdb
2480,36,Chemokine,0.80448,anc2f_36_G_unrelaxed_rank_013_alphafold2_model_4_seed_004.pdb
2481,36,Chemokine,0.79828,anc2f_36_G_unrelaxed_rank_014_alphafold2_model_5_seed_004.pdb
2482,36,Chemokine,0.70613,anc2f_36_G_unrelaxed_rank_015_alphafold2_model_4_seed_003.pdb
2483,36,Chemokine,0.70761,anc2f_36_G_unrelaxed_rank_016_alphafold2_model_4_seed_000.pdb
2484,36,Chemokine,0.7002,anc2f_36_G_unrelaxed_rank_017_alphafold2_model_4_seed_001.pdb
2485,36,Chemokine,0.69324,anc2f_36_G_unrelaxed_rank_018_alphafold2_model_3_seed_001.pdb
2486,36,Chemokine,0.69811,anc2f_36_G_unrelaxed_rank_019_alphafold2_model_3_seed_002.pdb
2487,36,Chemokine,0.69116,anc2f_36_G_unrelaxed_rank_020_alphafold2_model_3_seed_000.pdb
2488,36,Chemokine,0.73142,anc2f_36_G_unrelaxed_rank_021_alphafold2_model_1_seed_001.pdb
2489,36,Chemokine,0.72696,anc2f_36_G_unrelaxed_rank_022_alphafold2_model_1_seed_000.pdb
2490,36,Chemokine,0.69519,anc2f_36_G_unrelaxed_rank_023_alphafold2_model_5_seed_002.pdb
2491,36,Chemokine,0.77268,anc2f_36_I_unrelaxed_rank_001_alphafold2_model_3_seed_003.pdb
2492,36,Chemokine,0.77347,anc2f_36_I_unrelaxed_rank_002_alphafold2_model_3_seed_004.pdb
2493,36,Chemokine,0.77661,anc2f_36_I_unrelaxed_rank_003_alphafold2_model_2_seed_003.pdb
2494,36,Chemokine,0.77622,anc2f_36_I_unrelaxed_rank_004_alphafold2_model_1_seed_003.pdb
2495,36,Chemokine,0.77845,anc2f_36_I_unrelaxed_rank_005_alphafold2_model_2_seed_002.pdb
2496,36,Chemokine,0.77957,anc2f_36_I_unrelaxed_rank_006_alphafold2_model_1_seed_004.pdb
2497,36,Chemokine,0.77796,anc2f_36_I_unrelaxed_rank_007_alphafold2_model_5_seed_004.pdb
2498,36,Chemokine,0.77554,anc2f_36_I_unrelaxed_rank_008_alphafold2_model_1_seed_001.pdb
2499,36,Chemokine,0.78472,anc2f_36_I_unrelaxed_rank_009_alphafold2_model_2_seed_000.pdb
2500,36,Chemokine,0.77618,anc2f_36_I_unrelaxed_rank_010_alphafold2_model_5_seed_001.pdb
2501,36,Chemokine,0.77619,anc2f_36_I_unrelaxed_rank_011_alphafold2_model_1_seed_000.pdb
2502,36,Chemokine,0.77703,anc2f_36_I_unrelaxed_rank_012_alphafold2_model_3_seed_002.pdb
2503,36,Chemokine,0.76669,anc2f_36_I_unrelaxed_rank_013_alphafold2_model_1_seed_002.pdb
2504,36,Chemokine,0.77764,anc2f_36_I_unrelaxed_rank_014_alphafold2_model_5_seed_003.pdb
2505,36,Chemokine,0.76353,anc2f_36_I_unrelaxed_rank_015_alphafold2_model_4_seed_002.pdb
2506,36,Chemokine,0.77238,anc2f_36_I_unrelaxed_rank_016_alphafold2_model_4_seed_003.pdb
2507,36,Chemokine,0.77387,anc2f_36_I_unrelaxed_rank_017_alphafold2_model_5_seed_002.pdb
2508,36,Chemokine,0.7672,anc2f_36_I_unrelaxed_rank_018_alphafold2_model_4_seed_004.pdb
2509,36,Chemokine,0.7716,anc2f_36_I_unrelaxed_rank_019_alphafold2_model_3_seed_001.pdb
2510,36,Chemokine,0.76624,anc2f_36_I_unrelaxed_rank_020_alphafold2_model_4_seed_000.pdb
2511,36,Chemokine,0.75318,anc2f_36_I_unrelaxed_rank_021_alphafold2_model_2_seed_004.pdb
2512,36,Chemokine,0.75366,anc2f_36_I_unrelaxed_rank_022_alphafold2_model_2_seed_001.pdb
2513,36,Chemokine,0.76174,anc2f_36_I_unrelaxed_rank_023_alphafold2_model_4_seed_001.pdb
2514,38,Chemokine,0.78584,anc2f_38_I_unrelaxed_rank_001_alphafold2_model_1_seed_002.pdb
2515,38,Chemokine,0.79408,anc2f_38_I_unrelaxed_rank_002_alphafold2_model_2_seed_001.pdb
2516,38,Chemokine,0.79661,anc2f_38_I_unrelaxed_rank_003_alphafold2_model_2_seed_000.pdb
2517,38,Chemokine,0.7768,anc2f_38_I_unrelaxed_rank_004_alphafold2_model_1_seed_004.pdb
2518,38,Chemokine,0.79134,anc2f_38_I_unrelaxed_rank_005_alphafold2_model_2_seed_002.pdb
2519,38,Chemokine,0.78801,anc2f_38_I_unrelaxed_rank_006_alphafold2_model_2_seed_003.pdb
2520,38,Chemokine,0.76949,anc2f_38_I_unrelaxed_rank_007_alphafold2_model_1_seed_000.pdb
2521,38,Chemokine,0.78518,anc2f_38_I_unrelaxed_rank_008_alphafold2_model_2_seed_004.pdb
2522,38,Chemokine,0.78644,anc2f_38_I_unrelaxed_rank_009_alphafold2_model_1_seed_003.pdb
2523,38,Chemokine,0.77999,anc2f_38_I_unrelaxed_rank_010_alphafold2_model_5_seed_004.pdb
2524,38,Chemokine,0.78145,anc2f_38_I_unrelaxed_rank_011_alphafold2_model_5_seed_002.pdb
2525,38,Chemokine,0.78203,anc2f_38_I_unrelaxed_rank_012_alphafold2_model_5_seed_001.pdb
2526,38,Chemokine,0.78231,anc2f_38_I_unrelaxed_rank_013_alphafold2_model_5_seed_003.pdb
2527,38,Chemokine,0.78194,anc2f_38_I_unrelaxed_rank_014_alphafold2_model_5_seed_000.pdb
2528,38,Chemokine,0.78342,anc2f_38_I_unrelaxed_rank_015_alphafold2_model_4_seed_002.pdb
2529,38,Chemokine,0.65748,anc2f_38_I_unrelaxed_rank_016_alphafold2_model_3_seed_002.pdb
2530,38,Chemokine,0.6594,anc2f_38_I_unrelaxed_rank_017_alphafold2_model_3_seed_001.pdb
2531,38,Chemokine,0.66231,anc2f_38_I_unrelaxed_rank_018_alphafold2_model_3_seed_000.pdb
2532,38,Chemokine,0.68107,anc2f_38_I_unrelaxed_rank_019_alphafold2_model_4_seed_003.pdb
2533,38,Chemokine,0.65767,anc2f_38_I_unrelaxed_rank_020_alphafold2_model_3_seed_004.pdb
2534,38,Chemokine,0.65927,anc2f_38_I_unrelaxed_rank_021_alphafold2_model_3_seed_003.pdb
2535,38,Chemokine,0.68152,anc2f_38_I_unrelaxed_rank_022_alphafold2_model_4_seed_000.pdb
2536,38,Chemokine,0.68148,anc2f_38_I_unrelaxed_rank_023_alphafold2_model_4_seed_004.pdb
2537,38,Chemokine,0.67877,anc2f_38_I_unrelaxed_rank_024_alphafold2_model_4_seed_001.pdb
2538,38,Chemokine,0.69839,anc2f_38_I_unrelaxed_rank_025_alphafold2_model_1_seed_001.pdb
2539,38,Chemokine,0.82296,anc2f_38_L_unrelaxed_rank_001_alphafold2_model_2_seed_002.pdb
2540,38,Chemokine,0.80296,anc2f_38_L_unrelaxed_rank_002_alphafold2_model_1_seed_002.pdb
2541,38,Chemokine,0.79986,anc2f_38_L_unrelaxed_rank_003_alphafold2_model_1_seed_001.pdb
2542,38,Chemokine,0.82612,anc2f_38_L_unrelaxed_rank_004_alphafold2_model_2_seed_001.pdb
2543,38,Chemokine,0.82709,anc2f_38_L_unrelaxed_rank_005_alphafold2_model_2_seed_003.pdb
2544,38,Chemokine,0.79688,anc2f_38_L_unrelaxed_rank_006_alphafold2_model_1_seed_003.pdb
2545,38,Chemokine,0.8001,anc2f_38_L_unrelaxed_rank_007_alphafold2_model_1_seed_000.pdb
2546,38,Chemokine,0.8032,anc2f_38_L_unrelaxed_rank_008_alphafold2_model_1_seed_004.pdb
2547,38,Chemokine,0.82043,anc2f_38_L_unrelaxed_rank_009_alphafold2_model_2_seed_004.pdb
2548,38,Chemokine,0.81781,anc2f_38_L_unrelaxed_rank_010_alphafold2_model_2_seed_000.pdb
2549,38,Chemokine,0.79352,anc2f_38_L_unrelaxed_rank_011_alphafold2_model_5_seed_001.pdb
2550,38,Chemokine,0.79218,anc2f_38_L_unrelaxed_rank_012_alphafold2_model_5_seed_004.pdb
2551,38,Chemokine,0.79722,anc2f_38_L_unrelaxed_rank_013_alphafold2_model_5_seed_002.pdb
2552,38,Chemokine,0.79242,anc2f_38_L_unrelaxed_rank_014_alphafold2_model_5_seed_003.pdb
2553,38,Chemokine,0.79181,anc2f_38_L_unrelaxed_rank_015_alphafold2_model_5_seed_000.pdb
2554,38,Chemokine,0.69027,anc2f_38_L_unrelaxed_rank_016_alphafold2_model_4_seed_003.pdb
2555,38,Chemokine,0.68995,anc2f_38_L_unrelaxed_rank_017_alphafold2_model_4_seed_000.pdb
2556,38,Chemokine,0.69505,anc2f_38_L_unrelaxed_rank_018_alphafold2_model_4_seed_002.pdb
2557,38,Chemokine,0.68824,anc2f_38_L_unrelaxed_rank_019_alphafold2_model_4_seed_004.pdb
2558,38,Chemokine,0.68202,anc2f_38_L_unrelaxed_rank_020_alphafold2_model_3_seed_004.pdb
2559,38,Chemokine,0.67956,anc2f_38_L_unrelaxed_rank_021_alphafold2_model_3_seed_003.pdb
2560,38,Chemokine,0.69213,anc2f_38_L_unrelaxed_rank_022_alphafold2_model_4_seed_001.pdb
2561,38,Chemokine,0.68793,anc2f_38_L_unrelaxed_rank_023_alphafold2_model_3_seed_002.pdb
2562,38,Chemokine,0.69051,anc2f_38_L_unrelaxed_rank_024_alphafold2_model_3_seed_000.pdb
2563,38,Chemokine,0.81476,anc2f_38_V_unrelaxed_rank_001_alphafold2_model_2_seed_001.pdb
2564,38,Chemokine,0.81147,anc2f_38_V_unrelaxed_rank_002_alphafold2_model_2_seed_000.pdb
2565,38,Chemokine,0.80241,anc2f_38_V_unrelaxed_rank_003_alphafold2_model_2_seed_002.pdb
2566,38,Chemokine,0.79658,anc2f_38_V_unrelaxed_rank_004_alphafold2_model_2_seed_004.pdb
2567,38,Chemokine,0.79844,anc2f_38_V_unrelaxed_rank_005_alphafold2_model_2_seed_003.pdb
2568,38,Chemokine,0.77794,anc2f_38_V_unrelaxed_rank_006_alphafold2_model_1_seed_004.pdb
2569,38,Chemokine,0.7789,anc2f_38_V_unrelaxed_rank_007_alphafold2_model_1_seed_002.pdb
2570,38,Chemokine,0.78454,anc2f_38_V_unrelaxed_rank_008_alphafold2_model_5_seed_002.pdb
2571,38,Chemokine,0.78282,anc2f_38_V_unrelaxed_rank_009_alphafold2_model_5_seed_004.pdb
2572,38,Chemokine,0.78461,anc2f_38_V_unrelaxed_rank_010_alphafold2_model_5_seed_001.pdb
2573,38,Chemokine,0.78435,anc2f_38_V_unrelaxed_rank_011_alphafold2_model_5_seed_003.pdb
2574,38,Chemokine,0.78396,anc2f_38_V_unrelaxed_rank_012_alphafold2_model_5_seed_000.pdb
2575,38,Chemokine,0.67194,anc2f_38_V_unrelaxed_rank_013_alphafold2_model_3_seed_001.pdb
2576,38,Chemokine,0.66956,anc2f_38_V_unrelaxed_rank_014_alphafold2_model_3_seed_002.pdb
2577,38,Chemokine,0.66551,anc2f_38_V_unrelaxed_rank_015_alphafold2_model_3_seed_004.pdb
2578,38,Chemokine,0.65853,anc2f_38_V_unrelaxed_rank_016_alphafold2_model_3_seed_003.pdb
2579,38,Chemokine,0.66219,anc2f_38_V_unrelaxed_rank_017_alphafold2_model_3_seed_000.pdb
2580,38,Chemokine,0.68426,anc2f_38_V_unrelaxed_rank_018_alphafold2_model_4_seed_004.pdb
2581,38,Chemokine,0.6835,anc2f_38_V_unrelaxed_rank_019_alphafold2_model_4_seed_003.pdb
2582,38,Chemokine,0.68523,anc2f_38_V_unrelaxed_rank_020_alphafold2_model_4_seed_000.pdb
2583,38,Chemokine,0.68224,anc2f_38_V_unrelaxed_rank_021_alphafold2_model_4_seed_001.pdb
2584,38,Chemokine,0.68377,anc2f_38_V_unrelaxed_rank_022_alphafold2_model_4_seed_002.pdb
2585,38,Chemokine,0.67317,anc2f_38_V_unrelaxed_rank_023_alphafold2_model_1_seed_003.pdb
2586,38,Chemokine,0.67854,anc2f_38_V_unrelaxed_rank_024_alphafold2_model_1_seed_000.pdb
2587,38,Chemokine,0.67742,anc2f_38_V_unrelaxed_rank_025_alphafold2_model_1_seed_001.pdb
2588,45,Dimer,0.58154,anc2f_45_I_unrelaxed_rank_001_alphafold2_model_1_seed_002.pdb
2589,45,Dimer,0.60588,anc2f_45_I_unrelaxed_rank_002_alphafold2_model_3_seed_003.pdb
2590,45,Dimer,0.58819,anc2f_45_I_unrelaxed_rank_003_alphafold2_model_3_seed_002.pdb
2591,45,Dimer,0.5884,anc2f_45_I_unrelaxed_rank_004_alphafold2_model_3_seed_000.pdb
2592,45,Dimer,0.58809,anc2f_45_I_unrelaxed_rank_005_alphafold2_model_1_seed_003.pdb
2593,45,Dimer,0.5917,anc2f_45_I_unrelaxed_rank_006_alphafold2_model_3_seed_001.pdb
2594,45,Dimer,0.59012,anc2f_45_I_unrelaxed_rank_007_alphafold2_model_3_seed_004.pdb
2595,45,Dimer,0.59583,anc2f_45_I_unrelaxed_rank_008_alphafold2_model_2_seed_003.pdb
2596,45,Dimer,0.58448,anc2f_45_I_unrelaxed_rank_009_alphafold2_model_1_seed_000.pdb
2597,45,Dimer,0.58398,anc2f_45_I_unrelaxed_rank_010_alphafold2_model_1_seed_004.pdb
2598,45,Dimer,0.59175,anc2f_45_I_unrelaxed_rank_011_alphafold2_model_2_seed_002.pdb
2599,45,Dimer,0.59003,anc2f_45_I_unrelaxed_rank_012_alphafold2_model_2_seed_004.pdb
2600,45,Dimer,0.59406,anc2f_45_I_unrelaxed_rank_013_alphafold2_model_2_seed_000.pdb
2601,45,Dimer,0.58944,anc2f_45_I_unrelaxed_rank_014_alphafold2_model_2_seed_001.pdb
2602,45,Dimer,0.61182,anc2f_45_I_unrelaxed_rank_015_alphafold2_model_4_seed_004.pdb
2603,45,Dimer,0.60634,anc2f_45_I_unrelaxed_rank_016_alphafold2_model_4_seed_001.pdb
2604,45,Dimer,0.58925,anc2f_45_I_unrelaxed_rank_017_alphafold2_model_4_seed_003.pdb
2605,45,Dimer,0.57895,anc2f_45_I_unrelaxed_rank_018_alphafold2_model_1_seed_001.pdb
2606,45,Dimer,0.59624,anc2f_45_I_unrelaxed_rank_019_alphafold2_model_4_seed_002.pdb
2607,45,Dimer,0.59495,anc2f_45_L_unrelaxed_rank_001_alphafold2_model_3_seed_001.pdb
2608,45,Dimer,0.59028,anc2f_45_L_unrelaxed_rank_002_alphafold2_model_2_seed_003.pdb
2609,45,Dimer,0.59534,anc2f_45_L_unrelaxed_rank_003_alphafold2_model_1_seed_003.pdb
2610,45,Dimer,0.59254,anc2f_45_L_unrelaxed_rank_004_alphafold2_model_3_seed_004.pdb
2611,45,Dimer,0.58183,anc2f_45_L_unrelaxed_rank_005_alphafold2_model_1_seed_002.pdb
2612,45,Dimer,0.58868,anc2f_45_L_unrelaxed_rank_006_alphafold2_model_1_seed_004.pdb
2613,45,Dimer,0.58311,anc2f_45_L_unrelaxed_rank_007_alphafold2_model_3_seed_002.pdb
2614,45,Dimer,0.60671,anc2f_45_L_unrelaxed_rank_008_alphafold2_model_3_seed_003.pdb
2615,45,Dimer,0.58332,anc2f_45_L_unrelaxed_rank_009_alphafold2_model_3_seed_000.pdb
2616,45,Dimer,0.58775,anc2f_45_L_unrelaxed_rank_010_alphafold2_model_1_seed_000.pdb
2617,45,Dimer,0.58558,anc2f_45_L_unrelaxed_rank_011_alphafold2_model_2_seed_004.pdb
2618,45,Dimer,0.5965,anc2f_45_L_unrelaxed_rank_012_alphafold2_model_4_seed_004.pdb
2619,45,Dimer,0.59092,anc2f_45_L_unrelaxed_rank_013_alphafold2_model_2_seed_001.pdb
2620,45,Dimer,0.59259,anc2f_45_L_unrelaxed_rank_014_alphafold2_model_1_seed_001.pdb
2621,45,Dimer,0.59726,anc2f_45_L_unrelaxed_rank_015_alphafold2_model_2_seed_000.pdb
2622,45,Dimer,0.58568,anc2f_45_L_unrelaxed_rank_016_alphafold2_model_2_seed_002.pdb
2623,45,Dimer,0.58316,anc2f_45_V_unrelaxed_rank_001_alphafold2_model_3_seed_002.pdb
2624,45,Dimer,0.59764,anc2f_45_V_unrelaxed_rank_002_alphafold2_model_3_seed_001.pdb
2625,45,Dimer,0.57999,anc2f_45_V_unrelaxed_rank_003_alphafold2_model_1_seed_002.pdb
2626,45,Dimer,0.5939,anc2f_45_V_unrelaxed_rank_004_alphafold2_model_1_seed_003.pdb
2627,45,Dimer,0.58336,anc2f_45_V_unrelaxed_rank_005_alphafold2_model_1_seed_004.pdb
2628,45,Dimer,0.60449,anc2f_45_V_unrelaxed_rank_006_alphafold2_model_3_seed_004.pdb
2629,45,Dimer,0.57508,anc2f_45_V_unrelaxed_rank_007_alphafold2_model_2_seed_000.pdb
2630,45,Dimer,0.59041,anc2f_45_V_unrelaxed_rank_008_alphafold2_model_3_seed_000.pdb
2631,45,Dimer,0.58758,anc2f_45_V_unrelaxed_rank_009_alphafold2_model_1_seed_000.pdb
2632,45,Dimer,0.58658,anc2f_45_V_unrelaxed_rank_010_alphafold2_model_2_seed_004.pdb
2633,45,Dimer,0.60451,anc2f_45_V_unrelaxed_rank_011_alphafold2_model_3_seed_003.pdb
2634,45,Dimer,0.58389,anc2f_45_V_unrelaxed_rank_012_alphafold2_model_2_seed_002.pdb
2635,45,Dimer,0.58775,anc2f_45_V_unrelaxed_rank_013_alphafold2_model_2_seed_003.pdb
2636,45,Dimer,0.58115,anc2f_45_V_unrelaxed_rank_014_alphafold2_model_1_seed_001.pdb
2637,45,Dimer,0.58558,anc2f_45_V_unrelaxed_rank_015_alphafold2_model_2_seed_001.pdb
2638,45,Dimer,0.5886,anc2f_45_V_unrelaxed_rank_016_alphafold2_model_4_seed_002.pdb
2639,45,Dimer,0.58511,anc2f_45_V_unrelaxed_rank_017_alphafold2_model_4_seed_003.pdb
2640,45,Dimer,0.59423,anc2f_45_V_unrelaxed_rank_018_alphafold2_model_4_seed_004.pdb
2641,47,Chemokine,0.78584,anc2f_47_I_unrelaxed_rank_001_alphafold2_model_1_seed_002.pdb
2642,47,Chemokine,0.79408,anc2f_47_I_unrelaxed_rank_002_alphafold2_model_2_seed_001.pdb
2643,47,Chemokine,0.79661,anc2f_47_I_unrelaxed_rank_003_alphafold2_model_2_seed_000.pdb
2644,47,Chemokine,0.7768,anc2f_47_I_unrelaxed_rank_004_alphafold2_model_1_seed_004.pdb
2645,47,Chemokine,0.79134,anc2f_47_I_unrelaxed_rank_005_alphafold2_model_2_seed_002.pdb
2646,47,Chemokine,0.78801,anc2f_47_I_unrelaxed_rank_006_alphafold2_model_2_seed_003.pdb
2647,47,Chemokine,0.76949,anc2f_47_I_unrelaxed_rank_007_alphafold2_model_1_seed_000.pdb
2648,47,Chemokine,0.78518,anc2f_47_I_unrelaxed_rank_008_alphafold2_model_2_seed_004.pdb
2649,47,Chemokine,0.78644,anc2f_47_I_unrelaxed_rank_009_alphafold2_model_1_seed_003.pdb
2650,47,Chemokine,0.77999,anc2f_47_I_unrelaxed_rank_010_alphafold2_model_5_seed_004.pdb
2651,47,Chemokine,0.78145,anc2f_47_I_unrelaxed_rank_011_alphafold2_model_5_seed_002.pdb
2652,47,Chemokine,0.78203,anc2f_47_I_unrelaxed_rank_012_alphafold2_model_5_seed_001.pdb
2653,47,Chemokine,0.78231,anc2f_47_I_unrelaxed_rank_013_alphafold2_model_5_seed_003.pdb
2654,47,Chemokine,0.78194,anc2f_47_I_unrelaxed_rank_014_alphafold2_model_5_seed_000.pdb
2655,47,Chemokine,0.78342,anc2f_47_I_unrelaxed_rank_015_alphafold2_model_4_seed_002.pdb
2656,47,Chemokine,0.65748,anc2f_47_I_unrelaxed_rank_016_alphafold2_model_3_seed_002.pdb
2657,47,Chemokine,0.6594,anc2f_47_I_unrelaxed_rank_017_alphafold2_model_3_seed_001.pdb
2658,47,Chemokine,0.66231,anc2f_47_I_unrelaxed_rank_018_alphafold2_model_3_seed_000.pdb
2659,47,Chemokine,0.68107,anc2f_47_I_unrelaxed_rank_019_alphafold2_model_4_seed_003.pdb
2660,47,Chemokine,0.65767,anc2f_47_I_unrelaxed_rank_020_alphafold2_model_3_seed_004.pdb
2661,47,Chemokine,0.65927,anc2f_47_I_unrelaxed_rank_021_alphafold2_model_3_seed_003.pdb
2662,47,Chemokine,0.68152,anc2f_47_I_unrelaxed_rank_022_alphafold2_model_4_seed_000.pdb
2663,47,Chemokine,0.68148,anc2f_47_I_unrelaxed_rank_023_alphafold2_model_4_seed_004.pdb
2664,47,Chemokine,0.67877,anc2f_47_I_unrelaxed_rank_024_alphafold2_model_4_seed_001.pdb
2665,47,Chemokine,0.69839,anc2f_47_I_unrelaxed_rank_025_alphafold2_model_1_seed_001.pdb
2666,47,Chemokine,0.8287,anc2f_47_L_unrelaxed_rank_001_alphafold2_model_2_seed_002.pdb
2667,47,Chemokine,0.82744,anc2f_47_L_unrelaxed_rank_002_alphafold2_model_2_seed_001.pdb
2668,47,Chemokine,0.79755,anc2f_47_L_unrelaxed_rank_003_alphafold2_model_2_seed_004.pdb
2669,47,Chemokine,0.79866,anc2f_47_L_unrelaxed_rank_004_alphafold2_model_2_seed_000.pdb
2670,47,Chemokine,0.79398,anc2f_47_L_unrelaxed_rank_005_alphafold2_model_2_seed_003.pdb
2671,47,Chemokine,0.77934,anc2f_47_L_unrelaxed_rank_006_alphafold2_model_5_seed_004.pdb
2672,47,Chemokine,0.7797,anc2f_47_L_unrelaxed_rank_007_alphafold2_model_5_seed_003.pdb
2673,47,Chemokine,0.77979,anc2f_47_L_unrelaxed_rank_008_alphafold2_model_5_seed_001.pdb
2674,47,Chemokine,0.78006,anc2f_47_L_unrelaxed_rank_009_alphafold2_model_5_seed_000.pdb
2675,47,Chemokine,0.77647,anc2f_47_L_unrelaxed_rank_010_alphafold2_model_5_seed_002.pdb
2676,47,Chemokine,0.75409,anc2f_47_L_unrelaxed_rank_011_alphafold2_model_1_seed_002.pdb
2677,47,Chemokine,0.64865,anc2f_47_L_unrelaxed_rank_012_alphafold2_model_3_seed_000.pdb
2678,47,Chemokine,0.64668,anc2f_47_L_unrelaxed_rank_013_alphafold2_model_3_seed_001.pdb
2679,47,Chemokine,0.64291,anc2f_47_L_unrelaxed_rank_014_alphafold2_model_3_seed_002.pdb
2680,47,Chemokine,0.64458,anc2f_47_L_unrelaxed_rank_015_alphafold2_model_3_seed_004.pdb
2681,47,Chemokine,0.65347,anc2f_47_L_unrelaxed_rank_016_alphafold2_model_3_seed_003.pdb
2682,47,Chemokine,0.6764,anc2f_47_L_unrelaxed_rank_017_alphafold2_model_4_seed_004.pdb
2683,47,Chemokine,0.6792,anc2f_47_L_unrelaxed_rank_018_alphafold2_model_1_seed_004.pdb
2684,47,Chemokine,0.68266,anc2f_47_L_unrelaxed_rank_019_alphafold2_model_1_seed_000.pdb
2685,47,Chemokine,0.67164,anc2f_47_L_unrelaxed_rank_020_alphafold2_model_4_seed_002.pdb
2686,47,Chemokine,0.65997,anc2f_47_L_unrelaxed_rank_021_alphafold2_model_4_seed_000.pdb
2687,47,Chemokine,0.67058,anc2f_47_L_unrelaxed_rank_022_alphafold2_model_4_seed_001.pdb
2688,47,Chemokine,0.79523,anc2f_47_M_unrelaxed_rank_001_alphafold2_model_1_seed_000.pdb
2689,47,Chemokine,0.79339,anc2f_47_M_unrelaxed_rank_002_alphafold2_model_1_seed_002.pdb
2690,47,Chemokine,0.8034,anc2f_47_M_unrelaxed_rank_003_alphafold2_model_2_seed_003.pdb
2691,47,Chemokine,0.80191,anc2f_47_M_unrelaxed_rank_004_alphafold2_model_2_seed_000.pdb
2692,47,Chemokine,0.79999,anc2f_47_M_unrelaxed_rank_005_alphafold2_model_2_seed_001.pdb
2693,47,Chemokine,0.79542,anc2f_47_M_unrelaxed_rank_006_alphafold2_model_4_seed_002.pdb
2694,47,Chemokine,0.79311,anc2f_47_M_unrelaxed_rank_007_alphafold2_model_1_seed_001.pdb
2695,47,Chemokine,0.80067,anc2f_47_M_unrelaxed_rank_008_alphafold2_model_2_seed_004.pdb
2696,47,Chemokine,0.78271,anc2f_47_M_unrelaxed_rank_009_alphafold2_model_1_seed_003.pdb
2697,47,Chemokine,0.79717,anc2f_47_M_unrelaxed_rank_010_alphafold2_model_4_seed_004.pdb
2698,47,Chemokine,0.78381,anc2f_47_M_unrelaxed_rank_011_alphafold2_model_5_seed_004.pdb
2699,47,Chemokine,0.78373,anc2f_47_M_unrelaxed_rank_012_alphafold2_model_5_seed_003.pdb
2700,47,Chemokine,0.78344,anc2f_47_M_unrelaxed_rank_013_alphafold2_model_5_seed_001.pdb
2701,47,Chemokine,0.78472,anc2f_47_M_unrelaxed_rank_014_alphafold2_model_5_seed_000.pdb
2702,47,Chemokine,0.7909,anc2f_47_M_unrelaxed_rank_015_alphafold2_model_1_seed_004.pdb
2703,47,Chemokine,0.78541,anc2f_47_M_unrelaxed_rank_016_alphafold2_model_5_seed_002.pdb
2704,47,Chemokine,0.73544,anc2f_47_M_unrelaxed_rank_017_alphafold2_model_2_seed_002.pdb
2705,47,Chemokine,0.67366,anc2f_47_M_unrelaxed_rank_018_alphafold2_model_3_seed_004.pdb
2706,47,Chemokine,0.66551,anc2f_47_M_unrelaxed_rank_019_alphafold2_model_3_seed_003.pdb
2707,47,Chemokine,0.68193,anc2f_47_M_unrelaxed_rank_020_alphafold2_model_4_seed_003.pdb
2708,47,Chemokine,0.66585,anc2f_47_M_unrelaxed_rank_021_alphafold2_model_3_seed_000.pdb
2709,47,Chemokine,0.66717,anc2f_47_M_unrelaxed_rank_022_alphafold2_model_3_seed_002.pdb
2710,47,Chemokine,0.66747,anc2f_47_M_unrelaxed_rank_023_alphafold2_model_3_seed_001.pdb
2711,47,Chemokine,0.67908,anc2f_47_M_unrelaxed_rank_024_alphafold2_model_4_seed_000.pdb
2712,47,Chemokine,0.67572,anc2f_47_M_unrelaxed_rank_025_alphafold2_model_4_seed_001.pdb
2713,G,Dimer,0.53907,anc2f_G_unrelaxed_rank_002_alphafold2_model_4_seed_001.pdb
2714,G,Dimer,0.53034,anc2f_G_unrelaxed_rank_003_alphafold2_model_4_seed_000.pdb
2715,G,Dimer,0.53858,anc2f_G_unrelaxed_rank_004_alphafold2_model_4_seed_003.pdb
2716,I,Chemokine,0.77044,anc2f_I_unrelaxed_rank_001_alphafold2_model_3_seed_002.pdb
2717,I,Chemokine,0.78565,anc2f_I_unrelaxed_rank_002_alphafold2_model_1_seed_002.pdb
2718,I,Chemokine,0.7892,anc2f_I_unrelaxed_rank_003_alphafold2_model_2_seed_001.pdb
2719,I,Chemokine,0.79407,anc2f_I_unrelaxed_rank_004_alphafold2_model_2_seed_000.pdb
2720,I,Chemokine,0.79288,anc2f_I_unrelaxed_rank_005_alphafold2_model_2_seed_002.pdb
2721,I,Chemokine,0.77193,anc2f_I_unrelaxed_rank_006_alphafold2_model_3_seed_003.pdb
2722,I,Chemokine,0.78436,anc2f_I_unrelaxed_rank_007_alphafold2_model_2_seed_004.pdb
2723,I,Chemokine,0.77098,anc2f_I_unrelaxed_rank_008_alphafold2_model_1_seed_004.pdb
2724,I,Chemokine,0.78286,anc2f_I_unrelaxed_rank_009_alphafold2_model_1_seed_000.pdb
2725,I,Chemokine,0.79102,anc2f_I_unrelaxed_rank_010_alphafold2_model_2_seed_003.pdb
2726,I,Chemokine,0.76991,anc2f_I_unrelaxed_rank_011_alphafold2_model_1_seed_003.pdb
2727,I,Chemokine,0.77103,anc2f_I_unrelaxed_rank_012_alphafold2_model_3_seed_001.pdb
2728,I,Chemokine,0.77983,anc2f_I_unrelaxed_rank_013_alphafold2_model_3_seed_004.pdb
2729,I,Chemokine,0.77878,anc2f_I_unrelaxed_rank_014_alphafold2_model_5_seed_004.pdb
2730,I,Chemokine,0.7809,anc2f_I_unrelaxed_rank_015_alphafold2_model_5_seed_001.pdb
2731,I,Chemokine,0.77972,anc2f_I_unrelaxed_rank_016_alphafold2_model_5_seed_003.pdb
2732,I,Chemokine,0.77922,anc2f_I_unrelaxed_rank_017_alphafold2_model_5_seed_000.pdb
2733,I,Chemokine,0.77932,anc2f_I_unrelaxed_rank_018_alphafold2_model_5_seed_002.pdb
2734,I,Chemokine,0.6861,anc2f_I_unrelaxed_rank_019_alphafold2_model_4_seed_003.pdb
2735,I,Chemokine,0.6802,anc2f_I_unrelaxed_rank_020_alphafold2_model_4_seed_004.pdb
2736,I,Chemokine,0.68077,anc2f_I_unrelaxed_rank_021_alphafold2_model_4_seed_002.pdb
2737,I,Chemokine,0.68771,anc2f_I_unrelaxed_rank_022_alphafold2_model_1_seed_001.pdb
2738,I,Chemokine,0.68674,anc2f_I_unrelaxed_rank_023_alphafold2_model_3_seed_000.pdb
2739,V,Chemokine,0.78584,anc2f_V_unrelaxed_rank_001_alphafold2_model_1_seed_002.pdb
2740,V,Chemokine,0.79408,anc2f_V_unrelaxed_rank_002_alphafold2_model_2_seed_001.pdb
2741,V,Chemokine,0.79661,anc2f_V_unrelaxed_rank_003_alphafold2_model_2_seed_000.pdb
2742,V,Chemokine,0.7768,anc2f_V_unrelaxed_rank_004_alphafold2_model_1_seed_004.pdb
2743,V,Chemokine,0.79134,anc2f_V_unrelaxed_rank_005_alphafold2_model_2_seed_002.pdb
2744,V,Chemokine,0.78801,anc2f_V_unrelaxed_rank_006_alphafold2_model_2_seed_003.pdb
2745,V,Chemokine,0.76949,anc2f_V_unrelaxed_rank_007_alphafold2_model_1_seed_000.pdb
2746,V,Chemokine,0.78518,anc2f_V_unrelaxed_rank_008_alphafold2_model_2_seed_004.pdb
2747,V,Chemokine,0.78644,anc2f_V_unrelaxed_rank_009_alphafold2_model_1_seed_003.pdb
2748,V,Chemokine,0.77999,anc2f_V_unrelaxed_rank_010_alphafold2_model_5_seed_004.pdb
2749,V,Chemokine,0.78145,anc2f_V_unrelaxed_rank_011_alphafold2_model_5_seed_002.pdb
2750,V,Chemokine,0.78203,anc2f_V_unrelaxed_rank_012_alphafold2_model_5_seed_001.pdb
2751,V,Chemokine,0.78231,anc2f_V_unrelaxed_rank_013_alphafold2_model_5_seed_003.pdb
2752,V,Chemokine,0.78194,anc2f_V_unrelaxed_rank_014_alphafold2_model_5_seed_000.pdb
2753,V,Chemokine,0.78342,anc2f_V_unrelaxed_rank_015_alphafold2_model_4_seed_002.pdb
2754,V,Chemokine,0.65748,anc2f_V_unrelaxed_rank_016_alphafold2_model_3_seed_002.pdb
2755,V,Chemokine,0.6594,anc2f_V_unrelaxed_rank_017_alphafold2_model_3_seed_001.pdb
2756,V,Chemokine,0.66231,anc2f_V_unrelaxed_rank_018_alphafold2_model_3_seed_000.pdb
2757,V,Chemokine,0.68107,anc2f_V_unrelaxed_rank_019_alphafold2_model_4_seed_003.pdb
2758,V,Chemokine,0.65767,anc2f_V_unrelaxed_rank_020_alphafold2_model_3_seed_004.pdb
2759,V,Chemokine,0.65927,anc2f_V_unrelaxed_rank_021_alphafold2_model_3_seed_003.pdb
2760,V,Chemokine,0.68152,anc2f_V_unrelaxed_rank_022_alphafold2_model_4_seed_000.pdb
2761,V,Chemokine,0.68148,anc2f_V_unrelaxed_rank_023_alphafold2_model_4_seed_004.pdb
2762,V,Chemokine,0.67877,anc2f_V_unrelaxed_rank_024_alphafold2_model_4_seed_001.pdb
2763,V,Chemokine,0.69839,anc2f_V_unrelaxed_rank_025_alphafold2_model_1_seed_001.pdb
2764,G,Dimer,0.52408,anc2_G_unrelaxed_rank_001_alphafold2_model_2_seed_001.pdb
2765,G,Dimer,0.52679,anc2_G_unrelaxed_rank_002_alphafold2_model_3_seed_001.pdb
2766,G,Dimer,0.52112,anc2_G_unrelaxed_rank_003_alphafold2_model_2_seed_004.pdb
2767,G,Dimer,0.52059,anc2_G_unrelaxed_rank_004_alphafold2_model_2_seed_000.pdb
2768,G,Dimer,0.52463,anc2_G_unrelaxed_rank_005_alphafold2_model_3_seed_004.pdb
2769,G,Dimer,0.53796,anc2_G_unrelaxed_rank_006_alphafold2_model_1_seed_004.pdb
2770,G,Dimer,0.52539,anc2_G_unrelaxed_rank_007_alphafold2_model_3_seed_000.pdb
2771,G,Dimer,0.53843,anc2_G_unrelaxed_rank_008_alphafold2_model_1_seed_001.pdb
2772,G,Dimer,0.53729,anc2_G_unrelaxed_rank_009_alphafold2_model_1_seed_003.pdb
2773,G,Dimer,0.53822,anc2_G_unrelaxed_rank_010_alphafold2_model_1_seed_000.pdb
2774,G,Dimer,0.52559,anc2_G_unrelaxed_rank_011_alphafold2_model_5_seed_001.pdb
2775,G,Dimer,0.53419,anc2_G_unrelaxed_rank_012_alphafold2_model_1_seed_002.pdb
2776,G,Dimer,0.53637,anc2_G_unrelaxed_rank_013_alphafold2_model_4_seed_001.pdb
2777,G,Dimer,0.52902,anc2_G_unrelaxed_rank_014_alphafold2_model_4_seed_002.pdb
2778,G,Dimer,0.53438,anc2_G_unrelaxed_rank_015_alphafold2_model_4_seed_003.pdb
2779,G,Dimer,0.53413,anc2_G_unrelaxed_rank_016_alphafold2_model_4_seed_000.pdb
2780,G,Dimer,0.53557,anc2_G_unrelaxed_rank_017_alphafold2_model_4_seed_004.pdb
2781,14,Dimer,0.57046,anc2i_14_I_unrelaxed_rank_001_alphafold2_model_2_seed_003.pdb
2782,14,Dimer,0.58169,anc2i_14_I_unrelaxed_rank_002_alphafold2_model_2_seed_002.pdb
2783,14,Dimer,0.57597,anc2i_14_I_unrelaxed_rank_003_alphafold2_model_2_seed_001.pdb
2784,14,Dimer,0.57737,anc2i_14_I_unrelaxed_rank_004_alphafold2_model_2_seed_000.pdb
2785,14,Dimer,0.58205,anc2i_14_I_unrelaxed_rank_005_alphafold2_model_2_seed_004.pdb
2786,14,Dimer,0.5666,anc2i_14_I_unrelaxed_rank_006_alphafold2_model_1_seed_003.pdb
2787,14,Dimer,0.57393,anc2i_14_I_unrelaxed_rank_007_alphafold2_model_1_seed_004.pdb
2788,14,Dimer,0.56616,anc2i_14_I_unrelaxed_rank_008_alphafold2_model_1_seed_001.pdb
2789,14,Dimer,0.56876,anc2i_14_I_unrelaxed_rank_009_alphafold2_model_1_seed_002.pdb
2790,14,Chemokine,0.73473,anc2i_14_I_unrelaxed_rank_010_alphafold2_model_5_seed_004.pdb
2791,14,Dimer,0.55201,anc2i_14_I_unrelaxed_rank_011_alphafold2_model_1_seed_000.pdb
2792,14,Chemokine,0.74948,anc2i_14_I_unrelaxed_rank_012_alphafold2_model_5_seed_003.pdb
2793,14,Dimer,0.59185,anc2i_14_I_unrelaxed_rank_013_alphafold2_model_3_seed_001.pdb
2794,14,Dimer,0.5821,anc2i_14_I_unrelaxed_rank_014_alphafold2_model_3_seed_002.pdb
2795,14,Dimer,0.57747,anc2i_14_I_unrelaxed_rank_015_alphafold2_model_3_seed_000.pdb
2796,14,Dimer,0.58857,anc2i_14_I_unrelaxed_rank_016_alphafold2_model_4_seed_001.pdb
2797,14,Dimer,0.53604,anc2i_14_I_unrelaxed_rank_017_alphafold2_model_4_seed_002.pdb
2798,14,Dimer,0.58124,anc2i_14_I_unrelaxed_rank_018_alphafold2_model_4_seed_003.pdb
2799,14,Dimer,0.55163,anc2i_14_I_unrelaxed_rank_019_alphafold2_model_4_seed_004.pdb
2800,14,Dimer,0.54862,anc2i_14_I_unrelaxed_rank_020_alphafold2_model_4_seed_000.pdb
2801,14,Dimer,0.58105,anc2i_14_I_unrelaxed_rank_021_alphafold2_model_3_seed_004.pdb
2802,14,Chemokine,0.72886,anc2i_14_L_unrelaxed_rank_001_alphafold2_model_3_seed_004.pdb
2803,14,Chemokine,0.72088,anc2i_14_L_unrelaxed_rank_002_alphafold2_model_5_seed_004.pdb
2804,14,Chemokine,0.71601,anc2i_14_L_unrelaxed_rank_003_alphafold2_model_5_seed_003.pdb
2805,14,Chemokine,0.71771,anc2i_14_L_unrelaxed_rank_004_alphafold2_model_5_seed_000.pdb
2806,14,Dimer,0.60412,anc2i_14_L_unrelaxed_rank_005_alphafold2_model_1_seed_004.pdb
2807,14,Dimer,0.59056,anc2i_14_L_unrelaxed_rank_006_alphafold2_model_1_seed_003.pdb
2808,14,Chemokine,0.7287,anc2i_14_L_unrelaxed_rank_007_alphafold2_model_5_seed_001.pdb
2809,14,Dimer,0.54451,anc2i_14_L_unrelaxed_rank_008_alphafold2_model_2_seed_003.pdb
2810,14,Dimer,0.5888,anc2i_14_L_unrelaxed_rank_009_alphafold2_model_1_seed_002.pdb
2811,14,Dimer,0.60154,anc2i_14_L_unrelaxed_rank_010_alphafold2_model_1_seed_001.pdb
2812,14,Dimer,0.59302,anc2i_14_L_unrelaxed_rank_011_alphafold2_model_1_seed_000.pdb
2813,14,Dimer,0.56043,anc2i_14_L_unrelaxed_rank_012_alphafold2_model_3_seed_000.pdb
2814,14,Dimer,0.58257,anc2i_14_V_unrelaxed_rank_001_alphafold2_model_2_seed_003.pdb
2815,14,Dimer,0.57625,anc2i_14_V_unrelaxed_rank_002_alphafold2_model_2_seed_000.pdb
2816,14,Dimer,0.53402,anc2i_14_V_unrelaxed_rank_003_alphafold2_model_2_seed_001.pdb
2817,14,Dimer,0.57246,anc2i_14_V_unrelaxed_rank_004_alphafold2_model_2_seed_002.pdb
2818,14,Chemokine,0.72933,anc2i_14_V_unrelaxed_rank_005_alphafold2_model_5_seed_000.pdb
2819,14,Chemokine,0.72582,anc2i_14_V_unrelaxed_rank_006_alphafold2_model_5_seed_001.pdb
2820,14,Dimer,0.59272,anc2i_14_V_unrelaxed_rank_007_alphafold2_model_2_seed_004.pdb
2821,14,Dimer,0.56382,anc2i_14_V_unrelaxed_rank_008_alphafold2_model_1_seed_003.pdb
2822,14,Dimer,0.56872,anc2i_14_V_unrelaxed_rank_009_alphafold2_model_1_seed_001.pdb
2823,14,Dimer,0.56494,anc2i_14_V_unrelaxed_rank_010_alphafold2_model_3_seed_002.pdb
2824,14,Chemokine,0.75049,anc2i_14_V_unrelaxed_rank_011_alphafold2_model_5_seed_004.pdb
2825,14,Dimer,0.57243,anc2i_14_V_unrelaxed_rank_012_alphafold2_model_1_seed_004.pdb
2826,14,Dimer,0.60384,anc2i_14_V_unrelaxed_rank_013_alphafold2_model_3_seed_001.pdb
2827,14,Chemokine,0.75162,anc2i_14_V_unrelaxed_rank_014_alphafold2_model_5_seed_003.pdb
2828,14,Dimer,0.56597,anc2i_14_V_unrelaxed_rank_015_alphafold2_model_1_seed_002.pdb
2829,14,Dimer,0.59872,anc2i_14_V_unrelaxed_rank_016_alphafold2_model_3_seed_004.pdb
2830,14,Dimer,0.5934,anc2i_14_V_unrelaxed_rank_017_alphafold2_model_3_seed_000.pdb
2831,14,Dimer,0.55691,anc2i_14_V_unrelaxed_rank_018_alphafold2_model_3_seed_003.pdb
2832,14,Dimer,0.53933,anc2i_14_V_unrelaxed_rank_019_alphafold2_model_4_seed_002.pdb
2833,14,Dimer,0.59603,anc2i_14_V_unrelaxed_rank_020_alphafold2_model_4_seed_001.pdb
2834,14,Dimer,0.59588,anc2i_14_V_unrelaxed_rank_021_alphafold2_model_4_seed_004.pdb
2835,14,Dimer,0.60606,anc2i_14_V_unrelaxed_rank_022_alphafold2_model_4_seed_000.pdb
2836,14,Dimer,0.59062,anc2i_14_V_unrelaxed_rank_023_alphafold2_model_4_seed_003.pdb
2837,36,Dimer,0.57164,anc2i_36_A_unrelaxed_rank_001_alphafold2_model_3_seed_004.pdb
2838,36,Dimer,0.57407,anc2i_36_A_unrelaxed_rank_002_alphafold2_model_3_seed_003.pdb
2839,36,Dimer,0.57188,anc2i_36_A_unrelaxed_rank_003_alphafold2_model_3_seed_002.pdb
2840,36,Dimer,0.54176,anc2i_36_A_unrelaxed_rank_004_alphafold2_model_2_seed_003.pdb
2841,36,Dimer,0.56917,anc2i_36_A_unrelaxed_rank_005_alphafold2_model_3_seed_000.pdb
2842,36,Dimer,0.56522,anc2i_36_A_unrelaxed_rank_006_alphafold2_model_3_seed_001.pdb
2843,36,Dimer,0.57638,anc2i_36_A_unrelaxed_rank_007_alphafold2_model_2_seed_004.pdb
2844,36,Dimer,0.58449,anc2i_36_A_unrelaxed_rank_008_alphafold2_model_2_seed_002.pdb
2845,36,Dimer,0.5757,anc2i_36_A_unrelaxed_rank_009_alphafold2_model_2_seed_001.pdb
2846,36,Dimer,0.58387,anc2i_36_A_unrelaxed_rank_010_alphafold2_model_2_seed_000.pdb
2847,36,Dimer,0.56538,anc2i_36_A_unrelaxed_rank_011_alphafold2_model_1_seed_003.pdb
2848,36,Dimer,0.58049,anc2i_36_A_unrelaxed_rank_012_alphafold2_model_5_seed_002.pdb
2849,36,Dimer,0.5794,anc2i_36_A_unrelaxed_rank_013_alphafold2_model_5_seed_000.pdb
2850,36,Dimer,0.57727,anc2i_36_A_unrelaxed_rank_014_alphafold2_model_5_seed_001.pdb
2851,36,Dimer,0.57915,anc2i_36_A_unrelaxed_rank_015_alphafold2_model_4_seed_004.pdb
2852,36,Dimer,0.52992,anc2i_36_A_unrelaxed_rank_016_alphafold2_model_4_seed_002.pdb
2853,36,Dimer,0.58231,anc2i_36_A_unrelaxed_rank_017_alphafold2_model_4_seed_001.pdb
2854,36,Dimer,0.58393,anc2i_36_A_unrelaxed_rank_018_alphafold2_model_4_seed_000.pdb
2855,36,Dimer,0.56339,anc2i_36_A_unrelaxed_rank_019_alphafold2_model_4_seed_003.pdb
2856,36,Dimer,0.58887,anc2i_36_G_unrelaxed_rank_001_alphafold2_model_3_seed_002.pdb
2857,36,Dimer,0.58663,anc2i_36_G_unrelaxed_rank_002_alphafold2_model_3_seed_004.pdb
2858,36,Dimer,0.58431,anc2i_36_G_unrelaxed_rank_003_alphafold2_model_3_seed_000.pdb
2859,36,Dimer,0.5856,anc2i_36_G_unrelaxed_rank_004_alphafold2_model_3_seed_001.pdb
2860,36,Dimer,0.59518,anc2i_36_G_unrelaxed_rank_005_alphafold2_model_2_seed_002.pdb
2861,36,Dimer,0.5858,anc2i_36_G_unrelaxed_rank_006_alphafold2_model_2_seed_004.pdb
2862,36,Dimer,0.58193,anc2i_36_G_unrelaxed_rank_007_alphafold2_model_2_seed_001.pdb
2863,36,Dimer,0.59222,anc2i_36_G_unrelaxed_rank_008_alphafold2_model_2_seed_000.pdb
2864,36,Dimer,0.57591,anc2i_36_G_unrelaxed_rank_009_alphafold2_model_3_seed_003.pdb
2865,36,Dimer,0.58075,anc2i_36_G_unrelaxed_rank_010_alphafold2_model_5_seed_003.pdb
2866,36,Dimer,0.5747,anc2i_36_G_unrelaxed_rank_011_alphafold2_model_5_seed_002.pdb
2867,36,Dimer,0.57613,anc2i_36_G_unrelaxed_rank_012_alphafold2_model_5_seed_001.pdb
2868,36,Dimer,0.57682,anc2i_36_G_unrelaxed_rank_013_alphafold2_model_5_seed_000.pdb
2869,36,Dimer,0.57671,anc2i_36_G_unrelaxed_rank_014_alphafold2_model_5_seed_004.pdb
2870,36,Dimer,0.5507,anc2i_36_G_unrelaxed_rank_015_alphafold2_model_1_seed_001.pdb
2871,36,Dimer,0.54265,anc2i_36_G_unrelaxed_rank_016_alphafold2_model_1_seed_003.pdb
2872,36,Dimer,0.56395,anc2i_36_G_unrelaxed_rank_017_alphafold2_model_4_seed_003.pdb
2873,36,Dimer,0.54289,anc2i_36_G_unrelaxed_rank_018_alphafold2_model_1_seed_004.pdb
2874,36,Dimer,0.52027,anc2i_36_G_unrelaxed_rank_019_alphafold2_model_4_seed_001.pdb
2875,36,Dimer,0.52005,anc2i_36_G_unrelaxed_rank_020_alphafold2_model_4_seed_004.pdb
2876,36,Dimer,0.57555,anc2i_36_G_unrelaxed_rank_021_alphafold2_model_4_seed_002.pdb
2877,36,Dimer,0.53887,anc2i_36_G_unrelaxed_rank_022_alphafold2_model_1_seed_002.pdb
2878,36,Dimer,0.5224,anc2i_36_G_unrelaxed_rank_023_alphafold2_model_1_seed_000.pdb
2879,36,Dimer,0.58854,anc2i_36_I_unrelaxed_rank_001_alphafold2_model_2_seed_003.pdb
2880,36,Dimer,0.58304,anc2i_36_I_unrelaxed_rank_002_alphafold2_model_2_seed_001.pdb
2881,38,Dimer,0.57164,anc2i_38_I_unrelaxed_rank_001_alphafold2_model_3_seed_004.pdb
2882,38,Dimer,0.57407,anc2i_38_I_unrelaxed_rank_002_alphafold2_model_3_seed_003.pdb
2883,38,Dimer,0.57188,anc2i_38_I_unrelaxed_rank_003_alphafold2_model_3_seed_002.pdb
2884,38,Dimer,0.54176,anc2i_38_I_unrelaxed_rank_004_alphafold2_model_2_seed_003.pdb
2885,38,Dimer,0.56917,anc2i_38_I_unrelaxed_rank_005_alphafold2_model_3_seed_000.pdb
2886,38,Dimer,0.56522,anc2i_38_I_unrelaxed_rank_006_alphafold2_model_3_seed_001.pdb
2887,38,Dimer,0.57638,anc2i_38_I_unrelaxed_rank_007_alphafold2_model_2_seed_004.pdb
2888,38,Dimer,0.58449,anc2i_38_I_unrelaxed_rank_008_alphafold2_model_2_seed_002.pdb
2889,38,Dimer,0.5757,anc2i_38_I_unrelaxed_rank_009_alphafold2_model_2_seed_001.pdb
2890,38,Dimer,0.58387,anc2i_38_I_unrelaxed_rank_010_alphafold2_model_2_seed_000.pdb
2891,38,Dimer,0.56538,anc2i_38_I_unrelaxed_rank_011_alphafold2_model_1_seed_003.pdb
2892,38,Dimer,0.58049,anc2i_38_I_unrelaxed_rank_012_alphafold2_model_5_seed_002.pdb
2893,38,Dimer,0.5794,anc2i_38_I_unrelaxed_rank_013_alphafold2_model_5_seed_000.pdb
2894,38,Dimer,0.57727,anc2i_38_I_unrelaxed_rank_014_alphafold2_model_5_seed_001.pdb
2895,38,Dimer,0.57915,anc2i_38_I_unrelaxed_rank_015_alphafold2_model_4_seed_004.pdb
2896,38,Dimer,0.52992,anc2i_38_I_unrelaxed_rank_016_alphafold2_model_4_seed_002.pdb
2897,38,Dimer,0.58231,anc2i_38_I_unrelaxed_rank_017_alphafold2_model_4_seed_001.pdb
2898,38,Dimer,0.58393,anc2i_38_I_unrelaxed_rank_018_alphafold2_model_4_seed_000.pdb
2899,38,Dimer,0.56339,anc2i_38_I_unrelaxed_rank_019_alphafold2_model_4_seed_003.pdb
2900,38,Dimer,0.57617,anc2i_38_L_unrelaxed_rank_001_alphafold2_model_3_seed_003.pdb
2901,38,Dimer,0.59205,anc2i_38_L_unrelaxed_rank_002_alphafold2_model_2_seed_003.pdb
2902,38,Dimer,0.59273,anc2i_38_L_unrelaxed_rank_003_alphafold2_model_2_seed_004.pdb
2903,38,Dimer,0.54615,anc2i_38_L_unrelaxed_rank_004_alphafold2_model_2_seed_002.pdb
2904,38,Dimer,0.54594,anc2i_38_L_unrelaxed_rank_005_alphafold2_model_2_seed_001.pdb
2905,38,Dimer,0.57294,anc2i_38_L_unrelaxed_rank_006_alphafold2_model_1_seed_003.pdb
2906,38,Dimer,0.55308,anc2i_38_L_unrelaxed_rank_007_alphafold2_model_3_seed_001.pdb
2907,38,Dimer,0.54386,anc2i_38_L_unrelaxed_rank_008_alphafold2_model_2_seed_000.pdb
2908,38,Dimer,0.53753,anc2i_38_L_unrelaxed_rank_009_alphafold2_model_3_seed_004.pdb
2909,38,Dimer,0.5516,anc2i_38_L_unrelaxed_rank_010_alphafold2_model_3_seed_000.pdb
2910,38,Dimer,0.51893,anc2i_38_L_unrelaxed_rank_011_alphafold2_model_3_seed_002.pdb
2911,38,Dimer,0.57447,anc2i_38_L_unrelaxed_rank_012_alphafold2_model_1_seed_002.pdb
2912,38,Dimer,0.58413,anc2i_38_L_unrelaxed_rank_013_alphafold2_model_4_seed_001.pdb
2913,38,Dimer,0.58272,anc2i_38_L_unrelaxed_rank_014_alphafold2_model_4_seed_002.pdb
2914,38,Dimer,0.57564,anc2i_38_L_unrelaxed_rank_016_alphafold2_model_4_seed_000.pdb
2915,38,Dimer,0.5303,anc2i_38_L_unrelaxed_rank_017_alphafold2_model_4_seed_003.pdb
2916,38,Dimer,0.54043,anc2i_38_L_unrelaxed_rank_019_alphafold2_model_4_seed_004.pdb
2917,38,Dimer,0.54844,anc2i_38_V_unrelaxed_rank_001_alphafold2_model_2_seed_000.pdb
2918,38,Dimer,0.58326,anc2i_38_V_unrelaxed_rank_002_alphafold2_model_2_seed_003.pdb
2919,38,Dimer,0.58648,anc2i_38_V_unrelaxed_rank_003_alphafold2_model_2_seed_002.pdb
2920,38,Dimer,0.58362,anc2i_38_V_unrelaxed_rank_004_alphafold2_model_2_seed_004.pdb
2921,38,Dimer,0.57839,anc2i_38_V_unrelaxed_rank_005_alphafold2_model_2_seed_001.pdb
2922,38,Dimer,0.55248,anc2i_38_V_unrelaxed_rank_006_alphafold2_model_3_seed_002.pdb
2923,38,Dimer,0.55243,anc2i_38_V_unrelaxed_rank_007_alphafold2_model_3_seed_004.pdb
2924,38,Dimer,0.55394,anc2i_38_V_unrelaxed_rank_008_alphafold2_model_3_seed_001.pdb
2925,38,Dimer,0.55285,anc2i_38_V_unrelaxed_rank_009_alphafold2_model_3_seed_000.pdb
2926,38,Dimer,0.55963,anc2i_38_V_unrelaxed_rank_010_alphafold2_model_3_seed_003.pdb
2927,38,Dimer,0.57469,anc2i_38_V_unrelaxed_rank_011_alphafold2_model_1_seed_003.pdb
2928,38,Dimer,0.57123,anc2i_38_V_unrelaxed_rank_012_alphafold2_model_1_seed_001.pdb
2929,38,Dimer,0.57072,anc2i_38_V_unrelaxed_rank_013_alphafold2_model_1_seed_002.pdb
2930,38,Dimer,0.58895,anc2i_38_V_unrelaxed_rank_014_alphafold2_model_5_seed_002.pdb
2931,38,Dimer,0.57042,anc2i_38_V_unrelaxed_rank_015_alphafold2_model_1_seed_004.pdb
2932,38,Chemokine,0.75599,anc2i_38_V_unrelaxed_rank_016_alphafold2_model_5_seed_004.pdb
2933,38,Chemokine,0.75258,anc2i_38_V_unrelaxed_rank_017_alphafold2_model_5_seed_003.pdb
2934,38,Dimer,0.5623,anc2i_38_V_unrelaxed_rank_018_alphafold2_model_1_seed_000.pdb
2935,38,Dimer,0.58357,anc2i_38_V_unrelaxed_rank_019_alphafold2_model_4_seed_002.pdb
2936,38,Dimer,0.58621,anc2i_38_V_unrelaxed_rank_020_alphafold2_model_4_seed_004.pdb
2937,38,Dimer,0.58513,anc2i_38_V_unrelaxed_rank_021_alphafold2_model_4_seed_001.pdb
2938,38,Dimer,0.58138,anc2i_38_V_unrelaxed_rank_022_alphafold2_model_4_seed_003.pdb
2939,38,Dimer,0.58622,anc2i_38_V_unrelaxed_rank_023_alphafold2_model_4_seed_000.pdb
2940,45,Dimer,0.58284,anc2i_45_I_unrelaxed_rank_001_alphafold2_model_3_seed_003.pdb
2941,45,Dimer,0.5775,anc2i_45_I_unrelaxed_rank_002_alphafold2_model_2_seed_003.pdb
2942,45,Dimer,0.5753,anc2i_45_I_unrelaxed_rank_003_alphafold2_model_2_seed_002.pdb
2943,45,Dimer,0.57556,anc2i_45_I_unrelaxed_rank_004_alphafold2_model_2_seed_004.pdb
2944,45,Dimer,0.58042,anc2i_45_I_unrelaxed_rank_005_alphafold2_model_3_seed_004.pdb
2945,45,Dimer,0.58237,anc2i_45_I_unrelaxed_rank_006_alphafold2_model_3_seed_001.pdb
2946,45,Dimer,0.5698,anc2i_45_I_unrelaxed_rank_007_alphafold2_model_2_seed_001.pdb
2947,45,Dimer,0.5752,anc2i_45_I_unrelaxed_rank_008_alphafold2_model_2_seed_000.pdb
2948,45,Dimer,0.58029,anc2i_45_I_unrelaxed_rank_009_alphafold2_model_3_seed_000.pdb
2949,45,Dimer,0.56719,anc2i_45_I_unrelaxed_rank_010_alphafold2_model_1_seed_003.pdb
2950,45,Dimer,0.56619,anc2i_45_I_unrelaxed_rank_011_alphafold2_model_3_seed_002.pdb
2951,45,Dimer,0.56868,anc2i_45_I_unrelaxed_rank_012_alphafold2_model_1_seed_004.pdb
2952,45,Dimer,0.56953,anc2i_45_I_unrelaxed_rank_013_alphafold2_model_1_seed_002.pdb
2953,45,Dimer,0.582,anc2i_45_I_unrelaxed_rank_014_alphafold2_model_5_seed_002.pdb
2954,45,Dimer,0.58831,anc2i_45_I_unrelaxed_rank_015_alphafold2_model_4_seed_004.pdb
2955,45,Dimer,0.58796,anc2i_45_I_unrelaxed_rank_016_alphafold2_model_4_seed_002.pdb
2956,45,Dimer,0.5886,anc2i_45_I_unrelaxed_rank_017_alphafold2_model_4_seed_003.pdb
2957,45,Dimer,0.58973,anc2i_45_I_unrelaxed_rank_018_alphafold2_model_4_seed_001.pdb
2958,45,Dimer,0.58981,anc2i_45_I_unrelaxed_rank_019_alphafold2_model_4_seed_000.pdb
2959,45,Dimer,0.57164,anc2i_45_L_unrelaxed_rank_001_alphafold2_model_3_seed_004.pdb
2960,45,Dimer,0.57407,anc2i_45_L_unrelaxed_rank_002_alphafold2_model_3_seed_003.pdb
2961,45,Dimer,0.57188,anc2i_45_L_unrelaxed_rank_003_alphafold2_model_3_seed_002.pdb
2962,45,Dimer,0.54176,anc2i_45_L_unrelaxed_rank_004_alphafold2_model_2_seed_003.pdb
2963,45,Dimer,0.56917,anc2i_45_L_unrelaxed_rank_005_alphafold2_model_3_seed_000.pdb
2964,45,Dimer,0.56522,anc2i_45_L_unrelaxed_rank_006_alphafold2_model_3_seed_001.pdb
2965,45,Dimer,0.57638,anc2i_45_L_unrelaxed_rank_007_alphafold2_model_2_seed_004.pdb
2966,45,Dimer,0.58449,anc2i_45_L_unrelaxed_rank_008_alphafold2_model_2_seed_002.pdb
2967,45,Dimer,0.5757,anc2i_45_L_unrelaxed_rank_009_alphafold2_model_2_seed_001.pdb
2968,45,Dimer,0.58387,anc2i_45_L_unrelaxed_rank_010_alphafold2_model_2_seed_000.pdb
2969,45,Dimer,0.56538,anc2i_45_L_unrelaxed_rank_011_alphafold2_model_1_seed_003.pdb
2970,45,Dimer,0.58049,anc2i_45_L_unrelaxed_rank_012_alphafold2_model_5_seed_002.pdb
2971,45,Dimer,0.5794,anc2i_45_L_unrelaxed_rank_013_alphafold2_model_5_seed_000.pdb
2972,45,Dimer,0.57727,anc2i_45_L_unrelaxed_rank_014_alphafold2_model_5_seed_001.pdb
2973,45,Dimer,0.57915,anc2i_45_L_unrelaxed_rank_015_alphafold2_model_4_seed_004.pdb
2974,45,Dimer,0.52992,anc2i_45_L_unrelaxed_rank_016_alphafold2_model_4_seed_002.pdb
2975,45,Dimer,0.58231,anc2i_45_L_unrelaxed_rank_017_alphafold2_model_4_seed_001.pdb
2976,45,Dimer,0.58393,anc2i_45_L_unrelaxed_rank_018_alphafold2_model_4_seed_000.pdb
2977,45,Dimer,0.56339,anc2i_45_L_unrelaxed_rank_019_alphafold2_model_4_seed_003.pdb
2978,45,Dimer,0.57545,anc2i_45_V_unrelaxed_rank_001_alphafold2_model_2_seed_003.pdb
2979,45,Dimer,0.58392,anc2i_45_V_unrelaxed_rank_002_alphafold2_model_3_seed_003.pdb
2980,45,Dimer,0.57712,anc2i_45_V_unrelaxed_rank_003_alphafold2_model_2_seed_002.pdb
2981,45,Dimer,0.57635,anc2i_45_V_unrelaxed_rank_004_alphafold2_model_2_seed_004.pdb
2982,45,Dimer,0.57677,anc2i_45_V_unrelaxed_rank_005_alphafold2_model_2_seed_001.pdb
2983,45,Dimer,0.58453,anc2i_45_V_unrelaxed_rank_006_alphafold2_model_3_seed_004.pdb
2984,45,Dimer,0.53019,anc2i_45_V_unrelaxed_rank_007_alphafold2_model_1_seed_004.pdb
2985,45,Dimer,0.57617,anc2i_45_V_unrelaxed_rank_008_alphafold2_model_2_seed_000.pdb
2986,45,Dimer,0.58324,anc2i_45_V_unrelaxed_rank_009_alphafold2_model_3_seed_001.pdb
2987,45,Dimer,0.57509,anc2i_45_V_unrelaxed_rank_010_alphafold2_model_3_seed_002.pdb
2988,45,Dimer,0.58042,anc2i_45_V_unrelaxed_rank_011_alphafold2_model_3_seed_000.pdb
2989,45,Dimer,0.56864,anc2i_45_V_unrelaxed_rank_012_alphafold2_model_1_seed_002.pdb
2990,45,Dimer,0.56958,anc2i_45_V_unrelaxed_rank_013_alphafold2_model_1_seed_003.pdb
2991,45,Dimer,0.58071,anc2i_45_V_unrelaxed_rank_014_alphafold2_model_5_seed_002.pdb
2992,45,Dimer,0.58876,anc2i_45_V_unrelaxed_rank_015_alphafold2_model_4_seed_004.pdb
2993,45,Dimer,0.58943,anc2i_45_V_unrelaxed_rank_016_alphafold2_model_4_seed_001.pdb
2994,45,Dimer,0.57809,anc2i_45_V_unrelaxed_rank_017_alphafold2_model_4_seed_002.pdb
2995,45,Dimer,0.5875,anc2i_45_V_unrelaxed_rank_018_alphafold2_model_4_seed_000.pdb
2996,45,Dimer,0.54072,anc2i_45_V_unrelaxed_rank_019_alphafold2_model_4_seed_003.pdb
2997,47,Dimer,0.57164,anc2i_47_I_unrelaxed_rank_001_alphafold2_model_3_seed_004.pdb
2998,47,Dimer,0.57407,anc2i_47_I_unrelaxed_rank_002_alphafold2_model_3_seed_003.pdb
2999,47,Dimer,0.57188,anc2i_47_I_unrelaxed_rank_003_alphafold2_model_3_seed_002.pdb
3000,47,Dimer,0.54176,anc2i_47_I_unrelaxed_rank_004_alphafold2_model_2_seed_003.pdb
3001,47,Dimer,0.56917,anc2i_47_I_unrelaxed_rank_005_alphafold2_model_3_seed_000.pdb
3002,47,Dimer,0.56522,anc2i_47_I_unrelaxed_rank_006_alphafold2_model_3_seed_001.pdb
3003,47,Dimer,0.57638,anc2i_47_I_unrelaxed_rank_007_alphafold2_model_2_seed_004.pdb
3004,47,Dimer,0.58449,anc2i_47_I_unrelaxed_rank_008_alphafold2_model_2_seed_002.pdb
3005,47,Dimer,0.5757,anc2i_47_I_unrelaxed_rank_009_alphafold2_model_2_seed_001.pdb
3006,47,Dimer,0.58387,anc2i_47_I_unrelaxed_rank_010_alphafold2_model_2_seed_000.pdb
3007,47,Dimer,0.56538,anc2i_47_I_unrelaxed_rank_011_alphafold2_model_1_seed_003.pdb
3008,47,Dimer,0.58049,anc2i_47_I_unrelaxed_rank_012_alphafold2_model_5_seed_002.pdb
3009,47,Dimer,0.5794,anc2i_47_I_unrelaxed_rank_013_alphafold2_model_5_seed_000.pdb
3010,47,Dimer,0.57727,anc2i_47_I_unrelaxed_rank_014_alphafold2_model_5_seed_001.pdb
3011,47,Dimer,0.57915,anc2i_47_I_unrelaxed_rank_015_alphafold2_model_4_seed_004.pdb
3012,47,Dimer,0.52992,anc2i_47_I_unrelaxed_rank_016_alphafold2_model_4_seed_002.pdb
3013,47,Dimer,0.58231,anc2i_47_I_unrelaxed_rank_017_alphafold2_model_4_seed_001.pdb
3014,47,Dimer,0.58393,anc2i_47_I_unrelaxed_rank_018_alphafold2_model_4_seed_000.pdb
3015,47,Dimer,0.56339,anc2i_47_I_unrelaxed_rank_019_alphafold2_model_4_seed_003.pdb
3016,47,Dimer,0.56571,anc2i_47_L_unrelaxed_rank_001_alphafold2_model_3_seed_003.pdb
3017,47,Dimer,0.55881,anc2i_47_L_unrelaxed_rank_002_alphafold2_model_3_seed_004.pdb
3018,47,Dimer,0.57843,anc2i_47_L_unrelaxed_rank_003_alphafold2_model_2_seed_002.pdb
3019,47,Dimer,0.57908,anc2i_47_L_unrelaxed_rank_004_alphafold2_model_2_seed_004.pdb
3020,47,Dimer,0.57224,anc2i_47_L_unrelaxed_rank_005_alphafold2_model_2_seed_003.pdb
3021,47,Dimer,0.56238,anc2i_47_L_unrelaxed_rank_006_alphafold2_model_3_seed_001.pdb
3022,47,Dimer,0.57819,anc2i_47_L_unrelaxed_rank_007_alphafold2_model_2_seed_000.pdb
3023,47,Dimer,0.5578,anc2i_47_L_unrelaxed_rank_008_alphafold2_model_3_seed_000.pdb
3024,47,Dimer,0.54431,anc2i_47_L_unrelaxed_rank_009_alphafold2_model_2_seed_001.pdb
3025,47,Dimer,0.54722,anc2i_47_L_unrelaxed_rank_010_alphafold2_model_3_seed_002.pdb
3026,47,Dimer,0.55874,anc2i_47_L_unrelaxed_rank_011_alphafold2_model_1_seed_003.pdb
3027,47,Chemokine,0.75485,anc2i_47_L_unrelaxed_rank_012_alphafold2_model_5_seed_004.pdb
3028,47,Chemokine,0.75522,anc2i_47_L_unrelaxed_rank_013_alphafold2_model_5_seed_003.pdb
3029,47,Chemokine,0.72406,anc2i_47_L_unrelaxed_rank_014_alphafold2_model_5_seed_000.pdb
3030,47,Dimer,0.57863,anc2i_47_L_unrelaxed_rank_015_alphafold2_model_4_seed_001.pdb
3031,47,Dimer,0.57657,anc2i_47_L_unrelaxed_rank_016_alphafold2_model_4_seed_004.pdb
3032,47,Dimer,0.57559,anc2i_47_L_unrelaxed_rank_017_alphafold2_model_4_seed_003.pdb
3033,47,Dimer,0.57715,anc2i_47_L_unrelaxed_rank_018_alphafold2_model_4_seed_002.pdb
3034,47,Dimer,0.5515,anc2i_47_L_unrelaxed_rank_019_alphafold2_model_1_seed_001.pdb
3035,47,Dimer,0.57526,anc2i_47_L_unrelaxed_rank_020_alphafold2_model_4_seed_000.pdb
3036,47,Dimer,0.54651,anc2i_47_L_unrelaxed_rank_021_alphafold2_model_5_seed_002.pdb
3037,47,Chemokine,0.79287,anc2i_47_M_unrelaxed_rank_001_alphafold2_model_2_seed_000.pdb
3038,47,Chemokine,0.78993,anc2i_47_M_unrelaxed_rank_002_alphafold2_model_2_seed_002.pdb
3039,47,Chemokine,0.78858,anc2i_47_M_unrelaxed_rank_003_alphafold2_model_2_seed_003.pdb
3040,47,Chemokine,0.78882,anc2i_47_M_unrelaxed_rank_004_alphafold2_model_2_seed_004.pdb
3041,47,Chemokine,0.78935,anc2i_47_M_unrelaxed_rank_005_alphafold2_model_4_seed_003.pdb
3042,47,Dimer,0.56434,anc2i_47_M_unrelaxed_rank_006_alphafold2_model_1_seed_003.pdb
3043,47,Chemokine,0.78561,anc2i_47_M_unrelaxed_rank_007_alphafold2_model_2_seed_001.pdb
3044,47,Dimer,0.57016,anc2i_47_M_unrelaxed_rank_008_alphafold2_model_3_seed_004.pdb
3045,47,Dimer,0.56139,anc2i_47_M_unrelaxed_rank_009_alphafold2_model_3_seed_002.pdb
3046,47,Chemokine,0.76841,anc2i_47_M_unrelaxed_rank_010_alphafold2_model_5_seed_000.pdb
3047,47,Dimer,0.57915,anc2i_47_M_unrelaxed_rank_011_alphafold2_model_4_seed_002.pdb
3048,47,Dimer,0.53709,anc2i_47_M_unrelaxed_rank_012_alphafold2_model_3_seed_000.pdb
3049,47,Dimer,0.53942,anc2i_47_M_unrelaxed_rank_013_alphafold2_model_3_seed_001.pdb
3050,47,Chemokine,0.69763,anc2i_47_M_unrelaxed_rank_014_alphafold2_model_4_seed_004.pdb
3051,47,Chemokine,0.68938,anc2i_47_M_unrelaxed_rank_015_alphafold2_model_5_seed_003.pdb
3052,47,Chemokine,0.688,anc2i_47_M_unrelaxed_rank_016_alphafold2_model_4_seed_000.pdb
3053,47,Chemokine,0.66812,anc2i_47_M_unrelaxed_rank_017_alphafold2_model_5_seed_004.pdb
3054,G,Dimer,0.51567,anc2i_G_unrelaxed_rank_001_alphafold2_model_3_seed_001.pdb
3055,G,Dimer,0.51752,anc2i_G_unrelaxed_rank_002_alphafold2_model_2_seed_003.pdb
3056,G,Dimer,0.51786,anc2i_G_unrelaxed_rank_003_alphafold2_model_2_seed_002.pdb
3057,G,Dimer,0.51712,anc2i_G_unrelaxed_rank_004_alphafold2_model_2_seed_004.pdb
3058,G,Dimer,0.50234,anc2i_G_unrelaxed_rank_005_alphafold2_model_3_seed_003.pdb
3059,G,Dimer,0.50181,anc2i_G_unrelaxed_rank_006_alphafold2_model_3_seed_004.pdb
3060,G,Dimer,0.51871,anc2i_G_unrelaxed_rank_007_alphafold2_model_2_seed_001.pdb
3061,G,Dimer,0.51763,anc2i_G_unrelaxed_rank_008_alphafold2_model_2_seed_000.pdb
3062,G,Dimer,0.52204,anc2i_G_unrelaxed_rank_009_alphafold2_model_1_seed_003.pdb
3063,G,Dimer,0.50158,anc2i_G_unrelaxed_rank_010_alphafold2_model_3_seed_000.pdb
3064,G,Dimer,0.51642,anc2i_G_unrelaxed_rank_011_alphafold2_model_1_seed_002.pdb
3065,G,Dimer,0.51016,anc2i_G_unrelaxed_rank_013_alphafold2_model_5_seed_001.pdb
3066,G,Dimer,0.50955,anc2i_G_unrelaxed_rank_014_alphafold2_model_4_seed_001.pdb
3067,G,Dimer,0.50801,anc2i_G_unrelaxed_rank_015_alphafold2_model_4_seed_003.pdb
3068,G,Dimer,0.51058,anc2i_G_unrelaxed_rank_016_alphafold2_model_4_seed_002.pdb
3069,G,Dimer,0.50892,anc2i_G_unrelaxed_rank_017_alphafold2_model_4_seed_004.pdb
3070,G,Dimer,0.50987,anc2i_G_unrelaxed_rank_018_alphafold2_model_4_seed_000.pdb
3071,I,Dimer,0.5825,anc2i_I_unrelaxed_rank_001_alphafold2_model_3_seed_004.pdb
3072,I,Dimer,0.57896,anc2i_I_unrelaxed_rank_002_alphafold2_model_3_seed_001.pdb
3073,I,Dimer,0.58337,anc2i_I_unrelaxed_rank_003_alphafold2_model_3_seed_003.pdb
3074,I,Dimer,0.58219,anc2i_I_unrelaxed_rank_004_alphafold2_model_3_seed_002.pdb
3075,I,Dimer,0.58096,anc2i_I_unrelaxed_rank_005_alphafold2_model_3_seed_000.pdb
3076,I,Dimer,0.57844,anc2i_I_unrelaxed_rank_006_alphafold2_model_2_seed_002.pdb
3077,I,Dimer,0.57507,anc2i_I_unrelaxed_rank_007_alphafold2_model_2_seed_004.pdb
3078,I,Dimer,0.57321,anc2i_I_unrelaxed_rank_008_alphafold2_model_2_seed_003.pdb
3079,I,Dimer,0.57514,anc2i_I_unrelaxed_rank_009_alphafold2_model_2_seed_001.pdb
3080,I,Dimer,0.57756,anc2i_I_unrelaxed_rank_010_alphafold2_model_2_seed_000.pdb
3081,I,Dimer,0.56099,anc2i_I_unrelaxed_rank_011_alphafold2_model_1_seed_003.pdb
3082,I,Dimer,0.57353,anc2i_I_unrelaxed_rank_012_alphafold2_model_1_seed_002.pdb
3083,I,Dimer,0.56261,anc2i_I_unrelaxed_rank_013_alphafold2_model_1_seed_004.pdb
3084,I,Dimer,0.53506,anc2i_I_unrelaxed_rank_014_alphafold2_model_5_seed_002.pdb
3085,I,Dimer,0.55835,anc2i_I_unrelaxed_rank_015_alphafold2_model_5_seed_001.pdb
3086,I,Dimer,0.56367,anc2i_I_unrelaxed_rank_016_alphafold2_model_5_seed_000.pdb
3087,I,Dimer,0.58444,anc2i_I_unrelaxed_rank_017_alphafold2_model_4_seed_004.pdb
3088,I,Dimer,0.58406,anc2i_I_unrelaxed_rank_018_alphafold2_model_4_seed_001.pdb
3089,I,Dimer,0.58361,anc2i_I_unrelaxed_rank_019_alphafold2_model_4_seed_003.pdb
3090,I,Dimer,0.55154,anc2i_I_unrelaxed_rank_020_alphafold2_model_5_seed_003.pdb
3091,I,Dimer,0.5842,anc2i_I_unrelaxed_rank_021_alphafold2_model_4_seed_000.pdb
3092,I,Dimer,0.52792,anc2i_I_unrelaxed_rank_022_alphafold2_model_4_seed_002.pdb
3093,I,Dimer,0.54926,anc2i_I_unrelaxed_rank_023_alphafold2_model_5_seed_004.pdb
3094,I,Chemokine,0.8037,anc2_I_unrelaxed_rank_001_alphafold2_model_2_seed_000.pdb
3095,I,Chemokine,0.77836,anc2_I_unrelaxed_rank_002_alphafold2_model_2_seed_002.pdb
3096,I,Chemokine,0.79282,anc2_I_unrelaxed_rank_003_alphafold2_model_2_seed_003.pdb
3097,I,Chemokine,0.77983,anc2_I_unrelaxed_rank_004_alphafold2_model_2_seed_001.pdb
3098,I,Chemokine,0.77561,anc2_I_unrelaxed_rank_005_alphafold2_model_2_seed_004.pdb
3099,I,Chemokine,0.77381,anc2_I_unrelaxed_rank_006_alphafold2_model_4_seed_002.pdb
3100,I,Chemokine,0.76607,anc2_I_unrelaxed_rank_007_alphafold2_model_5_seed_004.pdb
3101,I,Chemokine,0.76865,anc2_I_unrelaxed_rank_008_alphafold2_model_5_seed_002.pdb
3102,I,Chemokine,0.76639,anc2_I_unrelaxed_rank_009_alphafold2_model_5_seed_003.pdb
3103,I,Chemokine,0.76656,anc2_I_unrelaxed_rank_010_alphafold2_model_5_seed_001.pdb
3104,I,Chemokine,0.76604,anc2_I_unrelaxed_rank_011_alphafold2_model_5_seed_000.pdb
3105,I,Chemokine,0.68528,anc2_I_unrelaxed_rank_012_alphafold2_model_1_seed_002.pdb
3106,I,Chemokine,0.69913,anc2_I_unrelaxed_rank_013_alphafold2_model_1_seed_003.pdb
3107,I,Chemokine,0.66306,anc2_I_unrelaxed_rank_014_alphafold2_model_3_seed_001.pdb
3108,I,Chemokine,0.65991,anc2_I_unrelaxed_rank_015_alphafold2_model_3_seed_000.pdb
3109,I,Chemokine,0.65625,anc2_I_unrelaxed_rank_016_alphafold2_model_3_seed_004.pdb
3110,I,Chemokine,0.68873,anc2_I_unrelaxed_rank_017_alphafold2_model_1_seed_000.pdb
3111,I,Chemokine,0.68708,anc2_I_unrelaxed_rank_018_alphafold2_model_1_seed_004.pdb
3112,I,Chemokine,0.67775,anc2_I_unrelaxed_rank_019_alphafold2_model_1_seed_001.pdb
3113,I,Chemokine,0.65558,anc2_I_unrelaxed_rank_020_alphafold2_model_3_seed_002.pdb
3114,I,Chemokine,0.6794,anc2_I_unrelaxed_rank_021_alphafold2_model_4_seed_003.pdb
3115,I,Chemokine,0.65916,anc2_I_unrelaxed_rank_022_alphafold2_model_3_seed_003.pdb
3116,I,Chemokine,0.67886,anc2_I_unrelaxed_rank_023_alphafold2_model_4_seed_004.pdb
3117,I,Chemokine,0.68106,anc2_I_unrelaxed_rank_024_alphafold2_model_4_seed_001.pdb
3118,I,Chemokine,0.67892,anc2_I_unrelaxed_rank_025_alphafold2_model_4_seed_000.pdb
3119,V,Dimer,0.57164,anc2i_V_unrelaxed_rank_001_alphafold2_model_3_seed_004.pdb
3120,V,Dimer,0.57407,anc2i_V_unrelaxed_rank_002_alphafold2_model_3_seed_003.pdb
3121,V,Dimer,0.57188,anc2i_V_unrelaxed_rank_003_alphafold2_model_3_seed_002.pdb
3122,V,Dimer,0.54176,anc2i_V_unrelaxed_rank_004_alphafold2_model_2_seed_003.pdb
3123,V,Dimer,0.56917,anc2i_V_unrelaxed_rank_005_alphafold2_model_3_seed_000.pdb
3124,V,Dimer,0.56522,anc2i_V_unrelaxed_rank_006_alphafold2_model_3_seed_001.pdb
3125,V,Dimer,0.57638,anc2i_V_unrelaxed_rank_007_alphafold2_model_2_seed_004.pdb
3126,V,Dimer,0.58449,anc2i_V_unrelaxed_rank_008_alphafold2_model_2_seed_002.pdb
3127,V,Dimer,0.5757,anc2i_V_unrelaxed_rank_009_alphafold2_model_2_seed_001.pdb
3128,V,Dimer,0.58387,anc2i_V_unrelaxed_rank_010_alphafold2_model_2_seed_000.pdb
3129,V,Dimer,0.56538,anc2i_V_unrelaxed_rank_011_alphafold2_model_1_seed_003.pdb
3130,V,Dimer,0.58049,anc2i_V_unrelaxed_rank_012_alphafold2_model_5_seed_002.pdb
3131,V,Dimer,0.5794,anc2i_V_unrelaxed_rank_013_alphafold2_model_5_seed_000.pdb
3132,V,Dimer,0.57727,anc2i_V_unrelaxed_rank_014_alphafold2_model_5_seed_001.pdb
3133,V,Dimer,0.57915,anc2i_V_unrelaxed_rank_015_alphafold2_model_4_seed_004.pdb
3134,V,Dimer,0.52992,anc2i_V_unrelaxed_rank_016_alphafold2_model_4_seed_002.pdb
3135,V,Dimer,0.58231,anc2i_V_unrelaxed_rank_017_alphafold2_model_4_seed_001.pdb
3136,V,Dimer,0.58393,anc2i_V_unrelaxed_rank_018_alphafold2_model_4_seed_000.pdb
3137,V,Dimer,0.56339,anc2i_V_unrelaxed_rank_019_alphafold2_model_4_seed_003.pdb
3138,14,Chemokine,0.74409,anc2l_14_I_unrelaxed_rank_001_alphafold2_model_3_seed_003.pdb
3139,14,Chemokine,0.74536,anc2l_14_I_unrelaxed_rank_002_alphafold2_model_3_seed_004.pdb
3140,14,Chemokine,0.74447,anc2l_14_I_unrelaxed_rank_003_alphafold2_model_3_seed_000.pdb
3141,14,Chemokine,0.68498,anc2l_14_I_unrelaxed_rank_004_alphafold2_model_2_seed_004.pdb
3142,14,Chemokine,0.74532,anc2l_14_L_unrelaxed_rank_001_alphafold2_model_1_seed_003.pdb
3143,14,Chemokine,0.7358,anc2l_14_L_unrelaxed_rank_002_alphafold2_model_1_seed_000.pdb
3144,14,Chemokine,0.73429,anc2l_14_L_unrelaxed_rank_003_alphafold2_model_2_seed_001.pdb
3145,14,Dimer,0.51671,anc2l_14_L_unrelaxed_rank_004_alphafold2_model_2_seed_004.pdb
3146,14,Chemokine,0.69081,anc2l_14_L_unrelaxed_rank_005_alphafold2_model_3_seed_001.pdb
3147,14,Chemokine,0.69889,anc2l_14_L_unrelaxed_rank_006_alphafold2_model_3_seed_002.pdb
3148,14,Chemokine,0.6802,anc2l_14_L_unrelaxed_rank_007_alphafold2_model_3_seed_000.pdb
3149,14,Chemokine,0.61961,anc2l_14_L_unrelaxed_rank_008_alphafold2_model_5_seed_004.pdb
3150,14,Dimer,0.603,anc2l_14_V_unrelaxed_rank_001_alphafold2_model_2_seed_002.pdb
3151,36,Dimer,0.54405,anc2l_36_A_unrelaxed_rank_001_alphafold2_model_3_seed_001.pdb
3152,36,Dimer,0.54507,anc2l_36_A_unrelaxed_rank_002_alphafold2_model_3_seed_003.pdb
3153,36,Dimer,0.54568,anc2l_36_A_unrelaxed_rank_003_alphafold2_model_3_seed_002.pdb
3154,36,Dimer,0.54298,anc2l_36_A_unrelaxed_rank_004_alphafold2_model_3_seed_004.pdb
3155,36,Dimer,0.54435,anc2l_36_A_unrelaxed_rank_005_alphafold2_model_3_seed_000.pdb
3156,36,Dimer,0.55699,anc2l_36_G_unrelaxed_rank_001_alphafold2_model_3_seed_002.pdb
3157,36,Dimer,0.54976,anc2l_36_G_unrelaxed_rank_002_alphafold2_model_3_seed_001.pdb
3158,36,Dimer,0.54828,anc2l_36_G_unrelaxed_rank_003_alphafold2_model_3_seed_000.pdb
3159,36,Dimer,0.54774,anc2l_36_G_unrelaxed_rank_004_alphafold2_model_3_seed_004.pdb
3160,36,Dimer,0.54925,anc2l_36_G_unrelaxed_rank_005_alphafold2_model_4_seed_003.pdb
3161,36,Chemokine,0.62209,anc2l_36_I_unrelaxed_rank_001_alphafold2_model_3_seed_004.pdb
3162,36,Chemokine,0.6549,anc2l_36_I_unrelaxed_rank_002_alphafold2_model_1_seed_003.pdb
3163,38,Dimer,0.54405,anc2l_38_I_unrelaxed_rank_001_alphafold2_model_3_seed_001.pdb
3164,38,Dimer,0.54507,anc2l_38_I_unrelaxed_rank_002_alphafold2_model_3_seed_003.pdb
3165,38,Dimer,0.54568,anc2l_38_I_unrelaxed_rank_003_alphafold2_model_3_seed_002.pdb
3166,38,Dimer,0.54298,anc2l_38_I_unrelaxed_rank_004_alphafold2_model_3_seed_004.pdb
3167,38,Dimer,0.54435,anc2l_38_I_unrelaxed_rank_005_alphafold2_model_3_seed_000.pdb
3168,38,Dimer,0.55896,anc2l_38_L_unrelaxed_rank_001_alphafold2_model_3_seed_004.pdb
3169,38,Dimer,0.56167,anc2l_38_L_unrelaxed_rank_002_alphafold2_model_3_seed_002.pdb
3170,38,Dimer,0.57384,anc2l_38_L_unrelaxed_rank_003_alphafold2_model_3_seed_003.pdb
3171,38,Dimer,0.57416,anc2l_38_L_unrelaxed_rank_004_alphafold2_model_3_seed_001.pdb
3172,38,Dimer,0.56578,anc2l_38_L_unrelaxed_rank_005_alphafold2_model_3_seed_000.pdb
3173,38,Dimer,0.5504,anc2l_38_V_unrelaxed_rank_001_alphafold2_model_3_seed_002.pdb
3174,38,Dimer,0.57624,anc2l_38_V_unrelaxed_rank_002_alphafold2_model_3_seed_003.pdb
3175,38,Dimer,0.55389,anc2l_38_V_unrelaxed_rank_003_alphafold2_model_3_seed_004.pdb
3176,38,Dimer,0.573,anc2l_38_V_unrelaxed_rank_004_alphafold2_model_3_seed_000.pdb
3177,38,Dimer,0.57671,anc2l_38_V_unrelaxed_rank_005_alphafold2_model_3_seed_001.pdb
3178,45,Dimer,0.54405,anc2l_45_I_unrelaxed_rank_001_alphafold2_model_3_seed_001.pdb
3179,45,Dimer,0.54507,anc2l_45_I_unrelaxed_rank_002_alphafold2_model_3_seed_003.pdb
3180,45,Dimer,0.54568,anc2l_45_I_unrelaxed_rank_003_alphafold2_model_3_seed_002.pdb
3181,45,Dimer,0.54298,anc2l_45_I_unrelaxed_rank_004_alphafold2_model_3_seed_004.pdb
3182,45,Dimer,0.54435,anc2l_45_I_unrelaxed_rank_005_alphafold2_model_3_seed_000.pdb
3183,45,Dimer,0.54222,anc2l_45_L_unrelaxed_rank_001_alphafold2_model_3_seed_001.pdb
3184,45,Dimer,0.56495,anc2l_45_L_unrelaxed_rank_002_alphafold2_model_3_seed_004.pdb
3185,45,Dimer,0.53575,anc2l_45_L_unrelaxed_rank_003_alphafold2_model_3_seed_000.pdb
3186,45,Dimer,0.54073,anc2l_45_L_unrelaxed_rank_004_alphafold2_model_3_seed_003.pdb
3187,45,Dimer,0.53429,anc2l_45_L_unrelaxed_rank_005_alphafold2_model_3_seed_002.pdb
3188,45,Dimer,0.54732,anc2l_45_V_unrelaxed_rank_001_alphafold2_model_3_seed_001.pdb
3189,45,Dimer,0.54907,anc2l_45_V_unrelaxed_rank_002_alphafold2_model_3_seed_003.pdb
3190,45,Dimer,0.55335,anc2l_45_V_unrelaxed_rank_003_alphafold2_model_3_seed_000.pdb
3191,47,Dimer,0.54405,anc2l_47_I_unrelaxed_rank_001_alphafold2_model_3_seed_001.pdb
3192,47,Dimer,0.54507,anc2l_47_I_unrelaxed_rank_002_alphafold2_model_3_seed_003.pdb
3193,47,Dimer,0.54568,anc2l_47_I_unrelaxed_rank_003_alphafold2_model_3_seed_002.pdb
3194,47,Dimer,0.54298,anc2l_47_I_unrelaxed_rank_004_alphafold2_model_3_seed_004.pdb
3195,47,Dimer,0.54435,anc2l_47_I_unrelaxed_rank_005_alphafold2_model_3_seed_000.pdb
3196,47,Dimer,0.54749,anc2l_47_L_unrelaxed_rank_001_alphafold2_model_3_seed_001.pdb
3197,47,Dimer,0.55793,anc2l_47_L_unrelaxed_rank_002_alphafold2_model_3_seed_004.pdb
3198,47,Dimer,0.53839,anc2l_47_L_unrelaxed_rank_003_alphafold2_model_3_seed_002.pdb
3199,47,Dimer,0.5557,anc2l_47_L_unrelaxed_rank_004_alphafold2_model_3_seed_000.pdb
3200,47,Dimer,0.55061,anc2l_47_L_unrelaxed_rank_005_alphafold2_model_4_seed_001.pdb
3201,47,Chemokine,0.77955,anc2l_47_M_unrelaxed_rank_001_alphafold2_model_1_seed_002.pdb
3202,47,Chemokine,0.77553,anc2l_47_M_unrelaxed_rank_002_alphafold2_model_1_seed_003.pdb
3203,47,Dimer,0.54678,anc2l_47_M_unrelaxed_rank_003_alphafold2_model_3_seed_004.pdb
3204,47,Dimer,0.54733,anc2l_47_M_unrelaxed_rank_004_alphafold2_model_3_seed_001.pdb
3205,47,Dimer,0.54293,anc2l_47_M_unrelaxed_rank_005_alphafold2_model_3_seed_000.pdb
3206,47,Dimer,0.55042,anc2l_47_M_unrelaxed_rank_006_alphafold2_model_3_seed_002.pdb
3207,47,Chemokine,0.76561,anc2l_47_M_unrelaxed_rank_007_alphafold2_model_4_seed_004.pdb
3208,47,Dimer,0.5506,anc2l_47_M_unrelaxed_rank_008_alphafold2_model_3_seed_003.pdb
3209,47,Dimer,0.54062,anc2l_47_M_unrelaxed_rank_009_alphafold2_model_4_seed_002.pdb
3210,47,Chemokine,0.67708,anc2l_47_M_unrelaxed_rank_010_alphafold2_model_1_seed_004.pdb
3211,G,Dimer,0.51285,anc2l_G_unrelaxed_rank_001_alphafold2_model_3_seed_004.pdb
3212,G,Dimer,0.51598,anc2l_G_unrelaxed_rank_002_alphafold2_model_3_seed_003.pdb
3213,G,Dimer,0.51186,anc2l_G_unrelaxed_rank_003_alphafold2_model_3_seed_002.pdb
3214,G,Dimer,0.50701,anc2l_G_unrelaxed_rank_004_alphafold2_model_3_seed_001.pdb
3215,I,Dimer,0.54782,anc2l_I_unrelaxed_rank_001_alphafold2_model_3_seed_002.pdb
3216,I,Dimer,0.54487,anc2l_I_unrelaxed_rank_002_alphafold2_model_3_seed_001.pdb
3217,I,Dimer,0.57258,anc2l_I_unrelaxed_rank_003_alphafold2_model_3_seed_003.pdb
3218,I,Dimer,0.55184,anc2l_I_unrelaxed_rank_004_alphafold2_model_3_seed_004.pdb
3219,I,Dimer,0.57351,anc2l_I_unrelaxed_rank_005_alphafold2_model_3_seed_000.pdb
3220,V,Dimer,0.54405,anc2l_V_unrelaxed_rank_001_alphafold2_model_3_seed_001.pdb
3221,V,Dimer,0.54507,anc2l_V_unrelaxed_rank_002_alphafold2_model_3_seed_003.pdb
3222,V,Dimer,0.54568,anc2l_V_unrelaxed_rank_003_alphafold2_model_3_seed_002.pdb
3223,V,Dimer,0.54298,anc2l_V_unrelaxed_rank_004_alphafold2_model_3_seed_004.pdb
3224,V,Dimer,0.54435,anc2l_V_unrelaxed_rank_005_alphafold2_model_3_seed_000.pdb
3225,V,Chemokine,0.80688,anc2_V_unrelaxed_rank_001_alphafold2_model_2_seed_002.pdb
3226,V,Chemokine,0.80687,anc2_V_unrelaxed_rank_002_alphafold2_model_2_seed_000.pdb
3227,V,Chemokine,0.78022,anc2_V_unrelaxed_rank_003_alphafold2_model_2_seed_001.pdb
3228,V,Chemokine,0.77904,anc2_V_unrelaxed_rank_004_alphafold2_model_2_seed_004.pdb
3229,V,Chemokine,0.79399,anc2_V_unrelaxed_rank_005_alphafold2_model_2_seed_003.pdb
3230,V,Chemokine,0.77583,anc2_V_unrelaxed_rank_006_alphafold2_model_4_seed_002.pdb
3231,V,Chemokine,0.77268,anc2_V_unrelaxed_rank_007_alphafold2_model_5_seed_002.pdb
3232,V,Chemokine,0.76964,anc2_V_unrelaxed_rank_008_alphafold2_model_5_seed_004.pdb
3233,V,Chemokine,0.77051,anc2_V_unrelaxed_rank_009_alphafold2_model_5_seed_003.pdb
3234,V,Chemokine,0.77109,anc2_V_unrelaxed_rank_010_alphafold2_model_5_seed_001.pdb
3235,V,Chemokine,0.77047,anc2_V_unrelaxed_rank_011_alphafold2_model_5_seed_000.pdb
3236,V,Chemokine,0.67535,anc2_V_unrelaxed_rank_012_alphafold2_model_1_seed_002.pdb
3237,V,Chemokine,0.65298,anc2_V_unrelaxed_rank_013_alphafold2_model_3_seed_004.pdb
3238,V,Chemokine,0.65364,anc2_V_unrelaxed_rank_014_alphafold2_model_3_seed_003.pdb
3239,V,Chemokine,0.65851,anc2_V_unrelaxed_rank_015_alphafold2_model_3_seed_001.pdb
3240,V,Chemokine,0.64895,anc2_V_unrelaxed_rank_016_alphafold2_model_3_seed_000.pdb
3241,V,Chemokine,0.65555,anc2_V_unrelaxed_rank_017_alphafold2_model_3_seed_002.pdb
3242,V,Chemokine,0.67601,anc2_V_unrelaxed_rank_018_alphafold2_model_4_seed_003.pdb
3243,V,Chemokine,0.67486,anc2_V_unrelaxed_rank_019_alphafold2_model_4_seed_004.pdb
3244,V,Chemokine,0.67748,anc2_V_unrelaxed_rank_020_alphafold2_model_1_seed_003.pdb
3245,V,Chemokine,0.67863,anc2_V_unrelaxed_rank_021_alphafold2_model_4_seed_001.pdb
3246,V,Chemokine,0.68498,anc2_V_unrelaxed_rank_022_alphafold2_model_1_seed_004.pdb
3247,V,Chemokine,0.67616,anc2_V_unrelaxed_rank_023_alphafold2_model_4_seed_000.pdb
3248,V,Chemokine,0.67195,anc2_V_unrelaxed_rank_024_alphafold2_model_1_seed_001.pdb
3249,V,Chemokine,0.68032,anc2_V_unrelaxed_rank_025_alphafold2_model_1_seed_000.pdb
